dst_port,protocol,timestamp,flow_duration,tot_fwd_pkts,tot_bwd_pkts,totlen_fwd_pkts,totlen_bwd_pkts,fwd_pkt_len_max,fwd_pkt_len_min,fwd_pkt_len_mean,fwd_pkt_len_std,bwd_pkt_len_max,bwd_pkt_len_min,bwd_pkt_len_mean,bwd_pkt_len_std,flow_byts/s,flow_pkts/s,flow_iat_mean,flow_iat_std,flow_iat_max,flow_iat_min,fwd_iat_tot,fwd_iat_mean,fwd_iat_std,fwd_iat_max,fwd_iat_min,bwd_iat_tot,bwd_iat_mean,bwd_iat_std,bwd_iat_max,bwd_iat_min,fwd_psh_flags,fwd_urg_flags,fwd_header_len,bwd_header_len,fwd_pkts/s,bwd_pkts/s,pkt_len_min,pkt_len_max,pkt_len_mean,pkt_len_std,pkt_len_var,fin_flag_cnt,syn_flag_cnt,rst_flag_cnt,psh_flag_cnt,ack_flag_cnt,urg_flag_cnt,cwe_flag_count,ece_flag_cnt,down/up_ratio,pkt_size_avg,fwd_seg_size_avg,bwd_seg_size_avg,subflow_fwd_pkts,subflow_fwd_byts,subflow_bwd_pkts,subflow_bwd_byts,init_fwd_win_byts,init_bwd_win_byts,fwd_act_data_pkts,fwd_seg_size_min,active_mean,active_std,active_max,active_min,idle_mean,idle_std,idle_max,idle_min,label
17958,6,2018-03-02 03:27:49,85974481,2,0,0,0.0,0,0,0.0,0.0,0,0,0.0,0.0,0.0,0.023262717,86000000.0,0.0,86000000.0,86000000.0,86000000.0,86000000.0,0.0,86000000.0,86000000.0,0.0,0.0,0.0,0.0,0.0,0,0,40,0,0.023262717,0.0,0,0,0.0,0.0,0.0,0,0,0,0,1,0,0,0,0,0.0,0.0,0.0,2,0,0,0,62564,-1,0,20,0.0,0.0,0.0,0.0,86000000.0,0.0,86000000.0,86000000.0,Benign
443,6,2018-03-02 02:12:22,522320,9,6,662,4390.0,366,0,73.55555556,129.9616396,1460,0,731.6666667,654.9847835,9672.231582,28.71802726,37308.57143,38758.27425,141744.0,0.0,522320.0,65290.0,42387.20979,141744.0,11156.0,389495.0,77899.0,95307.29967,233141.0,0.0,0,0,192,132,17.23081636,11.48721091,0,1460,315.75,512.879908,263045.8,0,0,1,1,0,0,0,1,0,336.8,73.55555556,731.6666667,9,662,6,4390,8192,1024,3,20,0.0,0.0,0.0,0.0,0.0,0.0,0.0,0.0,Benign
445,6,2018-03-02 11:32:43,966728,6,5,455,338.0,140,0,75.83333333,62.93621109,145,0,67.6,69.7588704,820.2927814,11.37858839,96672.8,122490.2541,242966.0,66.0,966659.0,193331.8,107953.6675,246599.0,336.0,966662.0,241665.5,4396.208708,246886.0,236501.0,0,0,132,112,6.20650276,5.172085633,0,145,66.08333333,63.40269328,4019.901515,0,0,0,1,0,0,0,0,0,72.09090909,75.83333333,67.6,6,455,5,338,8192,0,4,20,0.0,0.0,0.0,0.0,0.0,0.0,0.0,0.0,Benign
52637,6,2018-03-02 03:34:08,45,1,1,0,0.0,0,0,0.0,0.0,0,0,0.0,0.0,0.0,44444.44444,45.0,0.0,45.0,45.0,0.0,0.0,0.0,0.0,0.0,0.0,0.0,0.0,0.0,0.0,0,0,20,20,22222.22222,22222.22222,0,0,0.0,0.0,0.0,0,0,0,0,1,1,0,0,1,0.0,0.0,0.0,1,0,1,0,31088,64209,0,20,0.0,0.0,0.0,0.0,0.0,0.0,0.0,0.0,Benign
443,6,2018-03-02 12:04:17,59383703,197,2885,5970,4161052.0,502,0,30.30456853,119.2964008,1460,108,1442.305719,125.7207768,70171.13769,51.89976112,19274.16521,433016.974,9947195.0,0.0,59400000.0,302978.0765,1695644.965,9947195.0,17.0,50100000.0,17382.62829,414473.3736,9965147.0,0.0,1,0,3940,57700,3.317408482,48.58235264,0,1460,1351.772624,367.7339343,135228.2465,0,1,0,0,1,0,0,0,14,1352.211226,30.30456853,1442.305719,197,5970,2885,4161052,16919,4129,11,20,80319.5,21026.79576,121877.0,68029.0,9816964.333,286299.0891,9947195.0,9234549.0,Benign
80,6,2018-03-02 04:12:42,10131,3,4,161,488.0,161,0,53.66666667,92.95339334,488,0,122.0,244.0,64060.80347,690.9485737,1688.5,3757.805889,9356.0,35.0,483.0,241.5,157.6848122,353.0,130.0,9831.0,3277.0,5268.46154,9356.0,35.0,0,0,72,92,296.1208173,394.8277564,0,488,81.125,173.7875859,30202.125,0,0,0,1,0,0,0,0,1,92.71428571,53.66666667,122.0,3,161,4,488,8192,149,1,20,0.0,0.0,0.0,0.0,0.0,0.0,0.0,0.0,Benign
443,6,2018-03-02 11:46:33,347,3,0,46,0.0,46,0,15.33333333,26.55811238,0,0,0.0,0.0,132564.8415,8645.533141,173.5,6.363961031,178.0,169.0,347.0,173.5,6.363961031,178.0,169.0,0.0,0.0,0.0,0.0,0.0,0,0,60,0,8645.533141,0.0,0,46,11.5,23.0,529.0,0,0,0,0,1,0,0,0,0,15.33333333,15.33333333,0.0,3,46,0,0,256,-1,1,20,0.0,0.0,0.0,0.0,0.0,0.0,0.0,0.0,Benign
443,6,2018-03-02 10:43:53,119078922,30,38,2076,23840.0,467,0,69.2,152.2818168,1460,0,627.3684211,651.1028242,217.6371734,0.571049845,1777297.343,3729800.158,10000000.0,1.0,114000000.0,3934979.069,4863359.268,10000000.0,32.0,119000000.0,3217597.622,4583386.158,10000000.0,1.0,0,0,612,904,0.251933755,0.31911609,0,1460,375.5942029,565.2214121,319475.2447,0,0,0,1,0,0,0,0,1,381.1176471,69.2,627.3684211,30,2076,38,23840,8192,78,17,20,382311.9091,1171078.757,3913238.0,28006.0,9991723.818,38843.13651,10000000.0,9874787.0,Benign
3389,6,2018-03-02 05:12:37,2570239,8,7,1148,1581.0,677,0,143.5,228.1296624,1173,0,225.8571429,430.0986044,1061.768964,5.836033147,183588.5,254945.8793,953138.0,2.0,2570239.0,367177.0,407071.4763,1263496.0,2.0,2311207.0,385201.1667,278914.789,953138.0,259681.0,0,0,172,152,3.112551012,2.723482135,0,1173,170.5625,319.4332416,102037.5958,0,0,1,1,0,0,0,1,0,181.9333333,143.5,225.8571429,8,1148,7,1581,8192,62852,5,20,0.0,0.0,0.0,0.0,0.0,0.0,0.0,0.0,Benign
3389,6,2018-03-02 09:26:56,10589951,10,14,1325,1770.0,677,0,132.5,203.6561645,1173,0,126.4285714,310.2306126,292.2581984,2.266299438,460432.6522,705972.4707,3015543.0,29.0,10600000.0,1176661.222,2105257.581,6717281.0,256.0,10200000.0,786905.3077,801506.6697,3015543.0,10936.0,0,0,212,316,0.944291433,1.322008006,0,1173,123.8,261.4560192,68359.25,0,0,0,1,0,0,0,0,1,128.9583333,132.5,126.4285714,10,1325,14,1770,8192,62852,7,20,0.0,0.0,0.0,0.0,0.0,0.0,0.0,0.0,Benign
53,17,2018-03-02 01:57:33,897,1,1,53,119.0,53,53,53.0,0.0,119,119,119.0,0.0,191750.2787,2229.654404,897.0,0.0,897.0,897.0,0.0,0.0,0.0,0.0,0.0,0.0,0.0,0.0,0.0,0.0,0,0,8,8,1114.827202,1114.827202,53,119,75.0,38.10511777,1452.0,0,0,0,0,0,0,0,0,1,112.5,53.0,119.0,1,53,1,119,-1,-1,0,8,0.0,0.0,0.0,0.0,0.0,0.0,0.0,0.0,Benign
3389,6,2018-03-02 01:30:58,4069611,13,9,1441,1731.0,725,0,110.8461538,196.5501828,1179,0,192.3333333,386.0744747,779.4356758,5.405922089,193791.0,304300.4691,1057644.0,121.0,4069611.0,339134.25,413816.9585,1261842.0,1769.0,4037949.0,504743.625,466036.6238,1283059.0,62502.0,0,0,272,192,3.194408507,2.211513582,0,1179,137.9130435,278.89472,77782.26482,0,0,1,1,0,0,0,1,0,144.1818182,110.8461538,192.3333333,13,1441,9,1731,8192,62559,7,20,0.0,0.0,0.0,0.0,0.0,0.0,0.0,0.0,Benign
3389,6,2018-03-02 10:34:30,2488104,9,7,1128,1581.0,661,0,125.3333333,213.4830204,1173,0,225.8571429,430.0986044,1088.780855,6.430599364,165873.6,246786.4928,953346.0,3.0,2488104.0,311013.0,365334.6827,1173074.0,3.0,2330738.0,388456.3333,342226.0822,953346.0,158001.0,0,0,192,152,3.617212142,2.813387222,0,1173,159.3529412,310.3705328,96329.86765,0,0,0,1,0,0,0,0,0,169.3125,125.3333333,225.8571429,9,1128,7,1581,8192,62872,5,20,0.0,0.0,0.0,0.0,0.0,0.0,0.0,0.0,Benign
445,6,2018-03-02 12:42:40,1301122,7,5,364,582.0,103,0,52.0,49.21720566,409,0,116.4,167.0353256,727.0647948,9.222809237,118283.8182,135274.6842,260212.0,5.0,1301122.0,216853.6667,106243.6834,263040.0,5.0,1042165.0,260541.25,1151.18848,262186.0,259585.0,0,0,152,112,5.379972055,3.842837182,0,409,72.76923077,109.5332171,11997.52564,0,0,0,1,0,0,0,0,0,78.83333333,52.0,116.4,7,364,5,582,8192,255,4,20,0.0,0.0,0.0,0.0,0.0,0.0,0.0,0.0,Benign
80,6,2018-03-02 04:12:49,771,3,4,161,488.0,161,0,53.66666667,92.95339334,488,0,122.0,244.0,841763.9429,9079.118029,128.5,80.75828131,257.0,29.0,444.0,222.0,130.1076477,314.0,130.0,514.0,171.3333333,161.5992987,347.0,29.0,0,0,72,92,3891.050584,5188.067445,0,488,81.125,173.7875859,30202.125,0,0,0,1,0,0,0,0,1,92.71428571,53.66666667,122.0,3,161,4,488,8192,149,1,20,0.0,0.0,0.0,0.0,0.0,0.0,0.0,0.0,Benign
443,6,2018-03-02 10:48:38,116154951,20,20,1245,5715.0,645,0,62.25,161.5620705,1460,0,285.75,525.5758621,59.91995985,0.344367585,2978332.077,4550145.329,10100000.0,1.0,116000000.0,6113418.474,4881923.092,10100000.0,37.0,111000000.0,5825778.316,5082560.577,10100000.0,1.0,0,0,412,408,0.172183793,0.172183793,0,1460,169.7560976,396.0231547,156834.339,0,0,0,1,0,0,0,0,1,174.0,62.25,285.75,20,1245,20,5715,8192,5561,15,20,46981.66667,57762.77823,230403.0,30172.0,9632594.5,1322163.735,10100000.0,5434830.0,Benign
53,17,2018-03-02 03:59:42,1161,1,1,37,119.0,37,37,37.0,0.0,119,119,119.0,0.0,134366.9251,1722.652885,1161.0,0.0,1161.0,1161.0,0.0,0.0,0.0,0.0,0.0,0.0,0.0,0.0,0.0,0.0,0,0,8,8,861.3264427,861.3264427,37,119,64.33333333,47.34272207,2241.333333,0,0,0,0,0,0,0,0,1,96.5,37.0,119.0,1,37,1,119,-1,-1,0,8,0.0,0.0,0.0,0.0,0.0,0.0,0.0,0.0,Benign
53,17,2018-03-02 04:49:23,21148,2,2,88,344.0,44,44,44.0,0.0,172,172,172.0,0.0,20427.46359,189.1431814,7049.333333,11532.22547,20365.0,282.0,20866.0,20866.0,0.0,20866.0,20866.0,20647.0,20647.0,0.0,20647.0,20647.0,0,0,16,16,94.57159069,94.57159069,44,172,95.2,70.10848736,4915.2,0,0,0,0,0,0,0,0,1,119.0,44.0,172.0,2,88,2,344,-1,-1,1,8,0.0,0.0,0.0,0.0,0.0,0.0,0.0,0.0,Benign
80,6,2018-03-02 03:56:57,206,2,0,0,0.0,0,0,0.0,0.0,0,0,0.0,0.0,0.0,9708.737864,206.0,0.0,206.0,206.0,206.0,206.0,0.0,206.0,206.0,0.0,0.0,0.0,0.0,0.0,0,0,40,0,9708.737864,0.0,0,0,0.0,0.0,0.0,0,0,0,0,1,0,0,0,0,0.0,0.0,0.0,2,0,0,0,278,-1,0,20,0.0,0.0,0.0,0.0,0.0,0.0,0.0,0.0,Benign
53,17,2018-03-02 03:25:27,249,1,1,40,56.0,40,40,40.0,0.0,56,56,56.0,0.0,385542.1687,8032.128514,249.0,0.0,249.0,249.0,0.0,0.0,0.0,0.0,0.0,0.0,0.0,0.0,0.0,0.0,0,0,8,8,4016.064257,4016.064257,40,56,45.33333333,9.237604307,85.33333333,0,0,0,0,0,0,0,0,1,68.0,40.0,56.0,1,40,1,56,-1,-1,0,8,0.0,0.0,0.0,0.0,0.0,0.0,0.0,0.0,Benign
3389,6,2018-03-02 10:39:10,3229099,9,7,1138,1581.0,677,0,126.4444444,218.2504932,1173,0,225.8571429,430.0986044,842.0305478,4.95494254,215273.2667,357924.607,1159979.0,2.0,3229099.0,403637.375,462070.4667,1159979.0,2.0,3136252.0,522708.6667,567241.0449,1485713.0,63488.0,0,0,192,152,2.787155179,2.167787361,0,1173,159.9411765,311.9564214,97316.80882,0,0,0,1,0,0,0,0,0,169.9375,126.4444444,225.8571429,9,1138,7,1581,8192,62862,5,20,0.0,0.0,0.0,0.0,0.0,0.0,0.0,0.0,Benign
46921,6,2018-03-02 04:46:34,86167159,2,0,0,0.0,0,0,0.0,0.0,0,0,0.0,0.0,0.0,0.023210699,86200000.0,0.0,86200000.0,86200000.0,86200000.0,86200000.0,0.0,86200000.0,86200000.0,0.0,0.0,0.0,0.0,0.0,0,0,40,0,0.023210699,0.0,0,0,0.0,0.0,0.0,0,0,0,0,1,0,0,0,0,0.0,0.0,0.0,2,0,0,0,62558,-1,0,20,0.0,0.0,0.0,0.0,86200000.0,0.0,86200000.0,86200000.0,Benign
3389,6,2018-03-02 02:02:17,1475668,8,7,1148,1581.0,677,0,143.5,228.1296624,1173,0,225.8571429,430.0986044,1849.331964,10.16488804,105404.8571,251220.867,968834.0,38.0,1475668.0,210809.7143,387348.3567,1086742.0,38.0,1394252.0,232375.3333,361131.3252,968834.0,74086.0,0,0,168,148,5.42127362,4.743614417,0,1173,170.5625,319.4332416,102037.5958,0,0,0,1,0,0,0,0,0,181.9333333,143.5,225.8571429,8,1148,7,1581,8192,62852,5,20,0.0,0.0,0.0,0.0,0.0,0.0,0.0,0.0,Benign
3389,6,2018-03-02 09:58:35,1685779,8,7,1128,1581.0,661,0,141.0,222.6233206,1173,0,225.8571429,430.0986044,1606.972207,8.897963493,120412.7857,245473.4868,953165.0,4.0,1685779.0,240825.5714,391126.169,1122621.0,4.0,1577562.0,262927.0,338929.7306,953165.0,110378.0,0,0,172,152,4.74558053,4.152382964,0,1173,169.3125,317.731274,100953.1625,0,0,1,1,0,0,0,1,0,180.6,141.0,225.8571429,8,1128,7,1581,8192,62872,5,20,0.0,0.0,0.0,0.0,0.0,0.0,0.0,0.0,Benign
443,6,2018-03-02 09:27:25,116893783,15,14,844,4914.0,210,0,56.26666667,75.46282592,1430,0,351.0,564.0930092,49.25839384,0.248088472,4174777.964,15200000.0,58300000.0,1.0,117000000.0,8349555.929,21100000.0,58300000.0,200.0,117000000.0,8987010.692,21800000.0,58300000.0,1.0,0,0,312,292,0.128321623,0.119766849,0,1430,191.9333333,410.3609793,168396.1333,0,0,0,1,0,0,0,0,0,198.5517241,56.26666667,351.0,15,844,14,4914,8192,180,8,20,249049.0,264145.395,435828.0,62270.0,58200000.0,148251.3006,58300000.0,58100000.0,Benign
445,6,2018-03-02 02:12:51,38046849,16,9,1306,616.0,140,0,81.625,47.00620526,145,0,68.44444444,69.70134703,50.51666696,0.657084638,1585285.375,3480070.639,15700000.0,40.0,38000000.0,2536456.6,4161263.845,15700000.0,3188.0,3258562.0,407320.25,546858.8543,1706079.0,69593.0,0,0,328,212,0.420534168,0.23655047,0,145,73.92307692,56.1048469,3147.753846,0,0,0,1,0,0,0,0,0,76.88,81.625,68.44444444,16,1306,9,616,8192,0,13,20,14500000.0,0.0,14500000.0,14500000.0,11800000.0,5537980.407,15700000.0,7846743.0,Benign
445,6,2018-03-02 09:00:52,342599,7,5,364,582.0,103,0,52.0,49.21720566,409,0,116.4,167.0353256,2761.245655,35.02637194,31145.36364,35113.61859,67871.0,3.0,342599.0,57099.83333,28000.53611,71059.0,3.0,274783.0,68695.75,1538.701049,71003.0,67872.0,0,0,152,112,20.4320503,14.59432164,0,409,72.76923077,109.5332171,11997.52564,0,0,0,1,0,0,0,0,0,78.83333333,52.0,116.4,7,364,5,582,8192,255,4,20,0.0,0.0,0.0,0.0,0.0,0.0,0.0,0.0,Benign
3389,6,2018-03-02 04:45:08,3975876,14,8,1459,1731.0,741,0,104.2142857,195.1134497,1179,0,216.375,405.4647906,802.3389059,5.533371765,189327.4286,261877.1171,953079.0,61.0,3975876.0,305836.6154,342025.3407,1198237.0,40386.0,3912163.0,558880.4286,354079.4776,1050459.0,157966.0,0,0,292,172,3.521236578,2.012135187,0,1179,138.6956522,280.4109703,78630.31225,0,0,1,1,0,0,0,1,0,145.0,104.2142857,216.375,14,1459,8,1731,8192,62626,7,20,0.0,0.0,0.0,0.0,0.0,0.0,0.0,0.0,Benign
80,6,2018-03-02 11:16:36,71,2,0,0,0.0,0,0,0.0,0.0,0,0,0.0,0.0,0.0,28169.01408,71.0,0.0,71.0,71.0,71.0,71.0,0.0,71.0,71.0,0.0,0.0,0.0,0.0,0.0,0,0,40,0,28169.01408,0.0,0,0,0.0,0.0,0.0,0,0,0,0,1,0,0,0,0,0.0,0.0,0.0,2,0,0,0,278,-1,0,20,0.0,0.0,0.0,0.0,0.0,0.0,0.0,0.0,Benign
80,6,2018-03-02 09:31:43,60065636,5,4,197,1563.0,197,0,39.4,88.10107831,1460,0,390.75,714.485071,29.30127969,0.149836089,7508204.5,21200000.0,60000000.0,1.0,60100000.0,15000000.0,30000000.0,60000000.0,198.0,33082.0,11027.33333,18565.53749,32462.0,1.0,0,0,112,92,0.083242272,0.066593817,0,1460,176.0,455.9797754,207917.5556,0,0,0,1,0,0,0,0,0,195.5555556,39.4,390.75,5,197,4,1563,8192,946,1,20,0.0,0.0,0.0,0.0,0.0,0.0,0.0,0.0,Benign
443,6,2018-03-02 08:55:50,118173340,17,18,903,5085.0,289,0,53.11764706,87.03367333,1460,0,282.5,492.8911406,50.67132739,0.296175093,3475686.471,13900000.0,58400000.0,1.0,118000000.0,7384432.125,19900000.0,58400000.0,100.0,118000000.0,6950038.941,19300000.0,58400000.0,1.0,0,0,364,372,0.143856474,0.152318619,0,1460,166.3333333,367.9937888,135419.4286,0,0,0,1,0,0,0,0,1,171.0857143,53.11764706,282.5,17,903,18,5085,8192,252,7,20,771920.0,733842.4886,1290825.0,253015.0,58300000.0,117204.3632,58400000.0,58200000.0,Benign
53,17,2018-03-02 03:30:02,697,1,1,44,72.0,44,44,44.0,0.0,72,72,72.0,0.0,166427.5466,2869.440459,697.0,0.0,697.0,697.0,0.0,0.0,0.0,0.0,0.0,0.0,0.0,0.0,0.0,0.0,0,0,8,8,1434.72023,1434.72023,44,72,53.33333333,16.16580754,261.3333333,0,0,0,0,0,0,0,0,1,80.0,44.0,72.0,1,44,1,72,-1,-1,0,8,0.0,0.0,0.0,0.0,0.0,0.0,0.0,0.0,Benign
53,17,2018-03-02 03:05:04,670,1,1,38,66.0,38,38,38.0,0.0,66,66,66.0,0.0,155223.8806,2985.074627,670.0,0.0,670.0,670.0,0.0,0.0,0.0,0.0,0.0,0.0,0.0,0.0,0.0,0.0,0,0,8,8,1492.537313,1492.537313,38,66,47.33333333,16.16580754,261.3333333,0,0,0,0,0,0,0,0,1,71.0,38.0,66.0,1,38,1,66,-1,-1,0,8,0.0,0.0,0.0,0.0,0.0,0.0,0.0,0.0,Benign
80,6,2018-03-02 04:43:19,103,2,0,0,0.0,0,0,0.0,0.0,0,0,0.0,0.0,0.0,19417.47573,103.0,0.0,103.0,103.0,103.0,103.0,0.0,103.0,103.0,0.0,0.0,0.0,0.0,0.0,0,0,40,0,19417.47573,0.0,0,0,0.0,0.0,0.0,0,0,0,0,1,0,0,0,0,0.0,0.0,0.0,2,0,0,0,278,-1,0,20,0.0,0.0,0.0,0.0,0.0,0.0,0.0,0.0,Benign
443,6,2018-03-02 01:34:29,118101011,16,16,1044,4221.0,407,0,65.25,110.084513,1430,0,263.8125,471.9214933,44.58048204,0.270954497,3809710.032,14600000.0,58900000.0,0.0,118000000.0,7873400.733,20600000.0,58900000.0,41.0,118000000.0,7864590.2,20700000.0,59100000.0,0.0,0,0,332,332,0.135477248,0.135477248,0,1430,159.5454545,347.495242,120752.9432,0,0,0,1,0,0,0,0,1,164.53125,65.25,263.8125,16,1044,16,4221,8192,180,8,20,294797.0,174496.983,418185.0,171409.0,58700000.0,333187.3011,58900000.0,58400000.0,Benign
80,6,2018-03-02 05:29:23,774,3,4,161,488.0,161,0,53.66666667,92.95339334,488,0,122.0,244.0,838501.292,9043.927649,129.0,82.88305014,263.0,30.0,448.0,224.0,132.9360749,318.0,130.0,511.0,170.3333333,161.5931104,347.0,30.0,0,0,72,92,3875.968992,5167.958656,0,488,81.125,173.7875859,30202.125,0,0,0,1,0,0,0,0,1,92.71428571,53.66666667,122.0,3,161,4,488,8192,149,1,20,0.0,0.0,0.0,0.0,0.0,0.0,0.0,0.0,Benign
0,0,2018-03-02 08:55:38,90060741,4,0,0,0.0,0,0,0.0,0.0,0,0,0.0,0.0,0.0,0.044414469,30000000.0,9780.996933,30000000.0,30000000.0,90100000.0,30000000.0,9780.996933,30000000.0,30000000.0,0.0,0.0,0.0,0.0,0.0,0,0,0,0,0.044414469,0.0,0,0,0.0,0.0,0.0,0,0,0,0,0,0,0,0,0,0.0,0.0,0.0,4,0,0,0,-1,-1,0,0,0.0,0.0,0.0,0.0,30000000.0,9780.996933,30000000.0,30000000.0,Benign
80,6,2018-03-02 09:14:00,207,2,0,0,0.0,0,0,0.0,0.0,0,0,0.0,0.0,0.0,9661.835749,207.0,0.0,207.0,207.0,207.0,207.0,0.0,207.0,207.0,0.0,0.0,0.0,0.0,0.0,0,0,40,0,9661.835749,0.0,0,0,0.0,0.0,0.0,0,0,0,0,1,0,0,0,0,0.0,0.0,0.0,2,0,0,0,253,-1,0,20,0.0,0.0,0.0,0.0,0.0,0.0,0.0,0.0,Benign
53,17,2018-03-02 10:51:21,18239,1,1,46,62.0,46,46,46.0,0.0,62,62,62.0,0.0,5921.377268,109.6551346,18239.0,0.0,18239.0,18239.0,0.0,0.0,0.0,0.0,0.0,0.0,0.0,0.0,0.0,0.0,0,0,8,8,54.8275673,54.8275673,46,62,51.33333333,9.237604307,85.33333333,0,0,0,0,0,0,0,0,1,77.0,46.0,62.0,1,46,1,62,-1,-1,0,8,0.0,0.0,0.0,0.0,0.0,0.0,0.0,0.0,Benign
80,6,2018-03-02 09:30:32,115996614,16,14,447,788.0,436,0,27.9375,108.8175652,788,0,56.28571429,210.6018586,10.6468625,0.258628239,3999883.241,4891238.697,10100000.0,16.0,116000000.0,7733107.6,4134134.264,10100000.0,168.0,110000000.0,8478119.923,3760097.204,10100000.0,471.0,0,0,332,424,0.137935061,0.120693178,0,788,39.83870968,159.3581076,25395.00645,0,0,1,1,0,0,0,1,0,41.16666667,27.9375,56.28571429,16,447,14,788,8192,288,12,20,17085.63636,18484.93181,72816.0,11327.0,10000000.0,28036.65697,10100000.0,9949883.0,Benign
443,6,2018-03-02 03:27:44,15145014,8,10,682,5885.0,366,0,85.25,134.9145232,1460,0,588.5,651.29158,433.6080508,1.188509961,890883.1765,2625375.528,9949036.0,0.0,10200000.0,1450750.857,3747466.02,9949036.0,11661.0,15100000.0,1681485.778,3530338.26,10000000.0,0.0,0,0,172,224,0.528226649,0.660283312,0,1460,345.6315789,537.3153647,288707.8012,0,0,0,1,0,0,0,0,1,364.8333333,85.25,588.5,8,682,10,5885,8192,11,4,20,206220.0,0.0,206220.0,206220.0,9949036.0,0.0,9949036.0,9949036.0,Benign
445,6,2018-03-02 01:31:52,1058912,6,5,455,338.0,140,0,75.83333333,62.93621109,145,0,67.6,69.7588704,748.8818712,10.38802091,105891.2,136554.5429,265625.0,70.0,1058842.0,211768.4,118301.4963,265705.0,147.0,1058832.0,264708.0,836.2846405,265951.0,264135.0,0,0,132,112,5.666193225,4.721827687,0,145,66.08333333,63.40269328,4019.901515,0,0,0,1,0,0,0,0,0,72.09090909,75.83333333,67.6,6,455,5,338,8192,0,4,20,0.0,0.0,0.0,0.0,0.0,0.0,0.0,0.0,Benign
3389,6,2018-03-02 04:45:33,2839334,9,7,1148,1581.0,677,0,127.5555556,218.6910556,1173,0,225.8571429,430.0986044,961.1408873,5.635124293,189288.9333,250707.9053,953203.0,80.0,2839334.0,354916.75,372977.543,1233507.0,397.0,2620416.0,436736.0,313319.7701,953203.0,220974.0,0,0,192,152,3.169757415,2.465366878,0,1173,160.5294118,312.044091,97371.51471,0,0,1,1,0,0,0,1,0,170.5625,127.5555556,225.8571429,9,1148,7,1581,8192,62852,5,20,0.0,0.0,0.0,0.0,0.0,0.0,0.0,0.0,Benign
53,17,2018-03-02 02:46:48,432,1,1,41,57.0,41,41,41.0,0.0,57,57,57.0,0.0,226851.8519,4629.62963,432.0,0.0,432.0,432.0,0.0,0.0,0.0,0.0,0.0,0.0,0.0,0.0,0.0,0.0,0,0,8,8,2314.814815,2314.814815,41,57,46.33333333,9.237604307,85.33333333,0,0,0,0,0,0,0,0,1,69.5,41.0,57.0,1,41,1,57,-1,-1,0,8,0.0,0.0,0.0,0.0,0.0,0.0,0.0,0.0,Benign
53,17,2018-03-02 04:53:10,920,1,1,50,132.0,50,50,50.0,0.0,132,132,132.0,0.0,197826.087,2173.913043,920.0,0.0,920.0,920.0,0.0,0.0,0.0,0.0,0.0,0.0,0.0,0.0,0.0,0.0,0,0,8,8,1086.956522,1086.956522,50,132,77.33333333,47.34272207,2241.333333,0,0,0,0,0,0,0,0,1,116.0,50.0,132.0,1,50,1,132,-1,-1,0,8,0.0,0.0,0.0,0.0,0.0,0.0,0.0,0.0,Benign
51828,6,2018-03-02 11:46:32,1813,3,1,31,0.0,31,0,10.33333333,17.89785834,0,0,0.0,0.0,17098.73138,2206.287921,604.3333333,1031.178614,1795.0,1.0,1796.0,898.0,1268.549565,1795.0,1.0,0.0,0.0,0.0,0.0,0.0,0,0,60,20,1654.71594,551.5719801,0,31,6.2,13.86362146,192.2,0,0,0,0,1,0,0,0,0,7.75,10.33333333,0.0,3,31,1,0,1013,0,1,20,0.0,0.0,0.0,0.0,0.0,0.0,0.0,0.0,Benign
50739,6,2018-03-02 12:04:52,3,3,0,31,0.0,31,0,10.33333333,17.89785834,0,0,0.0,0.0,10300000.0,1000000.0,1.5,2.121320344,3.0,0.0,3.0,1.5,2.121320344,3.0,0.0,0.0,0.0,0.0,0.0,0.0,0,0,60,0,1000000.0,0.0,0,31,7.75,15.5,240.25,0,0,0,0,1,0,0,0,0,10.33333333,10.33333333,0.0,3,31,0,0,60,-1,1,20,0.0,0.0,0.0,0.0,0.0,0.0,0.0,0.0,Benign
53,17,2018-03-02 01:42:40,405,1,1,43,59.0,43,43,43.0,0.0,59,59,59.0,0.0,251851.8519,4938.271605,405.0,0.0,405.0,405.0,0.0,0.0,0.0,0.0,0.0,0.0,0.0,0.0,0.0,0.0,0,0,8,8,2469.135802,2469.135802,43,59,48.33333333,9.237604307,85.33333333,0,0,0,0,0,0,0,0,1,72.5,43.0,59.0,1,43,1,59,-1,-1,0,8,0.0,0.0,0.0,0.0,0.0,0.0,0.0,0.0,Benign
40945,6,2018-03-02 10:22:05,133,2,0,0,0.0,0,0,0.0,0.0,0,0,0.0,0.0,0.0,15037.59398,133.0,0.0,133.0,133.0,133.0,133.0,0.0,133.0,133.0,0.0,0.0,0.0,0.0,0.0,0,0,40,0,15037.59398,0.0,0,0,0.0,0.0,0.0,0,0,0,0,1,0,0,0,0,0.0,0.0,0.0,2,0,0,0,257,-1,0,20,0.0,0.0,0.0,0.0,0.0,0.0,0.0,0.0,Benign
3389,6,2018-03-02 12:48:49,1848077,8,7,1144,1581.0,677,0,143.0,227.9699228,1173,0,225.8571429,430.0986044,1474.505662,8.116544928,132005.5,245570.0827,953583.0,74.0,1848077.0,264011.0,393531.7069,1148590.0,74.0,1710274.0,285045.6667,328249.8288,953583.0,138418.0,0,0,172,152,4.328823961,3.787720966,0,1173,170.3125,319.4027173,102018.0958,0,0,1,1,0,0,0,1,0,181.6666667,143.0,225.8571429,8,1144,7,1581,8192,62856,5,20,0.0,0.0,0.0,0.0,0.0,0.0,0.0,0.0,Benign
54377,6,2018-03-02 01:55:06,86108636,2,0,0,0.0,0,0,0.0,0.0,0,0,0.0,0.0,0.0,0.023226474,86100000.0,0.0,86100000.0,86100000.0,86100000.0,86100000.0,0.0,86100000.0,86100000.0,0.0,0.0,0.0,0.0,0.0,0,0,40,0,0.023226474,0.0,0,0,0.0,0.0,0.0,0,0,0,0,1,0,0,0,0,0.0,0.0,0.0,2,0,0,0,62559,-1,0,20,0.0,0.0,0.0,0.0,86100000.0,0.0,86100000.0,86100000.0,Benign
50074,6,2018-03-02 09:43:14,37,2,0,0,0.0,0,0,0.0,0.0,0,0,0.0,0.0,0.0,54054.05405,37.0,0.0,37.0,37.0,37.0,37.0,0.0,37.0,37.0,0.0,0.0,0.0,0.0,0.0,0,0,40,0,54054.05405,0.0,0,0,0.0,0.0,0.0,0,0,0,0,1,0,0,0,0,0.0,0.0,0.0,2,0,0,0,62,-1,0,20,0.0,0.0,0.0,0.0,0.0,0.0,0.0,0.0,Benign
445,6,2018-03-02 09:12:06,154696,2,0,1,0.0,1,0,0.5,0.707106781,0,0,0.0,0.0,6.464291255,12.92858251,154696.0,0.0,154696.0,154696.0,154696.0,154696.0,0.0,154696.0,154696.0,0.0,0.0,0.0,0.0,0.0,0,0,52,0,12.92858251,0.0,0,1,0.666666667,0.577350269,0.333333333,0,0,0,0,1,0,0,0,0,1.0,0.5,0.0,2,1,0,0,255,-1,0,20,0.0,0.0,0.0,0.0,0.0,0.0,0.0,0.0,Benign
53,17,2018-03-02 04:44:17,420,1,1,56,184.0,56,56,56.0,0.0,184,184,184.0,0.0,571428.5714,4761.904762,420.0,0.0,420.0,420.0,0.0,0.0,0.0,0.0,0.0,0.0,0.0,0.0,0.0,0.0,0,0,8,8,2380.952381,2380.952381,56,184,98.66666667,73.90083446,5461.333333,0,0,0,0,0,0,0,0,1,148.0,56.0,184.0,1,56,1,184,-1,-1,0,8,0.0,0.0,0.0,0.0,0.0,0.0,0.0,0.0,Benign
53,17,2018-03-02 12:08:15,243,1,1,43,59.0,43,43,43.0,0.0,59,59,59.0,0.0,419753.0864,8230.452675,243.0,0.0,243.0,243.0,0.0,0.0,0.0,0.0,0.0,0.0,0.0,0.0,0.0,0.0,0,0,8,8,4115.226337,4115.226337,43,59,48.33333333,9.237604307,85.33333333,0,0,0,0,0,0,0,0,1,72.5,43.0,59.0,1,43,1,59,-1,-1,0,8,0.0,0.0,0.0,0.0,0.0,0.0,0.0,0.0,Benign
53,17,2018-03-02 11:19:55,298,1,1,46,62.0,46,46,46.0,0.0,62,62,62.0,0.0,362416.1074,6711.409396,298.0,0.0,298.0,298.0,0.0,0.0,0.0,0.0,0.0,0.0,0.0,0.0,0.0,0.0,0,0,8,8,3355.704698,3355.704698,46,62,51.33333333,9.237604307,85.33333333,0,0,0,0,0,0,0,0,1,77.0,46.0,62.0,1,46,1,62,-1,-1,0,8,0.0,0.0,0.0,0.0,0.0,0.0,0.0,0.0,Benign
443,6,2018-03-02 10:14:57,116682869,19,19,1428,3957.0,507,0,75.15789474,127.3652941,1430,0,208.2631579,438.530734,46.15073358,0.325669058,3153591.054,13300000.0,58100000.0,0.0,117000000.0,6482381.611,18800000.0,58200000.0,83.0,117000000.0,6478933.833,18800000.0,58100000.0,0.0,0,0,392,392,0.162834529,0.162834529,0,1430,138.0769231,322.0591139,103722.0729,0,0,0,1,0,0,0,0,1,141.7105263,75.15789474,208.2631579,19,1428,19,3957,8192,184,10,20,242973.5,255605.6664,423714.0,62233.0,58100000.0,74316.9227,58100000.0,58000000.0,Benign
51026,6,2018-03-02 12:52:46,13845,2,0,0,0.0,0,0,0.0,0.0,0,0,0.0,0.0,0.0,144.4564825,13845.0,0.0,13845.0,13845.0,13845.0,13845.0,0.0,13845.0,13845.0,0.0,0.0,0.0,0.0,0.0,0,0,40,0,144.4564825,0.0,0,0,0.0,0.0,0.0,0,0,0,0,1,0,0,0,0,0.0,0.0,0.0,2,0,0,0,180,-1,0,20,0.0,0.0,0.0,0.0,0.0,0.0,0.0,0.0,Benign
80,6,2018-03-02 09:38:00,85,2,0,0,0.0,0,0,0.0,0.0,0,0,0.0,0.0,0.0,23529.41176,85.0,0.0,85.0,85.0,85.0,85.0,0.0,85.0,85.0,0.0,0.0,0.0,0.0,0.0,0,0,40,0,23529.41176,0.0,0,0,0.0,0.0,0.0,0,0,0,0,1,0,0,0,0,0.0,0.0,0.0,2,0,0,0,279,-1,0,20,0.0,0.0,0.0,0.0,0.0,0.0,0.0,0.0,Benign
51874,6,2018-03-02 01:26:27,37,1,1,0,0.0,0,0,0.0,0.0,0,0,0.0,0.0,0.0,54054.05405,37.0,0.0,37.0,37.0,0.0,0.0,0.0,0.0,0.0,0.0,0.0,0.0,0.0,0.0,0,0,20,20,27027.02703,27027.02703,0,0,0.0,0.0,0.0,0,0,0,0,1,1,0,0,1,0.0,0.0,0.0,1,0,1,0,31088,63854,0,20,0.0,0.0,0.0,0.0,0.0,0.0,0.0,0.0,Benign
80,6,2018-03-02 03:08:30,88,2,0,0,0.0,0,0,0.0,0.0,0,0,0.0,0.0,0.0,22727.27273,88.0,0.0,88.0,88.0,88.0,88.0,0.0,88.0,88.0,0.0,0.0,0.0,0.0,0.0,0,0,40,0,22727.27273,0.0,0,0,0.0,0.0,0.0,0,0,0,0,1,0,0,0,0,0.0,0.0,0.0,2,0,0,0,279,-1,0,20,0.0,0.0,0.0,0.0,0.0,0.0,0.0,0.0,Benign
3389,6,2018-03-02 05:08:31,3974597,14,8,1460,1731.0,741,0,104.2857143,195.0906805,1179,0,216.375,405.4647906,802.8486913,5.535152369,189266.5238,276668.1804,953171.0,2.0,3974597.0,305738.2308,376328.6168,1268140.0,2.0,3950374.0,564339.1429,410671.1242,1172254.0,107262.0,0,0,292,172,3.522369689,2.01278268,0,1179,138.7391304,280.3960215,78621.92885,0,0,1,1,0,0,0,1,0,145.0454545,104.2857143,216.375,14,1460,8,1731,8192,64000,7,20,0.0,0.0,0.0,0.0,0.0,0.0,0.0,0.0,Benign
0,0,2018-03-02 01:57:13,119873379,60,0,0,0.0,0,0,0.0,0.0,0,0,0.0,0.0,0.0,0.500528145,2031752.186,3125755.42,18700000.0,546839.0,120000000.0,2031752.186,3125755.42,18700000.0,546839.0,0.0,0.0,0.0,0.0,0.0,0,0,0,0,0.500528145,0.0,0,0,0.0,0.0,0.0,0,0,0,0,0,0,0,0,0,0.0,0.0,0.0,60,0,0,0,-1,-1,0,0,26400000.0,32300000.0,63600000.0,4858559.0,13500000.0,6882430.627,18700000.0,5713408.0,Benign
80,6,2018-03-02 04:59:08,91,2,0,0,0.0,0,0,0.0,0.0,0,0,0.0,0.0,0.0,21978.02198,91.0,0.0,91.0,91.0,91.0,91.0,0.0,91.0,91.0,0.0,0.0,0.0,0.0,0.0,0,0,40,0,21978.02198,0.0,0,0,0.0,0.0,0.0,0,0,0,0,1,0,0,0,0,0.0,0.0,0.0,2,0,0,0,278,-1,0,20,0.0,0.0,0.0,0.0,0.0,0.0,0.0,0.0,Benign
445,6,2018-03-02 02:28:47,221578,3,1,0,0.0,0,0,0.0,0.0,0,0,0.0,0.0,0.0,18.05233372,73859.33333,127807.7405,221439.0,64.0,221578.0,110789.0,156588.7967,221514.0,64.0,0.0,0.0,0.0,0.0,0.0,0,0,72,32,13.53925029,4.513083429,0,0,0.0,0.0,0.0,0,0,0,1,0,0,0,0,0,0.0,0.0,0.0,3,0,1,0,8192,8192,0,20,0.0,0.0,0.0,0.0,0.0,0.0,0.0,0.0,Benign
49704,6,2018-03-02 08:51:57,1700066,2,0,0,0.0,0,0,0.0,0.0,0,0,0.0,0.0,0.0,1.176424915,1700066.0,0.0,1700066.0,1700066.0,1700066.0,1700066.0,0.0,1700066.0,1700066.0,0.0,0.0,0.0,0.0,0.0,0,0,40,0,1.176424915,0.0,0,0,0.0,0.0,0.0,0,0,0,0,1,1,0,0,0,0.0,0.0,0.0,2,0,0,0,288,-1,0,20,0.0,0.0,0.0,0.0,0.0,0.0,0.0,0.0,Benign
80,6,2018-03-02 09:06:33,88,2,0,0,0.0,0,0,0.0,0.0,0,0,0.0,0.0,0.0,22727.27273,88.0,0.0,88.0,88.0,88.0,88.0,0.0,88.0,88.0,0.0,0.0,0.0,0.0,0.0,0,0,40,0,22727.27273,0.0,0,0,0.0,0.0,0.0,0,0,0,0,1,0,0,0,0,0.0,0.0,0.0,2,0,0,0,279,-1,0,20,0.0,0.0,0.0,0.0,0.0,0.0,0.0,0.0,Benign
64218,6,2018-03-02 02:36:18,37,2,0,0,0.0,0,0,0.0,0.0,0,0,0.0,0.0,0.0,54054.05405,37.0,0.0,37.0,37.0,37.0,37.0,0.0,37.0,37.0,0.0,0.0,0.0,0.0,0.0,0,0,40,0,54054.05405,0.0,0,0,0.0,0.0,0.0,0,0,0,0,1,0,0,0,0,0.0,0.0,0.0,2,0,0,0,256,-1,0,20,0.0,0.0,0.0,0.0,0.0,0.0,0.0,0.0,Benign
52270,6,2018-03-02 03:19:24,10,1,1,0,0.0,0,0,0.0,0.0,0,0,0.0,0.0,0.0,200000.0,10.0,0.0,10.0,10.0,0.0,0.0,0.0,0.0,0.0,0.0,0.0,0.0,0.0,0.0,0,0,20,20,100000.0,100000.0,0,0,0.0,0.0,0.0,0,0,0,0,1,1,0,0,1,0.0,0.0,0.0,1,0,1,0,127,256,0,20,0.0,0.0,0.0,0.0,0.0,0.0,0.0,0.0,Benign
53,17,2018-03-02 02:39:06,2557,1,1,32,76.0,32,32,32.0,0.0,76,76,76.0,0.0,42236.99648,782.1666015,2557.0,0.0,2557.0,2557.0,0.0,0.0,0.0,0.0,0.0,0.0,0.0,0.0,0.0,0.0,0,0,8,8,391.0833007,391.0833007,32,76,46.66666667,25.40341184,645.3333333,0,0,0,0,0,0,0,0,1,70.0,32.0,76.0,1,32,1,76,-1,-1,0,8,0.0,0.0,0.0,0.0,0.0,0.0,0.0,0.0,Benign
3389,6,2018-03-02 12:11:20,2568033,10,7,1138,1581.0,677,0,113.8,209.6175353,1173,0,225.8571429,430.0986044,1058.787017,6.619852627,160502.0625,305184.9174,953306.0,45.0,2568033.0,285337.0,395957.242,1043627.0,45.0,2533260.0,422210.0,498771.654,1150769.0,37046.0,0,0,212,152,3.894030957,2.72582167,0,1173,151.0555556,304.9810934,93013.46732,0,0,0,1,0,0,0,0,0,159.9411765,113.8,225.8571429,10,1138,7,1581,8192,62862,5,20,0.0,0.0,0.0,0.0,0.0,0.0,0.0,0.0,Benign
3389,6,2018-03-02 10:55:52,3976347,13,8,1437,1731.0,725,0,110.5384615,196.4784192,1179,0,216.375,405.4647906,796.7111522,5.281229229,198817.35,300608.6567,957059.0,55.0,3976347.0,331362.25,388594.6848,1187703.0,38439.0,3907672.0,558238.8571,448023.3924,1192587.0,137706.0,0,0,272,172,3.26933238,2.011896849,0,1179,144.0,283.788486,80535.90476,0,0,1,1,0,0,0,1,0,150.8571429,110.5384615,216.375,13,1437,8,1731,8192,62648,7,20,0.0,0.0,0.0,0.0,0.0,0.0,0.0,0.0,Benign
3389,6,2018-03-02 03:41:19,1958824,8,7,1128,1581.0,661,0,141.0,222.6233206,1173,0,225.8571429,430.0986044,1382.972641,7.657655818,139916.0,245817.41,951514.0,63.0,1958824.0,279832.0,401590.344,1180932.0,63.0,1779415.0,296569.1667,321793.7102,951514.0,146502.0,0,0,172,152,4.084083103,3.573572715,0,1173,169.3125,317.731274,100953.1625,0,0,0,1,0,0,0,0,0,180.6,141.0,225.8571429,8,1128,7,1581,8192,62872,5,20,0.0,0.0,0.0,0.0,0.0,0.0,0.0,0.0,Benign
3389,6,2018-03-02 11:29:09,1667748,8,7,1128,1581.0,661,0,141.0,222.6233206,1173,0,225.8571429,430.0986044,1624.346124,8.994164586,119124.8571,245348.0869,953131.0,81.0,1667748.0,238249.7143,387281.5762,1112010.0,6535.0,1571558.0,261926.3333,339551.0404,953131.0,102666.0,0,0,172,152,4.796887779,4.197276807,0,1173,169.3125,317.731274,100953.1625,0,0,1,1,0,0,0,1,0,180.6,141.0,225.8571429,8,1128,7,1581,8192,62872,5,20,0.0,0.0,0.0,0.0,0.0,0.0,0.0,0.0,Benign
53,17,2018-03-02 05:07:50,1096,1,1,32,92.0,32,32,32.0,0.0,92,92,92.0,0.0,113138.6861,1824.817518,1096.0,0.0,1096.0,1096.0,0.0,0.0,0.0,0.0,0.0,0.0,0.0,0.0,0.0,0.0,0,0,8,8,912.4087591,912.4087591,32,92,52.0,34.64101615,1200.0,0,0,0,0,0,0,0,0,1,78.0,32.0,92.0,1,32,1,92,-1,-1,0,8,0.0,0.0,0.0,0.0,0.0,0.0,0.0,0.0,Benign
53,17,2018-03-02 01:07:48,491,1,1,35,131.0,35,35,35.0,0.0,131,131,131.0,0.0,338085.5397,4073.319756,491.0,0.0,491.0,491.0,0.0,0.0,0.0,0.0,0.0,0.0,0.0,0.0,0.0,0.0,0,0,8,8,2036.659878,2036.659878,35,131,67.0,55.42562584,3072.0,0,0,0,0,0,0,0,0,1,100.5,35.0,131.0,1,35,1,131,-1,-1,0,8,0.0,0.0,0.0,0.0,0.0,0.0,0.0,0.0,Benign
52462,6,2018-03-02 01:52:03,59,2,0,0,0.0,0,0,0.0,0.0,0,0,0.0,0.0,0.0,33898.30508,59.0,0.0,59.0,59.0,59.0,59.0,0.0,59.0,59.0,0.0,0.0,0.0,0.0,0.0,0,0,40,0,33898.30508,0.0,0,0,0.0,0.0,0.0,0,0,0,0,1,0,0,0,0,0.0,0.0,0.0,2,0,0,0,127,-1,0,20,0.0,0.0,0.0,0.0,0.0,0.0,0.0,0.0,Benign
80,6,2018-03-02 10:06:49,54212812,2,0,0,0.0,0,0,0.0,0.0,0,0,0.0,0.0,0.0,0.036891648,54200000.0,0.0,54200000.0,54200000.0,54200000.0,54200000.0,0.0,54200000.0,54200000.0,0.0,0.0,0.0,0.0,0.0,0,0,40,0,0.036891648,0.0,0,0,0.0,0.0,0.0,0,0,0,0,1,0,0,0,0,0.0,0.0,0.0,2,0,0,0,279,-1,0,20,0.0,0.0,0.0,0.0,0.0,0.0,0.0,0.0,Benign
3389,6,2018-03-02 04:27:14,3430313,9,7,1148,1581.0,677,0,127.5555556,218.6910556,1173,0,225.8571429,430.0986044,795.5542249,4.664297398,228687.5333,318747.8153,969224.0,71.0,3430313.0,428789.125,435035.0316,1246672.0,71.0,3191597.0,531932.8333,467989.1037,1286792.0,224072.0,0,0,192,152,2.623667286,2.040630112,0,1173,160.5294118,312.044091,97371.51471,0,0,1,1,0,0,0,1,0,170.5625,127.5555556,225.8571429,9,1148,7,1581,8192,62852,5,20,0.0,0.0,0.0,0.0,0.0,0.0,0.0,0.0,Benign
443,6,2018-03-02 02:46:45,60197682,15,14,742,5708.0,398,0,49.46666667,114.3146451,1460,0,407.7142857,588.4923931,107.1469828,0.481746124,2149917.214,4167161.802,10000000.0,0.0,60200000.0,4299834.429,5118567.315,10000000.0,210.0,60200000.0,4629696.308,5178637.807,10000000.0,0.0,0,0,312,284,0.24917903,0.232567095,0,1460,215.0,441.8745336,195253.1034,0,0,0,1,0,0,0,0,0,222.4137931,49.46666667,407.7142857,15,742,14,5708,8192,31088,8,20,47381.16667,87877.32592,226760.0,11472.0,9985539.0,29338.02059,10000000.0,9937330.0,Benign
443,6,2018-03-02 04:03:13,119056746,27,36,1596,22331.0,436,0,59.11111111,103.6890074,1430,0,620.3055556,650.5196964,200.9713922,0.529159431,1920270.097,10500000.0,58900000.0,1.0,119000000.0,4579105.615,16000000.0,58900000.0,42.0,119000000.0,3397367.914,13900000.0,59100000.0,1.0,0,0,552,732,0.226782613,0.302376818,0,1430,373.859375,564.7269847,318916.5672,0,0,0,1,0,0,0,0,1,379.7936508,59.11111111,620.3055556,27,1596,36,22331,8192,189,12,20,678369.0,738878.5031,1200835.0,155903.0,58800000.0,168241.9164,58900000.0,58700000.0,Benign
3389,6,2018-03-02 11:56:48,3908217,14,8,1455,1731.0,741,0,103.9285714,195.0362745,1179,0,216.375,405.4647906,815.2055016,5.629165422,186105.5714,256857.5471,953131.0,63.0,3908217.0,300632.0769,339958.11,1209853.0,19501.0,3868966.0,552709.4286,325700.6532,976591.0,156543.0,0,0,292,172,3.582196178,2.046969245,0,1179,138.5217391,280.4016388,78625.07905,0,0,1,1,0,0,0,1,0,144.8181818,103.9285714,216.375,14,1455,8,1731,8192,62630,7,20,0.0,0.0,0.0,0.0,0.0,0.0,0.0,0.0,Benign
3389,6,2018-03-02 12:53:44,3379176,10,7,1138,1581.0,677,0,113.8,209.6175353,1173,0,225.8571429,430.0986044,804.6340291,5.030812245,211198.5,320457.0469,1035859.0,73.0,3379176.0,375464.0,443304.1087,1245571.0,73.0,3145461.0,524243.5,489046.8859,1299099.0,131450.0,0,0,212,152,2.959301321,2.071510925,0,1173,151.0555556,304.9810934,93013.46732,0,0,1,1,0,0,0,1,0,159.9411765,113.8,225.8571429,10,1138,7,1581,8192,62862,5,20,0.0,0.0,0.0,0.0,0.0,0.0,0.0,0.0,Benign
3389,6,2018-03-02 01:49:32,2316933,8,7,1144,1581.0,677,0,143.0,227.9699228,1173,0,225.8571429,430.0986044,1176.123781,6.474075858,165495.2143,249717.5367,953151.0,2.0,2316933.0,330990.4286,393337.2055,1202760.0,2.0,2126595.0,354432.5,294580.6889,953151.0,214583.0,0,0,172,152,3.452840458,3.0212354,0,1173,170.3125,319.4027173,102018.0958,0,0,1,1,0,0,0,1,0,181.6666667,143.0,225.8571429,8,1144,7,1581,8192,62856,5,20,0.0,0.0,0.0,0.0,0.0,0.0,0.0,0.0,Benign
445,6,2018-03-02 09:50:20,186082,3,1,0,0.0,0,0,0.0,0.0,0,0,0.0,0.0,0.0,21.49589966,62027.33333,107359.157,185995.0,1.0,186082.0,93041.0,131578.4298,186081.0,1.0,0.0,0.0,0.0,0.0,0.0,0,0,72,32,16.12192474,5.373974914,0,0,0.0,0.0,0.0,0,0,0,1,0,0,0,0,0,0.0,0.0,0.0,3,0,1,0,8192,8192,0,20,0.0,0.0,0.0,0.0,0.0,0.0,0.0,0.0,Benign
3389,6,2018-03-02 04:40:40,2316014,8,7,1148,1581.0,677,0,143.5,228.1296624,1173,0,225.8571429,430.0986044,1178.317575,6.476644787,165429.5714,249900.0576,953117.0,3.0,2316014.0,330859.1429,410785.9951,1244109.0,3.0,2081905.0,346984.1667,298971.8662,953117.0,196274.0,0,0,172,152,3.454210553,3.022434234,0,1173,170.5625,319.4332416,102037.5958,0,0,0,1,0,0,0,0,0,181.9333333,143.5,225.8571429,8,1148,7,1581,8192,62852,5,20,0.0,0.0,0.0,0.0,0.0,0.0,0.0,0.0,Benign
3389,6,2018-03-02 02:59:36,1666287,8,7,1128,1581.0,661,0,141.0,222.6233206,1173,0,225.8571429,430.0986044,1625.77035,9.002050667,119020.5,245683.9594,953230.0,4.0,1666287.0,238041.0,388155.3903,1113308.0,4.0,1558079.0,259679.8333,340335.6055,953230.0,109903.0,0,0,172,152,4.801093689,4.200956978,0,1173,169.3125,317.731274,100953.1625,0,0,1,1,0,0,0,1,0,180.6,141.0,225.8571429,8,1128,7,1581,8192,62872,5,20,0.0,0.0,0.0,0.0,0.0,0.0,0.0,0.0,Benign
3389,6,2018-03-02 03:17:49,1560073,8,7,1144,1581.0,677,0,143.0,227.9699228,1173,0,225.8571429,430.0986044,1746.713135,9.614934686,111433.7857,251229.2641,972180.0,80.0,1560073.0,222867.5714,388015.2677,1099827.0,5932.0,1478203.0,246367.1667,355925.6794,972180.0,91652.0,0,0,172,152,5.127965166,4.48696952,0,1173,170.3125,319.4027173,102018.0958,0,0,1,1,0,0,0,1,0,181.6666667,143.0,225.8571429,8,1144,7,1581,8192,62856,5,20,0.0,0.0,0.0,0.0,0.0,0.0,0.0,0.0,Benign
53,17,2018-03-02 03:24:59,1276,1,1,36,92.0,36,36,36.0,0.0,92,92,92.0,0.0,100313.4796,1567.398119,1276.0,0.0,1276.0,1276.0,0.0,0.0,0.0,0.0,0.0,0.0,0.0,0.0,0.0,0.0,0,0,8,8,783.6990596,783.6990596,36,92,54.66666667,32.33161507,1045.333333,0,0,0,0,0,0,0,0,1,82.0,36.0,92.0,1,36,1,92,-1,-1,0,8,0.0,0.0,0.0,0.0,0.0,0.0,0.0,0.0,Benign
0,0,2018-03-02 04:37:43,112636996,3,0,0,0.0,0,0,0.0,0.0,0,0,0.0,0.0,0.0,0.026634233,56300000.0,62.22539674,56300000.0,56300000.0,113000000.0,56300000.0,62.22539674,56300000.0,56300000.0,0.0,0.0,0.0,0.0,0.0,0,0,0,0,0.026634233,0.0,0,0,0.0,0.0,0.0,0,0,0,0,0,0,0,0,0,0.0,0.0,0.0,3,0,0,0,-1,-1,0,0,0.0,0.0,0.0,0.0,56300000.0,62.22539674,56300000.0,56300000.0,Benign
3389,6,2018-03-02 12:37:44,3849057,10,7,1138,1581.0,677,0,113.8,209.6175353,1173,0,225.8571429,430.0986044,706.40679,4.416666212,240566.0625,476251.1487,1786274.0,77.0,3849057.0,427673.0,605740.863,1786274.0,186.0,3781477.0,630246.1667,772038.3936,2033891.0,47928.0,0,0,208,148,2.598038948,1.818627264,0,1173,151.0555556,304.9810934,93013.46732,0,0,0,1,0,0,0,0,0,159.9411765,113.8,225.8571429,10,1138,7,1581,8192,62862,5,20,0.0,0.0,0.0,0.0,0.0,0.0,0.0,0.0,Benign
53,17,2018-03-02 09:02:40,1037,1,1,31,127.0,31,31,31.0,0.0,127,127,127.0,0.0,152362.5844,1928.640309,1037.0,0.0,1037.0,1037.0,0.0,0.0,0.0,0.0,0.0,0.0,0.0,0.0,0.0,0.0,0,0,8,8,964.3201543,964.3201543,31,127,63.0,55.42562584,3072.0,0,0,0,0,0,0,0,0,1,94.5,31.0,127.0,1,31,1,127,-1,-1,0,8,0.0,0.0,0.0,0.0,0.0,0.0,0.0,0.0,Benign
80,6,2018-03-02 03:50:55,178,2,0,0,0.0,0,0,0.0,0.0,0,0,0.0,0.0,0.0,11235.95506,178.0,0.0,178.0,178.0,178.0,178.0,0.0,178.0,178.0,0.0,0.0,0.0,0.0,0.0,0,0,40,0,11235.95506,0.0,0,0,0.0,0.0,0.0,0,0,0,0,1,0,0,0,0,0.0,0.0,0.0,2,0,0,0,253,-1,0,20,0.0,0.0,0.0,0.0,0.0,0.0,0.0,0.0,Benign
3389,6,2018-03-02 01:52:49,1642386,8,7,1160,1581.0,693,0,145.0,233.3311565,1173,0,225.8571429,430.0986044,1668.913398,9.133053984,117313.2857,247001.5533,959498.0,3.0,1642386.0,234626.5714,390680.7465,1116066.0,3.0,1543235.0,257205.8333,344671.2965,959498.0,99471.0,0,0,172,152,4.870962125,4.262091859,0,1173,171.3125,321.1152895,103115.0292,0,0,1,1,0,0,0,1,0,182.7333333,145.0,225.8571429,8,1160,7,1581,8192,62840,5,20,0.0,0.0,0.0,0.0,0.0,0.0,0.0,0.0,Benign
53,17,2018-03-02 09:18:15,25700,2,2,84,116.0,42,42,42.0,0.0,58,58,58.0,0.0,7782.101167,155.6420233,8566.666667,14246.41991,25017.0,322.0,25339.0,25339.0,0.0,25339.0,25339.0,25378.0,25378.0,0.0,25378.0,25378.0,0,0,16,16,77.82101167,77.82101167,42,58,48.4,8.76356092,76.8,0,0,0,0,0,0,0,0,1,60.5,42.0,58.0,2,84,2,116,-1,-1,1,8,0.0,0.0,0.0,0.0,0.0,0.0,0.0,0.0,Benign
3389,6,2018-03-02 03:02:56,1412399,8,7,1132,1581.0,661,0,141.5,222.7920235,1173,0,225.8571429,430.0986044,1920.845314,10.62022842,100885.6429,251821.5911,968862.0,4.0,1412399.0,201771.2857,385249.2129,1073372.0,4.0,1349928.0,224988.0,364777.2568,968862.0,62874.0,0,0,168,148,5.664121824,4.956106596,0,1173,169.5625,317.7627981,100973.1958,0,0,0,1,0,0,0,0,0,180.8666667,141.5,225.8571429,8,1132,7,1581,8192,62868,5,20,0.0,0.0,0.0,0.0,0.0,0.0,0.0,0.0,Benign
53,17,2018-03-02 01:30:28,958,1,1,37,113.0,37,37,37.0,0.0,113,113,113.0,0.0,156576.2004,2087.682672,958.0,0.0,958.0,958.0,0.0,0.0,0.0,0.0,0.0,0.0,0.0,0.0,0.0,0.0,0,0,8,8,1043.841336,1043.841336,37,113,62.33333333,43.87862046,1925.333333,0,0,0,0,0,0,0,0,1,93.5,37.0,113.0,1,37,1,113,-1,-1,0,8,0.0,0.0,0.0,0.0,0.0,0.0,0.0,0.0,Benign
53,17,2018-03-02 08:47:02,1830,1,1,32,60.0,32,32,32.0,0.0,60,60,60.0,0.0,50273.22404,1092.896175,1830.0,0.0,1830.0,1830.0,0.0,0.0,0.0,0.0,0.0,0.0,0.0,0.0,0.0,0.0,0,0,8,8,546.4480874,546.4480874,32,60,41.33333333,16.16580754,261.3333333,0,0,0,0,0,0,0,0,1,62.0,32.0,60.0,1,32,1,60,-1,-1,0,8,0.0,0.0,0.0,0.0,0.0,0.0,0.0,0.0,Benign
3389,6,2018-03-02 08:50:01,2250416,9,9,1349,2754.0,677,0,149.8888889,214.245446,1173,0,306.0,500.0242494,1823.218463,7.998521162,132377.4118,232874.3645,952316.0,25.0,2250416.0,281302.0,382622.6632,1155529.0,163.0,2100442.0,262555.25,294965.7515,952316.0,22647.0,0,0,192,204,3.999260581,3.999260581,0,1173,215.9473684,374.6327793,140349.7193,0,0,1,1,0,0,0,1,1,227.9444444,149.8888889,306.0,9,1349,9,2754,8192,62856,6,20,0.0,0.0,0.0,0.0,0.0,0.0,0.0,0.0,Benign
443,6,2018-03-02 11:59:22,111507095,16,28,12,3744.0,1,0,0.75,0.447213595,937,0,133.7142857,333.5421409,33.68395527,0.394593725,2593188.256,4388292.365,10000000.0,0.0,111000000.0,7432217.533,4415002.555,10000000.0,312472.0,111000000.0,4129113.185,4989757.413,10000000.0,0.0,0,0,320,704,0.143488627,0.251105098,0,937,83.48888889,269.2890997,72516.61919,0,0,0,0,1,0,0,0,1,85.38636364,0.75,133.7142857,16,12,28,3744,256,5565,11,20,145665.7273,172022.5513,437471.0,20930.0,9989176.364,28785.09189,10000000.0,9953031.0,Benign
53399,6,2018-03-02 05:21:13,1665,2,1,38,0.0,38,0,19.0,26.87005769,0,0,0.0,0.0,22822.82282,1801.801802,832.5,1130.663743,1632.0,33.0,1665.0,1665.0,0.0,1665.0,1665.0,0.0,0.0,0.0,0.0,0.0,1,0,40,20,1201.201201,600.6006006,0,38,19.0,21.93931023,481.3333333,0,1,0,0,1,0,0,0,0,25.33333333,19.0,0.0,2,38,1,0,176,0,0,20,0.0,0.0,0.0,0.0,0.0,0.0,0.0,0.0,Benign
3389,6,2018-03-02 09:29:08,3462148,9,11,1278,1736.0,677,0,142.0,213.2674377,1173,0,157.8181818,346.6046215,870.5578156,5.776760554,182218.3158,236310.1208,953162.0,3.0,3462148.0,432768.5,496676.2397,1564511.0,3.0,3285440.0,328544.0,247495.4673,953162.0,70094.0,0,0,192,244,2.599542249,3.177218305,0,1173,143.5238095,281.7870861,79403.9619,0,0,1,1,0,0,0,1,1,150.7,142.0,157.8181818,9,1278,11,1736,8192,62856,6,20,0.0,0.0,0.0,0.0,0.0,0.0,0.0,0.0,Benign
0,0,2018-03-02 01:35:01,112637599,3,0,0,0.0,0,0,0.0,0.0,0,0,0.0,0.0,0.0,0.02663409,56300000.0,0.707106781,56300000.0,56300000.0,113000000.0,56300000.0,0.707106781,56300000.0,56300000.0,0.0,0.0,0.0,0.0,0.0,0,0,0,0,0.02663409,0.0,0,0,0.0,0.0,0.0,0,0,0,0,0,0,0,0,0,0.0,0.0,0.0,3,0,0,0,-1,-1,0,0,0.0,0.0,0.0,0.0,56300000.0,0.707106781,56300000.0,56300000.0,Benign
3389,6,2018-03-02 05:05:58,1819047,9,7,1148,1581.0,677,0,127.5555556,218.6910556,1173,0,225.8571429,430.0986044,1500.236113,8.795814512,121269.8,238359.0109,953125.0,3.0,1819047.0,227380.875,359113.8306,1104226.0,3.0,1727037.0,287839.5,338896.7085,953125.0,80745.0,0,0,192,152,4.947645663,3.848168849,0,1173,160.5294118,312.044091,97371.51471,0,0,1,1,0,0,0,1,0,170.5625,127.5555556,225.8571429,9,1148,7,1581,8192,62852,5,20,0.0,0.0,0.0,0.0,0.0,0.0,0.0,0.0,Benign
19426,6,2018-03-02 02:48:58,85940527,2,0,0,0.0,0,0,0.0,0.0,0,0,0.0,0.0,0.0,0.023271908,85900000.0,0.0,85900000.0,85900000.0,85900000.0,85900000.0,0.0,85900000.0,85900000.0,0.0,0.0,0.0,0.0,0.0,0,0,40,0,0.023271908,0.0,0,0,0.0,0.0,0.0,0,0,0,0,1,0,0,0,0,0.0,0.0,0.0,2,0,0,0,62562,-1,0,20,0.0,0.0,0.0,0.0,85900000.0,0.0,85900000.0,85900000.0,Benign
3389,6,2018-03-02 04:22:52,4359601,9,10,1262,1699.0,661,0,140.2222222,208.2581198,1173,0,169.9,362.9035531,679.1905957,4.358197,242200.0556,366479.2046,1271845.0,41.0,4359601.0,544950.125,525659.5296,1420742.0,96.0,4154702.0,461633.5556,418428.4921,1271845.0,40607.0,0,0,192,224,2.064409105,2.293787895,0,1173,148.05,286.4948746,82079.31316,0,0,1,1,0,0,0,1,1,155.8421053,140.2222222,169.9,9,1262,10,1699,8192,62872,6,20,0.0,0.0,0.0,0.0,0.0,0.0,0.0,0.0,Benign
53,17,2018-03-02 03:52:01,1641,1,1,31,78.0,31,31,31.0,0.0,78,78,78.0,0.0,66422.91286,1218.769043,1641.0,0.0,1641.0,1641.0,0.0,0.0,0.0,0.0,0.0,0.0,0.0,0.0,0.0,0.0,0,0,8,8,609.3845216,609.3845216,31,78,46.66666667,27.13546265,736.3333333,0,0,0,0,0,0,0,0,1,70.0,31.0,78.0,1,31,1,78,-1,-1,0,8,0.0,0.0,0.0,0.0,0.0,0.0,0.0,0.0,Benign
53,17,2018-03-02 10:52:59,125293,2,2,60,92.0,30,30,30.0,0.0,46,46,46.0,0.0,1213.156361,31.92516741,41764.33333,47848.85513,93973.0,1.0,31319.0,31319.0,0.0,31319.0,31319.0,1.0,1.0,0.0,1.0,1.0,0,0,16,16,15.9625837,15.9625837,30,46,36.4,8.76356092,76.8,0,0,0,0,0,0,0,0,1,45.5,30.0,46.0,2,60,2,92,-1,-1,1,8,0.0,0.0,0.0,0.0,0.0,0.0,0.0,0.0,Benign
80,6,2018-03-02 03:12:43,5711450,4,4,97,231.0,97,0,24.25,48.5,231,0,57.75,115.5,57.42849889,1.400695095,815921.4286,2131668.261,5649817.0,40.0,61633.0,20544.33333,35330.10467,61340.0,108.0,5711305.0,1903768.333,3296991.333,5710806.0,174.0,0,0,92,92,0.700347547,0.700347547,0,231,36.44444444,79.69960965,6352.027778,0,0,0,1,0,0,0,0,1,41.0,24.25,57.75,4,97,4,231,8192,141,1,20,0.0,0.0,0.0,0.0,0.0,0.0,0.0,0.0,Benign
53,17,2018-03-02 09:54:22,41299,2,2,102,158.0,51,51,51.0,0.0,79,79,79.0,0.0,6295.55195,96.85464539,13766.33333,22992.36265,40315.0,334.0,40965.0,40965.0,0.0,40965.0,40965.0,40649.0,40649.0,0.0,40649.0,40649.0,0,0,16,16,48.4273227,48.4273227,51,79,62.2,15.33623161,235.2,0,0,0,0,0,0,0,0,1,77.75,51.0,79.0,2,102,2,158,-1,-1,1,8,0.0,0.0,0.0,0.0,0.0,0.0,0.0,0.0,Benign
443,6,2018-03-02 03:28:21,161,2,0,0,0.0,0,0,0.0,0.0,0,0,0.0,0.0,0.0,12422.36025,161.0,0.0,161.0,161.0,161.0,161.0,0.0,161.0,161.0,0.0,0.0,0.0,0.0,0.0,0,0,40,0,12422.36025,0.0,0,0,0.0,0.0,0.0,0,0,0,0,1,0,0,0,0,0.0,0.0,0.0,2,0,0,0,255,-1,0,20,0.0,0.0,0.0,0.0,0.0,0.0,0.0,0.0,Benign
80,6,2018-03-02 10:56:34,686,3,4,161,488.0,161,0,53.66666667,92.95339334,488,0,122.0,244.0,946064.1399,10204.08163,114.3333333,74.75471,198.0,24.0,357.0,178.5,62.93250353,223.0,134.0,496.0,165.3333333,177.8266947,365.0,24.0,0,0,72,92,4373.177843,5830.90379,0,488,81.125,173.7875859,30202.125,0,0,0,1,0,0,0,0,1,92.71428571,53.66666667,122.0,3,161,4,488,8192,149,1,20,0.0,0.0,0.0,0.0,0.0,0.0,0.0,0.0,Benign
52595,6,2018-03-02 02:14:13,11025,2,1,38,0.0,38,0,19.0,26.87005769,0,0,0.0,0.0,3446.712018,272.1088435,5512.5,7767.567991,11005.0,20.0,11025.0,11025.0,0.0,11025.0,11025.0,0.0,0.0,0.0,0.0,0.0,1,0,40,20,181.4058957,90.70294785,0,38,19.0,21.93931023,481.3333333,0,1,0,0,1,0,0,0,0,25.33333333,19.0,0.0,2,38,1,0,123,0,0,20,0.0,0.0,0.0,0.0,0.0,0.0,0.0,0.0,Benign
53,17,2018-03-02 09:54:25,282,1,1,51,67.0,51,51,51.0,0.0,67,67,67.0,0.0,418439.7163,7092.198582,282.0,0.0,282.0,282.0,0.0,0.0,0.0,0.0,0.0,0.0,0.0,0.0,0.0,0.0,0,0,8,8,3546.099291,3546.099291,51,67,56.33333333,9.237604307,85.33333333,0,0,0,0,0,0,0,0,1,84.5,51.0,67.0,1,51,1,67,-1,-1,0,8,0.0,0.0,0.0,0.0,0.0,0.0,0.0,0.0,Benign
53,17,2018-03-02 10:08:06,1036,1,1,31,111.0,31,31,31.0,0.0,111,111,111.0,0.0,137065.6371,1930.501931,1036.0,0.0,1036.0,1036.0,0.0,0.0,0.0,0.0,0.0,0.0,0.0,0.0,0.0,0.0,0,0,8,8,965.2509653,965.2509653,31,111,57.66666667,46.18802154,2133.333333,0,0,0,0,0,0,0,0,1,86.5,31.0,111.0,1,31,1,111,-1,-1,0,8,0.0,0.0,0.0,0.0,0.0,0.0,0.0,0.0,Benign
445,6,2018-03-02 01:35:31,158831,3,1,0,0.0,0,0,0.0,0.0,0,0,0.0,0.0,0.0,25.1840006,52943.66667,91629.2499,158748.0,0.0,158831.0,79415.5,112310.4772,158831.0,0.0,0.0,0.0,0.0,0.0,0.0,0,0,72,32,18.88800045,6.296000151,0,0,0.0,0.0,0.0,0,0,0,1,0,0,0,0,0,0.0,0.0,0.0,3,0,1,0,8192,8192,0,20,0.0,0.0,0.0,0.0,0.0,0.0,0.0,0.0,Benign
49913,6,2018-03-02 09:21:38,28484,2,1,38,0.0,38,0,19.0,26.87005769,0,0,0.0,0.0,1334.082292,105.3222862,14242.0,20120.01635,28469.0,15.0,28484.0,28484.0,0.0,28484.0,28484.0,0.0,0.0,0.0,0.0,0.0,1,0,40,20,70.21485746,35.10742873,0,38,19.0,21.93931023,481.3333333,0,1,0,0,1,0,0,0,0,25.33333333,19.0,0.0,2,38,1,0,123,0,0,20,0.0,0.0,0.0,0.0,0.0,0.0,0.0,0.0,Benign
80,6,2018-03-02 02:58:07,4895222,4,4,97,231.0,97,0,24.25,48.5,231,0,57.75,115.5,67.00411136,1.634246618,699317.4286,1822986.162,4833140.0,40.0,62082.0,20694.0,35559.05038,61754.0,106.0,4895040.0,1631680.0,2825528.258,4894319.0,326.0,0,0,92,92,0.817123309,0.817123309,0,231,36.44444444,79.69960965,6352.027778,0,0,0,1,0,0,0,0,1,41.0,24.25,57.75,4,97,4,231,8192,141,1,20,0.0,0.0,0.0,0.0,0.0,0.0,0.0,0.0,Benign
53,17,2018-03-02 03:04:51,584,1,1,46,62.0,46,46,46.0,0.0,62,62,62.0,0.0,184931.5068,3424.657534,584.0,0.0,584.0,584.0,0.0,0.0,0.0,0.0,0.0,0.0,0.0,0.0,0.0,0.0,0,0,8,8,1712.328767,1712.328767,46,62,51.33333333,9.237604307,85.33333333,0,0,0,0,0,0,0,0,1,77.0,46.0,62.0,1,46,1,62,-1,-1,0,8,0.0,0.0,0.0,0.0,0.0,0.0,0.0,0.0,Benign
53,17,2018-03-02 10:24:09,25401,1,1,40,226.0,40,40,40.0,0.0,226,226,226.0,0.0,10472.02866,78.7370576,25401.0,0.0,25401.0,25401.0,0.0,0.0,0.0,0.0,0.0,0.0,0.0,0.0,0.0,0.0,0,0,8,8,39.3685288,39.3685288,40,226,102.0,107.3871501,11532.0,0,0,0,0,0,0,0,0,1,153.0,40.0,226.0,1,40,1,226,-1,-1,0,8,0.0,0.0,0.0,0.0,0.0,0.0,0.0,0.0,Benign
49562,6,2018-03-02 08:53:47,3,3,0,53,0.0,53,0,17.66666667,30.59956427,0,0,0.0,0.0,17700000.0,1000000.0,1.5,2.121320344,3.0,0.0,3.0,1.5,2.121320344,3.0,0.0,0.0,0.0,0.0,0.0,0.0,0,0,60,0,1000000.0,0.0,0,53,13.25,26.5,702.25,0,0,0,0,1,0,0,0,0,17.66666667,17.66666667,0.0,3,53,0,0,946,-1,1,20,0.0,0.0,0.0,0.0,0.0,0.0,0.0,0.0,Benign
53,17,2018-03-02 10:59:31,1598,1,1,38,209.0,38,38,38.0,0.0,209,209,209.0,0.0,154568.2103,1251.564456,1598.0,0.0,1598.0,1598.0,0.0,0.0,0.0,0.0,0.0,0.0,0.0,0.0,0.0,0.0,0,0,8,8,625.7822278,625.7822278,38,209,95.0,98.72689603,9747.0,0,0,0,0,0,0,0,0,1,142.5,38.0,209.0,1,38,1,209,-1,-1,0,8,0.0,0.0,0.0,0.0,0.0,0.0,0.0,0.0,Benign
443,6,2018-03-02 02:42:12,5406852,8,5,352,3169.0,195,0,44.0,74.99904761,1460,0,633.8,757.4715836,651.210723,2.404356546,450571.0,1488366.748,5176119.0,11.0,5406852.0,772407.4286,1942139.712,5176119.0,25.0,140714.0,35178.5,48766.92352,104453.0,21.0,0,0,172,112,1.479604028,0.924752518,0,1460,251.5,516.8614976,267145.8077,0,0,0,1,0,0,0,0,0,270.8461538,44.0,633.8,8,352,5,3169,8192,60,3,20,230708.0,0.0,230708.0,230708.0,5176119.0,0.0,5176119.0,5176119.0,Benign
445,6,2018-03-02 01:21:44,521631,5,4,286,170.0,103,0,57.2,52.48523602,131,0,42.5,61.79805822,874.181174,17.2535758,65203.875,89860.33252,174039.0,2.0,521559.0,130389.75,86925.83389,174322.0,2.0,521594.0,173864.6667,219.3680317,174115.0,173706.0,0,0,112,92,9.585319891,7.668255913,0,131,45.6,52.98469381,2807.377778,0,0,0,1,0,0,0,0,0,50.66666667,57.2,42.5,5,286,4,170,8192,0,3,20,0.0,0.0,0.0,0.0,0.0,0.0,0.0,0.0,Benign
80,6,2018-03-02 09:16:44,655,3,4,161,488.0,161,0,53.66666667,92.95339334,488,0,122.0,244.0,990839.6947,10687.0229,109.1666667,78.56568377,212.0,28.0,350.0,175.0,98.99494937,245.0,105.0,443.0,147.6666667,161.9886827,332.0,28.0,0,0,72,92,4580.152672,6106.870229,0,488,81.125,173.7875859,30202.125,0,0,0,1,0,0,0,0,1,92.71428571,53.66666667,122.0,3,161,4,488,8192,149,1,20,0.0,0.0,0.0,0.0,0.0,0.0,0.0,0.0,Benign
3389,6,2018-03-02 05:22:22,3565585,15,8,1439,1731.0,725,0,95.93333333,186.1437489,1179,0,216.375,405.4647906,889.0546713,6.450554397,162072.0455,232438.8788,953154.0,27.0,3565585.0,254684.6429,315298.2604,1196857.0,6300.0,3531928.0,504561.1429,310032.3681,953154.0,132454.0,0,0,312,172,4.206883302,2.243671095,0,1179,132.0833333,274.2415496,75208.42754,0,0,1,1,0,0,0,1,0,137.826087,95.93333333,216.375,15,1439,8,1731,8192,62561,7,20,0.0,0.0,0.0,0.0,0.0,0.0,0.0,0.0,Benign
443,6,2018-03-02 03:52:03,303037,9,6,518,2879.0,200,0,57.55555556,84.72914362,1430,0,479.8333333,624.5146649,11209.85226,49.49890607,21645.5,39852.5758,95353.0,10.0,303037.0,37879.625,47520.62169,95634.0,24.0,207317.0,41463.4,56895.23114,111361.0,22.0,0,0,192,132,29.69934364,19.79956243,0,1430,212.3125,424.071805,179836.8958,0,0,0,1,0,0,0,0,0,226.4666667,57.55555556,479.8333333,9,518,6,2879,8192,172,4,20,0.0,0.0,0.0,0.0,0.0,0.0,0.0,0.0,Benign
53,17,2018-03-02 09:13:43,2707,1,1,42,155.0,42,42,42.0,0.0,155,155,155.0,0.0,72774.28888,738.8252678,2707.0,0.0,2707.0,2707.0,0.0,0.0,0.0,0.0,0.0,0.0,0.0,0.0,0.0,0.0,0,0,8,8,369.4126339,369.4126339,42,155,79.66666667,65.24058042,4256.333333,0,0,0,0,0,0,0,0,1,119.5,42.0,155.0,1,42,1,155,-1,-1,0,8,0.0,0.0,0.0,0.0,0.0,0.0,0.0,0.0,Benign
3389,6,2018-03-02 04:34:10,3782798,10,7,1148,1581.0,677,0,114.8,210.0924664,1173,0,225.8571429,430.0986044,721.4236658,4.494027966,236424.875,360388.466,1245797.0,80.0,3782798.0,420310.8889,477142.6585,1245797.0,701.0,3556325.0,592720.8333,537149.091,1533512.0,228950.0,0,0,212,152,2.643545862,1.850482103,0,1173,151.6111111,305.0826578,93075.4281,0,0,1,1,0,0,0,1,0,160.5294118,114.8,225.8571429,10,1148,7,1581,8192,62852,5,20,0.0,0.0,0.0,0.0,0.0,0.0,0.0,0.0,Benign
3389,6,2018-03-02 01:49:05,1691134,8,7,1128,1581.0,661,0,141.0,222.6233206,1173,0,225.8571429,430.0986044,1601.883706,8.869787965,120795.2857,245623.9874,953154.0,42.0,1691134.0,241590.5714,386663.6962,1112909.0,42.0,1582700.0,263783.3333,338192.0484,953154.0,110041.0,0,0,172,152,4.730553581,4.139234384,0,1173,169.3125,317.731274,100953.1625,0,0,1,1,0,0,0,1,0,180.6,141.0,225.8571429,8,1128,7,1581,8192,62872,5,20,0.0,0.0,0.0,0.0,0.0,0.0,0.0,0.0,Benign
80,6,2018-03-02 08:55:30,42750,4,9,249,9451.0,249,0,62.25,124.5,1460,0,1050.111111,646.3823258,226900.5848,304.0935673,3562.5,8143.040883,21049.0,0.0,42750.0,14250.0,12213.15811,21481.0,149.0,21662.0,2707.75,7456.668861,21157.0,0.0,0,0,92,192,93.56725146,210.5263158,0,1460,692.8571429,712.9768426,508335.978,0,0,0,1,0,0,0,0,2,746.1538462,62.25,1050.111111,4,249,9,9451,8192,946,1,20,0.0,0.0,0.0,0.0,0.0,0.0,0.0,0.0,Benign
3389,6,2018-03-02 01:29:40,3072838,9,10,1333,3927.0,661,0,148.1111111,209.3349257,1173,0,392.7,545.3555517,1711.772635,6.183209138,170713.2222,237843.398,953199.0,28.0,3072838.0,384104.75,389773.9576,1189748.0,156.0,2891620.0,321291.1111,260743.3374,953199.0,154717.0,0,0,192,224,2.928888539,3.254320599,0,1173,263.0,421.9920179,178077.2632,0,0,1,1,0,0,0,1,1,276.8421053,148.1111111,392.7,9,1333,10,3927,8192,62872,6,20,0.0,0.0,0.0,0.0,0.0,0.0,0.0,0.0,Benign
53,17,2018-03-02 11:01:56,472,1,1,45,61.0,45,45,45.0,0.0,61,61,61.0,0.0,224576.2712,4237.288136,472.0,0.0,472.0,472.0,0.0,0.0,0.0,0.0,0.0,0.0,0.0,0.0,0.0,0.0,0,0,8,8,2118.644068,2118.644068,45,61,50.33333333,9.237604307,85.33333333,0,0,0,0,0,0,0,0,1,75.5,45.0,61.0,1,45,1,61,-1,-1,0,8,0.0,0.0,0.0,0.0,0.0,0.0,0.0,0.0,Benign
3389,6,2018-03-02 09:33:31,1611522,8,7,1144,1581.0,677,0,143.0,227.9699228,1173,0,225.8571429,430.0986044,1690.94806,9.307970974,115108.7143,245885.347,953155.0,77.0,1611522.0,230217.4286,386825.689,1103196.0,77.0,1513575.0,252262.5,343912.8601,953155.0,99920.0,0,0,172,152,4.964251186,4.343719788,0,1173,170.3125,319.4027173,102018.0958,0,0,1,1,0,0,0,1,0,181.6666667,143.0,225.8571429,8,1144,7,1581,8192,62856,5,20,0.0,0.0,0.0,0.0,0.0,0.0,0.0,0.0,Benign
3389,6,2018-03-02 04:16:45,2136176,8,7,1128,1581.0,661,0,141.0,222.6233206,1173,0,225.8571429,430.0986044,1268.153935,7.021893327,152584.0,247540.3169,953389.0,3.0,2136176.0,305168.0,405234.5061,1210331.0,3.0,1935422.0,322570.3333,309468.9451,953389.0,172502.0,0,0,172,152,3.745009774,3.276883553,0,1173,169.3125,317.731274,100953.1625,0,0,1,1,0,0,0,1,0,180.6,141.0,225.8571429,8,1128,7,1581,8192,62872,5,20,0.0,0.0,0.0,0.0,0.0,0.0,0.0,0.0,Benign
53,17,2018-03-02 04:57:03,34742,2,2,64,188.0,32,32,32.0,0.0,94,94,94.0,0.0,7253.468424,115.1344194,11580.66667,18815.38233,33304.0,417.0,34325.0,34325.0,0.0,34325.0,34325.0,33721.0,33721.0,0.0,33721.0,33721.0,0,0,16,16,57.56720972,57.56720972,32,94,56.8,33.95879857,1153.2,0,0,0,0,0,0,0,0,1,71.0,32.0,94.0,2,64,2,188,-1,-1,1,8,0.0,0.0,0.0,0.0,0.0,0.0,0.0,0.0,Benign
53,17,2018-03-02 09:41:01,421,1,1,34,50.0,34,34,34.0,0.0,50,50,50.0,0.0,199524.9406,4750.593824,421.0,0.0,421.0,421.0,0.0,0.0,0.0,0.0,0.0,0.0,0.0,0.0,0.0,0.0,0,0,8,8,2375.296912,2375.296912,34,50,39.33333333,9.237604307,85.33333333,0,0,0,0,0,0,0,0,1,59.0,34.0,50.0,1,34,1,50,-1,-1,0,8,0.0,0.0,0.0,0.0,0.0,0.0,0.0,0.0,Benign
53,17,2018-03-02 02:17:39,550,1,1,30,107.0,30,30,30.0,0.0,107,107,107.0,0.0,249090.9091,3636.363636,550.0,0.0,550.0,550.0,0.0,0.0,0.0,0.0,0.0,0.0,0.0,0.0,0.0,0.0,0,0,8,8,1818.181818,1818.181818,30,107,55.66666667,44.45597073,1976.333333,0,0,0,0,0,0,0,0,1,83.5,30.0,107.0,1,30,1,107,-1,-1,0,8,0.0,0.0,0.0,0.0,0.0,0.0,0.0,0.0,Benign
80,6,2018-03-02 05:11:03,5749137,4,4,97,231.0,97,0,24.25,48.5,231,0,57.75,115.5,57.05204103,1.391513196,821305.2857,2145730.213,5687088.0,51.0,62049.0,20683.0,35563.34806,61748.0,118.0,5749005.0,1916335.0,3318780.821,5748533.0,171.0,0,0,92,92,0.695756598,0.695756598,0,231,36.44444444,79.69960965,6352.027778,0,0,0,1,0,0,0,0,1,41.0,24.25,57.75,4,97,4,231,8192,141,1,20,0.0,0.0,0.0,0.0,0.0,0.0,0.0,0.0,Benign
3389,6,2018-03-02 09:57:27,2473868,9,9,1262,1640.0,661,0,140.2222222,208.2581198,1173,0,182.2222222,382.692036,1173.06178,7.276055149,145521.6471,238229.0271,953438.0,2.0,2473868.0,309233.5,371624.0929,1166043.0,2.0,2318378.0,289797.25,291216.9897,953438.0,43288.0,0,0,192,204,3.638027575,3.638027575,0,1173,152.7368421,293.5567032,86175.53801,0,0,0,1,0,0,0,0,1,161.2222222,140.2222222,182.2222222,9,1262,9,1640,8192,62872,6,20,0.0,0.0,0.0,0.0,0.0,0.0,0.0,0.0,Benign
443,6,2018-03-02 03:45:12,116481571,28,33,1388,25954.0,636,0,49.57142857,141.8223794,1460,0,786.4848485,709.9888697,234.732411,0.523687992,1941359.517,3908256.587,10000000.0,0.0,116000000.0,4314132.259,4919458.859,10000000.0,19.0,111000000.0,3475317.0,4815813.899,10000000.0,0.0,0,0,572,804,0.240381373,0.283306619,0,1460,441.0,641.427353,411429.0492,0,0,0,1,0,0,0,0,1,448.2295082,49.57142857,786.4848485,28,1388,33,25954,8192,1020,16,20,106456.8333,296145.1685,1046844.0,20872.0,9600339.167,1369922.179,10000000.0,5250497.0,Benign
53,17,2018-03-02 05:18:42,2029,1,1,42,102.0,42,42,42.0,0.0,102,102,102.0,0.0,70970.92164,985.7072449,2029.0,0.0,2029.0,2029.0,0.0,0.0,0.0,0.0,0.0,0.0,0.0,0.0,0.0,0.0,0,0,8,8,492.8536225,492.8536225,42,102,62.0,34.64101615,1200.0,0,0,0,0,0,0,0,0,1,93.0,42.0,102.0,1,42,1,102,-1,-1,0,8,0.0,0.0,0.0,0.0,0.0,0.0,0.0,0.0,Benign
3389,6,2018-03-02 01:47:56,1582685,8,7,1144,1581.0,677,0,143.0,227.9699228,1173,0,225.8571429,430.0986044,1721.757646,9.477565024,113048.9286,240318.2572,888036.0,94.0,1582685.0,226097.8571,379946.8909,1045739.0,255.0,1537971.0,256328.5,349963.0756,888036.0,47156.0,0,0,172,152,5.054701346,4.422863678,0,1173,170.3125,319.4027173,102018.0958,0,0,1,1,0,0,0,1,0,181.6666667,143.0,225.8571429,8,1144,7,1581,8192,62856,5,20,0.0,0.0,0.0,0.0,0.0,0.0,0.0,0.0,Benign
443,6,2018-03-02 11:19:47,108787,9,7,542,5521.0,194,0,60.22222222,85.3767793,1460,0,788.7142857,676.9708793,55732.76219,147.076397,7252.466667,11755.96284,31727.0,8.0,108787.0,13598.375,13533.03491,31922.0,21.0,76771.0,12795.16667,18951.10185,37962.0,12.0,0,0,192,152,82.73047331,64.34592369,0,1460,356.6470588,560.8493493,314551.9926,0,0,0,1,0,0,0,0,0,378.9375,60.22222222,788.7142857,9,542,7,5521,8192,946,4,20,0.0,0.0,0.0,0.0,0.0,0.0,0.0,0.0,Benign
53,17,2018-03-02 11:44:57,282,1,1,61,157.0,61,61,61.0,0.0,157,157,157.0,0.0,773049.6454,7092.198582,282.0,0.0,282.0,282.0,0.0,0.0,0.0,0.0,0.0,0.0,0.0,0.0,0.0,0.0,0,0,8,8,3546.099291,3546.099291,61,157,93.0,55.42562584,3072.0,0,0,0,0,0,0,0,0,1,139.5,61.0,157.0,1,61,1,157,-1,-1,0,8,0.0,0.0,0.0,0.0,0.0,0.0,0.0,0.0,Benign
3389,6,2018-03-02 12:19:01,2666851,10,7,1128,1581.0,661,0,112.8,205.138869,1173,0,225.8571429,430.0986044,1015.804782,6.374559359,166678.1875,239122.4425,953175.0,103.0,2666851.0,296316.7778,366167.5518,1232187.0,206.0,2446947.0,407824.5,286624.6531,953175.0,220008.0,0,0,212,152,3.749740799,2.624818559,0,1173,150.5,303.437221,92074.14706,0,0,1,1,0,0,0,1,0,159.3529412,112.8,225.8571429,10,1128,7,1581,8192,62872,5,20,0.0,0.0,0.0,0.0,0.0,0.0,0.0,0.0,Benign
443,6,2018-03-02 05:01:50,5182619,7,8,841,3840.0,516,0,120.1428571,191.7867119,1460,0,480.0,621.8876793,903.2112914,2.894289547,370187.0714,1282689.245,4822873.0,0.0,359745.0,59957.5,81159.39653,190286.0,444.0,5171118.0,738731.1429,1880050.162,5000894.0,0.0,0,0,152,172,1.350668455,1.543621092,0,1460,292.5625,483.2292718,233510.5292,0,0,0,1,0,0,0,0,1,312.0666667,120.1428571,480.0,7,841,8,3840,8192,57,3,20,0.0,0.0,0.0,0.0,0.0,0.0,0.0,0.0,Benign
3389,6,2018-03-02 12:29:13,1584164,9,7,1144,1581.0,677,0,127.1111111,218.5088353,1173,0,225.8571429,430.0986044,1720.150186,10.0999644,105610.9333,249868.4685,984693.0,88.0,1584164.0,198020.5,354897.104,1061185.0,6644.0,1534059.0,255676.5,370932.0277,984693.0,50801.0,0,0,192,152,5.681229974,4.418734424,0,1173,160.2941176,312.0067637,97348.22059,0,0,1,1,0,0,0,1,0,170.3125,127.1111111,225.8571429,9,1144,7,1581,8192,62856,5,20,0.0,0.0,0.0,0.0,0.0,0.0,0.0,0.0,Benign
80,6,2018-03-02 10:11:23,137,2,0,0,0.0,0,0,0.0,0.0,0,0,0.0,0.0,0.0,14598.54015,137.0,0.0,137.0,137.0,137.0,137.0,0.0,137.0,137.0,0.0,0.0,0.0,0.0,0.0,0,0,40,0,14598.54015,0.0,0,0,0.0,0.0,0.0,0,0,0,0,1,0,0,0,0,0.0,0.0,0.0,2,0,0,0,252,-1,0,20,0.0,0.0,0.0,0.0,0.0,0.0,0.0,0.0,Benign
53,17,2018-03-02 02:02:16,1315,1,1,33,90.0,33,33,33.0,0.0,90,90,90.0,0.0,93536.12167,1520.912548,1315.0,0.0,1315.0,1315.0,0.0,0.0,0.0,0.0,0.0,0.0,0.0,0.0,0.0,0.0,0,0,8,8,760.4562738,760.4562738,33,90,52.0,32.90896534,1083.0,0,0,0,0,0,0,0,0,1,78.0,33.0,90.0,1,33,1,90,-1,-1,0,8,0.0,0.0,0.0,0.0,0.0,0.0,0.0,0.0,Benign
445,6,2018-03-02 11:23:53,179932,3,1,0,0.0,0,0,0.0,0.0,0,0,0.0,0.0,0.0,22.23062046,59977.33333,103807.5873,179844.0,1.0,179932.0,89966.0,127229.7231,179931.0,1.0,0.0,0.0,0.0,0.0,0.0,0,0,72,32,16.67296534,5.557655114,0,0,0.0,0.0,0.0,0,0,0,1,0,0,0,0,0,0.0,0.0,0.0,3,0,1,0,8192,8192,0,20,0.0,0.0,0.0,0.0,0.0,0.0,0.0,0.0,Benign
53,17,2018-03-02 10:35:06,1207,1,1,34,190.0,34,34,34.0,0.0,190,190,190.0,0.0,185584.0928,1657.000829,1207.0,0.0,1207.0,1207.0,0.0,0.0,0.0,0.0,0.0,0.0,0.0,0.0,0.0,0.0,0,0,8,8,828.5004143,828.5004143,34,190,86.0,90.06664199,8112.0,0,0,0,0,0,0,0,0,1,129.0,34.0,190.0,1,34,1,190,-1,-1,0,8,0.0,0.0,0.0,0.0,0.0,0.0,0.0,0.0,Benign
445,6,2018-03-02 02:46:12,164144,3,1,0,0.0,0,0,0.0,0.0,0,0,0.0,0.0,0.0,24.36884687,54714.66667,94617.02852,163969.0,79.0,164144.0,82072.0,115955.6126,164065.0,79.0,0.0,0.0,0.0,0.0,0.0,0,0,72,32,18.27663515,6.092211717,0,0,0.0,0.0,0.0,0,0,0,1,0,0,0,0,0,0.0,0.0,0.0,3,0,1,0,8192,8192,0,20,0.0,0.0,0.0,0.0,0.0,0.0,0.0,0.0,Benign
53,17,2018-03-02 08:47:42,1436,1,1,48,305.0,48,48,48.0,0.0,305,305,305.0,0.0,245821.727,1392.75766,1436.0,0.0,1436.0,1436.0,0.0,0.0,0.0,0.0,0.0,0.0,0.0,0.0,0.0,0.0,0,0,8,8,696.3788301,696.3788301,48,305,133.6666667,148.3790192,22016.33333,0,0,0,0,0,0,0,0,1,200.5,48.0,305.0,1,48,1,305,-1,-1,0,8,0.0,0.0,0.0,0.0,0.0,0.0,0.0,0.0,Benign
3389,6,2018-03-02 11:37:39,1430997,8,7,1132,1581.0,661,0,141.5,222.7920235,1173,0,225.8571429,430.0986044,1895.880984,10.48220227,102214.0714,247224.7571,953152.0,3.0,1430997.0,204428.1429,382203.627,1068997.0,3.0,1363148.0,227191.3333,356050.7854,953152.0,71141.0,0,0,172,152,5.590507877,4.891694392,0,1173,169.5625,317.7627981,100973.1958,0,0,1,1,0,0,0,1,0,180.8666667,141.5,225.8571429,8,1132,7,1581,8192,62868,5,20,0.0,0.0,0.0,0.0,0.0,0.0,0.0,0.0,Benign
80,6,2018-03-02 11:06:44,6190204,4,4,97,231.0,97,0,24.25,48.5,231,0,57.75,115.5,52.98694518,1.292364517,884314.8571,2312420.333,6128137.0,36.0,62067.0,20689.0,35459.42082,61634.0,189.0,6190051.0,2063350.333,3573262.098,6189398.0,222.0,0,0,92,92,0.646182258,0.646182258,0,231,36.44444444,79.69960965,6352.027778,0,0,0,1,0,0,0,0,1,41.0,24.25,57.75,4,97,4,231,8192,141,1,20,0.0,0.0,0.0,0.0,0.0,0.0,0.0,0.0,Benign
443,6,2018-03-02 08:49:42,1350,3,0,85,0.0,85,0,28.33333333,49.07477288,0,0,0.0,0.0,62962.96296,2222.222222,675.0,919.2388155,1325.0,25.0,1350.0,675.0,919.2388155,1325.0,25.0,0.0,0.0,0.0,0.0,0.0,0,0,60,0,2222.222222,0.0,0,85,21.25,42.5,1806.25,0,0,0,0,1,0,0,0,0,28.33333333,28.33333333,0.0,3,85,0,0,256,-1,1,20,0.0,0.0,0.0,0.0,0.0,0.0,0.0,0.0,Benign
80,6,2018-03-02 03:26:41,813,3,4,161,488.0,161,0,53.66666667,92.95339334,488,0,122.0,244.0,798277.9828,8610.086101,135.5,88.7755597,278.0,29.0,471.0,235.5,136.4716088,332.0,139.0,535.0,178.3333333,167.8521175,360.0,29.0,0,0,72,92,3690.0369,4920.0492,0,488,81.125,173.7875859,30202.125,0,0,0,1,0,0,0,0,1,92.71428571,53.66666667,122.0,3,161,4,488,8192,149,1,20,0.0,0.0,0.0,0.0,0.0,0.0,0.0,0.0,Benign
80,6,2018-03-02 10:36:18,84,2,0,0,0.0,0,0,0.0,0.0,0,0,0.0,0.0,0.0,23809.52381,84.0,0.0,84.0,84.0,84.0,84.0,0.0,84.0,84.0,0.0,0.0,0.0,0.0,0.0,0,0,40,0,23809.52381,0.0,0,0,0.0,0.0,0.0,0,0,0,0,1,0,0,0,0,0.0,0.0,0.0,2,0,0,0,279,-1,0,20,0.0,0.0,0.0,0.0,0.0,0.0,0.0,0.0,Benign
53,17,2018-03-02 11:29:06,329,1,1,32,48.0,32,32,32.0,0.0,48,48,48.0,0.0,243161.0942,6079.027356,329.0,0.0,329.0,329.0,0.0,0.0,0.0,0.0,0.0,0.0,0.0,0.0,0.0,0.0,0,0,8,8,3039.513678,3039.513678,32,48,37.33333333,9.237604307,85.33333333,0,0,0,0,0,0,0,0,1,56.0,32.0,48.0,1,32,1,48,-1,-1,0,8,0.0,0.0,0.0,0.0,0.0,0.0,0.0,0.0,Benign
80,6,2018-03-02 10:03:47,5542087,3,1,0,0.0,0,0,0.0,0.0,0,0,0.0,0.0,0.0,0.721749767,1847362.333,3172689.249,5510824.0,26.0,5542087.0,2771043.5,3874634.741,5510824.0,31263.0,0.0,0.0,0.0,0.0,0.0,0,0,72,32,0.541312325,0.180437442,0,0,0.0,0.0,0.0,0,0,0,1,0,0,0,0,0,0.0,0.0,0.0,3,0,1,0,8192,29200,0,20,0.0,0.0,0.0,0.0,0.0,0.0,0.0,0.0,Benign
51463,6,2018-03-02 01:28:56,47,2,0,0,0.0,0,0,0.0,0.0,0,0,0.0,0.0,0.0,42553.19149,47.0,0.0,47.0,47.0,47.0,47.0,0.0,47.0,47.0,0.0,0.0,0.0,0.0,0.0,0,0,40,0,42553.19149,0.0,0,0,0.0,0.0,0.0,0,0,0,0,1,0,0,0,0,0.0,0.0,0.0,2,0,0,0,118,-1,0,20,0.0,0.0,0.0,0.0,0.0,0.0,0.0,0.0,Benign
53,17,2018-03-02 12:18:19,251,1,1,33,49.0,33,33,33.0,0.0,49,49,49.0,0.0,326693.2271,7968.12749,251.0,0.0,251.0,251.0,0.0,0.0,0.0,0.0,0.0,0.0,0.0,0.0,0.0,0.0,0,0,8,8,3984.063745,3984.063745,33,49,38.33333333,9.237604307,85.33333333,0,0,0,0,0,0,0,0,1,57.5,33.0,49.0,1,33,1,49,-1,-1,0,8,0.0,0.0,0.0,0.0,0.0,0.0,0.0,0.0,Benign
3389,6,2018-03-02 04:53:54,3785298,13,8,1438,1731.0,725,0,110.6153846,196.6369491,1179,0,216.375,405.4647906,837.1863985,5.547779858,189264.9,305215.1451,953117.0,41.0,3785298.0,315441.5,401479.6614,1193548.0,12997.0,3753268.0,536181.1429,456827.7718,1139638.0,107030.0,0,0,272,172,3.434339912,2.113439946,0,1179,144.0454545,283.8456115,80568.33117,0,0,1,1,0,0,0,1,0,150.9047619,110.6153846,216.375,13,1438,8,1731,8192,62562,7,20,0.0,0.0,0.0,0.0,0.0,0.0,0.0,0.0,Benign
53,17,2018-03-02 09:23:49,1990,1,1,34,79.0,34,34,34.0,0.0,79,79,79.0,0.0,56783.9196,1005.025126,1990.0,0.0,1990.0,1990.0,0.0,0.0,0.0,0.0,0.0,0.0,0.0,0.0,0.0,0.0,0,0,8,8,502.5125628,502.5125628,34,79,49.0,25.98076211,675.0,0,0,0,0,0,0,0,0,1,73.5,34.0,79.0,1,34,1,79,-1,-1,0,8,0.0,0.0,0.0,0.0,0.0,0.0,0.0,0.0,Benign
53,17,2018-03-02 03:43:02,50367,1,1,32,90.0,32,32,32.0,0.0,90,90,90.0,0.0,2422.220899,39.70853932,50367.0,0.0,50367.0,50367.0,0.0,0.0,0.0,0.0,0.0,0.0,0.0,0.0,0.0,0.0,0,0,8,8,19.85426966,19.85426966,32,90,51.33333333,33.48631561,1121.333333,0,0,0,0,0,0,0,0,1,77.0,32.0,90.0,1,32,1,90,-1,-1,0,8,0.0,0.0,0.0,0.0,0.0,0.0,0.0,0.0,Benign
445,6,2018-03-02 02:46:35,155605,3,1,0,0.0,0,0,0.0,0.0,0,0,0.0,0.0,0.0,25.70611484,51868.33333,89776.24163,155533.0,1.0,155605.0,77802.5,110027.9365,155604.0,1.0,0.0,0.0,0.0,0.0,0.0,0,0,72,32,19.27958613,6.426528711,0,0,0.0,0.0,0.0,0,0,0,1,0,0,0,0,0,0.0,0.0,0.0,3,0,1,0,8192,8192,0,20,0.0,0.0,0.0,0.0,0.0,0.0,0.0,0.0,Benign
443,6,2018-03-02 03:00:22,110484011,20,19,1965,4886.0,818,0,98.25,251.0963067,1460,0,257.1578947,501.2190986,62.0089725,0.352992253,2907473.974,4583763.491,10000000.0,1.0,110000000.0,5814381.158,5046855.345,10000000.0,270.0,110000000.0,6137404.056,5002412.594,10000000.0,1.0,0,0,412,524,0.181021668,0.171970585,0,1460,171.275,392.1027461,153744.5635,0,0,0,1,0,0,0,0,0,175.6666667,98.25,257.1578947,20,1965,19,4886,8192,66,15,20,49482.27273,128267.0727,436222.0,10723.0,9993539.727,36502.10979,10000000.0,9883482.0,Benign
0,0,2018-03-02 04:20:30,112637796,3,0,0,0.0,0,0,0.0,0.0,0,0,0.0,0.0,0.0,0.026634044,56300000.0,90.50966799,56300000.0,56300000.0,113000000.0,56300000.0,90.50966799,56300000.0,56300000.0,0.0,0.0,0.0,0.0,0.0,0,0,0,0,0.026634044,0.0,0,0,0.0,0.0,0.0,0,0,0,0,0,0,0,0,0,0.0,0.0,0.0,3,0,0,0,-1,-1,0,0,0.0,0.0,0.0,0.0,56300000.0,90.50966799,56300000.0,56300000.0,Benign
443,6,2018-03-02 11:27:29,468,3,0,77,0.0,46,0,25.66666667,23.45918441,0,0,0.0,0.0,164529.9145,6410.25641,234.0,288.4995667,438.0,30.0,468.0,234.0,288.4995667,438.0,30.0,0.0,0.0,0.0,0.0,0.0,1,0,60,0,6410.25641,0.0,0,46,30.75,21.68524844,470.25,0,1,0,0,1,0,0,0,0,41.0,25.66666667,0.0,3,77,0,0,258,-1,1,20,0.0,0.0,0.0,0.0,0.0,0.0,0.0,0.0,Benign
80,6,2018-03-02 12:35:17,6225060,4,4,97,231.0,97,0,24.25,48.5,231,0,57.75,115.5,52.69025519,1.285128175,889294.2857,2325561.442,6162918.0,39.0,62142.0,20714.0,35583.27208,61802.0,132.0,6224891.0,2074963.667,3593432.406,6224302.0,257.0,0,0,92,92,0.642564088,0.642564088,0,231,36.44444444,79.69960965,6352.027778,0,0,0,1,0,0,0,0,1,41.0,24.25,57.75,4,97,4,231,8192,141,1,20,0.0,0.0,0.0,0.0,0.0,0.0,0.0,0.0,Benign
51434,6,2018-03-02 11:47:18,46,1,1,0,0.0,0,0,0.0,0.0,0,0,0.0,0.0,0.0,43478.26087,46.0,0.0,46.0,46.0,0.0,0.0,0.0,0.0,0.0,0.0,0.0,0.0,0.0,0.0,0,0,20,20,21739.13043,21739.13043,0,0,0.0,0.0,0.0,0,0,0,0,1,1,0,0,1,0.0,0.0,0.0,1,0,1,0,114,253,0,20,0.0,0.0,0.0,0.0,0.0,0.0,0.0,0.0,Benign
445,6,2018-03-02 11:15:32,29898946,5,12,373,758.0,140,0,74.6,70.28371077,145,0,63.16666667,42.24782584,37.8274204,0.568581916,1868684.125,3469768.439,13200000.0,71.0,605712.0,151428.0,90349.57356,200821.0,15980.0,29900000.0,2718079.545,3939542.319,13200000.0,193944.0,0,0,112,252,0.167229975,0.401351941,0,145,62.83333333,50.89464319,2590.264706,0,0,0,1,0,0,0,0,2,66.52941176,74.6,63.16666667,5,373,12,758,8192,0,3,20,10200000.0,0.0,10200000.0,10200000.0,9866862.5,4651298.202,13200000.0,6577898.0,Benign
53,17,2018-03-02 11:32:52,1187,1,1,41,100.0,41,41,41.0,0.0,100,100,100.0,0.0,118786.8576,1684.919966,1187.0,0.0,1187.0,1187.0,0.0,0.0,0.0,0.0,0.0,0.0,0.0,0.0,0.0,0.0,0,0,8,8,842.4599832,842.4599832,41,100,60.66666667,34.06366588,1160.333333,0,0,0,0,0,0,0,0,1,91.0,41.0,100.0,1,41,1,100,-1,-1,0,8,0.0,0.0,0.0,0.0,0.0,0.0,0.0,0.0,Benign
3389,6,2018-03-02 11:33:09,1896318,8,7,1148,1581.0,677,0,143.5,228.1296624,1173,0,225.8571429,430.0986044,1439.104623,7.910065717,135451.2857,244823.4132,950974.0,8.0,1896318.0,270902.5714,390866.1405,1148234.0,8.0,1750287.0,291714.5,323506.8643,950974.0,146299.0,0,0,172,152,4.218701716,3.691364001,0,1173,170.5625,319.4332416,102037.5958,0,0,1,1,0,0,0,1,0,181.9333333,143.5,225.8571429,8,1148,7,1581,8192,62852,5,20,0.0,0.0,0.0,0.0,0.0,0.0,0.0,0.0,Benign
53,17,2018-03-02 02:07:24,13550,1,1,42,76.0,42,42,42.0,0.0,76,76,76.0,0.0,8708.487085,147.601476,13550.0,0.0,13550.0,13550.0,0.0,0.0,0.0,0.0,0.0,0.0,0.0,0.0,0.0,0.0,0,0,8,8,73.80073801,73.80073801,42,76,53.33333333,19.62990915,385.3333333,0,0,0,0,0,0,0,0,1,80.0,42.0,76.0,1,42,1,76,-1,-1,0,8,0.0,0.0,0.0,0.0,0.0,0.0,0.0,0.0,Benign
53193,6,2018-03-02 05:04:38,78,2,0,0,0.0,0,0,0.0,0.0,0,0,0.0,0.0,0.0,25641.02564,78.0,0.0,78.0,78.0,78.0,78.0,0.0,78.0,78.0,0.0,0.0,0.0,0.0,0.0,0,0,40,0,25641.02564,0.0,0,0,0.0,0.0,0.0,0,0,0,0,1,0,0,0,0,0.0,0.0,0.0,2,0,0,0,123,-1,0,20,0.0,0.0,0.0,0.0,0.0,0.0,0.0,0.0,Benign
80,6,2018-03-02 10:03:39,840,3,4,161,488.0,161,0,53.66666667,92.95339334,488,0,122.0,244.0,772619.0476,8333.333333,140.0,81.05800392,233.0,29.0,478.0,239.0,67.88225099,287.0,191.0,607.0,202.3333333,203.9052067,427.0,29.0,0,0,72,92,3571.428571,4761.904762,0,488,81.125,173.7875859,30202.125,0,0,0,1,0,0,0,0,1,92.71428571,53.66666667,122.0,3,161,4,488,8192,149,1,20,0.0,0.0,0.0,0.0,0.0,0.0,0.0,0.0,Benign
53,17,2018-03-02 11:33:00,396,1,1,45,61.0,45,45,45.0,0.0,61,61,61.0,0.0,267676.7677,5050.505051,396.0,0.0,396.0,396.0,0.0,0.0,0.0,0.0,0.0,0.0,0.0,0.0,0.0,0.0,0,0,8,8,2525.252525,2525.252525,45,61,50.33333333,9.237604307,85.33333333,0,0,0,0,0,0,0,0,1,75.5,45.0,61.0,1,45,1,61,-1,-1,0,8,0.0,0.0,0.0,0.0,0.0,0.0,0.0,0.0,Benign
0,0,2018-03-02 02:48:14,92706962,4,0,0,0.0,0,0,0.0,0.0,0,0,0.0,0.0,0.0,0.043146706,30900000.0,1333563.239,32400000.0,30000000.0,92700000.0,30900000.0,1333563.239,32400000.0,30000000.0,0.0,0.0,0.0,0.0,0.0,0,0,0,0,0.043146706,0.0,0,0,0.0,0.0,0.0,0,0,0,0,0,0,0,0,0,0.0,0.0,0.0,4,0,0,0,-1,-1,0,0,0.0,0.0,0.0,0.0,30900000.0,1333563.239,32400000.0,30000000.0,Benign
3389,6,2018-03-02 02:32:41,2254795,8,7,1144,1581.0,677,0,143.0,227.9699228,1173,0,225.8571429,430.0986044,1208.535587,6.652489472,161056.7857,248997.8706,953132.0,2.0,2254795.0,322113.5714,400451.7747,1212245.0,2.0,2053211.0,342201.8333,301849.9591,953132.0,187546.0,0,0,172,152,3.547994385,3.104495087,0,1173,170.3125,319.4027173,102018.0958,0,0,1,1,0,0,0,1,0,181.6666667,143.0,225.8571429,8,1144,7,1581,8192,62856,5,20,0.0,0.0,0.0,0.0,0.0,0.0,0.0,0.0,Benign
3389,6,2018-03-02 04:47:12,2205031,8,7,1128,1581.0,661,0,141.0,222.6233206,1173,0,225.8571429,430.0986044,1228.554156,6.802625451,157502.2143,248392.37,954652.0,63.0,2205031.0,315004.4286,400317.8572,1207009.0,63.0,2009303.0,334883.8333,304344.0042,954652.0,197807.0,0,0,172,152,3.628066907,3.174558544,0,1173,169.3125,317.731274,100953.1625,0,0,1,1,0,0,0,1,0,180.6,141.0,225.8571429,8,1128,7,1581,8192,62872,5,20,0.0,0.0,0.0,0.0,0.0,0.0,0.0,0.0,Benign
80,6,2018-03-02 02:47:17,96,2,0,0,0.0,0,0,0.0,0.0,0,0,0.0,0.0,0.0,20833.33333,96.0,0.0,96.0,96.0,96.0,96.0,0.0,96.0,96.0,0.0,0.0,0.0,0.0,0.0,0,0,40,0,20833.33333,0.0,0,0,0.0,0.0,0.0,0,0,0,0,1,0,0,0,0,0.0,0.0,0.0,2,0,0,0,278,-1,0,20,0.0,0.0,0.0,0.0,0.0,0.0,0.0,0.0,Benign
3389,6,2018-03-02 04:11:13,1260448,8,7,1148,1581.0,677,0,143.5,228.1296624,1173,0,225.8571429,430.0986044,2165.103201,11.9005306,90032.0,249264.0399,953125.0,96.0,1260448.0,180064.0,377977.1438,1036749.0,16873.0,1232770.0,205461.6667,366535.032,953125.0,41800.0,0,0,172,152,6.346949656,5.553580949,0,1173,170.5625,319.4332416,102037.5958,0,0,1,1,0,0,0,1,0,181.9333333,143.5,225.8571429,8,1148,7,1581,8192,62852,5,20,0.0,0.0,0.0,0.0,0.0,0.0,0.0,0.0,Benign
445,6,2018-03-02 09:51:46,914321,7,5,364,582.0,103,0,52.0,49.21720566,409,0,116.4,167.0353256,1034.647569,13.12449348,83120.09091,96075.37692,209693.0,38.0,914321.0,152386.8333,77741.54018,209731.0,2677.0,716074.0,179018.5,32999.09557,215217.0,148094.0,0,0,152,112,7.655954528,5.468538949,0,409,72.76923077,109.5332171,11997.52564,0,0,0,1,0,0,0,0,0,78.83333333,52.0,116.4,7,364,5,582,8192,255,4,20,0.0,0.0,0.0,0.0,0.0,0.0,0.0,0.0,Benign
443,6,2018-03-02 05:28:47,5188262,7,8,735,3363.0,418,0,105.0,158.0643329,1460,0,420.375,644.6870642,789.8598799,2.891141581,370590.1429,1333001.155,5001464.0,0.0,186798.0,31133.0,25286.75407,66885.0,11719.0,5176565.0,739509.2857,1879615.399,5001482.0,0.0,0,0,152,172,1.349199404,1.541942176,0,1460,256.125,483.0839644,233370.1167,0,0,0,1,0,0,0,0,1,273.2,105.0,420.375,7,735,8,3363,8192,62,3,20,186798.0,0.0,186798.0,186798.0,5001464.0,0.0,5001464.0,5001464.0,Benign
50467,6,2018-03-02 09:44:23,24,1,1,0,0.0,0,0,0.0,0.0,0,0,0.0,0.0,0.0,83333.33333,24.0,0.0,24.0,24.0,0.0,0.0,0.0,0.0,0.0,0.0,0.0,0.0,0.0,0.0,0,0,20,20,41666.66667,41666.66667,0,0,0.0,0.0,0.0,0,0,0,0,1,0,0,0,1,0.0,0.0,0.0,1,0,1,0,946,0,0,20,0.0,0.0,0.0,0.0,0.0,0.0,0.0,0.0,Benign
3389,6,2018-03-02 04:11:28,1855917,8,7,1144,1581.0,677,0,143.0,227.9699228,1173,0,225.8571429,430.0986044,1468.276868,8.082257989,132565.5,241291.2982,937486.0,84.0,1855917.0,265131.0,390678.8445,1142880.0,120.0,1715242.0,285873.6667,320208.2867,937486.0,141717.0,0,0,172,152,4.310537594,3.771720395,0,1173,170.3125,319.4027173,102018.0958,0,0,1,1,0,0,0,1,0,181.6666667,143.0,225.8571429,8,1144,7,1581,8192,62856,5,20,0.0,0.0,0.0,0.0,0.0,0.0,0.0,0.0,Benign
0,0,2018-03-02 05:14:38,113517678,24,0,0,0.0,0,0,0.0,0.0,0,0,0.0,0.0,0.0,0.211420815,4935551.217,5276523.149,11200000.0,1085.0,114000000.0,4935551.217,5276523.149,11200000.0,1085.0,0.0,0.0,0.0,0.0,0.0,0,0,0,0,0.211420815,0.0,0,0,0.0,0.0,0.0,0,0,0,0,0,0,0,0,0,0.0,0.0,0.0,24,0,0,0,-1,-1,0,0,1676.272727,405.5993321,2415.0,1085.0,10300000.0,414721.9192,11200000.0,10100000.0,Benign
53,17,2018-03-02 08:56:21,34283,1,1,46,150.0,46,46,46.0,0.0,150,150,150.0,0.0,5717.119272,58.33795175,34283.0,0.0,34283.0,34283.0,0.0,0.0,0.0,0.0,0.0,0.0,0.0,0.0,0.0,0.0,0,0,8,8,29.16897588,29.16897588,46,150,80.66666667,60.044428,3605.333333,0,0,0,0,0,0,0,0,1,121.0,46.0,150.0,1,46,1,150,-1,-1,0,8,0.0,0.0,0.0,0.0,0.0,0.0,0.0,0.0,Benign
53,17,2018-03-02 10:23:37,1246,1,1,38,70.0,38,38,38.0,0.0,70,70,70.0,0.0,86677.36758,1605.136437,1246.0,0.0,1246.0,1246.0,0.0,0.0,0.0,0.0,0.0,0.0,0.0,0.0,0.0,0.0,0,0,8,8,802.5682183,802.5682183,38,70,48.66666667,18.47520861,341.3333333,0,0,0,0,0,0,0,0,1,73.0,38.0,70.0,1,38,1,70,-1,-1,0,8,0.0,0.0,0.0,0.0,0.0,0.0,0.0,0.0,Benign
80,6,2018-03-02 12:27:08,730,3,4,161,488.0,161,0,53.66666667,92.95339334,488,0,122.0,244.0,889041.0959,9589.041096,121.6666667,81.88935625,221.0,24.0,448.0,224.0,48.08326112,258.0,190.0,509.0,169.6666667,193.3295977,389.0,24.0,0,0,72,92,4109.589041,5479.452055,0,488,81.125,173.7875859,30202.125,0,0,0,1,0,0,0,0,1,92.71428571,53.66666667,122.0,3,161,4,488,8192,149,1,20,0.0,0.0,0.0,0.0,0.0,0.0,0.0,0.0,Benign
53,17,2018-03-02 10:35:46,491,1,1,77,205.0,77,77,77.0,0.0,205,205,205.0,0.0,574338.0855,4073.319756,491.0,0.0,491.0,491.0,0.0,0.0,0.0,0.0,0.0,0.0,0.0,0.0,0.0,0.0,0,0,8,8,2036.659878,2036.659878,77,205,119.6666667,73.90083446,5461.333333,0,0,0,0,0,0,0,0,1,179.5,77.0,205.0,1,77,1,205,-1,-1,0,8,0.0,0.0,0.0,0.0,0.0,0.0,0.0,0.0,Benign
53,17,2018-03-02 01:40:23,18075,2,2,68,186.0,34,34,34.0,0.0,93,93,93.0,0.0,14052.55878,221.3001383,6025.0,8402.34616,15701.0,570.0,17505.0,17505.0,0.0,17505.0,17505.0,16271.0,16271.0,0.0,16271.0,16271.0,0,0,16,16,110.6500692,110.6500692,34,93,57.6,32.31563089,1044.3,0,0,0,0,0,0,0,0,1,72.0,34.0,93.0,2,68,2,186,-1,-1,1,8,0.0,0.0,0.0,0.0,0.0,0.0,0.0,0.0,Benign
53,17,2018-03-02 03:32:16,2888,1,1,51,161.0,51,51,51.0,0.0,161,161,161.0,0.0,73407.20222,692.5207756,2888.0,0.0,2888.0,2888.0,0.0,0.0,0.0,0.0,0.0,0.0,0.0,0.0,0.0,0.0,0,0,8,8,346.2603878,346.2603878,51,161,87.66666667,63.50852961,4033.333333,0,0,0,0,0,0,0,0,1,131.5,51.0,161.0,1,51,1,161,-1,-1,0,8,0.0,0.0,0.0,0.0,0.0,0.0,0.0,0.0,Benign
53,17,2018-03-02 05:28:51,648,1,1,45,105.0,45,45,45.0,0.0,105,105,105.0,0.0,231481.4815,3086.419753,648.0,0.0,648.0,648.0,0.0,0.0,0.0,0.0,0.0,0.0,0.0,0.0,0.0,0.0,0,0,8,8,1543.209877,1543.209877,45,105,65.0,34.64101615,1200.0,0,0,0,0,0,0,0,0,1,97.5,45.0,105.0,1,45,1,105,-1,-1,0,8,0.0,0.0,0.0,0.0,0.0,0.0,0.0,0.0,Benign
80,6,2018-03-02 02:40:34,901,3,4,161,488.0,161,0,53.66666667,92.95339334,488,0,122.0,244.0,720310.7658,7769.145394,150.1666667,98.55032555,297.0,29.0,486.0,243.0,161.2203461,357.0,129.0,604.0,201.3333333,179.9286896,388.0,29.0,0,0,72,92,3329.63374,4439.511654,0,488,81.125,173.7875859,30202.125,0,0,0,1,0,0,0,0,1,92.71428571,53.66666667,122.0,3,161,4,488,8192,149,1,20,0.0,0.0,0.0,0.0,0.0,0.0,0.0,0.0,Benign
53,17,2018-03-02 02:33:25,1118,1,1,32,60.0,32,32,32.0,0.0,60,60,60.0,0.0,82289.80322,1788.908766,1118.0,0.0,1118.0,1118.0,0.0,0.0,0.0,0.0,0.0,0.0,0.0,0.0,0.0,0.0,0,0,8,8,894.4543828,894.4543828,32,60,41.33333333,16.16580754,261.3333333,0,0,0,0,0,0,0,0,1,62.0,32.0,60.0,1,32,1,60,-1,-1,0,8,0.0,0.0,0.0,0.0,0.0,0.0,0.0,0.0,Benign
3389,6,2018-03-02 04:33:55,1219457,8,7,1138,1581.0,677,0,142.25,227.7465697,1173,0,225.8571429,430.0986044,2229.680915,12.30055672,87104.07143,249991.5248,953141.0,2.0,1219457.0,174208.1429,383879.9448,1044249.0,2.0,1184696.0,197449.3333,370797.5073,953141.0,34322.0,0,0,172,152,6.560296919,5.740259804,0,1173,169.9375,319.3627966,101992.5958,0,0,1,1,0,0,0,1,0,181.2666667,142.25,225.8571429,8,1138,7,1581,8192,62862,5,20,0.0,0.0,0.0,0.0,0.0,0.0,0.0,0.0,Benign
443,6,2018-03-02 08:49:05,53725749,5,1,123,46.0,46,0,24.6,23.27659769,46,46,46.0,0.0,3.145605285,0.111678294,10700000.0,24000000.0,53700000.0,19.0,53700000.0,13400000.0,26800000.0,53700000.0,19.0,0.0,0.0,0.0,0.0,0.0,1,0,100,20,0.093065245,0.018613049,0,46,30.71428571,21.68497395,470.2380952,0,1,0,0,1,0,0,0,0,35.83333333,24.6,46.0,5,123,1,46,256,122,2,20,69761.0,0.0,69761.0,69761.0,53700000.0,0.0,53700000.0,53700000.0,Benign
80,6,2018-03-02 12:07:06,54662186,2,0,0,0.0,0,0,0.0,0.0,0,0,0.0,0.0,0.0,0.036588365,54700000.0,0.0,54700000.0,54700000.0,54700000.0,54700000.0,0.0,54700000.0,54700000.0,0.0,0.0,0.0,0.0,0.0,0,0,40,0,0.036588365,0.0,0,0,0.0,0.0,0.0,0,0,0,0,1,0,0,0,0,0.0,0.0,0.0,2,0,0,0,279,-1,0,20,0.0,0.0,0.0,0.0,0.0,0.0,0.0,0.0,Benign
3389,6,2018-03-02 05:24:37,1394079,8,8,1148,1581.0,677,0,143.5,228.1296624,1173,0,197.625,406.121705,1957.564815,11.47711141,92938.6,253220.9965,1004023.0,3.0,1394079.0,199154.1429,387118.0314,1074773.0,3.0,1347747.0,192535.2857,358882.2863,1004023.0,6938.0,0,0,172,172,5.738555706,5.738555706,0,1173,160.5294118,312.044091,97371.51471,0,0,0,1,0,0,0,0,1,170.5625,143.5,197.625,8,1148,8,1581,8192,62852,5,20,0.0,0.0,0.0,0.0,0.0,0.0,0.0,0.0,Benign
13433,6,2018-03-02 04:11:40,85747861,2,0,0,0.0,0,0,0.0,0.0,0,0,0.0,0.0,0.0,0.023324197,85700000.0,0.0,85700000.0,85700000.0,85700000.0,85700000.0,0.0,85700000.0,85700000.0,0.0,0.0,0.0,0.0,0.0,0,0,40,0,0.023324197,0.0,0,0,0.0,0.0,0.0,0,0,0,0,1,0,0,0,0,0.0,0.0,0.0,2,0,0,0,62562,-1,0,20,0.0,0.0,0.0,0.0,85700000.0,0.0,85700000.0,85700000.0,Benign
53,17,2018-03-02 04:48:30,976,1,1,35,51.0,35,35,35.0,0.0,51,51,51.0,0.0,88114.7541,2049.180328,976.0,0.0,976.0,976.0,0.0,0.0,0.0,0.0,0.0,0.0,0.0,0.0,0.0,0.0,0,0,8,8,1024.590164,1024.590164,35,51,40.33333333,9.237604307,85.33333333,0,0,0,0,0,0,0,0,1,60.5,35.0,51.0,1,35,1,51,-1,-1,0,8,0.0,0.0,0.0,0.0,0.0,0.0,0.0,0.0,Benign
80,6,2018-03-02 04:47:26,69,2,0,0,0.0,0,0,0.0,0.0,0,0,0.0,0.0,0.0,28985.50725,69.0,0.0,69.0,69.0,69.0,69.0,0.0,69.0,69.0,0.0,0.0,0.0,0.0,0.0,0,0,40,0,28985.50725,0.0,0,0,0.0,0.0,0.0,0,0,0,0,1,0,0,0,0,0.0,0.0,0.0,2,0,0,0,278,-1,0,20,0.0,0.0,0.0,0.0,0.0,0.0,0.0,0.0,Benign
53,17,2018-03-02 09:00:31,43336,2,2,108,332.0,54,54,54.0,0.0,166,166,166.0,0.0,10153.22134,92.30201218,14445.33333,15134.74679,30210.0,31.0,30210.0,30210.0,0.0,30210.0,30210.0,31.0,31.0,0.0,31.0,31.0,0,0,16,16,46.15100609,46.15100609,54,166,98.8,61.34492644,3763.2,0,0,0,0,0,0,0,0,1,123.5,54.0,166.0,2,108,2,332,-1,-1,1,8,0.0,0.0,0.0,0.0,0.0,0.0,0.0,0.0,Benign
445,6,2018-03-02 11:49:32,939649,6,5,455,338.0,140,0,75.83333333,62.93621109,145,0,67.6,69.7588704,843.9321491,11.70649892,93964.9,120553.8328,237692.0,40.0,939584.0,187916.8,103308.4696,237781.0,3155.0,939609.0,234902.25,2257.393685,237799.0,232563.0,0,0,132,112,6.385363045,5.321135871,0,145,66.08333333,63.40269328,4019.901515,0,0,0,1,0,0,0,0,0,72.09090909,75.83333333,67.6,6,455,5,338,8192,0,4,20,0.0,0.0,0.0,0.0,0.0,0.0,0.0,0.0,Benign
3389,6,2018-03-02 01:23:35,4161268,14,9,1440,1731.0,725,0,102.8571429,191.1728405,1179,0,192.3333333,386.0744747,762.0273436,5.527161433,189148.5455,242334.966,937533.0,61.0,4161268.0,320097.5385,319600.5257,1200536.0,79493.0,4138510.0,517313.75,323027.6597,937533.0,170173.0,0,0,292,192,3.364359133,2.1628023,0,1179,132.125,274.2273434,75200.63587,0,0,1,1,0,0,0,1,0,137.8695652,102.8571429,192.3333333,14,1440,9,1731,8192,62560,7,20,0.0,0.0,0.0,0.0,0.0,0.0,0.0,0.0,Benign
443,6,2018-03-02 08:49:36,1592834,8,7,1429,4746.0,1100,0,178.625,380.1935362,1460,0,678.0,661.5444052,3876.73794,9.417177182,113773.8571,284978.5913,1092875.0,1.0,1592834.0,227547.7143,383695.8863,1092875.0,1975.0,1349624.0,224937.3333,467264.3354,1174873.0,1.0,0,0,172,152,5.022494497,4.394682685,0,1460,385.9375,561.4003288,315170.3292,0,0,0,1,0,0,0,0,0,411.6666667,178.625,678.0,8,1429,7,4746,8192,1026,3,20,0.0,0.0,0.0,0.0,0.0,0.0,0.0,0.0,Benign
63902,6,2018-03-02 04:00:00,137,2,0,0,0.0,0,0,0.0,0.0,0,0,0.0,0.0,0.0,14598.54015,137.0,0.0,137.0,137.0,137.0,137.0,0.0,137.0,137.0,0.0,0.0,0.0,0.0,0.0,0,0,40,0,14598.54015,0.0,0,0,0.0,0.0,0.0,0,0,0,0,1,0,0,0,0,0.0,0.0,0.0,2,0,0,0,257,-1,0,20,0.0,0.0,0.0,0.0,0.0,0.0,0.0,0.0,Benign
53,17,2018-03-02 10:55:03,51239,1,1,33,113.0,33,33,33.0,0.0,113,113,113.0,0.0,2849.392065,39.03276801,51239.0,0.0,51239.0,51239.0,0.0,0.0,0.0,0.0,0.0,0.0,0.0,0.0,0.0,0.0,0,0,8,8,19.516384,19.516384,33,113,59.66666667,46.18802154,2133.333333,0,0,0,0,0,0,0,0,1,89.5,33.0,113.0,1,33,1,113,-1,-1,0,8,0.0,0.0,0.0,0.0,0.0,0.0,0.0,0.0,Benign
53,17,2018-03-02 08:46:47,1064,1,1,35,51.0,35,35,35.0,0.0,51,51,51.0,0.0,80827.06767,1879.699248,1064.0,0.0,1064.0,1064.0,0.0,0.0,0.0,0.0,0.0,0.0,0.0,0.0,0.0,0.0,0,0,8,8,939.8496241,939.8496241,35,51,40.33333333,9.237604307,85.33333333,0,0,0,0,0,0,0,0,1,60.5,35.0,51.0,1,35,1,51,-1,-1,0,8,0.0,0.0,0.0,0.0,0.0,0.0,0.0,0.0,Benign
3389,6,2018-03-02 03:29:15,2939881,10,11,1256,1893.0,661,0,125.6,199.2475847,1173,0,172.0909091,350.3471006,1071.131791,7.14314627,146994.05,237657.1251,953139.0,26.0,2939881.0,326653.4444,351389.575,1163396.0,114.0,2788301.0,278830.1,283667.455,953139.0,11063.0,0,0,212,256,3.401498224,3.741648046,0,1173,143.1363636,277.5327172,77024.40909,0,0,0,1,0,0,0,0,1,149.952381,125.6,172.0909091,10,1256,11,1893,8192,62872,7,20,0.0,0.0,0.0,0.0,0.0,0.0,0.0,0.0,Benign
53,17,2018-03-02 11:28:37,644,1,1,36,97.0,36,36,36.0,0.0,97,97,97.0,0.0,206521.7391,3105.590062,644.0,0.0,644.0,644.0,0.0,0.0,0.0,0.0,0.0,0.0,0.0,0.0,0.0,0.0,0,0,8,8,1552.795031,1552.795031,36,97,56.33333333,35.21836642,1240.333333,0,0,0,0,0,0,0,0,1,84.5,36.0,97.0,1,36,1,97,-1,-1,0,8,0.0,0.0,0.0,0.0,0.0,0.0,0.0,0.0,Benign
62354,6,2018-03-02 01:10:02,52,2,0,0,0.0,0,0,0.0,0.0,0,0,0.0,0.0,0.0,38461.53846,52.0,0.0,52.0,52.0,52.0,52.0,0.0,52.0,52.0,0.0,0.0,0.0,0.0,0.0,0,0,40,0,38461.53846,0.0,0,0,0.0,0.0,0.0,0,0,0,0,1,0,0,0,0,0.0,0.0,0.0,2,0,0,0,256,-1,0,20,0.0,0.0,0.0,0.0,0.0,0.0,0.0,0.0,Benign
3389,6,2018-03-02 12:39:30,1650952,9,7,1144,1581.0,677,0,127.1111111,218.5088353,1173,0,225.8571429,430.0986044,1650.562827,9.691378066,110063.4667,238239.8466,953121.0,67.0,1650952.0,206369.0,363815.6074,1099965.0,5980.0,1555322.0,259220.3333,340534.5535,953121.0,102664.0,0,0,192,152,5.451400162,4.239977904,0,1173,160.2941176,312.0067637,97348.22059,0,0,1,1,0,0,0,1,0,170.3125,127.1111111,225.8571429,9,1144,7,1581,8192,62856,5,20,0.0,0.0,0.0,0.0,0.0,0.0,0.0,0.0,Benign
445,6,2018-03-02 03:49:26,19130,3,1,0,0.0,0,0,0.0,0.0,0,0,0.0,0.0,0.0,209.0956613,6376.666667,10529.36305,18533.0,111.0,19130.0,9565.0,12839.64493,18644.0,486.0,0.0,0.0,0.0,0.0,0.0,0,0,72,32,156.8217459,52.27391532,0,0,0.0,0.0,0.0,0,0,0,1,0,0,0,0,0,0.0,0.0,0.0,3,0,1,0,8192,8192,0,20,0.0,0.0,0.0,0.0,0.0,0.0,0.0,0.0,Benign
53,17,2018-03-02 08:59:44,319,1,1,77,205.0,77,77,77.0,0.0,205,205,205.0,0.0,884012.5392,6269.592476,319.0,0.0,319.0,319.0,0.0,0.0,0.0,0.0,0.0,0.0,0.0,0.0,0.0,0.0,0,0,8,8,3134.796238,3134.796238,77,205,119.6666667,73.90083446,5461.333333,0,0,0,0,0,0,0,0,1,179.5,77.0,205.0,1,77,1,205,-1,-1,0,8,0.0,0.0,0.0,0.0,0.0,0.0,0.0,0.0,Benign
53,17,2018-03-02 10:08:34,12895,1,1,77,155.0,77,77,77.0,0.0,155,155,155.0,0.0,17991.46956,155.0988755,12895.0,0.0,12895.0,12895.0,0.0,0.0,0.0,0.0,0.0,0.0,0.0,0.0,0.0,0.0,0,0,8,8,77.54943777,77.54943777,77,155,103.0,45.033321,2028.0,0,0,0,0,0,0,0,0,1,154.5,77.0,155.0,1,77,1,155,-1,-1,0,8,0.0,0.0,0.0,0.0,0.0,0.0,0.0,0.0,Benign
24153,6,2018-03-02 12:11:28,509166,1,1,0,202.0,0,0,0.0,0.0,202,202,202.0,0.0,396.727197,3.92799205,509166.0,0.0,509166.0,509166.0,0.0,0.0,0.0,0.0,0.0,0.0,0.0,0.0,0.0,0.0,0,0,20,20,1.963996025,1.963996025,0,202,67.33333333,116.6247544,13601.33333,0,0,0,0,1,0,0,0,1,101.0,0.0,202.0,1,0,1,202,62541,256,0,20,0.0,0.0,0.0,0.0,0.0,0.0,0.0,0.0,Benign
53,17,2018-03-02 01:06:45,750,1,1,40,100.0,40,40,40.0,0.0,100,100,100.0,0.0,186666.6667,2666.666667,750.0,0.0,750.0,750.0,0.0,0.0,0.0,0.0,0.0,0.0,0.0,0.0,0.0,0.0,0,0,8,8,1333.333333,1333.333333,40,100,60.0,34.64101615,1200.0,0,0,0,0,0,0,0,0,1,90.0,40.0,100.0,1,40,1,100,-1,-1,0,8,0.0,0.0,0.0,0.0,0.0,0.0,0.0,0.0,Benign
3389,6,2018-03-02 03:36:12,4021098,14,8,1455,1731.0,741,0,103.9285714,195.0362745,1179,0,216.375,405.4647906,792.3209034,5.471142459,191480.8571,303559.2071,953977.0,66.0,4021098.0,309315.2308,407132.2784,1260560.0,1755.0,3988782.0,569826.0,462264.0433,1154808.0,107230.0,0,0,292,172,3.48163611,1.989506349,0,1179,138.5217391,280.4016388,78625.07905,0,0,1,1,0,0,0,1,0,144.8181818,103.9285714,216.375,14,1455,8,1731,8192,62630,7,20,0.0,0.0,0.0,0.0,0.0,0.0,0.0,0.0,Benign
3389,6,2018-03-02 04:03:37,1786069,8,7,1128,1581.0,661,0,141.0,222.6233206,1173,0,225.8571429,430.0986044,1516.738715,8.398331755,127576.3571,253748.5244,987024.0,4.0,1786069.0,255152.7143,397166.2986,1148590.0,4.0,1675444.0,279240.6667,347298.8568,987024.0,110674.0,0,0,172,152,4.47911027,3.919221486,0,1173,169.3125,317.731274,100953.1625,0,0,1,1,0,0,0,1,0,180.6,141.0,225.8571429,8,1128,7,1581,8192,62872,5,20,0.0,0.0,0.0,0.0,0.0,0.0,0.0,0.0,Benign
53,17,2018-03-02 09:05:40,220,1,1,42,58.0,42,42,42.0,0.0,58,58,58.0,0.0,454545.4545,9090.909091,220.0,0.0,220.0,220.0,0.0,0.0,0.0,0.0,0.0,0.0,0.0,0.0,0.0,0.0,0,0,8,8,4545.454545,4545.454545,42,58,47.33333333,9.237604307,85.33333333,0,0,0,0,0,0,0,0,1,71.0,42.0,58.0,1,42,1,58,-1,-1,0,8,0.0,0.0,0.0,0.0,0.0,0.0,0.0,0.0,Benign
3389,6,2018-03-02 09:48:59,3013917,10,7,1148,1581.0,677,0,114.8,210.0924664,1173,0,225.8571429,430.0986044,905.4662089,5.640500385,188369.8125,243924.8286,953141.0,79.0,3013917.0,334879.6667,356166.0331,1234112.0,92.0,2789972.0,464995.3333,291872.0407,953141.0,220847.0,0,0,212,152,3.317941403,2.322558982,0,1173,151.6111111,305.0826578,93075.4281,0,0,1,1,0,0,0,1,0,160.5294118,114.8,225.8571429,10,1148,7,1581,8192,62852,5,20,0.0,0.0,0.0,0.0,0.0,0.0,0.0,0.0,Benign
80,6,2018-03-02 05:05:22,54491155,2,0,0,0.0,0,0,0.0,0.0,0,0,0.0,0.0,0.0,0.036703204,54500000.0,0.0,54500000.0,54500000.0,54500000.0,54500000.0,0.0,54500000.0,54500000.0,0.0,0.0,0.0,0.0,0.0,0,0,40,0,0.036703204,0.0,0,0,0.0,0.0,0.0,0,0,0,0,1,0,0,0,0,0.0,0.0,0.0,2,0,0,0,279,-1,0,20,0.0,0.0,0.0,0.0,0.0,0.0,0.0,0.0,Benign
3389,6,2018-03-02 02:25:34,4775347,11,8,1138,2754.0,677,0,103.4545455,201.79909,1173,0,344.25,520.2819977,815.0193065,3.978768454,265297.0556,574928.3059,2385241.0,65.0,4775347.0,477534.7,741912.0375,2385241.0,467.0,4674219.0,667745.5714,857170.2558,2486446.0,102984.0,0,0,244,172,2.303497526,1.675270928,0,1173,194.6,370.6675912,137394.4632,0,0,0,1,0,0,0,0,0,204.8421053,103.4545455,344.25,11,1138,8,2754,8192,62862,5,20,0.0,0.0,0.0,0.0,0.0,0.0,0.0,0.0,Benign
443,6,2018-03-02 05:04:11,144853,10,8,513,7541.0,195,0,51.3,80.93488466,1460,0,942.625,713.8304996,55601.19569,124.2639089,8520.764706,17525.81377,61657.0,1.0,144853.0,16094.77778,22057.1084,61692.0,21.0,133382.0,19054.57143,43728.35528,117650.0,1.0,0,0,212,172,69.03550496,55.22840397,0,1460,423.8947368,638.8546952,408135.3216,0,0,0,1,0,0,0,0,0,447.4444444,51.3,942.625,10,513,8,7541,8192,60,4,20,0.0,0.0,0.0,0.0,0.0,0.0,0.0,0.0,Benign
80,6,2018-03-02 01:02:17,93,2,0,0,0.0,0,0,0.0,0.0,0,0,0.0,0.0,0.0,21505.37634,93.0,0.0,93.0,93.0,93.0,93.0,0.0,93.0,93.0,0.0,0.0,0.0,0.0,0.0,0,0,40,0,21505.37634,0.0,0,0,0.0,0.0,0.0,0,0,0,0,1,0,0,0,0,0.0,0.0,0.0,2,0,0,0,279,-1,0,20,0.0,0.0,0.0,0.0,0.0,0.0,0.0,0.0,Benign
80,6,2018-03-02 01:45:08,115918090,16,14,459,913.0,448,0,28.6875,111.8175411,913,0,65.21428571,244.0095139,11.83594381,0.258803436,3997175.517,4882184.357,10000000.0,30.0,116000000.0,7727872.667,4155834.169,10000000.0,2495.0,111000000.0,8502707.692,3764705.732,10000000.0,153.0,0,0,332,424,0.138028499,0.120774937,0,913,44.25806452,180.1445656,32452.06452,0,0,0,1,0,0,0,0,0,45.73333333,28.6875,65.21428571,16,459,14,913,8192,946,12,20,39424.72727,23122.44113,109139.0,32274.0,10000000.0,12776.17156,10000000.0,9971491.0,Benign
80,6,2018-03-02 08:53:06,53372900,2,0,0,0.0,0,0,0.0,0.0,0,0,0.0,0.0,0.0,0.0374722,53400000.0,0.0,53400000.0,53400000.0,53400000.0,53400000.0,0.0,53400000.0,53400000.0,0.0,0.0,0.0,0.0,0.0,0,0,40,0,0.0374722,0.0,0,0,0.0,0.0,0.0,0,0,0,0,1,0,0,0,0,0.0,0.0,0.0,2,0,0,0,279,-1,0,20,0.0,0.0,0.0,0.0,0.0,0.0,0.0,0.0,Benign
3389,6,2018-03-02 02:43:53,1659092,8,7,1128,1581.0,661,0,141.0,222.6233206,1173,0,225.8571429,430.0986044,1632.820844,9.041089946,118506.5714,244865.532,949994.0,76.0,1659092.0,237013.1429,386831.7269,1109333.0,79.0,1550518.0,258419.6667,339367.6945,949994.0,108816.0,0,0,168,148,4.821914638,4.219175308,0,1173,169.3125,317.731274,100953.1625,0,0,0,1,0,0,0,0,0,180.6,141.0,225.8571429,8,1128,7,1581,8192,62872,5,20,0.0,0.0,0.0,0.0,0.0,0.0,0.0,0.0,Benign
53,17,2018-03-02 09:54:35,1014,1,1,51,79.0,51,51,51.0,0.0,79,79,79.0,0.0,128205.1282,1972.386588,1014.0,0.0,1014.0,1014.0,0.0,0.0,0.0,0.0,0.0,0.0,0.0,0.0,0.0,0.0,0,0,8,8,986.1932939,986.1932939,51,79,60.33333333,16.16580754,261.3333333,0,0,0,0,0,0,0,0,1,90.5,51.0,79.0,1,51,1,79,-1,-1,0,8,0.0,0.0,0.0,0.0,0.0,0.0,0.0,0.0,Benign
16467,6,2018-03-02 09:52:08,42,2,0,0,0.0,0,0,0.0,0.0,0,0,0.0,0.0,0.0,47619.04762,42.0,0.0,42.0,42.0,42.0,42.0,0.0,42.0,42.0,0.0,0.0,0.0,0.0,0.0,0,0,40,0,47619.04762,0.0,0,0,0.0,0.0,0.0,0,0,0,0,1,0,0,0,0,0.0,0.0,0.0,2,0,0,0,258,-1,0,20,0.0,0.0,0.0,0.0,0.0,0.0,0.0,0.0,Benign
3389,6,2018-03-02 02:22:17,3448809,10,7,1148,1581.0,677,0,114.8,210.0924664,1173,0,225.8571429,430.0986044,791.287659,4.929237891,215550.5625,255182.1497,953126.0,108.0,3448809.0,383201.0,348273.4008,1236661.0,276.0,3227228.0,537871.3333,301467.8409,953126.0,223590.0,0,0,212,152,2.8995517,2.02968619,0,1173,151.6111111,305.0826578,93075.4281,0,0,0,1,0,0,0,0,0,160.5294118,114.8,225.8571429,10,1148,7,1581,8192,62852,5,20,0.0,0.0,0.0,0.0,0.0,0.0,0.0,0.0,Benign
443,6,2018-03-02 03:01:23,134,2,0,0,0.0,0,0,0.0,0.0,0,0,0.0,0.0,0.0,14925.37313,134.0,0.0,134.0,134.0,134.0,134.0,0.0,134.0,134.0,0.0,0.0,0.0,0.0,0.0,0,0,40,0,14925.37313,0.0,0,0,0.0,0.0,0.0,0,0,0,0,1,0,0,0,0,0.0,0.0,0.0,2,0,0,0,254,-1,0,20,0.0,0.0,0.0,0.0,0.0,0.0,0.0,0.0,Benign
443,6,2018-03-02 12:47:10,60385694,11,9,2984,4556.0,821,0,271.2727273,329.3493862,1460,0,506.2222222,603.9734634,124.8640117,0.331204275,3178194.421,13800000.0,60000000.0,1.0,60400000.0,6038569.4,19000000.0,60000000.0,342.0,333261.0,41657.625,33597.20613,99496.0,1.0,0,0,232,192,0.182162351,0.149041924,0,1460,359.047619,469.658863,220579.4476,0,0,0,1,0,0,0,0,0,377.0,271.2727273,506.2222222,11,2984,9,4556,8192,508,6,20,0.0,0.0,0.0,0.0,0.0,0.0,0.0,0.0,Benign
3389,6,2018-03-02 11:25:57,1727978,9,7,1128,1581.0,661,0,125.3333333,213.4830204,1173,0,225.8571429,430.0986044,1567.728293,9.259377145,115198.5333,236961.1691,953148.0,98.0,1727978.0,215997.25,356229.9333,1092597.0,6542.0,1644917.0,274152.8333,338080.4468,953148.0,92653.0,0,0,192,152,5.208399644,4.050977501,0,1173,159.3529412,310.3705328,96329.86765,0,0,1,1,0,0,0,1,0,169.3125,125.3333333,225.8571429,9,1128,7,1581,8192,62872,5,20,0.0,0.0,0.0,0.0,0.0,0.0,0.0,0.0,Benign
3389,6,2018-03-02 01:36:58,3107259,9,10,1213,2167.0,661,0,134.7777778,209.0799953,1173,0,216.7,360.4161329,1087.775432,6.114713965,172625.5,243894.0862,953157.0,6.0,3107259.0,388407.375,395432.0323,1186235.0,6.0,2929365.0,325485.0,270654.3338,953157.0,102978.0,0,0,192,224,2.896443457,3.218270508,0,1173,169.0,288.432059,83193.05263,0,0,1,1,0,0,0,1,1,177.8947368,134.7777778,216.7,9,1213,10,2167,8192,62872,6,20,0.0,0.0,0.0,0.0,0.0,0.0,0.0,0.0,Benign
80,6,2018-03-02 04:43:13,835,3,4,161,488.0,161,0,53.66666667,92.95339334,488,0,122.0,244.0,777245.509,8383.233533,139.1666667,97.3846326,270.0,1.0,457.0,228.5,144.9568901,331.0,126.0,565.0,188.3333333,184.5652549,370.0,1.0,0,0,72,92,3592.814371,4790.419162,0,488,81.125,173.7875859,30202.125,0,0,0,1,0,0,0,0,1,92.71428571,53.66666667,122.0,3,161,4,488,8192,149,1,20,0.0,0.0,0.0,0.0,0.0,0.0,0.0,0.0,Benign
443,6,2018-03-02 09:49:32,10196615,10,11,2615,6531.0,1158,0,261.5,472.0299543,1460,0,593.7272727,662.7560774,896.9643357,2.059507003,509830.75,2233579.695,9999061.0,1.0,197553.0,21950.33333,21154.80347,73126.0,887.0,10200000.0,1018020.2,3155748.543,9999076.0,1.0,0,0,212,224,0.980717621,1.078789383,0,1460,415.7272727,583.7881369,340808.5887,0,0,1,1,0,0,0,1,1,435.5238095,261.5,593.7272727,10,2615,11,6531,8192,34740,4,20,197553.0,0.0,197553.0,197553.0,9999061.0,0.0,9999061.0,9999061.0,Benign
3389,6,2018-03-02 04:21:50,3963622,14,8,1437,1731.0,725,0,102.6428571,191.0680938,1179,0,216.375,405.4647906,799.2689515,5.55047883,188743.9048,268134.8605,939082.0,53.0,3963622.0,304894.0,365478.1202,1252207.0,25951.0,3770528.0,538646.8571,371324.7183,1149963.0,171397.0,0,0,292,172,3.532122892,2.018355938,0,1179,137.7391304,278.8848275,77776.74704,0,0,1,1,0,0,0,1,0,144.0,102.6428571,216.375,14,1437,8,1731,8192,62563,7,20,0.0,0.0,0.0,0.0,0.0,0.0,0.0,0.0,Benign
50683,6,2018-03-02 10:38:12,1396,3,1,31,0.0,31,0,10.33333333,17.89785834,0,0,0.0,0.0,22206.30372,2865.329513,465.3333333,778.4326132,1364.0,0.0,1364.0,682.0,964.4936495,1364.0,0.0,0.0,0.0,0.0,0.0,0.0,0,0,60,20,2148.997135,716.3323782,0,31,6.2,13.86362146,192.2,0,0,0,0,1,0,0,0,0,7.75,10.33333333,0.0,3,31,1,0,2041,0,1,20,0.0,0.0,0.0,0.0,0.0,0.0,0.0,0.0,Benign
53,17,2018-03-02 11:11:24,13884,1,1,32,88.0,32,32,32.0,0.0,88,88,88.0,0.0,8643.042351,144.0507058,13884.0,0.0,13884.0,13884.0,0.0,0.0,0.0,0.0,0.0,0.0,0.0,0.0,0.0,0.0,0,0,8,8,72.02535292,72.02535292,32,88,50.66666667,32.33161507,1045.333333,0,0,0,0,0,0,0,0,1,76.0,32.0,88.0,1,32,1,88,-1,-1,0,8,0.0,0.0,0.0,0.0,0.0,0.0,0.0,0.0,Benign
80,6,2018-03-02 08:47:25,6007239,3,1,0,0.0,0,0,0.0,0.0,0,0,0.0,0.0,0.0,0.665863303,2002413.0,3450247.894,5986398.0,20.0,6007239.0,3003619.5,4218285.808,5986398.0,20841.0,0.0,0.0,0.0,0.0,0.0,0,0,72,32,0.499397477,0.166465826,0,0,0.0,0.0,0.0,0,0,1,1,0,0,0,1,0,0.0,0.0,0.0,3,0,1,0,8192,29200,0,20,0.0,0.0,0.0,0.0,0.0,0.0,0.0,0.0,Benign
443,6,2018-03-02 10:32:30,86080,6,6,678,3354.0,317,0,113.0,137.823075,1460,0,559.0,643.8521569,46840.1487,139.4052045,7825.454545,10957.56367,25298.0,1.0,59722.0,11944.4,13682.98777,28356.0,245.0,60864.0,12172.8,14198.35319,29599.0,1.0,0,0,132,132,69.70260223,69.70260223,0,1460,310.1538462,488.9328253,239055.3077,0,0,0,1,0,0,0,0,1,336.0,113.0,559.0,6,678,6,3354,8192,62,3,20,0.0,0.0,0.0,0.0,0.0,0.0,0.0,0.0,Benign
49655,6,2018-03-02 09:15:28,1507960,2,0,62,0.0,31,31,31.0,0.0,0,0,0.0,0.0,41.11514894,1.326295127,1507960.0,0.0,1507960.0,1507960.0,1507960.0,1507960.0,0.0,1507960.0,1507960.0,0.0,0.0,0.0,0.0,0.0,1,0,40,0,1.326295127,0.0,31,31,31.0,0.0,0.0,0,1,0,0,1,1,0,0,0,46.5,31.0,0.0,2,62,0,0,142,-1,1,20,0.0,0.0,0.0,0.0,0.0,0.0,0.0,0.0,Benign
80,6,2018-03-02 02:37:56,116156107,18,15,883,1576.0,436,0,49.05555556,140.7724372,788,0,105.0666667,277.2702309,21.16978662,0.28410043,3629878.344,4779485.847,10000000.0,27.0,116000000.0,6832712.176,4600125.077,10000000.0,294.0,111000000.0,7906214.571,4192655.374,10000000.0,848.0,0,0,372,444,0.154963871,0.129136559,0,788,72.32352941,209.2010372,43765.07398,0,0,0,1,0,0,0,0,0,74.51515152,49.05555556,105.0666667,18,883,15,1576,8192,290,13,20,63411.72727,171658.0001,580978.0,11391.0,9999035.091,15331.95969,10000000.0,9952829.0,Benign
49849,6,2018-03-02 10:09:57,75,2,0,0,0.0,0,0,0.0,0.0,0,0,0.0,0.0,0.0,26666.66667,75.0,0.0,75.0,75.0,75.0,75.0,0.0,75.0,75.0,0.0,0.0,0.0,0.0,0.0,0,0,40,0,26666.66667,0.0,0,0,0.0,0.0,0.0,0,0,0,0,1,0,0,0,0,0.0,0.0,0.0,2,0,0,0,123,-1,0,20,0.0,0.0,0.0,0.0,0.0,0.0,0.0,0.0,Benign
27251,6,2018-03-02 09:47:54,48,2,0,0,0.0,0,0,0.0,0.0,0,0,0.0,0.0,0.0,41666.66667,48.0,0.0,48.0,48.0,48.0,48.0,0.0,48.0,48.0,0.0,0.0,0.0,0.0,0.0,0,0,40,0,41666.66667,0.0,0,0,0.0,0.0,0.0,0,0,0,0,1,0,0,0,0,0.0,0.0,0.0,2,0,0,0,256,-1,0,20,0.0,0.0,0.0,0.0,0.0,0.0,0.0,0.0,Benign
80,6,2018-03-02 11:28:37,46097395,8,9,361,2371.0,357,0,45.125,126.0175016,1460,0,263.4444444,540.4736606,59.26582185,0.368784397,2881087.187,4483394.477,10000000.0,1.0,40200000.0,5748407.571,5347183.71,10100000.0,462.0,46100000.0,5757085.875,4961968.178,10100000.0,1.0,0,0,172,240,0.173545598,0.195238798,0,1460,151.7777778,396.6267405,157312.7712,0,0,0,1,0,0,0,0,1,160.7058824,45.125,263.4444444,8,361,9,2371,8192,30,5,20,54314.0,30460.63137,96262.0,26031.0,10000000.0,2314.799397,10000000.0,10000000.0,Benign
3389,6,2018-03-02 10:38:07,1649924,8,7,1128,1581.0,661,0,141.0,222.6233206,1173,0,225.8571429,430.0986044,1641.893808,9.091327843,117851.7143,245468.4587,953122.0,85.0,1649924.0,235703.4286,382668.0787,1099265.0,12383.0,1556536.0,259422.6667,340400.2104,953122.0,102889.0,0,0,172,152,4.848708183,4.24261966,0,1173,169.3125,317.731274,100953.1625,0,0,1,1,0,0,0,1,0,180.6,141.0,225.8571429,8,1128,7,1581,8192,62872,5,20,0.0,0.0,0.0,0.0,0.0,0.0,0.0,0.0,Benign
3389,6,2018-03-02 03:33:40,1697217,8,7,1128,1581.0,661,0,141.0,222.6233206,1173,0,225.8571429,430.0986044,1596.142391,8.837997734,121229.7857,241284.0535,937449.0,92.0,1697217.0,242459.5714,388736.6484,1118467.0,93.0,1579538.0,263256.3333,331600.2358,937449.0,108065.0,0,0,172,152,4.713598791,4.124398943,0,1173,169.3125,317.731274,100953.1625,0,0,1,1,0,0,0,1,0,180.6,141.0,225.8571429,8,1128,7,1581,8192,62872,5,20,0.0,0.0,0.0,0.0,0.0,0.0,0.0,0.0,Benign
3389,6,2018-03-02 09:11:05,1662318,8,7,1144,1581.0,677,0,143.0,227.9699228,1173,0,225.8571429,430.0986044,1639.277202,9.023544232,118737.0,241328.1316,937544.0,1.0,1662318.0,237474.0,387918.0991,1112259.0,1.0,1553540.0,258923.3333,333456.6062,937544.0,109046.0,0,0,172,152,4.812556924,4.210987308,0,1173,170.3125,319.4027173,102018.0958,0,0,1,1,0,0,0,1,0,181.6666667,143.0,225.8571429,8,1144,7,1581,8192,62856,5,20,0.0,0.0,0.0,0.0,0.0,0.0,0.0,0.0,Benign
80,6,2018-03-02 12:37:24,979,3,4,161,488.0,161,0,53.66666667,92.95339334,488,0,122.0,244.0,662921.3483,7150.153218,163.1666667,109.4338461,329.0,40.0,520.0,260.0,173.9482682,383.0,137.0,650.0,216.6666667,174.0612919,388.0,40.0,0,0,72,92,3064.351379,4085.801839,0,488,81.125,173.7875859,30202.125,0,0,0,1,0,0,0,0,1,92.71428571,53.66666667,122.0,3,161,4,488,8192,149,1,20,0.0,0.0,0.0,0.0,0.0,0.0,0.0,0.0,Benign
80,6,2018-03-02 12:46:49,649,3,4,161,488.0,161,0,53.66666667,92.95339334,488,0,122.0,244.0,1000000.0,10785.82435,108.1666667,77.94207251,206.0,1.0,364.0,182.0,86.2670273,243.0,121.0,443.0,147.6666667,167.3748289,330.0,1.0,0,0,72,92,4622.496148,6163.328197,0,488,81.125,173.7875859,30202.125,0,0,0,1,0,0,0,0,1,92.71428571,53.66666667,122.0,3,161,4,488,8192,149,1,20,0.0,0.0,0.0,0.0,0.0,0.0,0.0,0.0,Benign
53,17,2018-03-02 11:20:13,727868,2,2,80,240.0,40,40,40.0,0.0,120,120,120.0,0.0,439.6401545,5.495501932,242622.6667,394389.4315,697691.0,1.0,30176.0,30176.0,0.0,30176.0,30176.0,1.0,1.0,0.0,1.0,1.0,0,0,16,16,2.747750966,2.747750966,40,120,72.0,43.8178046,1920.0,0,0,0,0,0,0,0,0,1,90.0,40.0,120.0,2,80,2,240,-1,-1,1,8,0.0,0.0,0.0,0.0,0.0,0.0,0.0,0.0,Benign
3389,6,2018-03-02 05:25:43,2034343,9,7,1132,1581.0,661,0,125.7777778,213.6736868,1173,0,225.8571429,430.0986044,1333.600086,7.864947062,135622.8667,257586.246,957757.0,3.0,2034343.0,254292.875,373158.5759,1102161.0,3.0,1940985.0,323497.5,369387.5389,957757.0,67084.0,0,0,192,152,4.424032722,3.440914339,0,1173,159.5882353,310.4088149,96353.63235,0,0,1,1,0,0,0,1,0,169.5625,125.7777778,225.8571429,9,1132,7,1581,8192,62868,5,20,0.0,0.0,0.0,0.0,0.0,0.0,0.0,0.0,Benign
3389,6,2018-03-02 03:49:20,2806051,10,7,1144,1581.0,677,0,114.4,209.8969059,1173,0,225.8571429,430.0986044,971.1156355,6.058336074,175378.1875,243443.1521,953201.0,77.0,2806051.0,311783.4444,365198.8219,1232736.0,232.0,2581222.0,430203.6667,296293.9624,953201.0,226748.0,0,0,212,152,3.563727103,2.494608972,0,1173,151.3888889,305.0398506,93049.31046,0,0,1,1,0,0,0,1,0,160.2941176,114.4,225.8571429,10,1144,7,1581,8192,62856,5,20,0.0,0.0,0.0,0.0,0.0,0.0,0.0,0.0,Benign
53,17,2018-03-02 08:56:24,289,1,1,40,56.0,40,40,40.0,0.0,56,56,56.0,0.0,332179.9308,6920.415225,289.0,0.0,289.0,289.0,0.0,0.0,0.0,0.0,0.0,0.0,0.0,0.0,0.0,0.0,0,0,8,8,3460.207612,3460.207612,40,56,45.33333333,9.237604307,85.33333333,0,0,0,0,0,0,0,0,1,68.0,40.0,56.0,1,40,1,56,-1,-1,0,8,0.0,0.0,0.0,0.0,0.0,0.0,0.0,0.0,Benign
53,17,2018-03-02 03:43:08,18683,1,1,53,119.0,53,53,53.0,0.0,119,119,119.0,0.0,9206.230263,107.0491891,18683.0,0.0,18683.0,18683.0,0.0,0.0,0.0,0.0,0.0,0.0,0.0,0.0,0.0,0.0,0,0,8,8,53.52459455,53.52459455,53,119,75.0,38.10511777,1452.0,0,0,0,0,0,0,0,0,1,112.5,53.0,119.0,1,53,1,119,-1,-1,0,8,0.0,0.0,0.0,0.0,0.0,0.0,0.0,0.0,Benign
80,6,2018-03-02 02:01:49,32142,2,0,0,0.0,0,0,0.0,0.0,0,0,0.0,0.0,0.0,62.22388153,32142.0,0.0,32142.0,32142.0,32142.0,32142.0,0.0,32142.0,32142.0,0.0,0.0,0.0,0.0,0.0,0,0,40,0,62.22388153,0.0,0,0,0.0,0.0,0.0,0,0,0,0,1,0,0,0,0,0.0,0.0,0.0,2,0,0,0,256,-1,0,20,0.0,0.0,0.0,0.0,0.0,0.0,0.0,0.0,Benign
61351,6,2018-03-02 04:51:07,4278,10,1,13166,0.0,1460,26,1316.6,453.4706165,0,0,0.0,0.0,3077606.358,2571.294998,427.8,920.5933835,2590.0,1.0,4278.0,475.3333333,968.0543631,2590.0,1.0,0.0,0.0,0.0,0.0,0.0,0,0,200,20,2337.540907,233.7540907,0,1460,1218.833333,563.2712625,317274.5152,0,0,0,0,1,0,0,0,0,1329.636364,1316.6,0.0,10,13166,1,0,12464,0,9,20,0.0,0.0,0.0,0.0,0.0,0.0,0.0,0.0,Benign
53527,6,2018-03-02 05:15:58,158,2,0,0,0.0,0,0,0.0,0.0,0,0,0.0,0.0,0.0,12658.22785,158.0,0.0,158.0,158.0,158.0,158.0,0.0,158.0,158.0,0.0,0.0,0.0,0.0,0.0,0,0,40,0,12658.22785,0.0,0,0,0.0,0.0,0.0,0,0,0,0,1,0,0,0,0,0.0,0.0,0.0,2,0,0,0,259,-1,0,20,0.0,0.0,0.0,0.0,0.0,0.0,0.0,0.0,Benign
3389,6,2018-03-02 11:53:20,3451993,10,7,1128,1581.0,661,0,112.8,205.138869,1173,0,225.8571429,430.0986044,784.7640479,4.92469133,215749.5625,269211.0271,950046.0,95.0,3451993.0,383554.7778,386352.8916,1293717.0,237.0,3159350.0,526558.3333,327104.6514,950046.0,289237.0,0,0,212,152,2.896877253,2.027814077,0,1173,150.5,303.437221,92074.14706,0,0,1,1,0,0,0,1,0,159.3529412,112.8,225.8571429,10,1128,7,1581,8192,62872,5,20,0.0,0.0,0.0,0.0,0.0,0.0,0.0,0.0,Benign
445,6,2018-03-02 04:25:54,849093,6,5,455,338.0,140,0,75.83333333,62.93621109,145,0,67.6,69.7588704,933.937743,12.95500022,84909.3,109492.8642,212193.0,50.0,849043.0,169808.6,94873.37716,212346.0,94.0,849026.0,212256.5,125.9748652,212381.0,212084.0,0,0,132,112,7.066363755,5.888636463,0,145,66.08333333,63.40269328,4019.901515,0,0,0,1,0,0,0,0,0,72.09090909,75.83333333,67.6,6,455,5,338,8192,0,4,20,0.0,0.0,0.0,0.0,0.0,0.0,0.0,0.0,Benign
445,6,2018-03-02 03:10:12,121980,3,1,0,0.0,0,0,0.0,0.0,0,0,0.0,0.0,0.0,32.79226103,40660.0,70344.66019,121887.0,1.0,121980.0,60990.0,86251.47096,121979.0,1.0,0.0,0.0,0.0,0.0,0.0,0,0,72,32,24.59419577,8.198065257,0,0,0.0,0.0,0.0,0,0,0,1,0,0,0,0,0,0.0,0.0,0.0,3,0,1,0,8192,8192,0,20,0.0,0.0,0.0,0.0,0.0,0.0,0.0,0.0,Benign
53,17,2018-03-02 05:03:09,28463,1,1,38,114.0,38,38,38.0,0.0,114,114,114.0,0.0,5340.266311,70.26666198,28463.0,0.0,28463.0,28463.0,0.0,0.0,0.0,0.0,0.0,0.0,0.0,0.0,0.0,0.0,0,0,8,8,35.13333099,35.13333099,38,114,63.33333333,43.87862046,1925.333333,0,0,0,0,0,0,0,0,1,95.0,38.0,114.0,1,38,1,114,-1,-1,0,8,0.0,0.0,0.0,0.0,0.0,0.0,0.0,0.0,Benign
3389,6,2018-03-02 09:09:56,3814501,13,8,1438,1731.0,725,0,110.6153846,196.6369491,1179,0,216.375,405.4647906,830.7770794,5.505307247,190725.05,272747.8393,937525.0,37.0,3814501.0,317875.0833,381885.91,1278003.0,13814.0,3786479.0,540925.5714,398647.1478,1108743.0,121337.0,0,0,272,172,3.408047344,2.097259904,0,1179,144.0454545,283.8456115,80568.33117,0,0,1,1,0,0,0,1,0,150.9047619,110.6153846,216.375,13,1438,8,1731,8192,62562,7,20,0.0,0.0,0.0,0.0,0.0,0.0,0.0,0.0,Benign
53,17,2018-03-02 12:31:48,417,1,1,33,193.0,33,33,33.0,0.0,193,193,193.0,0.0,541966.4269,4796.16307,417.0,0.0,417.0,417.0,0.0,0.0,0.0,0.0,0.0,0.0,0.0,0.0,0.0,0.0,0,0,8,8,2398.081535,2398.081535,33,193,86.33333333,92.37604307,8533.333333,0,0,0,0,0,0,0,0,1,129.5,33.0,193.0,1,33,1,193,-1,-1,0,8,0.0,0.0,0.0,0.0,0.0,0.0,0.0,0.0,Benign
80,6,2018-03-02 12:21:56,85,2,0,0,0.0,0,0,0.0,0.0,0,0,0.0,0.0,0.0,23529.41176,85.0,0.0,85.0,85.0,85.0,85.0,0.0,85.0,85.0,0.0,0.0,0.0,0.0,0.0,0,0,40,0,23529.41176,0.0,0,0,0.0,0.0,0.0,0,0,0,0,1,0,0,0,0,0.0,0.0,0.0,2,0,0,0,278,-1,0,20,0.0,0.0,0.0,0.0,0.0,0.0,0.0,0.0,Benign
80,6,2018-03-02 09:23:59,6910566,4,4,97,231.0,97,0,24.25,48.5,231,0,57.75,115.5,47.46355074,1.157647579,987223.7143,2585479.477,6850325.0,39.0,60241.0,20080.33333,34520.37799,59941.0,106.0,6910411.0,2303470.333,3989266.926,6909879.0,206.0,0,0,92,92,0.57882379,0.57882379,0,231,36.44444444,79.69960965,6352.027778,0,0,0,1,0,0,0,0,1,41.0,24.25,57.75,4,97,4,231,8192,141,1,20,0.0,0.0,0.0,0.0,0.0,0.0,0.0,0.0,Benign
3389,6,2018-03-02 12:52:11,3079283,9,7,1148,1581.0,677,0,127.5555556,218.6910556,1173,0,225.8571429,430.0986044,886.245272,5.196014787,205285.5333,313033.0203,953182.0,88.0,3079283.0,384910.375,421052.1569,1164347.0,261.0,2922825.0,487137.5,512757.0526,1310936.0,147941.0,0,0,192,152,2.922758317,2.273256469,0,1173,160.5294118,312.044091,97371.51471,0,0,0,1,0,0,0,0,0,170.5625,127.5555556,225.8571429,9,1148,7,1581,8192,62852,5,20,0.0,0.0,0.0,0.0,0.0,0.0,0.0,0.0,Benign
49801,6,2018-03-02 09:29:00,14591596,2,0,62,0.0,31,31,31.0,0.0,0,0,0.0,0.0,4.249021149,0.137065198,14600000.0,0.0,14600000.0,14600000.0,14600000.0,14600000.0,0.0,14600000.0,14600000.0,0.0,0.0,0.0,0.0,0.0,1,0,40,0,0.137065198,0.0,31,31,31.0,0.0,0.0,0,1,0,0,1,1,0,0,0,46.5,31.0,0.0,2,62,0,0,63,-1,1,20,0.0,0.0,0.0,0.0,0.0,0.0,0.0,0.0,Benign
5355,17,2018-03-02 03:43:00,424731,2,0,44,0.0,22,22,22.0,0.0,0,0,0.0,0.0,103.5949813,4.708862786,424731.0,0.0,424731.0,424731.0,424731.0,424731.0,0.0,424731.0,424731.0,0.0,0.0,0.0,0.0,0.0,0,0,16,0,4.708862786,0.0,22,22,22.0,0.0,0.0,0,0,0,0,0,0,0,0,0,33.0,22.0,0.0,2,44,0,0,-1,-1,1,8,0.0,0.0,0.0,0.0,0.0,0.0,0.0,0.0,Benign
53,17,2018-03-02 10:34:53,366,1,1,53,101.0,53,53,53.0,0.0,101,101,101.0,0.0,420765.0273,5464.480874,366.0,0.0,366.0,366.0,0.0,0.0,0.0,0.0,0.0,0.0,0.0,0.0,0.0,0.0,0,0,8,8,2732.240437,2732.240437,53,101,69.0,27.71281292,768.0,0,0,0,0,0,0,0,0,1,103.5,53.0,101.0,1,53,1,101,-1,-1,0,8,0.0,0.0,0.0,0.0,0.0,0.0,0.0,0.0,Benign
3389,6,2018-03-02 10:18:49,1531678,8,7,1148,1581.0,677,0,143.5,228.1296624,1173,0,225.8571429,430.0986044,1781.706077,9.793181073,109405.5714,250865.5311,969520.0,3.0,1531678.0,218811.1429,391395.9659,1103444.0,3.0,1442289.0,240381.5,357607.3913,969520.0,83038.0,0,0,172,152,5.223029906,4.570151168,0,1173,170.5625,319.4332416,102037.5958,0,0,1,1,0,0,0,1,0,181.9333333,143.5,225.8571429,8,1148,7,1581,8192,62852,5,20,0.0,0.0,0.0,0.0,0.0,0.0,0.0,0.0,Benign
53,17,2018-03-02 11:06:46,394,1,1,45,61.0,45,45,45.0,0.0,61,61,61.0,0.0,269035.533,5076.142132,394.0,0.0,394.0,394.0,0.0,0.0,0.0,0.0,0.0,0.0,0.0,0.0,0.0,0.0,0,0,8,8,2538.071066,2538.071066,45,61,50.33333333,9.237604307,85.33333333,0,0,0,0,0,0,0,0,1,75.5,45.0,61.0,1,45,1,61,-1,-1,0,8,0.0,0.0,0.0,0.0,0.0,0.0,0.0,0.0,Benign
52521,6,2018-03-02 03:39:37,40,2,0,0,0.0,0,0,0.0,0.0,0,0,0.0,0.0,0.0,50000.0,40.0,0.0,40.0,40.0,40.0,40.0,0.0,40.0,40.0,0.0,0.0,0.0,0.0,0.0,0,0,40,0,50000.0,0.0,0,0,0.0,0.0,0.0,0,0,0,0,1,0,0,0,0,0.0,0.0,0.0,2,0,0,0,32,-1,0,20,0.0,0.0,0.0,0.0,0.0,0.0,0.0,0.0,Benign
3389,6,2018-03-02 11:50:07,2427541,9,9,1789,1618.0,661,0,198.7777778,270.9436186,1173,0,179.7777778,383.6465749,1403.47784,7.414910809,142796.5294,165111.2039,553663.0,4.0,2427541.0,303442.625,303816.9339,919179.0,4.0,2267097.0,283387.125,141615.9181,553706.0,170285.0,0,0,192,204,3.707455404,3.707455404,0,1173,179.3157895,316.2564101,100018.117,0,0,0,1,0,0,0,0,1,189.2777778,198.7777778,179.7777778,9,1789,9,1618,8192,62872,6,20,0.0,0.0,0.0,0.0,0.0,0.0,0.0,0.0,Benign
3389,6,2018-03-02 03:52:51,3939545,14,8,1459,1731.0,741,0,104.2142857,195.1134497,1179,0,216.375,405.4647906,809.7381804,5.584401244,187597.381,256184.6175,953196.0,32.0,3939545.0,303041.9231,349623.4963,1257130.0,25925.0,3903571.0,557653.0,322972.1107,975289.0,161684.0,0,0,292,172,3.553709883,2.030691362,0,1179,138.6956522,280.4109703,78630.31225,0,0,1,1,0,0,0,1,0,145.0,104.2142857,216.375,14,1459,8,1731,8192,62541,7,20,0.0,0.0,0.0,0.0,0.0,0.0,0.0,0.0,Benign
0,0,2018-03-02 01:17:25,112639273,3,0,0,0.0,0,0,0.0,0.0,0,0,0.0,0.0,0.0,0.026633695,56300000.0,9.192388155,56300000.0,56300000.0,113000000.0,56300000.0,9.192388155,56300000.0,56300000.0,0.0,0.0,0.0,0.0,0.0,0,0,0,0,0.026633695,0.0,0,0,0.0,0.0,0.0,0,0,0,0,0,0,0,0,0,0.0,0.0,0.0,3,0,0,0,-1,-1,0,0,0.0,0.0,0.0,0.0,56300000.0,9.192388155,56300000.0,56300000.0,Benign
3389,6,2018-03-02 01:47:59,1671560,8,7,1128,1581.0,661,0,141.0,222.6233206,1173,0,225.8571429,430.0986044,1620.641796,8.973653354,119397.1429,245669.1506,953321.0,3.0,1671560.0,238794.2857,388757.5013,1115355.0,3.0,1562907.0,260484.5,340017.3559,953321.0,109838.0,0,0,172,152,4.785948455,4.187704898,0,1173,169.3125,317.731274,100953.1625,0,0,1,1,0,0,0,1,0,180.6,141.0,225.8571429,8,1128,7,1581,8192,62872,5,20,0.0,0.0,0.0,0.0,0.0,0.0,0.0,0.0,Benign
445,6,2018-03-02 09:09:06,295034,3,1,0,0.0,0,0,0.0,0.0,0,0,0.0,0.0,0.0,13.55775944,98344.66667,168348.6767,292733.0,74.0,295034.0,147517.0,205471.0885,292807.0,2227.0,0.0,0.0,0.0,0.0,0.0,0,0,72,32,10.16831958,3.389439861,0,0,0.0,0.0,0.0,0,0,0,1,0,0,0,0,0,0.0,0.0,0.0,3,0,1,0,8192,8192,0,20,0.0,0.0,0.0,0.0,0.0,0.0,0.0,0.0,Benign
3389,6,2018-03-02 09:45:36,1705037,9,7,1138,1581.0,677,0,126.4444444,218.2504932,1173,0,225.8571429,430.0986044,1594.686802,9.383960583,113669.1333,245852.0055,953130.0,2.0,1705037.0,213129.625,354979.5082,1057334.0,2.0,1659747.0,276624.5,363251.1179,953130.0,32033.0,0,0,192,152,5.278477828,4.105482755,0,1173,159.9411765,311.9564214,97316.80882,0,0,0,1,0,0,0,0,0,169.9375,126.4444444,225.8571429,9,1138,7,1581,8192,62862,5,20,0.0,0.0,0.0,0.0,0.0,0.0,0.0,0.0,Benign
3389,6,2018-03-02 09:56:15,2642184,8,7,1128,1581.0,661,0,141.0,222.6233206,1173,0,225.8571429,430.0986044,1025.288171,5.677121654,188727.4286,256291.9229,953239.0,48.0,2642184.0,377454.8571,407698.0615,1271555.0,318.0,2385972.0,397662.0,273252.5272,953239.0,254720.0,0,0,172,152,3.027798215,2.649323438,0,1173,169.3125,317.731274,100953.1625,0,0,1,1,0,0,0,1,0,180.6,141.0,225.8571429,8,1128,7,1581,8192,62872,5,20,0.0,0.0,0.0,0.0,0.0,0.0,0.0,0.0,Benign
3389,6,2018-03-02 03:44:21,5629463,11,11,2498,1618.0,677,0,227.0909091,296.1028384,1173,0,147.0909091,350.7655783,731.1532201,3.908010409,268069.6667,647809.3972,3014871.0,3.0,5629463.0,562946.3,894624.5856,3019571.0,3.0,5452225.0,545222.5,877310.7067,3014871.0,137405.0,0,0,244,268,1.954005204,1.954005204,0,1173,178.9565217,314.4847848,98900.67984,0,0,0,1,0,0,0,0,1,187.0909091,227.0909091,147.0909091,11,2498,11,1618,8192,62856,7,20,0.0,0.0,0.0,0.0,0.0,0.0,0.0,0.0,Benign
443,6,2018-03-02 03:03:41,115886958,21,18,891,3532.0,485,0,42.42857143,113.9309315,1460,0,196.2222222,469.3919165,38.1665036,0.33653485,3049656.789,4578597.822,10000000.0,11.0,116000000.0,5794347.9,4931335.555,10000000.0,19.0,111000000.0,6500724.765,4924384.385,10100000.0,20.0,0,0,432,504,0.181211073,0.155323777,0,1460,110.575,329.9954069,108896.9686,0,0,0,1,0,0,0,0,0,113.4102564,42.42857143,196.2222222,21,891,18,3532,8192,1013,15,20,42826.08333,74952.13499,280829.0,20853.0,9614418.833,1341771.095,10000000.0,5353747.0,Benign
443,6,2018-03-02 11:53:40,145169,10,8,514,5143.0,196,0,51.4,81.13253903,1460,0,642.875,691.7797828,38968.37479,123.9934146,8539.352941,14930.89753,35919.0,0.0,145169.0,16129.88889,18866.23121,39603.0,24.0,110354.0,15764.85714,27153.43829,70297.0,0.0,0,0,212,172,68.88523032,55.10818425,0,1460,297.7368421,530.07262,280976.9825,0,0,0,1,0,0,0,0,0,314.2777778,51.4,642.875,10,514,8,5143,8192,30,4,20,0.0,0.0,0.0,0.0,0.0,0.0,0.0,0.0,Benign
49480,6,2018-03-02 08:49:03,23,1,1,0,0.0,0,0,0.0,0.0,0,0,0.0,0.0,0.0,86956.52174,23.0,0.0,23.0,23.0,0.0,0.0,0.0,0.0,0.0,0.0,0.0,0.0,0.0,0.0,0,0,20,20,43478.26087,43478.26087,0,0,0.0,0.0,0.0,0,0,0,0,1,1,0,0,1,0.0,0.0,0.0,1,0,1,0,288,253,0,20,0.0,0.0,0.0,0.0,0.0,0.0,0.0,0.0,Benign
53,17,2018-03-02 10:56:47,313,1,1,55,71.0,55,55,55.0,0.0,71,71,71.0,0.0,402555.9105,6389.776358,313.0,0.0,313.0,313.0,0.0,0.0,0.0,0.0,0.0,0.0,0.0,0.0,0.0,0.0,0,0,8,8,3194.888179,3194.888179,55,71,60.33333333,9.237604307,85.33333333,0,0,0,0,0,0,0,0,1,90.5,55.0,71.0,1,55,1,71,-1,-1,0,8,0.0,0.0,0.0,0.0,0.0,0.0,0.0,0.0,Benign
53,17,2018-03-02 09:41:15,1922,1,1,37,113.0,37,37,37.0,0.0,113,113,113.0,0.0,78043.70447,1040.582726,1922.0,0.0,1922.0,1922.0,0.0,0.0,0.0,0.0,0.0,0.0,0.0,0.0,0.0,0.0,0,0,8,8,520.2913632,520.2913632,37,113,62.33333333,43.87862046,1925.333333,0,0,0,0,0,0,0,0,1,93.5,37.0,113.0,1,37,1,113,-1,-1,0,8,0.0,0.0,0.0,0.0,0.0,0.0,0.0,0.0,Benign
52420,6,2018-03-02 03:21:32,39,2,0,0,0.0,0,0,0.0,0.0,0,0,0.0,0.0,0.0,51282.05128,39.0,0.0,39.0,39.0,39.0,39.0,0.0,39.0,39.0,0.0,0.0,0.0,0.0,0.0,0,0,40,0,51282.05128,0.0,0,0,0.0,0.0,0.0,0,0,0,0,1,0,0,0,0,0.0,0.0,0.0,2,0,0,0,230,-1,0,20,0.0,0.0,0.0,0.0,0.0,0.0,0.0,0.0,Benign
53,17,2018-03-02 12:02:50,45045,2,2,76,266.0,38,38,38.0,0.0,133,133,133.0,0.0,7592.407592,88.8000888,15015.0,16351.52507,32437.0,1.0,32437.0,32437.0,0.0,32437.0,32437.0,1.0,1.0,0.0,1.0,1.0,0,0,16,16,44.4000444,44.4000444,38,133,76.0,52.03364296,2707.5,0,0,0,0,0,0,0,0,1,95.0,38.0,133.0,2,76,2,266,-1,-1,1,8,0.0,0.0,0.0,0.0,0.0,0.0,0.0,0.0,Benign
3389,6,2018-03-02 11:38:04,2001656,8,7,1144,1581.0,677,0,143.0,227.9699228,1173,0,225.8571429,430.0986044,1361.372783,7.493795138,142975.4286,246414.5481,954735.0,5.0,2001656.0,285950.8571,400442.6679,1183390.0,5.0,1833221.0,305536.8333,319199.8321,954735.0,158768.0,0,0,172,152,3.99669074,3.497104398,0,1173,170.3125,319.4027173,102018.0958,0,0,1,1,0,0,0,1,0,181.6666667,143.0,225.8571429,8,1144,7,1581,8192,62856,5,20,0.0,0.0,0.0,0.0,0.0,0.0,0.0,0.0,Benign
3389,6,2018-03-02 12:21:28,4069705,14,8,1459,1731.0,741,0,104.2142857,195.1134497,1179,0,216.375,405.4647906,783.8405978,5.405797226,193795.4762,246776.7782,952962.0,50.0,4069705.0,313054.2308,325082.281,1218200.0,39658.0,3970236.0,567176.5714,306574.7067,952962.0,156321.0,0,0,292,172,3.44005278,1.965744446,0,1179,138.6956522,280.4109703,78630.31225,0,0,1,1,0,0,0,1,0,145.0,104.2142857,216.375,14,1459,8,1731,8192,62626,7,20,0.0,0.0,0.0,0.0,0.0,0.0,0.0,0.0,Benign
80,6,2018-03-02 02:55:33,773,3,4,161,488.0,161,0,53.66666667,92.95339334,488,0,122.0,244.0,839586.0285,9055.627426,128.8333333,90.55918875,258.0,0.0,455.0,227.5,122.3294731,314.0,141.0,515.0,171.6666667,170.5119742,341.0,0.0,0,0,72,92,3880.983182,5174.644243,0,488,81.125,173.7875859,30202.125,0,0,0,1,0,0,0,0,1,92.71428571,53.66666667,122.0,3,161,4,488,8192,149,1,20,0.0,0.0,0.0,0.0,0.0,0.0,0.0,0.0,Benign
0,0,2018-03-02 03:11:31,102270013,3,3,0,0.0,0,0,0.0,0.0,0,0,0.0,0.0,0.0,0.058668224,20500000.0,28000000.0,52200000.0,84.0,102000000.0,51100000.0,1529341.86,52200000.0,50100000.0,102000000.0,51100000.0,1529329.132,52200000.0,50100000.0,0,0,0,0,0.029334112,0.029334112,0,0,0.0,0.0,0.0,0,0,0,0,0,0,0,0,1,0.0,0.0,0.0,3,0,3,0,-1,-1,0,0,90.5,9.192388155,97.0,84.0,51100000.0,1529332.668,52200000.0,50100000.0,Benign
15314,6,2018-03-02 02:02:21,86014787,2,0,0,0.0,0,0,0.0,0.0,0,0,0.0,0.0,0.0,0.023251816,86000000.0,0.0,86000000.0,86000000.0,86000000.0,86000000.0,0.0,86000000.0,86000000.0,0.0,0.0,0.0,0.0,0.0,0,0,40,0,0.023251816,0.0,0,0,0.0,0.0,0.0,0,0,0,0,1,0,0,0,0,0.0,0.0,0.0,2,0,0,0,62559,-1,0,20,0.0,0.0,0.0,0.0,86000000.0,0.0,86000000.0,86000000.0,Benign
52056,6,2018-03-02 01:46:09,53,1,1,0,0.0,0,0,0.0,0.0,0,0,0.0,0.0,0.0,37735.84906,53.0,0.0,53.0,53.0,0.0,0.0,0.0,0.0,0.0,0.0,0.0,0.0,0.0,0.0,0,0,20,20,18867.92453,18867.92453,0,0,0.0,0.0,0.0,0,0,0,0,1,1,0,0,1,0.0,0.0,0.0,1,0,1,0,286,256,0,20,0.0,0.0,0.0,0.0,0.0,0.0,0.0,0.0,Benign
443,6,2018-03-02 11:17:28,58,1,1,0,0.0,0,0,0.0,0.0,0,0,0.0,0.0,0.0,34482.75862,58.0,0.0,58.0,58.0,0.0,0.0,0.0,0.0,0.0,0.0,0.0,0.0,0.0,0.0,0,0,20,20,17241.37931,17241.37931,0,0,0.0,0.0,0.0,0,0,0,0,1,0,0,0,1,0.0,0.0,0.0,1,0,1,0,64059,5319,0,20,0.0,0.0,0.0,0.0,0.0,0.0,0.0,0.0,Benign
53,17,2018-03-02 10:53:12,251,1,1,32,48.0,32,32,32.0,0.0,48,48,48.0,0.0,318725.0996,7968.12749,251.0,0.0,251.0,251.0,0.0,0.0,0.0,0.0,0.0,0.0,0.0,0.0,0.0,0.0,0,0,8,8,3984.063745,3984.063745,32,48,37.33333333,9.237604307,85.33333333,0,0,0,0,0,0,0,0,1,56.0,32.0,48.0,1,32,1,48,-1,-1,0,8,0.0,0.0,0.0,0.0,0.0,0.0,0.0,0.0,Benign
443,6,2018-03-02 09:39:48,629,3,0,77,0.0,46,0,25.66666667,23.45918441,0,0,0.0,0.0,122416.5342,4769.475358,314.5,423.5569619,614.0,15.0,629.0,314.5,423.5569619,614.0,15.0,0.0,0.0,0.0,0.0,0.0,1,0,60,0,4769.475358,0.0,0,46,30.75,21.68524844,470.25,0,1,0,0,1,0,0,0,0,41.0,25.66666667,0.0,3,77,0,0,255,-1,1,20,0.0,0.0,0.0,0.0,0.0,0.0,0.0,0.0,Benign
3389,6,2018-03-02 10:09:40,2225130,8,7,1128,1581.0,661,0,141.0,222.6233206,1173,0,225.8571429,430.0986044,1217.456958,6.741179167,158937.8571,244462.2405,937525.0,3.0,2225130.0,317875.7143,401529.1122,1212101.0,3.0,2014815.0,335802.5,295853.7783,937525.0,195712.0,0,0,172,152,3.595295556,3.145883611,0,1173,169.3125,317.731274,100953.1625,0,0,1,1,0,0,0,1,0,180.6,141.0,225.8571429,8,1128,7,1581,8192,62872,5,20,0.0,0.0,0.0,0.0,0.0,0.0,0.0,0.0,Benign
53,17,2018-03-02 11:32:49,17796,1,1,75,131.0,75,75,75.0,0.0,131,131,131.0,0.0,11575.63497,112.3848056,17796.0,0.0,17796.0,17796.0,0.0,0.0,0.0,0.0,0.0,0.0,0.0,0.0,0.0,0.0,0,0,8,8,56.19240279,56.19240279,75,131,93.66666667,32.33161507,1045.333333,0,0,0,0,0,0,0,0,1,140.5,75.0,131.0,1,75,1,131,-1,-1,0,8,0.0,0.0,0.0,0.0,0.0,0.0,0.0,0.0,Benign
61331,6,2018-03-02 08:59:52,129,2,0,0,0.0,0,0,0.0,0.0,0,0,0.0,0.0,0.0,15503.87597,129.0,0.0,129.0,129.0,129.0,129.0,0.0,129.0,129.0,0.0,0.0,0.0,0.0,0.0,0,0,40,0,15503.87597,0.0,0,0,0.0,0.0,0.0,0,0,0,0,1,0,0,0,0,0.0,0.0,0.0,2,0,0,0,255,-1,0,20,0.0,0.0,0.0,0.0,0.0,0.0,0.0,0.0,Benign
53,17,2018-03-02 02:40:12,1025,1,1,36,52.0,36,36,36.0,0.0,52,52,52.0,0.0,85853.65854,1951.219512,1025.0,0.0,1025.0,1025.0,0.0,0.0,0.0,0.0,0.0,0.0,0.0,0.0,0.0,0.0,0,0,8,8,975.6097561,975.6097561,36,52,41.33333333,9.237604307,85.33333333,0,0,0,0,0,0,0,0,1,62.0,36.0,52.0,1,36,1,52,-1,-1,0,8,0.0,0.0,0.0,0.0,0.0,0.0,0.0,0.0,Benign
3389,6,2018-03-02 02:46:07,2778492,10,7,1132,1581.0,661,0,113.2,205.342424,1173,0,225.8571429,430.0986044,976.4289406,6.11842683,173655.75,329314.0448,1059071.0,4.0,2778492.0,308721.3333,434897.4401,1085204.0,4.0,2707665.0,451277.5,498718.9489,1215281.0,91734.0,0,0,212,152,3.599074606,2.519352224,0,1173,150.7222222,303.4809434,92100.68301,0,0,1,1,0,0,0,1,0,159.5882353,113.2,225.8571429,10,1132,7,1581,8192,62868,5,20,0.0,0.0,0.0,0.0,0.0,0.0,0.0,0.0,Benign
53,17,2018-03-02 11:34:13,29250,1,1,35,102.0,35,35,35.0,0.0,102,102,102.0,0.0,4683.760684,68.37606838,29250.0,0.0,29250.0,29250.0,0.0,0.0,0.0,0.0,0.0,0.0,0.0,0.0,0.0,0.0,0,0,8,8,34.18803419,34.18803419,35,102,57.33333333,38.68246804,1496.333333,0,0,0,0,0,0,0,0,1,86.0,35.0,102.0,1,35,1,102,-1,-1,0,8,0.0,0.0,0.0,0.0,0.0,0.0,0.0,0.0,Benign
3389,6,2018-03-02 01:40:54,4873437,14,8,1433,1727.0,725,0,102.3571429,190.9931965,1175,0,215.875,404.1083439,648.4130194,4.514267857,232068.4286,336842.8724,1312076.0,60.0,4873437.0,374879.7692,426013.0395,1370320.0,19152.0,3509701.0,501385.8571,300752.9567,953114.0,126531.0,0,0,292,172,2.872715909,1.641551948,0,1175,137.3913043,278.1988725,77394.61265,0,0,1,1,0,0,0,1,0,143.6363636,102.3571429,215.875,14,1433,8,1727,8192,62652,7,20,0.0,0.0,0.0,0.0,0.0,0.0,0.0,0.0,Benign
3389,6,2018-03-02 12:05:57,4400343,10,7,1148,1581.0,677,0,114.8,210.0924664,1173,0,225.8571429,430.0986044,620.178927,3.863335199,275021.4375,596667.8786,2334918.0,99.0,4400343.0,488927.0,767197.4884,2334918.0,268.0,4298258.0,716376.3333,967799.5715,2577757.0,104309.0,0,0,212,152,2.272550117,1.590785082,0,1173,151.6111111,305.0826578,93075.4281,0,0,1,1,0,0,0,1,0,160.5294118,114.8,225.8571429,10,1148,7,1581,8192,62852,5,20,0.0,0.0,0.0,0.0,0.0,0.0,0.0,0.0,Benign
80,6,2018-03-02 10:03:35,82,2,0,0,0.0,0,0,0.0,0.0,0,0,0.0,0.0,0.0,24390.2439,82.0,0.0,82.0,82.0,82.0,82.0,0.0,82.0,82.0,0.0,0.0,0.0,0.0,0.0,0,0,40,0,24390.2439,0.0,0,0,0.0,0.0,0.0,0,0,0,0,1,0,0,0,0,0.0,0.0,0.0,2,0,0,0,278,-1,0,20,0.0,0.0,0.0,0.0,0.0,0.0,0.0,0.0,Benign
64839,6,2018-03-02 10:54:49,38,2,0,0,0.0,0,0,0.0,0.0,0,0,0.0,0.0,0.0,52631.57895,38.0,0.0,38.0,38.0,38.0,38.0,0.0,38.0,38.0,0.0,0.0,0.0,0.0,0.0,0,0,40,0,52631.57895,0.0,0,0,0.0,0.0,0.0,0,0,0,0,1,0,0,0,0,0.0,0.0,0.0,2,0,0,0,256,-1,0,20,0.0,0.0,0.0,0.0,0.0,0.0,0.0,0.0,Benign
3389,6,2018-03-02 12:40:49,3938920,14,8,1440,1731.0,725,0,102.8571429,191.1728405,1179,0,216.375,405.4647906,805.0430067,5.585287338,187567.619,280499.3219,953081.0,72.0,3938920.0,302993.8462,361719.7672,1177889.0,8741.0,3895970.0,556567.1429,382076.7771,1124802.0,161839.0,0,0,292,172,3.55427376,2.031013577,0,1179,137.8695652,278.9101035,77790.84585,0,0,1,1,0,0,0,1,0,144.1363636,102.8571429,216.375,14,1440,8,1731,8192,62645,7,20,0.0,0.0,0.0,0.0,0.0,0.0,0.0,0.0,Benign
3389,6,2018-03-02 02:01:29,1691897,8,7,1144,1581.0,677,0,143.0,227.9699228,1173,0,225.8571429,430.0986044,1610.61814,8.865787929,120849.7857,245477.4141,953112.0,3.0,1691897.0,241699.5714,397465.6819,1138191.0,3.0,1566187.0,261031.1667,339908.0065,953112.0,109217.0,0,0,172,152,4.728420229,4.1373677,0,1173,170.3125,319.4027173,102018.0958,0,0,1,1,0,0,0,1,0,181.6666667,143.0,225.8571429,8,1144,7,1581,8192,62856,5,20,0.0,0.0,0.0,0.0,0.0,0.0,0.0,0.0,Benign
443,6,2018-03-02 03:27:52,341,3,0,77,0.0,46,0,25.66666667,23.45918441,0,0,0.0,0.0,225806.4516,8797.653959,170.5,214.2533547,322.0,19.0,341.0,170.5,214.2533547,322.0,19.0,0.0,0.0,0.0,0.0,0.0,1,0,60,0,8797.653959,0.0,0,46,30.75,21.68524844,470.25,0,1,0,0,1,0,0,0,0,41.0,25.66666667,0.0,3,77,0,0,258,-1,1,20,0.0,0.0,0.0,0.0,0.0,0.0,0.0,0.0,Benign
80,6,2018-03-02 11:51:20,887,3,4,161,488.0,161,0,53.66666667,92.95339334,488,0,122.0,244.0,731679.8196,7891.770011,147.8333333,98.87652232,256.0,1.0,474.0,237.0,104.6518036,311.0,163.0,631.0,210.3333333,212.5707725,426.0,1.0,0,0,72,92,3382.187148,4509.582864,0,488,81.125,173.7875859,30202.125,0,0,0,1,0,0,0,0,1,92.71428571,53.66666667,122.0,3,161,4,488,8192,149,1,20,0.0,0.0,0.0,0.0,0.0,0.0,0.0,0.0,Benign
80,6,2018-03-02 04:30:02,86,2,0,0,0.0,0,0,0.0,0.0,0,0,0.0,0.0,0.0,23255.81395,86.0,0.0,86.0,86.0,86.0,86.0,0.0,86.0,86.0,0.0,0.0,0.0,0.0,0.0,0,0,40,0,23255.81395,0.0,0,0,0.0,0.0,0.0,0,0,0,0,1,0,0,0,0,0.0,0.0,0.0,2,0,0,0,278,-1,0,20,0.0,0.0,0.0,0.0,0.0,0.0,0.0,0.0,Benign
53,17,2018-03-02 10:45:38,12501,1,1,44,94.0,44,44,44.0,0.0,94,94,94.0,0.0,11039.11687,159.987201,12501.0,0.0,12501.0,12501.0,0.0,0.0,0.0,0.0,0.0,0.0,0.0,0.0,0.0,0.0,0,0,8,8,79.99360051,79.99360051,44,94,60.66666667,28.86751346,833.3333333,0,0,0,0,0,0,0,0,1,91.0,44.0,94.0,1,44,1,94,-1,-1,0,8,0.0,0.0,0.0,0.0,0.0,0.0,0.0,0.0,Benign
53,17,2018-03-02 01:25:44,269,1,1,44,60.0,44,44,44.0,0.0,60,60,60.0,0.0,386617.1004,7434.944238,269.0,0.0,269.0,269.0,0.0,0.0,0.0,0.0,0.0,0.0,0.0,0.0,0.0,0.0,0,0,8,8,3717.472119,3717.472119,44,60,49.33333333,9.237604307,85.33333333,0,0,0,0,0,0,0,0,1,74.0,44.0,60.0,1,44,1,60,-1,-1,0,8,0.0,0.0,0.0,0.0,0.0,0.0,0.0,0.0,Benign
80,6,2018-03-02 08:55:13,81,2,0,0,0.0,0,0,0.0,0.0,0,0,0.0,0.0,0.0,24691.35802,81.0,0.0,81.0,81.0,81.0,81.0,0.0,81.0,81.0,0.0,0.0,0.0,0.0,0.0,0,0,40,0,24691.35802,0.0,0,0,0.0,0.0,0.0,0,0,0,0,1,0,0,0,0,0.0,0.0,0.0,2,0,0,0,278,-1,0,20,0.0,0.0,0.0,0.0,0.0,0.0,0.0,0.0,Benign
0,0,2018-03-02 09:10:22,112636933,3,0,0,0.0,0,0,0.0,0.0,0,0,0.0,0.0,0.0,0.026634248,56300000.0,55.86143571,56300000.0,56300000.0,113000000.0,56300000.0,55.86143571,56300000.0,56300000.0,0.0,0.0,0.0,0.0,0.0,0,0,0,0,0.026634248,0.0,0,0,0.0,0.0,0.0,0,0,0,0,0,0,0,0,0,0.0,0.0,0.0,3,0,0,0,-1,-1,0,0,0.0,0.0,0.0,0.0,56300000.0,55.86143571,56300000.0,56300000.0,Benign
55688,6,2018-03-02 11:06:39,85997936,2,0,0,0.0,0,0,0.0,0.0,0,0,0.0,0.0,0.0,0.023256372,86000000.0,0.0,86000000.0,86000000.0,86000000.0,86000000.0,0.0,86000000.0,86000000.0,0.0,0.0,0.0,0.0,0.0,0,0,40,0,0.023256372,0.0,0,0,0.0,0.0,0.0,0,0,0,0,1,0,0,0,0,0.0,0.0,0.0,2,0,0,0,62565,-1,0,20,0.0,0.0,0.0,0.0,86000000.0,0.0,86000000.0,86000000.0,Benign
80,6,2018-03-02 01:33:47,48214,3,4,437,859.0,437,0,145.6666667,252.3020676,859,0,214.75,429.5,26880.15929,145.1860455,8035.666667,12239.82548,23850.0,1.0,24065.0,12032.5,16756.30939,23881.0,184.0,24364.0,8121.333333,13785.1896,24038.0,1.0,0,0,72,92,62.22259095,82.9634546,0,859,162.0,320.4679614,102699.7143,0,0,0,1,0,0,0,0,1,185.1428571,145.6666667,214.75,3,437,4,859,8192,31,1,20,0.0,0.0,0.0,0.0,0.0,0.0,0.0,0.0,Benign
80,6,2018-03-02 09:27:09,81,2,0,0,0.0,0,0,0.0,0.0,0,0,0.0,0.0,0.0,24691.35802,81.0,0.0,81.0,81.0,81.0,81.0,0.0,81.0,81.0,0.0,0.0,0.0,0.0,0.0,0,0,40,0,24691.35802,0.0,0,0,0.0,0.0,0.0,0,0,0,0,1,0,0,0,0,0.0,0.0,0.0,2,0,0,0,278,-1,0,20,0.0,0.0,0.0,0.0,0.0,0.0,0.0,0.0,Benign
3389,6,2018-03-02 08:51:58,2385288,9,8,1821,1581.0,677,0,202.3333333,277.7732889,1173,0,197.625,406.121705,1426.242869,7.127021978,149080.5,168367.2,540427.0,37.0,2385288.0,298161.0,235993.3319,793585.0,105.0,2132111.0,304587.2857,124840.6381,540427.0,205309.0,0,0,192,184,3.773129283,3.353892696,0,1173,189.0,326.2734328,106454.3529,0,0,1,1,0,0,0,1,0,200.1176471,202.3333333,197.625,9,1821,8,1581,8192,62856,6,20,0.0,0.0,0.0,0.0,0.0,0.0,0.0,0.0,Benign
53,17,2018-03-02 11:55:47,1226,1,1,34,98.0,34,34,34.0,0.0,98,98,98.0,0.0,107667.2104,1631.32137,1226.0,0.0,1226.0,1226.0,0.0,0.0,0.0,0.0,0.0,0.0,0.0,0.0,0.0,0.0,0,0,8,8,815.6606852,815.6606852,34,98,55.33333333,36.95041723,1365.333333,0,0,0,0,0,0,0,0,1,83.0,34.0,98.0,1,34,1,98,-1,-1,0,8,0.0,0.0,0.0,0.0,0.0,0.0,0.0,0.0,Benign
53,17,2018-03-02 02:46:44,5392198,2,2,85,226.0,46,39,42.5,4.949747468,164,62,113.0,72.12489168,57.67592362,0.741812522,1797399.333,3024729.835,5289562.0,421.0,5289983.0,5289983.0,0.0,5289983.0,5289983.0,5391777.0,5391777.0,0.0,5391777.0,5391777.0,0,0,16,16,0.370906261,0.370906261,39,164,71.4,52.44806955,2750.8,0,0,0,0,0,0,0,0,1,89.25,42.5,113.0,2,85,2,226,-1,-1,1,8,421.0,0.0,421.0,421.0,5289562.0,0.0,5289562.0,5289562.0,Benign
53,17,2018-03-02 12:21:23,302,1,1,36,52.0,36,36,36.0,0.0,52,52,52.0,0.0,291390.7285,6622.516556,302.0,0.0,302.0,302.0,0.0,0.0,0.0,0.0,0.0,0.0,0.0,0.0,0.0,0.0,0,0,8,8,3311.258278,3311.258278,36,52,41.33333333,9.237604307,85.33333333,0,0,0,0,0,0,0,0,1,62.0,36.0,52.0,1,36,1,52,-1,-1,0,8,0.0,0.0,0.0,0.0,0.0,0.0,0.0,0.0,Benign
445,6,2018-03-02 01:17:49,132916,3,1,0,0.0,0,0,0.0,0.0,0,0,0.0,0.0,0.0,30.09419483,44305.33333,75904.66369,131951.0,40.0,132916.0,66458.0,92677.65738,131991.0,925.0,0.0,0.0,0.0,0.0,0.0,0,0,72,32,22.57064612,7.523548707,0,0,0.0,0.0,0.0,0,0,0,1,0,0,0,0,0,0.0,0.0,0.0,3,0,1,0,8192,8192,0,20,0.0,0.0,0.0,0.0,0.0,0.0,0.0,0.0,Benign
53,17,2018-03-02 09:11:26,1104,1,1,40,139.0,40,40,40.0,0.0,139,139,139.0,0.0,162137.6812,1811.594203,1104.0,0.0,1104.0,1104.0,0.0,0.0,0.0,0.0,0.0,0.0,0.0,0.0,0.0,0.0,0,0,8,8,905.7971014,905.7971014,40,139,73.0,57.15767665,3267.0,0,0,0,0,0,0,0,0,1,109.5,40.0,139.0,1,40,1,139,-1,-1,0,8,0.0,0.0,0.0,0.0,0.0,0.0,0.0,0.0,Benign
3389,6,2018-03-02 03:52:45,3886806,13,9,1440,1731.0,725,0,110.7692308,196.5787178,1179,0,192.3333333,386.0744747,815.8369623,5.660174447,185086.0,246278.3923,953267.0,2.0,3886806.0,323900.5,333256.1098,1219914.0,2.0,3871632.0,483954.0,359428.5291,953267.0,107332.0,0,0,272,192,3.344648537,2.31552591,0,1179,137.8695652,278.9101035,77790.84585,0,0,1,1,0,0,0,1,0,144.1363636,110.7692308,192.3333333,13,1440,9,1731,8192,62560,7,20,0.0,0.0,0.0,0.0,0.0,0.0,0.0,0.0,Benign
53,17,2018-03-02 03:19:25,605,1,1,31,95.0,31,31,31.0,0.0,95,95,95.0,0.0,208264.4628,3305.785124,605.0,0.0,605.0,605.0,0.0,0.0,0.0,0.0,0.0,0.0,0.0,0.0,0.0,0.0,0,0,8,8,1652.892562,1652.892562,31,95,52.33333333,36.95041723,1365.333333,0,0,0,0,0,0,0,0,1,78.5,31.0,95.0,1,31,1,95,-1,-1,0,8,0.0,0.0,0.0,0.0,0.0,0.0,0.0,0.0,Benign
53,17,2018-03-02 02:06:22,44919,2,2,94,126.0,47,47,47.0,0.0,63,63,63.0,0.0,4897.704757,89.04917741,14973.0,25409.18773,44313.0,292.0,44605.0,44605.0,0.0,44605.0,44605.0,44627.0,44627.0,0.0,44627.0,44627.0,0,0,16,16,44.5245887,44.5245887,47,63,53.4,8.76356092,76.8,0,0,0,0,0,0,0,0,1,66.75,47.0,63.0,2,94,2,126,-1,-1,1,8,0.0,0.0,0.0,0.0,0.0,0.0,0.0,0.0,Benign
3389,6,2018-03-02 02:48:04,1667880,8,7,1128,1581.0,661,0,141.0,222.6233206,1173,0,225.8571429,430.0986044,1624.21757,8.993452766,119134.2857,245612.3951,953148.0,4.0,1667880.0,238268.5714,389389.9153,1116385.0,4.0,1558803.0,259800.5,340320.0202,953148.0,109213.0,0,0,172,152,4.796508142,4.196944624,0,1173,169.3125,317.731274,100953.1625,0,0,1,1,0,0,0,1,0,180.6,141.0,225.8571429,8,1128,7,1581,8192,62872,5,20,0.0,0.0,0.0,0.0,0.0,0.0,0.0,0.0,Benign
53,17,2018-03-02 10:34:59,852,1,1,42,142.0,42,42,42.0,0.0,142,142,142.0,0.0,215962.4413,2347.41784,852.0,0.0,852.0,852.0,0.0,0.0,0.0,0.0,0.0,0.0,0.0,0.0,0.0,0.0,0,0,8,8,1173.70892,1173.70892,42,142,75.33333333,57.73502692,3333.333333,0,0,0,0,0,0,0,0,1,113.0,42.0,142.0,1,42,1,142,-1,-1,0,8,0.0,0.0,0.0,0.0,0.0,0.0,0.0,0.0,Benign
53,17,2018-03-02 09:21:01,356,1,1,44,60.0,44,44,44.0,0.0,60,60,60.0,0.0,292134.8315,5617.977528,356.0,0.0,356.0,356.0,0.0,0.0,0.0,0.0,0.0,0.0,0.0,0.0,0.0,0.0,0,0,8,8,2808.988764,2808.988764,44,60,49.33333333,9.237604307,85.33333333,0,0,0,0,0,0,0,0,1,74.0,44.0,60.0,1,44,1,60,-1,-1,0,8,0.0,0.0,0.0,0.0,0.0,0.0,0.0,0.0,Benign
53,17,2018-03-02 05:00:21,357,1,1,30,107.0,30,30,30.0,0.0,107,107,107.0,0.0,383753.5014,5602.240896,357.0,0.0,357.0,357.0,0.0,0.0,0.0,0.0,0.0,0.0,0.0,0.0,0.0,0.0,0,0,8,8,2801.120448,2801.120448,30,107,55.66666667,44.45597073,1976.333333,0,0,0,0,0,0,0,0,1,83.5,30.0,107.0,1,30,1,107,-1,-1,0,8,0.0,0.0,0.0,0.0,0.0,0.0,0.0,0.0,Benign
80,6,2018-03-02 11:51:26,757,3,4,161,488.0,161,0,53.66666667,92.95339334,488,0,122.0,244.0,857331.572,9247.027741,126.1666667,88.90762997,243.0,0.0,368.0,184.0,84.85281374,244.0,124.0,566.0,188.6666667,168.21514,323.0,0.0,0,0,72,92,3963.011889,5284.015852,0,488,81.125,173.7875859,30202.125,0,0,0,1,0,0,0,0,1,92.71428571,53.66666667,122.0,3,161,4,488,8192,149,1,20,0.0,0.0,0.0,0.0,0.0,0.0,0.0,0.0,Benign
51934,6,2018-03-02 02:24:14,45,1,1,0,0.0,0,0,0.0,0.0,0,0,0.0,0.0,0.0,44444.44444,45.0,0.0,45.0,45.0,0.0,0.0,0.0,0.0,0.0,0.0,0.0,0.0,0.0,0.0,0,0,20,20,22222.22222,22222.22222,0,0,0.0,0.0,0.0,0,0,0,0,1,1,0,0,1,0.0,0.0,0.0,1,0,1,0,31088,64209,0,20,0.0,0.0,0.0,0.0,0.0,0.0,0.0,0.0,Benign
80,6,2018-03-02 10:14:51,5060212,4,4,97,231.0,97,0,24.25,48.5,231,0,57.75,115.5,64.81941863,1.58096143,722887.4286,1851221.442,4919398.0,38.0,140814.0,46938.0,81029.68591,140503.0,100.0,5060039.0,1686679.667,2920896.13,5059440.0,282.0,0,0,92,92,0.790480715,0.790480715,0,231,36.44444444,79.69960965,6352.027778,0,0,0,1,0,0,0,0,1,41.0,24.25,57.75,4,97,4,231,8192,141,1,20,0.0,0.0,0.0,0.0,0.0,0.0,0.0,0.0,Benign
53,17,2018-03-02 02:29:05,313,1,1,32,48.0,32,32,32.0,0.0,48,48,48.0,0.0,255591.0543,6389.776358,313.0,0.0,313.0,313.0,0.0,0.0,0.0,0.0,0.0,0.0,0.0,0.0,0.0,0.0,0,0,8,8,3194.888179,3194.888179,32,48,37.33333333,9.237604307,85.33333333,0,0,0,0,0,0,0,0,1,56.0,32.0,48.0,1,32,1,48,-1,-1,0,8,0.0,0.0,0.0,0.0,0.0,0.0,0.0,0.0,Benign
3389,6,2018-03-02 04:33:47,1697838,8,7,1144,1581.0,677,0,143.0,227.9699228,1173,0,225.8571429,430.0986044,1604.982336,8.834765154,121274.1429,245616.3183,953119.0,3.0,1697838.0,242548.2857,391743.1476,1125615.0,3.0,1576352.0,262725.3333,338873.1298,953119.0,109430.0,0,0,172,152,4.711874749,4.122890405,0,1173,170.3125,319.4027173,102018.0958,0,0,1,1,0,0,0,1,0,181.6666667,143.0,225.8571429,8,1144,7,1581,8192,62856,5,20,0.0,0.0,0.0,0.0,0.0,0.0,0.0,0.0,Benign
443,6,2018-03-02 02:09:09,716,3,0,77,0.0,46,0,25.66666667,23.45918441,0,0,0.0,0.0,107541.8994,4189.944134,358.0,480.8326112,698.0,18.0,716.0,358.0,480.8326112,698.0,18.0,0.0,0.0,0.0,0.0,0.0,1,0,60,0,4189.944134,0.0,0,46,30.75,21.68524844,470.25,0,1,0,0,1,0,0,0,0,41.0,25.66666667,0.0,3,77,0,0,255,-1,1,20,0.0,0.0,0.0,0.0,0.0,0.0,0.0,0.0,Benign
53,17,2018-03-02 02:56:02,647,1,1,36,52.0,36,36,36.0,0.0,52,52,52.0,0.0,136012.3648,3091.190108,647.0,0.0,647.0,647.0,0.0,0.0,0.0,0.0,0.0,0.0,0.0,0.0,0.0,0.0,0,0,8,8,1545.595054,1545.595054,36,52,41.33333333,9.237604307,85.33333333,0,0,0,0,0,0,0,0,1,62.0,36.0,52.0,1,36,1,52,-1,-1,0,8,0.0,0.0,0.0,0.0,0.0,0.0,0.0,0.0,Benign
53,17,2018-03-02 01:49:55,506,1,1,51,147.0,51,51,51.0,0.0,147,147,147.0,0.0,391304.3478,3952.56917,506.0,0.0,506.0,506.0,0.0,0.0,0.0,0.0,0.0,0.0,0.0,0.0,0.0,0.0,0,0,8,8,1976.284585,1976.284585,51,147,83.0,55.42562584,3072.0,0,0,0,0,0,0,0,0,1,124.5,51.0,147.0,1,51,1,147,-1,-1,0,8,0.0,0.0,0.0,0.0,0.0,0.0,0.0,0.0,Benign
3389,6,2018-03-02 10:02:09,1220527,8,7,1138,1581.0,677,0,142.25,227.7465697,1173,0,225.8571429,430.0986044,2227.72622,12.28977319,87180.5,249585.2,952052.0,83.0,1220527.0,174361.0,382256.794,1040697.0,517.0,1181102.0,196850.3333,370421.5029,952052.0,33535.0,0,0,172,152,6.5545457,5.735227488,0,1173,169.9375,319.3627966,101992.5958,0,0,0,1,0,0,0,0,0,181.2666667,142.25,225.8571429,8,1138,7,1581,8192,62862,5,20,0.0,0.0,0.0,0.0,0.0,0.0,0.0,0.0,Benign
445,6,2018-03-02 01:55:33,1334925,7,5,364,582.0,103,0,52.0,49.21720566,409,0,116.4,167.0353256,708.6540442,8.98926906,121356.8182,138662.3505,266849.0,39.0,1334925.0,222487.5,108574.7963,269024.0,873.0,1068973.0,267243.25,1706.383188,269736.0,265977.0,0,0,152,112,5.243740285,3.745528775,0,409,72.76923077,109.5332171,11997.52564,0,0,0,1,0,0,0,0,0,78.83333333,52.0,116.4,7,364,5,582,8192,259,4,20,0.0,0.0,0.0,0.0,0.0,0.0,0.0,0.0,Benign
3389,6,2018-03-02 03:59:49,3989898,9,7,1138,1581.0,677,0,126.4444444,218.2504932,1173,0,225.8571429,430.0986044,681.4710551,4.010127577,265993.2,345091.9533,1067572.0,83.0,3989898.0,498737.25,439792.1391,1257743.0,158.0,3748315.0,624719.1667,541380.6434,1583660.0,235964.0,0,0,192,152,2.255696762,1.754430815,0,1173,159.9411765,311.9564214,97316.80882,0,0,0,1,0,0,0,0,0,169.9375,126.4444444,225.8571429,9,1138,7,1581,8192,62862,5,20,0.0,0.0,0.0,0.0,0.0,0.0,0.0,0.0,Benign
80,6,2018-03-02 03:07:15,5732698,4,4,97,231.0,97,0,24.25,48.5,231,0,57.75,115.5,57.21564262,1.395503478,818956.8571,2139469.526,5670541.0,41.0,62157.0,20719.0,35609.27503,61837.0,105.0,5732524.0,1910841.333,3309212.683,5731991.0,241.0,0,0,92,92,0.697751739,0.697751739,0,231,36.44444444,79.69960965,6352.027778,0,0,0,1,0,0,0,0,1,41.0,24.25,57.75,4,97,4,231,8192,141,1,20,0.0,0.0,0.0,0.0,0.0,0.0,0.0,0.0,Benign
445,6,2018-03-02 09:28:27,767297,5,4,286,170.0,103,0,57.2,52.48523602,131,0,42.5,61.79805822,594.2939957,11.72948676,95912.125,132158.1105,255802.0,5.0,767215.0,191803.75,127866.3296,255998.0,5.0,767253.0,255751.0,123.4787431,255884.0,255640.0,0,0,112,92,6.516381532,5.213105225,0,131,45.6,52.98469381,2807.377778,0,0,0,1,0,0,0,0,0,50.66666667,57.2,42.5,5,286,4,170,8192,0,3,20,0.0,0.0,0.0,0.0,0.0,0.0,0.0,0.0,Benign
3389,6,2018-03-02 11:53:02,2401970,10,8,1128,1581.0,661,0,112.8,205.138869,1173,0,197.625,406.121705,1127.824244,7.493848799,141292.3529,269672.791,995011.0,93.0,2401970.0,266885.5556,371648.5248,1102152.0,819.0,2336151.0,333735.8571,379005.2701,995011.0,66226.0,0,0,212,172,4.163249333,3.330599466,0,1173,142.5789474,296.9023999,88151.03509,0,0,1,1,0,0,0,1,0,150.5,112.8,197.625,10,1128,8,1581,8192,62872,5,20,0.0,0.0,0.0,0.0,0.0,0.0,0.0,0.0,Benign
3389,6,2018-03-02 05:05:27,3917712,14,8,1442,1731.0,725,0,103.0,191.1254119,1179,0,216.375,405.4647906,809.9114994,5.615522529,186557.7143,266590.6733,937522.0,5.0,3917712.0,301362.4615,351105.9211,1194208.0,5.0,3826769.0,546681.2857,379267.7189,1065853.0,106776.0,0,0,292,172,3.573514337,2.042008193,0,1179,137.9565217,278.8794914,77773.77075,0,0,1,1,0,0,0,1,0,144.2272727,103.0,216.375,14,1442,8,1731,8192,62558,7,20,0.0,0.0,0.0,0.0,0.0,0.0,0.0,0.0,Benign
53,17,2018-03-02 09:13:53,138767,2,2,60,264.0,30,30,30.0,0.0,132,132,132.0,0.0,2334.849064,28.82529708,46255.66667,54762.17893,106723.0,1.0,32043.0,32043.0,0.0,32043.0,32043.0,1.0,1.0,0.0,1.0,1.0,0,0,16,16,14.41264854,14.41264854,30,132,70.8,55.86770087,3121.2,0,0,0,0,0,0,0,0,1,88.5,30.0,132.0,2,60,2,264,-1,-1,1,8,0.0,0.0,0.0,0.0,0.0,0.0,0.0,0.0,Benign
443,6,2018-03-02 01:35:54,62282950,24,28,1695,5087.0,348,0,70.625,97.4651833,1430,0,181.6785714,335.0849592,108.8901537,0.834899439,1221234.314,8192539.971,58600000.0,1.0,62200000.0,2704392.0,12200000.0,58600000.0,31.0,62200000.0,2304780.852,11300000.0,58600000.0,1.0,0,0,492,572,0.385338203,0.449561236,0,1430,127.9622642,256.6862768,65887.8447,0,0,0,1,0,0,0,0,1,130.4230769,70.625,181.6785714,24,1695,28,5087,8192,193,13,20,1798151.0,0.0,1798151.0,1798151.0,58600000.0,0.0,58600000.0,58600000.0,Benign
53,17,2018-03-02 09:58:36,133417,1,1,43,99.0,43,43,43.0,0.0,99,99,99.0,0.0,1064.332132,14.9905934,133417.0,0.0,133417.0,133417.0,0.0,0.0,0.0,0.0,0.0,0.0,0.0,0.0,0.0,0.0,0,0,8,8,7.495296701,7.495296701,43,99,61.66666667,32.33161507,1045.333333,0,0,0,0,0,0,0,0,1,92.5,43.0,99.0,1,43,1,99,-1,-1,0,8,0.0,0.0,0.0,0.0,0.0,0.0,0.0,0.0,Benign
80,6,2018-03-02 09:48:19,79,2,0,0,0.0,0,0,0.0,0.0,0,0,0.0,0.0,0.0,25316.4557,79.0,0.0,79.0,79.0,79.0,79.0,0.0,79.0,79.0,0.0,0.0,0.0,0.0,0.0,0,0,40,0,25316.4557,0.0,0,0,0.0,0.0,0.0,0,0,0,0,1,0,0,0,0,0.0,0.0,0.0,2,0,0,0,278,-1,0,20,0.0,0.0,0.0,0.0,0.0,0.0,0.0,0.0,Benign
53376,6,2018-03-02 03:48:08,44,1,1,0,0.0,0,0,0.0,0.0,0,0,0.0,0.0,0.0,45454.54545,44.0,0.0,44.0,44.0,0.0,0.0,0.0,0.0,0.0,0.0,0.0,0.0,0.0,0.0,0,0,20,20,22727.27273,22727.27273,0,0,0.0,0.0,0.0,0,0,0,0,1,1,0,0,1,0.0,0.0,0.0,1,0,1,0,184,258,0,20,0.0,0.0,0.0,0.0,0.0,0.0,0.0,0.0,Benign
53,17,2018-03-02 10:51:00,236764,2,2,106,440.0,53,53,53.0,0.0,220,220,220.0,0.0,2306.093832,16.89446031,78921.33333,103388.9378,195957.0,1.0,40806.0,40806.0,0.0,40806.0,40806.0,1.0,1.0,0.0,1.0,1.0,0,0,16,16,8.447230153,8.447230153,53,220,119.8,91.4696671,8366.7,0,0,0,0,0,0,0,0,1,149.75,53.0,220.0,2,106,2,440,-1,-1,1,8,0.0,0.0,0.0,0.0,0.0,0.0,0.0,0.0,Benign
80,6,2018-03-02 08:50:36,118417583,5,9,249,9813.0,249,0,49.8,111.3561853,1460,0,1090.333333,632.3535404,84.97048956,0.118225686,9109044.846,32800000.0,118000000.0,0.0,118000000.0,29600000.0,59200000.0,118000000.0,96.0,12155.0,1519.375,3982.382702,11351.0,0.0,0,0,112,192,0.042223459,0.076002227,0,1460,670.8,717.6758321,515058.6,0,0,0,1,0,0,0,0,1,718.7142857,49.8,1090.333333,5,249,9,9813,8192,288,1,20,0.0,0.0,0.0,0.0,0.0,0.0,0.0,0.0,Benign
80,6,2018-03-02 12:44:31,6528565,4,4,97,231.0,97,0,24.25,48.5,231,0,57.75,115.5,50.24074969,1.225384139,932652.1429,2440231.839,6466334.0,38.0,62231.0,20743.66667,35669.29515,61931.0,114.0,6528417.0,2176139.0,3768755.496,6527923.0,199.0,0,0,92,92,0.612692069,0.612692069,0,231,36.44444444,79.69960965,6352.027778,0,0,0,1,0,0,0,0,1,41.0,24.25,57.75,4,97,4,231,8192,141,1,20,0.0,0.0,0.0,0.0,0.0,0.0,0.0,0.0,Benign
3389,6,2018-03-02 12:27:14,1666316,8,7,1144,1581.0,677,0,143.0,227.9699228,1173,0,225.8571429,430.0986044,1635.344076,9.001893998,119022.5714,241322.8737,937514.0,4.0,1666316.0,238045.1429,387563.1639,1111924.0,4.0,1555274.0,259212.3333,333204.0037,937514.0,108614.0,0,0,172,152,4.801010133,4.200883866,0,1173,170.3125,319.4027173,102018.0958,0,0,1,1,0,0,0,1,0,181.6666667,143.0,225.8571429,8,1144,7,1581,8192,62856,5,20,0.0,0.0,0.0,0.0,0.0,0.0,0.0,0.0,Benign
3389,6,2018-03-02 11:26:08,1765536,9,7,1128,1581.0,661,0,125.3333333,213.4830204,1173,0,225.8571429,430.0986044,1534.378228,9.062403712,117702.4,242752.25,937535.0,94.0,1765536.0,220692.0,340413.0645,1024492.0,2871.0,1743147.0,290524.5,328944.1563,937535.0,43514.0,0,0,192,152,5.097602088,3.964801624,0,1173,159.3529412,310.3705328,96329.86765,0,0,0,1,0,0,0,0,0,169.3125,125.3333333,225.8571429,9,1128,7,1581,8192,62872,5,20,0.0,0.0,0.0,0.0,0.0,0.0,0.0,0.0,Benign
80,6,2018-03-02 04:12:52,782,3,4,161,488.0,161,0,53.66666667,92.95339334,488,0,122.0,244.0,829923.2737,8951.40665,130.3333333,89.41513668,228.0,1.0,414.0,207.0,107.4802307,283.0,131.0,554.0,184.6666667,169.4766454,335.0,1.0,0,0,72,92,3836.317136,5115.089514,0,488,81.125,173.7875859,30202.125,0,0,0,1,0,0,0,0,1,92.71428571,53.66666667,122.0,3,161,4,488,8192,149,1,20,0.0,0.0,0.0,0.0,0.0,0.0,0.0,0.0,Benign
80,6,2018-03-02 10:35:05,116154541,16,14,443,706.0,432,0,27.6875,107.8175736,706,0,50.42857143,188.6864368,9.891993805,0.258276601,4005329.0,4839577.344,10000000.0,41.0,116000000.0,7743636.067,4180421.837,10100000.0,20009.0,112000000.0,8581018.769,3753202.102,10100000.0,96801.0,0,0,332,424,0.13774752,0.12052908,0,706,37.06451613,146.3425059,21416.12903,0,0,0,1,0,0,0,0,0,38.3,27.6875,50.42857143,16,443,14,706,8192,172,12,20,138255.4545,94238.89547,421416.0,95849.0,10000000.0,17516.51983,10000000.0,9952998.0,Benign
3389,6,2018-03-02 01:42:37,1663364,8,7,1128,1581.0,661,0,141.0,222.6233206,1173,0,225.8571429,430.0986044,1628.627288,9.017869811,118811.7143,245652.2224,953142.0,3.0,1663364.0,237623.4286,388685.7206,1114175.0,3.0,1554723.0,259120.5,340606.534,953142.0,108944.0,0,0,172,152,4.809530566,4.208339245,0,1173,169.3125,317.731274,100953.1625,0,0,1,1,0,0,0,1,0,180.6,141.0,225.8571429,8,1128,7,1581,8192,62872,5,20,0.0,0.0,0.0,0.0,0.0,0.0,0.0,0.0,Benign
3389,6,2018-03-02 12:56:47,119982234,112,111,0,5661.0,0,0,0.0,0.0,51,51,51.0,0.0,47.18198529,1.8586085,540460.5135,487393.249,1932119.0,82479.0,120000000.0,1080921.027,243288.6101,2017796.0,1004313.0,119000000.0,1081507.282,244200.7659,2015650.0,1015525.0,0,0,2240,2220,0.933471534,0.925136967,0,51,25.27232143,25.55609221,653.1138493,0,0,0,0,1,0,0,0,0,25.38565022,0.0,51.0,112,0,111,5661,254,63211,0,20,0.0,0.0,0.0,0.0,0.0,0.0,0.0,0.0,Benign
80,6,2018-03-02 02:10:47,53789260,2,0,0,0.0,0,0,0.0,0.0,0,0,0.0,0.0,0.0,0.037182144,53800000.0,0.0,53800000.0,53800000.0,53800000.0,53800000.0,0.0,53800000.0,53800000.0,0.0,0.0,0.0,0.0,0.0,0,0,40,0,0.037182144,0.0,0,0,0.0,0.0,0.0,0,0,0,0,1,0,0,0,0,0.0,0.0,0.0,2,0,0,0,279,-1,0,20,0.0,0.0,0.0,0.0,0.0,0.0,0.0,0.0,Benign
445,6,2018-03-02 04:44:26,782323,6,5,455,338.0,140,0,75.83333333,62.93621109,145,0,67.6,69.7588704,1013.647816,14.06068849,78232.3,100869.9153,195654.0,49.0,782274.0,156454.8,87393.32316,195718.0,121.0,782259.0,195564.75,238.681622,195921.0,195416.0,0,0,132,112,7.669466448,6.39122204,0,145,66.08333333,63.40269328,4019.901515,0,0,0,1,0,0,0,0,0,72.09090909,75.83333333,67.6,6,455,5,338,8192,0,4,20,0.0,0.0,0.0,0.0,0.0,0.0,0.0,0.0,Benign
0,0,2018-03-02 05:13:14,12120891,18,0,0,0.0,0,0,0.0,0.0,0,0,0.0,0.0,0.0,1.485039342,712993.5882,1861284.13,7693519.0,1176.0,12100000.0,712993.5882,1861284.13,7693519.0,1176.0,0.0,0.0,0.0,0.0,0.0,0,0,0,0,1.485039342,0.0,0,0,0.0,0.0,0.0,0,0,0,0,0,0,0,0,0,0.0,0.0,0.0,18,0,0,0,-1,-1,0,0,4199309.0,0.0,4199309.0,4199309.0,7693519.0,0.0,7693519.0,7693519.0,Benign
443,6,2018-03-02 09:03:45,118134805,21,23,2021,6316.0,934,0,96.23809524,211.1958581,1430,0,274.6086957,480.6224883,70.57191994,0.372455857,2747321.047,12500000.0,58900000.0,2.0,118000000.0,5906740.25,18000000.0,58900000.0,40.0,118000000.0,5362670.273,17200000.0,59000000.0,2.0,0,0,432,472,0.177763023,0.194692834,0,1430,185.2666667,380.143119,144508.7909,0,0,0,1,0,0,0,0,1,189.4772727,96.23809524,274.6086957,21,2021,23,6316,8192,191,11,20,520842.0,516207.7493,885856.0,155828.0,58500000.0,551698.8528,58900000.0,58100000.0,Benign
3389,6,2018-03-02 03:28:35,7943594,11,11,1832,1600.0,661,0,166.5454545,252.9100091,1173,0,145.4545455,351.3719863,432.0462501,2.769527244,378266.381,883751.5693,3004887.0,4.0,7943594.0,794359.4,1200683.944,3072883.0,4.0,7785963.0,778596.3,1181187.351,3004887.0,69815.0,0,0,244,268,1.384763622,1.384763622,0,1173,149.2173913,293.875508,86362.81423,0,0,0,1,0,0,0,0,1,156.0,166.5454545,145.4545455,11,1832,11,1600,8192,62872,7,20,0.0,0.0,0.0,0.0,0.0,0.0,0.0,0.0,Benign
443,6,2018-03-02 03:14:12,172,3,0,31,0.0,31,0,10.33333333,17.89785834,0,0,0.0,0.0,180232.5581,17441.86047,86.0,89.09545443,149.0,23.0,172.0,86.0,89.09545443,149.0,23.0,0.0,0.0,0.0,0.0,0.0,0,0,60,0,17441.86047,0.0,0,31,7.75,15.5,240.25,0,0,0,0,1,0,0,0,0,10.33333333,10.33333333,0.0,3,31,0,0,258,-1,1,20,0.0,0.0,0.0,0.0,0.0,0.0,0.0,0.0,Benign
53,17,2018-03-02 03:00:40,68324,2,2,66,258.0,33,33,33.0,0.0,129,129,129.0,0.0,4742.111118,58.5445817,22774.66667,24496.1486,48709.0,29.0,48709.0,48709.0,0.0,48709.0,48709.0,29.0,29.0,0.0,29.0,29.0,0,0,16,16,29.27229085,29.27229085,33,129,71.4,52.58136552,2764.8,0,0,0,0,0,0,0,0,1,89.25,33.0,129.0,2,66,2,258,-1,-1,1,8,0.0,0.0,0.0,0.0,0.0,0.0,0.0,0.0,Benign
49498,6,2018-03-02 08:47:39,999227,2,0,0,0.0,0,0,0.0,0.0,0,0,0.0,0.0,0.0,2.001547196,999227.0,0.0,999227.0,999227.0,999227.0,999227.0,0.0,999227.0,999227.0,0.0,0.0,0.0,0.0,0.0,0,0,40,0,2.001547196,0.0,0,0,0.0,0.0,0.0,0,0,0,0,1,0,0,0,0,0.0,0.0,0.0,2,0,0,0,7316,-1,0,20,0.0,0.0,0.0,0.0,0.0,0.0,0.0,0.0,Benign
3389,6,2018-03-02 02:58:23,2446916,8,7,1144,1581.0,677,0,143.0,227.9699228,1173,0,225.8571429,430.0986044,1113.646729,6.130165482,174779.7143,252233.925,953136.0,101.0,2446916.0,349559.4286,404822.8048,1244813.0,236.0,2208008.0,368001.3333,287179.7519,953136.0,237074.0,0,0,172,152,3.26942159,2.860743891,0,1173,170.3125,319.4027173,102018.0958,0,0,0,1,0,0,0,0,0,181.6666667,143.0,225.8571429,8,1144,7,1581,64240,62856,5,20,0.0,0.0,0.0,0.0,0.0,0.0,0.0,0.0,Benign
80,6,2018-03-02 03:26:18,53095293,2,0,0,0.0,0,0,0.0,0.0,0,0,0.0,0.0,0.0,0.037668122,53100000.0,0.0,53100000.0,53100000.0,53100000.0,53100000.0,0.0,53100000.0,53100000.0,0.0,0.0,0.0,0.0,0.0,0,0,40,0,0.037668122,0.0,0,0,0.0,0.0,0.0,0,0,0,0,1,0,0,0,0,0.0,0.0,0.0,2,0,0,0,279,-1,0,20,0.0,0.0,0.0,0.0,0.0,0.0,0.0,0.0,Benign
3389,6,2018-03-02 04:03:18,2638837,10,7,1132,1581.0,661,0,113.2,205.342424,1173,0,225.8571429,430.0986044,1028.104426,6.442231938,164927.3125,317166.545,978772.0,4.0,2638837.0,293204.1111,419951.2967,1074802.0,4.0,2566522.0,427753.6667,476366.9857,1123587.0,96750.0,0,0,212,152,3.789548199,2.652683739,0,1173,150.7222222,303.4809434,92100.68301,0,0,1,1,0,0,0,1,0,159.5882353,113.2,225.8571429,10,1132,7,1581,8192,62868,5,20,0.0,0.0,0.0,0.0,0.0,0.0,0.0,0.0,Benign
53,17,2018-03-02 12:30:49,22312,1,1,50,78.0,50,50,50.0,0.0,78,78,78.0,0.0,5736.823234,89.63786303,22312.0,0.0,22312.0,22312.0,0.0,0.0,0.0,0.0,0.0,0.0,0.0,0.0,0.0,0.0,0,0,8,8,44.81893152,44.81893152,50,78,59.33333333,16.16580754,261.3333333,0,0,0,0,0,0,0,0,1,89.0,50.0,78.0,1,50,1,78,-1,-1,0,8,0.0,0.0,0.0,0.0,0.0,0.0,0.0,0.0,Benign
443,6,2018-03-02 10:34:51,90410283,16,18,1107,3045.0,533,0,69.1875,157.9452305,1460,0,169.1666667,423.8486481,45.92397969,0.376063417,2739705.545,4507399.975,10000000.0,2.0,90400000.0,6025349.133,5057573.084,10000000.0,224.0,90400000.0,5316479.471,5151862.238,10000000.0,2.0,0,0,332,368,0.17697102,0.199092397,0,1460,118.6285714,322.0964494,103746.1227,0,0,0,1,0,0,0,0,1,122.1176471,69.1875,169.1666667,16,1107,18,3045,8192,0,12,20,54523.55556,72806.92785,248675.0,30040.0,9987725.0,39093.24226,10000000.0,9883477.0,Benign
3389,6,2018-03-02 04:57:37,2285705,8,8,1144,1581.0,677,0,143.0,227.9699228,1173,0,197.625,406.121705,1192.192343,7.000028438,152380.3333,243726.0817,953165.0,1.0,2285705.0,326529.2857,405902.7046,1229542.0,1.0,2068073.0,295439.0,302049.072,953165.0,2923.0,0,0,172,172,3.500014219,3.500014219,0,1173,160.2941176,312.0067637,97348.22059,0,0,0,1,0,0,0,0,1,170.3125,143.0,197.625,8,1144,8,1581,64240,62856,5,20,0.0,0.0,0.0,0.0,0.0,0.0,0.0,0.0,Benign
3200,6,2018-03-02 10:20:46,86077518,2,0,0,0.0,0,0,0.0,0.0,0,0,0.0,0.0,0.0,0.023234871,86100000.0,0.0,86100000.0,86100000.0,86100000.0,86100000.0,0.0,86100000.0,86100000.0,0.0,0.0,0.0,0.0,0.0,0,0,40,0,0.023234871,0.0,0,0,0.0,0.0,0.0,0,0,0,0,1,0,0,0,0,0.0,0.0,0.0,2,0,0,0,62564,-1,0,20,0.0,0.0,0.0,0.0,86100000.0,0.0,86100000.0,86100000.0,Benign
53,17,2018-03-02 11:15:21,97625,2,2,72,286.0,36,36,36.0,0.0,143,143,143.0,0.0,3667.09347,40.9731114,32541.66667,32157.15641,64300.0,0.0,64300.0,64300.0,0.0,64300.0,64300.0,0.0,0.0,0.0,0.0,0.0,0,0,16,16,20.4865557,20.4865557,36,143,78.8,58.60631365,3434.7,0,0,0,0,0,0,0,0,1,98.5,36.0,143.0,2,72,2,286,-1,-1,1,8,0.0,0.0,0.0,0.0,0.0,0.0,0.0,0.0,Benign
80,6,2018-03-02 08:49:29,23619,4,8,249,7398.0,249,0,62.25,124.5,1460,0,924.75,739.334015,323764.7657,508.0655405,2147.181818,4496.175749,11227.0,1.0,23619.0,7873.0,6740.578388,12230.0,109.0,12357.0,1765.285714,4255.513511,11381.0,1.0,0,0,92,172,169.3551802,338.7103603,0,1460,588.2307692,720.6134139,519283.6923,0,0,0,1,0,0,0,0,2,637.25,62.25,924.75,4,249,8,7398,8192,288,1,20,0.0,0.0,0.0,0.0,0.0,0.0,0.0,0.0,Benign
53,17,2018-03-02 11:47:11,1226,1,1,42,105.0,42,42,42.0,0.0,105,105,105.0,0.0,119902.1207,1631.32137,1226.0,0.0,1226.0,1226.0,0.0,0.0,0.0,0.0,0.0,0.0,0.0,0.0,0.0,0.0,0,0,8,8,815.6606852,815.6606852,42,105,63.0,36.37306696,1323.0,0,0,0,0,0,0,0,0,1,94.5,42.0,105.0,1,42,1,105,-1,-1,0,8,0.0,0.0,0.0,0.0,0.0,0.0,0.0,0.0,Benign
53553,6,2018-03-02 10:51:29,27072173,2,0,0,0.0,0,0,0.0,0.0,0,0,0.0,0.0,0.0,0.073876596,27100000.0,0.0,27100000.0,27100000.0,27100000.0,27100000.0,0.0,27100000.0,27100000.0,0.0,0.0,0.0,0.0,0.0,0,0,40,0,0.073876596,0.0,0,0,0.0,0.0,0.0,0,0,0,0,1,1,0,0,0,0.0,0.0,0.0,2,0,0,0,237,-1,0,20,0.0,0.0,0.0,0.0,0.0,0.0,0.0,0.0,Benign
3389,6,2018-03-02 09:31:35,3966016,10,7,1148,1581.0,677,0,114.8,210.0924664,1173,0,225.8571429,430.0986044,688.0960642,4.286417402,247876.0,389630.5992,1398750.0,93.0,3966016.0,440668.4444,513484.7064,1398750.0,143.0,3719347.0,619891.1667,593823.8148,1692947.0,231367.0,0,0,212,152,2.521422001,1.764995401,0,1173,151.6111111,305.0826578,93075.4281,0,0,1,1,0,0,0,1,0,160.5294118,114.8,225.8571429,10,1148,7,1581,8192,62852,5,20,0.0,0.0,0.0,0.0,0.0,0.0,0.0,0.0,Benign
443,6,2018-03-02 12:18:37,116485049,17,16,1244,4086.0,391,0,73.17647059,112.7797828,1410,0,255.375,462.7954012,45.75694517,0.28329816,3640157.781,14300000.0,58100000.0,11.0,116000000.0,7280315.563,19800000.0,58100000.0,29.0,116000000.0,7760440.267,20500000.0,58200000.0,13.0,0,0,352,332,0.145941476,0.137356683,0,1410,156.7647059,335.5294377,112580.0036,0,0,0,1,0,0,0,0,0,161.5151515,73.17647059,255.375,17,1244,16,4086,8192,127,8,20,146658.5,97192.53418,215384.0,77933.0,58100000.0,38127.90475,58100000.0,58000000.0,Benign
53,17,2018-03-02 02:14:14,261,1,1,33,49.0,33,33,33.0,0.0,49,49,49.0,0.0,314176.2452,7662.835249,261.0,0.0,261.0,261.0,0.0,0.0,0.0,0.0,0.0,0.0,0.0,0.0,0.0,0.0,0,0,8,8,3831.417625,3831.417625,33,49,38.33333333,9.237604307,85.33333333,0,0,0,0,0,0,0,0,1,57.5,33.0,49.0,1,33,1,49,-1,-1,0,8,0.0,0.0,0.0,0.0,0.0,0.0,0.0,0.0,Benign
3389,6,2018-03-02 04:13:23,2822832,9,9,1333,2754.0,661,0,148.1111111,209.3349257,1173,0,306.0,500.0242494,1447.836782,6.376575014,166048.9412,250552.7097,953838.0,3.0,2822832.0,352854.0,383629.6452,1217353.0,3.0,2620915.0,327614.375,293728.0958,953838.0,14439.0,0,0,192,204,3.188287507,3.188287507,0,1173,215.1052632,373.5552755,139543.5439,0,0,1,1,0,0,0,1,1,227.0555556,148.1111111,306.0,9,1333,9,2754,8192,62872,6,20,0.0,0.0,0.0,0.0,0.0,0.0,0.0,0.0,Benign
53,17,2018-03-02 12:31:50,136026,2,2,84,194.0,42,42,42.0,0.0,97,97,97.0,0.0,2043.726935,29.40614294,45342.0,51984.43164,102079.0,1.0,33946.0,33946.0,0.0,33946.0,33946.0,1.0,1.0,0.0,1.0,1.0,0,0,16,16,14.70307147,14.70307147,42,97,64.0,30.12474066,907.5,0,0,0,0,0,0,0,0,1,80.0,42.0,97.0,2,84,2,194,-1,-1,1,8,0.0,0.0,0.0,0.0,0.0,0.0,0.0,0.0,Benign
3389,6,2018-03-02 01:41:28,4036367,14,8,1459,1731.0,741,0,104.2142857,195.1134497,1179,0,216.375,405.4647906,790.3146567,5.450445908,192207.9524,286019.2028,1025975.0,39.0,4036367.0,310489.7692,361717.2432,1159682.0,18717.0,4004105.0,572015.0,398527.9931,1227980.0,125911.0,0,0,292,172,3.468465578,1.98198033,0,1179,138.6956522,280.4109703,78630.31225,0,0,1,1,0,0,0,1,0,145.0,104.2142857,216.375,14,1459,8,1731,8192,62541,7,20,0.0,0.0,0.0,0.0,0.0,0.0,0.0,0.0,Benign
3389,6,2018-03-02 09:54:55,3976610,14,8,1438,1731.0,725,0,102.7142857,191.04467,1179,0,216.375,405.4647906,796.9099308,5.532350419,189362.381,281385.2189,953118.0,42.0,3976610.0,305893.0769,370342.8741,1215048.0,29251.0,3939464.0,562780.5714,373514.4771,1036893.0,165940.0,0,0,292,172,3.52058663,2.011763789,0,1179,137.7826087,278.8696268,77768.26877,0,0,1,1,0,0,0,1,0,144.0454545,102.7142857,216.375,14,1438,8,1731,8192,62562,7,20,0.0,0.0,0.0,0.0,0.0,0.0,0.0,0.0,Benign
445,6,2018-03-02 11:38:27,959354,7,5,364,582.0,103,0,52.0,49.21720566,409,0,116.4,167.0353256,986.0802165,12.50841712,87214.0,99246.09814,196706.0,37.0,959354.0,159892.3333,77448.42605,198747.0,2304.0,777568.0,194392.0,2433.216938,196788.0,191969.0,0,0,148,108,7.296576655,5.211840468,0,409,72.76923077,109.5332171,11997.52564,0,0,0,1,0,0,0,0,0,78.83333333,52.0,116.4,7,364,5,582,8192,63964,4,20,0.0,0.0,0.0,0.0,0.0,0.0,0.0,0.0,Benign
443,6,2018-03-02 11:32:03,11223734,62,96,6406,119161.0,477,0,103.3225806,183.1343477,1460,0,1241.260417,461.5901633,11187.6315,14.07731153,71488.75159,409373.6797,5003115.0,1.0,6220619.0,101977.3607,148083.2168,487167.0,109.0,10900000.0,115035.7895,525268.4074,5003126.0,1.0,0,0,1252,1932,5.52400832,8.553303206,0,1460,789.7295597,673.6204626,453764.5277,0,0,0,1,0,0,0,0,1,794.7278481,103.3225806,1241.260417,62,6406,96,119161,8192,354,16,20,0.0,0.0,0.0,0.0,0.0,0.0,0.0,0.0,Benign
0,0,2018-03-02 04:51:42,112639321,3,0,0,0.0,0,0,0.0,0.0,0,0,0.0,0.0,0.0,0.026633683,56300000.0,23.33452378,56300000.0,56300000.0,113000000.0,56300000.0,23.33452378,56300000.0,56300000.0,0.0,0.0,0.0,0.0,0.0,0,0,0,0,0.026633683,0.0,0,0,0.0,0.0,0.0,0,0,0,0,0,0,0,0,0,0.0,0.0,0.0,3,0,0,0,-1,-1,0,0,0.0,0.0,0.0,0.0,56300000.0,23.33452378,56300000.0,56300000.0,Benign
443,6,2018-03-02 10:52:00,90898471,6,4,391,0.0,79,0,65.16666667,31.96508512,0,0,0.0,0.0,4.301502497,0.110012852,10100000.0,14900000.0,30000000.0,12245.0,90900000.0,18200000.0,16200000.0,30000000.0,58456.0,90100000.0,30000000.0,2877.661724,30000000.0,30000000.0,1,0,120,80,0.066007711,0.044005141,0,79,42.36363636,40.58638374,1647.254545,0,1,0,0,1,0,0,0,0,46.6,65.16666667,0.0,6,391,4,0,73,73,4,20,277793.3333,457389.9442,805939.0,12245.0,30000000.0,1786.502822,30000000.0,30000000.0,Benign
55221,6,2018-03-02 01:47:28,85978047,2,0,0,0.0,0,0,0.0,0.0,0,0,0.0,0.0,0.0,0.023261752,86000000.0,0.0,86000000.0,86000000.0,86000000.0,86000000.0,0.0,86000000.0,86000000.0,0.0,0.0,0.0,0.0,0.0,0,0,40,0,0.023261752,0.0,0,0,0.0,0.0,0.0,0,0,0,0,1,0,0,0,0,0.0,0.0,0.0,2,0,0,0,62568,-1,0,20,0.0,0.0,0.0,0.0,86000000.0,0.0,86000000.0,86000000.0,Benign
445,6,2018-03-02 10:21:37,198458,3,1,0,0.0,0,0,0.0,0.0,0,0,0.0,0.0,0.0,20.15539812,66152.66667,113550.5464,197268.0,44.0,198458.0,99229.0,138710.3088,197312.0,1146.0,0.0,0.0,0.0,0.0,0.0,0,0,72,32,15.11654859,5.03884953,0,0,0.0,0.0,0.0,0,0,0,1,0,0,0,0,0,0.0,0.0,0.0,3,0,1,0,8192,8192,0,20,0.0,0.0,0.0,0.0,0.0,0.0,0.0,0.0,Benign
443,6,2018-03-02 09:27:46,117369768,21,18,1688,854.0,539,0,80.38095238,189.2380713,351,0,47.44444444,116.0599349,21.65804741,0.332283182,3088678.105,4547438.49,10000000.0,13.0,117000000.0,5868488.4,4843104.678,10000000.0,13.0,112000000.0,6611799.824,4801981.139,10000000.0,327.0,0,0,432,504,0.178921713,0.153361469,0,539,63.55,156.8819497,24611.94615,0,0,1,1,0,0,0,1,0,65.17948718,80.38095238,47.44444444,21,1688,18,854,8192,1014,16,20,211808.8182,596292.7187,2009699.0,31922.0,10000000.0,27123.69386,10000000.0,9924643.0,Benign
53,17,2018-03-02 10:30:24,23746,1,1,35,97.0,35,35,35.0,0.0,97,97,97.0,0.0,5558.830961,84.22471153,23746.0,0.0,23746.0,23746.0,0.0,0.0,0.0,0.0,0.0,0.0,0.0,0.0,0.0,0.0,0,0,8,8,42.11235577,42.11235577,35,97,55.66666667,35.79571669,1281.333333,0,0,0,0,0,0,0,0,1,83.5,35.0,97.0,1,35,1,97,-1,-1,0,8,0.0,0.0,0.0,0.0,0.0,0.0,0.0,0.0,Benign
55638,6,2018-03-02 08:54:49,145,2,0,0,0.0,0,0,0.0,0.0,0,0,0.0,0.0,0.0,13793.10345,145.0,0.0,145.0,145.0,145.0,145.0,0.0,145.0,145.0,0.0,0.0,0.0,0.0,0.0,0,0,40,0,13793.10345,0.0,0,0,0.0,0.0,0.0,0,0,0,0,1,0,0,0,0,0.0,0.0,0.0,2,0,0,0,257,-1,0,20,0.0,0.0,0.0,0.0,0.0,0.0,0.0,0.0,Benign
54628,6,2018-03-02 12:28:14,172,2,0,0,0.0,0,0,0.0,0.0,0,0,0.0,0.0,0.0,11627.90698,172.0,0.0,172.0,172.0,172.0,172.0,0.0,172.0,172.0,0.0,0.0,0.0,0.0,0.0,0,0,40,0,11627.90698,0.0,0,0,0.0,0.0,0.0,0,0,0,0,1,0,0,0,0,0.0,0.0,0.0,2,0,0,0,260,-1,0,20,0.0,0.0,0.0,0.0,0.0,0.0,0.0,0.0,Benign
3389,6,2018-03-02 03:36:24,1564454,8,7,1138,1581.0,677,0,142.25,227.7465697,1173,0,225.8571429,430.0986044,1737.986544,9.588009619,111746.7143,246025.0559,953117.0,83.0,1564454.0,223493.4286,387825.9405,1099647.0,1840.0,1473404.0,245567.3333,347327.6065,953117.0,91342.0,0,0,172,152,5.11360513,4.474404489,0,1173,169.9375,319.3627966,101992.5958,0,0,0,1,0,0,0,0,0,181.2666667,142.25,225.8571429,8,1138,7,1581,8192,62862,5,20,0.0,0.0,0.0,0.0,0.0,0.0,0.0,0.0,Benign
80,6,2018-03-02 04:09:42,87,2,0,0,0.0,0,0,0.0,0.0,0,0,0.0,0.0,0.0,22988.50575,87.0,0.0,87.0,87.0,87.0,87.0,0.0,87.0,87.0,0.0,0.0,0.0,0.0,0.0,0,0,40,0,22988.50575,0.0,0,0,0.0,0.0,0.0,0,0,0,0,1,0,0,0,0,0.0,0.0,0.0,2,0,0,0,279,-1,0,20,0.0,0.0,0.0,0.0,0.0,0.0,0.0,0.0,Benign
80,6,2018-03-02 09:00:45,55123986,2,0,0,0.0,0,0,0.0,0.0,0,0,0.0,0.0,0.0,0.036281847,55100000.0,0.0,55100000.0,55100000.0,55100000.0,55100000.0,0.0,55100000.0,55100000.0,0.0,0.0,0.0,0.0,0.0,0,0,40,0,0.036281847,0.0,0,0,0.0,0.0,0.0,0,0,0,0,1,0,0,0,0,0.0,0.0,0.0,2,0,0,0,279,-1,0,20,0.0,0.0,0.0,0.0,0.0,0.0,0.0,0.0,Benign
3389,6,2018-03-02 01:31:35,1681892,8,7,1128,1581.0,661,0,141.0,222.6233206,1173,0,225.8571429,430.0986044,1610.686061,8.918527468,120135.1429,245526.2291,953143.0,3.0,1681892.0,240270.2857,390284.24,1120151.0,3.0,1572915.0,262152.5,339217.6569,953143.0,109281.0,0,0,172,152,4.756547983,4.161979485,0,1173,169.3125,317.731274,100953.1625,0,0,1,1,0,0,0,1,0,180.6,141.0,225.8571429,8,1128,7,1581,8192,62872,5,20,0.0,0.0,0.0,0.0,0.0,0.0,0.0,0.0,Benign
0,0,2018-03-02 11:29:17,102346934,17,0,0,0.0,0,0,0.0,0.0,0,0,0.0,0.0,0.0,0.166101703,6396683.375,15300000.0,45500000.0,123119.0,102000000.0,6396683.375,15300000.0,45500000.0,123119.0,0.0,0.0,0.0,0.0,0.0,0,0,0,0,0.166101703,0.0,0,0,0.0,0.0,0.0,0,0,0,0,0,0,0,0,0,0.0,0.0,0.0,17,0,0,0,-1,-1,0,0,4024066.5,1961145.808,5410806.0,2637327.0,45400000.0,85170.30469,45500000.0,45400000.0,Benign
443,6,2018-03-02 01:26:15,115613750,114,124,20130,120590.0,565,0,176.5789474,230.9393245,1460,0,972.5,594.7067802,1217.156264,2.058578673,487821.73,2005056.273,10000000.0,0.0,116000000.0,1022847.566,2823658.681,10000000.0,18.0,116000000.0,939687.9593,2729257.067,10000000.0,0.0,0,0,2292,2612,0.986041885,1.072536787,0,1460,588.7866109,606.3496305,367659.8744,0,0,0,1,0,0,0,0,1,591.2605042,176.5789474,972.5,114,20130,124,120590,8192,2390,53,20,1570660.3,4865281.783,15400000.0,31997.0,9987517.2,40374.52481,10000000.0,9872624.0,Benign
443,6,2018-03-02 08:47:04,60848301,14,13,1032,1578.0,379,0,73.71428571,141.3236485,727,0,121.3846154,260.5435147,42.89355589,0.44372644,2340319.269,4266026.038,10000000.0,31.0,60800000.0,4680638.538,5113432.006,10000000.0,139.0,60800000.0,5069634.917,5170182.083,10000000.0,170.0,0,0,292,344,0.230080376,0.213646064,0,727,93.21428571,201.7116308,40687.58201,0,0,0,1,0,0,0,0,0,96.66666667,73.71428571,121.3846154,14,1032,13,1578,8192,127,10,20,49385.16667,92237.4297,237664.0,11667.0,9973534.667,73495.34656,10000000.0,9823513.0,Benign
53,17,2018-03-02 08:47:19,1099,1,1,44,172.0,44,44,44.0,0.0,172,172,172.0,0.0,196542.3112,1819.836215,1099.0,0.0,1099.0,1099.0,0.0,0.0,0.0,0.0,0.0,0.0,0.0,0.0,0.0,0.0,0,0,8,8,909.9181074,909.9181074,44,172,86.66666667,73.90083446,5461.333333,0,0,0,0,0,0,0,0,1,130.0,44.0,172.0,1,44,1,172,-1,-1,0,8,0.0,0.0,0.0,0.0,0.0,0.0,0.0,0.0,Benign
53,17,2018-03-02 03:58:58,267,1,1,38,54.0,38,38,38.0,0.0,54,54,54.0,0.0,344569.2884,7490.636704,267.0,0.0,267.0,267.0,0.0,0.0,0.0,0.0,0.0,0.0,0.0,0.0,0.0,0.0,0,0,8,8,3745.318352,3745.318352,38,54,43.33333333,9.237604307,85.33333333,0,0,0,0,0,0,0,0,1,65.0,38.0,54.0,1,38,1,54,-1,-1,0,8,0.0,0.0,0.0,0.0,0.0,0.0,0.0,0.0,Benign
443,6,2018-03-02 11:04:56,1078,3,0,77,0.0,46,0,25.66666667,23.45918441,0,0,0.0,0.0,71428.57143,2782.931354,539.0,735.3910524,1059.0,19.0,1078.0,539.0,735.3910524,1059.0,19.0,0.0,0.0,0.0,0.0,0.0,1,0,60,0,2782.931354,0.0,0,46,30.75,21.68524844,470.25,0,1,0,0,1,0,0,0,0,41.0,25.66666667,0.0,3,77,0,0,254,-1,1,20,0.0,0.0,0.0,0.0,0.0,0.0,0.0,0.0,Benign
3389,6,2018-03-02 03:57:08,2321377,9,9,1349,2754.0,677,0,149.8888889,214.245446,1173,0,306.0,500.0242494,1767.485419,7.754018412,136551.5882,232427.3205,937951.0,47.0,2321377.0,290172.125,383738.1421,1153571.0,81.0,2169035.0,271129.375,291499.667,937951.0,48354.0,0,0,192,204,3.877009206,3.877009206,0,1173,215.9473684,374.6327793,140349.7193,0,0,1,1,0,0,0,1,1,227.9444444,149.8888889,306.0,9,1349,9,2754,8192,62856,6,20,0.0,0.0,0.0,0.0,0.0,0.0,0.0,0.0,Benign
80,6,2018-03-02 09:32:45,908,3,4,161,488.0,161,0,53.66666667,92.95339334,488,0,122.0,244.0,714757.7093,7709.251101,151.3333333,103.7876036,320.0,29.0,535.0,267.5,154.8563851,377.0,158.0,588.0,196.0,191.4862919,405.0,29.0,0,0,72,92,3303.964758,4405.286344,0,488,81.125,173.7875859,30202.125,0,0,0,1,0,0,0,0,1,92.71428571,53.66666667,122.0,3,161,4,488,8192,149,1,20,0.0,0.0,0.0,0.0,0.0,0.0,0.0,0.0,Benign
53,17,2018-03-02 10:32:11,452,1,1,40,56.0,40,40,40.0,0.0,56,56,56.0,0.0,212389.3805,4424.778761,452.0,0.0,452.0,452.0,0.0,0.0,0.0,0.0,0.0,0.0,0.0,0.0,0.0,0.0,0,0,8,8,2212.389381,2212.389381,40,56,45.33333333,9.237604307,85.33333333,0,0,0,0,0,0,0,0,1,68.0,40.0,56.0,1,40,1,56,-1,-1,0,8,0.0,0.0,0.0,0.0,0.0,0.0,0.0,0.0,Benign
80,6,2018-03-02 10:59:10,968,3,4,161,488.0,161,0,53.66666667,92.95339334,488,0,122.0,244.0,670454.5455,7231.404959,161.3333333,128.6649395,332.0,0.0,452.0,226.0,138.5929291,324.0,128.0,692.0,230.6666667,200.2531731,360.0,0.0,0,0,72,92,3099.173554,4132.231405,0,488,81.125,173.7875859,30202.125,0,0,0,1,0,0,0,0,1,92.71428571,53.66666667,122.0,3,161,4,488,8192,149,1,20,0.0,0.0,0.0,0.0,0.0,0.0,0.0,0.0,Benign
3389,6,2018-03-02 11:31:18,4101701,13,8,1435,1731.0,725,0,110.3846154,196.5356365,1179,0,216.375,405.4647906,771.874888,5.119827116,205085.05,310748.4631,988499.0,4.0,4101701.0,341808.4167,398740.7464,1187562.0,4.0,4027796.0,575399.4286,465704.9511,1218243.0,107137.0,0,0,272,172,3.169416786,1.95041033,0,1179,143.9090909,283.8223638,80555.1342,0,0,1,1,0,0,0,1,0,150.7619048,110.3846154,216.375,13,1435,8,1731,8192,62650,7,20,0.0,0.0,0.0,0.0,0.0,0.0,0.0,0.0,Benign
3389,6,2018-03-02 11:44:54,4089913,14,9,1434,1731.0,725,0,102.4285714,191.1405903,1179,0,192.3333333,386.0744747,773.8550918,5.623591504,185905.1364,251601.1002,953128.0,2.0,4089913.0,314608.6923,330361.6958,1181793.0,2.0,4071589.0,508948.625,358685.897,953128.0,16719.0,0,0,292,192,3.423055698,2.200535806,0,1179,131.875,274.2425636,75208.9837,0,0,1,1,0,0,0,1,0,137.6086957,102.4285714,192.3333333,14,1434,9,1731,8192,62566,7,20,0.0,0.0,0.0,0.0,0.0,0.0,0.0,0.0,Benign
17696,6,2018-03-02 12:18:29,28,2,0,0,0.0,0,0,0.0,0.0,0,0,0.0,0.0,0.0,71428.57143,28.0,0.0,28.0,28.0,28.0,28.0,0.0,28.0,28.0,0.0,0.0,0.0,0.0,0.0,0,0,40,0,71428.57143,0.0,0,0,0.0,0.0,0.0,0,0,0,0,1,0,0,0,0,0.0,0.0,0.0,2,0,0,0,256,-1,0,20,0.0,0.0,0.0,0.0,0.0,0.0,0.0,0.0,Benign
443,6,2018-03-02 02:38:09,860085,9,7,512,4473.0,194,0,56.88888889,83.48269947,1430,0,639.0,695.7693583,5795.938773,18.60281251,57339.0,140342.2492,544508.0,12.0,860085.0,107510.625,182446.3358,544508.0,15.0,218006.0,36334.33333,53625.48836,113178.0,18.0,0,0,192,152,10.46408204,8.138730474,0,1430,293.2352941,523.5647679,274120.0662,0,0,0,1,0,0,0,0,0,311.5625,56.88888889,639.0,9,512,7,4473,8192,172,4,20,0.0,0.0,0.0,0.0,0.0,0.0,0.0,0.0,Benign
53,17,2018-03-02 10:28:11,180357,2,2,94,214.0,47,47,47.0,0.0,107,107,107.0,0.0,1707.724125,22.17823539,60119.0,58773.5317,117496.0,42.0,117496.0,117496.0,0.0,117496.0,117496.0,42.0,42.0,0.0,42.0,42.0,0,0,16,16,11.08911769,11.08911769,47,107,71.0,32.86335345,1080.0,0,0,0,0,0,0,0,0,1,88.75,47.0,107.0,2,94,2,214,-1,-1,1,8,0.0,0.0,0.0,0.0,0.0,0.0,0.0,0.0,Benign
80,6,2018-03-02 12:38:40,5783469,4,4,97,231.0,97,0,24.25,48.5,231,0,57.75,115.5,56.71336701,1.383252854,826209.8571,2158689.14,5721383.0,46.0,62086.0,20695.33333,35583.84735,61784.0,115.0,5783328.0,1927776.0,3338522.736,5782770.0,229.0,0,0,92,92,0.691626427,0.691626427,0,231,36.44444444,79.69960965,6352.027778,0,0,0,1,0,0,0,0,1,41.0,24.25,57.75,4,97,4,231,8192,141,1,20,0.0,0.0,0.0,0.0,0.0,0.0,0.0,0.0,Benign
53483,6,2018-03-02 04:49:23,623385,3,0,788,0.0,788,0,262.6666667,454.9520121,0,0,0.0,0.0,1264.066347,4.812435333,311692.5,440798.3466,623384.0,1.0,623385.0,311692.5,440798.3466,623384.0,1.0,0.0,0.0,0.0,0.0,0.0,0,0,60,0,4.812435333,0.0,0,788,197.0,394.0,155236.0,0,0,0,0,1,0,0,0,0,262.6666667,262.6666667,0.0,3,788,0,0,290,-1,1,20,0.0,0.0,0.0,0.0,0.0,0.0,0.0,0.0,Benign
443,6,2018-03-02 09:47:42,117253534,51,82,1022,106674.0,250,0,20.03921569,55.58307684,1460,0,1300.902439,435.7829795,918.4883076,1.13429417,888284.3485,7157438.936,58700000.0,1.0,117000000.0,2345070.68,11600000.0,58700000.0,22.0,117000000.0,1446613.864,9124412.558,58800000.0,1.0,0,0,1032,1652,0.434954907,0.699339263,0,1460,803.7014925,713.8502826,509582.226,0,0,0,1,0,0,0,0,1,809.7443609,20.03921569,1300.902439,51,1022,82,106674,8192,131,8,20,214653.5,195716.5504,353046.0,76261.0,58400000.0,529706.4177,58700000.0,58000000.0,Benign
53,17,2018-03-02 01:40:21,1266,1,1,42,102.0,42,42,42.0,0.0,102,102,102.0,0.0,113744.0758,1579.778831,1266.0,0.0,1266.0,1266.0,0.0,0.0,0.0,0.0,0.0,0.0,0.0,0.0,0.0,0.0,0,0,8,8,789.8894155,789.8894155,42,102,62.0,34.64101615,1200.0,0,0,0,0,0,0,0,0,1,93.0,42.0,102.0,1,42,1,102,-1,-1,0,8,0.0,0.0,0.0,0.0,0.0,0.0,0.0,0.0,Benign
80,6,2018-03-02 10:56:58,53719402,2,0,0,0.0,0,0,0.0,0.0,0,0,0.0,0.0,0.0,0.037230496,53700000.0,0.0,53700000.0,53700000.0,53700000.0,53700000.0,0.0,53700000.0,53700000.0,0.0,0.0,0.0,0.0,0.0,0,0,40,0,0.037230496,0.0,0,0,0.0,0.0,0.0,0,0,0,0,1,0,0,0,0,0.0,0.0,0.0,2,0,0,0,279,-1,0,20,0.0,0.0,0.0,0.0,0.0,0.0,0.0,0.0,Benign
445,6,2018-03-02 11:23:21,706175,5,4,373,172.0,140,0,74.6,70.28371077,133,0,43.0,62.75348596,771.7633731,12.74471625,88271.875,121717.7634,236832.0,42.0,706090.0,176522.5,117628.8245,236970.0,88.0,706125.0,235375.0,1351.97781,236917.0,234393.0,0,0,112,92,7.080397918,5.664318335,0,140,54.5,64.19804428,4121.388889,0,0,0,1,0,0,0,0,0,60.55555556,74.6,43.0,5,373,4,172,8192,0,3,20,0.0,0.0,0.0,0.0,0.0,0.0,0.0,0.0,Benign
53,17,2018-03-02 12:56:33,2004,1,1,39,211.0,39,39,39.0,0.0,211,211,211.0,0.0,124750.499,998.003992,2004.0,0.0,2004.0,2004.0,0.0,0.0,0.0,0.0,0.0,0.0,0.0,0.0,0.0,0.0,0,0,8,8,499.001996,499.001996,39,211,96.33333333,99.3042463,9861.333333,0,0,0,0,0,0,0,0,1,144.5,39.0,211.0,1,39,1,211,-1,-1,0,8,0.0,0.0,0.0,0.0,0.0,0.0,0.0,0.0,Benign
443,6,2018-03-02 01:57:46,59234390,20,41,958,42888.0,213,0,47.9,75.5219731,1410,0,1046.04878,570.8084158,740.2118938,1.029807178,987239.8333,7480914.91,58000000.0,0.0,59200000.0,3117599.474,13300000.0,58000000.0,31.0,1252476.0,31311.9,184895.776,1170771.0,0.0,0,0,412,832,0.337641698,0.69216548,0,1410,707.1935484,665.8222782,443319.3062,0,0,0,1,0,0,0,0,2,718.7868852,47.9,1046.04878,20,958,41,42888,8192,123,7,20,1277189.0,0.0,1277189.0,1277189.0,58000000.0,0.0,58000000.0,58000000.0,Benign
37055,6,2018-03-02 02:35:04,133,2,0,0,0.0,0,0,0.0,0.0,0,0,0.0,0.0,0.0,15037.59398,133.0,0.0,133.0,133.0,133.0,133.0,0.0,133.0,133.0,0.0,0.0,0.0,0.0,0.0,0,0,40,0,15037.59398,0.0,0,0,0.0,0.0,0.0,0,0,0,0,1,0,0,0,0,0.0,0.0,0.0,2,0,0,0,255,-1,0,20,0.0,0.0,0.0,0.0,0.0,0.0,0.0,0.0,Benign
50821,6,2018-03-02 11:03:45,21,1,1,0,0.0,0,0,0.0,0.0,0,0,0.0,0.0,0.0,95238.09524,21.0,0.0,21.0,21.0,0.0,0.0,0.0,0.0,0.0,0.0,0.0,0.0,0.0,0.0,0,0,20,20,47619.04762,47619.04762,0,0,0.0,0.0,0.0,0,0,0,0,1,1,0,0,1,0.0,0.0,0.0,1,0,1,0,1103,252,0,20,0.0,0.0,0.0,0.0,0.0,0.0,0.0,0.0,Benign
80,6,2018-03-02 08:52:03,348093,6,5,296,2108.0,213,0,49.33333333,86.7817185,1460,0,421.6,644.7424292,6906.200355,31.60075037,34809.3,88901.09128,285199.0,1.0,348093.0,69618.6,121494.7091,285199.0,28.0,31628.0,7907.0,15539.06421,31214.0,1.0,0,0,132,112,17.23677293,14.36397744,0,1460,200.3333333,439.2308015,192923.697,0,0,0,1,0,0,0,0,0,218.5454545,49.33333333,421.6,6,296,5,2108,8192,946,2,20,0.0,0.0,0.0,0.0,0.0,0.0,0.0,0.0,Benign
445,6,2018-03-02 04:07:46,788531,5,4,286,170.0,103,0,57.2,52.48523602,131,0,42.5,61.79805822,578.2905174,11.41362863,98566.375,135874.4242,270629.0,52.0,788461.0,197115.25,131394.9311,270925.0,214.0,788479.0,262826.3333,6872.493022,270762.0,258851.0,0,0,112,92,6.340904796,5.072723837,0,131,45.6,52.98469381,2807.377778,0,0,0,1,0,0,0,0,0,50.66666667,57.2,42.5,5,286,4,170,8192,0,3,20,0.0,0.0,0.0,0.0,0.0,0.0,0.0,0.0,Benign
49978,6,2018-03-02 09:13:56,35,1,1,0,0.0,0,0,0.0,0.0,0,0,0.0,0.0,0.0,57142.85714,35.0,0.0,35.0,35.0,0.0,0.0,0.0,0.0,0.0,0.0,0.0,0.0,0.0,0.0,0,0,20,20,28571.42857,28571.42857,0,0,0.0,0.0,0.0,0,0,0,0,1,1,0,0,1,0.0,0.0,0.0,1,0,1,0,116,255,0,20,0.0,0.0,0.0,0.0,0.0,0.0,0.0,0.0,Benign
53,17,2018-03-02 08:46:48,1198,1,1,34,69.0,34,34,34.0,0.0,69,69,69.0,0.0,85976.62771,1669.449082,1198.0,0.0,1198.0,1198.0,0.0,0.0,0.0,0.0,0.0,0.0,0.0,0.0,0.0,0.0,0,0,8,8,834.7245409,834.7245409,34,69,45.66666667,20.20725942,408.3333333,0,0,0,0,0,0,0,0,1,68.5,34.0,69.0,1,34,1,69,-1,-1,0,8,0.0,0.0,0.0,0.0,0.0,0.0,0.0,0.0,Benign
3389,6,2018-03-02 03:26:25,2121636,9,7,1138,1581.0,677,0,126.4444444,218.2504932,1173,0,225.8571429,430.0986044,1281.558194,7.541350166,141442.4,278965.2927,953100.0,67.0,2121636.0,265204.5,372366.3206,1026634.0,199.0,2099994.0,349999.0,431694.6415,953100.0,23663.0,0,0,192,152,4.242009468,3.299340697,0,1173,159.9411765,311.9564214,97316.80882,0,0,0,1,0,0,0,0,0,169.9375,126.4444444,225.8571429,9,1138,7,1581,8192,62862,5,20,0.0,0.0,0.0,0.0,0.0,0.0,0.0,0.0,Benign
445,6,2018-03-02 02:20:18,1287608,9,5,455,338.0,140,0,50.55555556,62.55619696,145,0,67.6,69.7588704,615.8706687,10.87287435,99046.76923,152073.7724,320069.0,49.0,1287559.0,160944.875,168201.4188,320145.0,3151.0,1287556.0,321889.0,2627.934677,324103.0,318715.0,0,0,188,108,6.989704941,3.883169412,0,145,52.86666667,62.50699009,3907.12381,0,0,0,1,0,0,0,0,0,56.64285714,50.55555556,67.6,9,455,5,338,8192,0,4,20,0.0,0.0,0.0,0.0,0.0,0.0,0.0,0.0,Benign
3389,6,2018-03-02 10:07:52,2145415,8,7,1144,1581.0,677,0,143.0,227.9699228,1173,0,225.8571429,430.0986044,1270.15053,6.991654295,153243.9286,247504.2949,953139.0,3.0,2145415.0,306487.8571,401825.9599,1203273.0,3.0,1952697.0,325449.5,308673.5123,953139.0,176430.0,0,0,172,152,3.728882291,3.262772004,0,1173,170.3125,319.4027173,102018.0958,0,0,1,1,0,0,0,1,0,181.6666667,143.0,225.8571429,8,1144,7,1581,8192,62856,5,20,0.0,0.0,0.0,0.0,0.0,0.0,0.0,0.0,Benign
3389,6,2018-03-02 03:50:45,4447120,10,7,1148,1581.0,677,0,114.8,210.0924664,1173,0,225.8571429,430.0986044,613.6555793,3.822698735,277945.0,508808.35,1945794.0,3.0,4447120.0,494124.4444,646584.9388,1945794.0,3.0,4290784.0,715130.6667,777485.5531,2146600.0,118862.0,0,0,212,152,2.248646315,1.57405242,0,1173,151.6111111,305.0826578,93075.4281,0,0,1,1,0,0,0,1,0,160.5294118,114.8,225.8571429,10,1148,7,1581,8192,62852,5,20,0.0,0.0,0.0,0.0,0.0,0.0,0.0,0.0,Benign
80,6,2018-03-02 05:16:49,111,2,0,0,0.0,0,0,0.0,0.0,0,0,0.0,0.0,0.0,18018.01802,111.0,0.0,111.0,111.0,111.0,111.0,0.0,111.0,111.0,0.0,0.0,0.0,0.0,0.0,0,0,40,0,18018.01802,0.0,0,0,0.0,0.0,0.0,0,0,0,0,1,0,0,0,0,0.0,0.0,0.0,2,0,0,0,279,-1,0,20,0.0,0.0,0.0,0.0,0.0,0.0,0.0,0.0,Benign
35979,6,2018-03-02 09:59:12,86096975,2,0,0,0.0,0,0,0.0,0.0,0,0,0.0,0.0,0.0,0.02322962,86100000.0,0.0,86100000.0,86100000.0,86100000.0,86100000.0,0.0,86100000.0,86100000.0,0.0,0.0,0.0,0.0,0.0,0,0,40,0,0.02322962,0.0,0,0,0.0,0.0,0.0,0,0,0,0,1,0,0,0,0,0.0,0.0,0.0,2,0,0,0,62559,-1,0,20,0.0,0.0,0.0,0.0,86100000.0,0.0,86100000.0,86100000.0,Benign
53,17,2018-03-02 09:41:25,304,1,1,39,71.0,39,39,39.0,0.0,71,71,71.0,0.0,361842.1053,6578.947368,304.0,0.0,304.0,304.0,0.0,0.0,0.0,0.0,0.0,0.0,0.0,0.0,0.0,0.0,0,0,8,8,3289.473684,3289.473684,39,71,49.66666667,18.47520861,341.3333333,0,0,0,0,0,0,0,0,1,74.5,39.0,71.0,1,39,1,71,-1,-1,0,8,0.0,0.0,0.0,0.0,0.0,0.0,0.0,0.0,Benign
53,17,2018-03-02 11:35:35,327,1,1,33,49.0,33,33,33.0,0.0,49,49,49.0,0.0,250764.526,6116.207951,327.0,0.0,327.0,327.0,0.0,0.0,0.0,0.0,0.0,0.0,0.0,0.0,0.0,0.0,0,0,8,8,3058.103976,3058.103976,33,49,38.33333333,9.237604307,85.33333333,0,0,0,0,0,0,0,0,1,57.5,33.0,49.0,1,33,1,49,-1,-1,0,8,0.0,0.0,0.0,0.0,0.0,0.0,0.0,0.0,Benign
53,17,2018-03-02 11:35:19,278,1,1,33,97.0,33,33,33.0,0.0,97,97,97.0,0.0,467625.8993,7194.244604,278.0,0.0,278.0,278.0,0.0,0.0,0.0,0.0,0.0,0.0,0.0,0.0,0.0,0.0,0,0,8,8,3597.122302,3597.122302,33,97,54.33333333,36.95041723,1365.333333,0,0,0,0,0,0,0,0,1,81.5,33.0,97.0,1,33,1,97,-1,-1,0,8,0.0,0.0,0.0,0.0,0.0,0.0,0.0,0.0,Benign
3389,6,2018-03-02 11:42:58,3993939,13,9,1437,1731.0,725,0,110.5384615,196.4784192,1179,0,192.3333333,386.0744747,793.2018992,5.508346522,190187.5714,289945.5573,953181.0,4.0,3993939.0,332828.25,390241.9373,1229400.0,4.0,3976998.0,497124.75,426788.9198,1087784.0,107590.0,0,0,272,192,3.254932036,2.253414486,0,1179,137.7391304,278.8848275,77776.74704,0,0,1,1,0,0,0,1,0,144.0,110.5384615,192.3333333,13,1437,9,1731,8192,62563,7,20,0.0,0.0,0.0,0.0,0.0,0.0,0.0,0.0,Benign
12298,6,2018-03-02 10:00:51,84633854,2,0,0,0.0,0,0,0.0,0.0,0,0,0.0,0.0,0.0,0.023631206,84600000.0,0.0,84600000.0,84600000.0,84600000.0,84600000.0,0.0,84600000.0,84600000.0,0.0,0.0,0.0,0.0,0.0,0,0,40,0,0.023631206,0.0,0,0,0.0,0.0,0.0,0,0,0,0,1,0,0,0,0,0.0,0.0,0.0,2,0,0,0,62567,-1,0,20,0.0,0.0,0.0,0.0,84600000.0,0.0,84600000.0,84600000.0,Benign
53,17,2018-03-02 08:47:02,12804,1,1,40,101.0,40,40,40.0,0.0,101,101,101.0,0.0,11012.18369,156.2011871,12804.0,0.0,12804.0,12804.0,0.0,0.0,0.0,0.0,0.0,0.0,0.0,0.0,0.0,0.0,0,0,8,8,78.10059356,78.10059356,40,101,60.33333333,35.21836642,1240.333333,0,0,0,0,0,0,0,0,1,90.5,40.0,101.0,1,40,1,101,-1,-1,0,8,0.0,0.0,0.0,0.0,0.0,0.0,0.0,0.0,Benign
443,6,2018-03-02 08:56:29,25,1,1,0,0.0,0,0,0.0,0.0,0,0,0.0,0.0,0.0,80000.0,25.0,0.0,25.0,25.0,0.0,0.0,0.0,0.0,0.0,0.0,0.0,0.0,0.0,0.0,0,0,20,20,40000.0,40000.0,0,0,0.0,0.0,0.0,0,0,0,0,1,0,0,0,1,0.0,0.0,0.0,1,0,1,0,254,180,0,20,0.0,0.0,0.0,0.0,0.0,0.0,0.0,0.0,Benign
80,6,2018-03-02 01:03:03,6524027,4,4,97,231.0,97,0,24.25,48.5,231,0,57.75,115.5,50.27569628,1.226236495,932003.8571,2438579.062,6461952.0,44.0,62075.0,20691.66667,34465.46106,60481.0,108.0,6522585.0,2174195.0,3765264.547,6521948.0,292.0,0,0,92,92,0.613118247,0.613118247,0,231,36.44444444,79.69960965,6352.027778,0,0,0,1,0,0,0,0,1,41.0,24.25,57.75,4,97,4,231,8192,141,1,20,0.0,0.0,0.0,0.0,0.0,0.0,0.0,0.0,Benign
443,6,2018-03-02 03:03:05,118024482,14,11,891,4684.0,259,0,63.64285714,88.94994888,1460,0,425.8181818,595.8492793,47.23596245,0.211820459,4917686.75,16500000.0,58800000.0,1.0,118000000.0,9078806.308,21900000.0,58800000.0,79.0,118000000.0,11800000.0,24600000.0,58900000.0,1.0,0,0,292,232,0.118619457,0.093201002,0,1460,214.4230769,424.6904918,180362.0138,0,0,0,1,0,0,0,0,0,223.0,63.64285714,425.8181818,14,891,11,4684,8192,64,7,20,607353.0,749121.6519,1137062.0,77644.0,58400000.0,552253.9316,58800000.0,58000000.0,Benign
53,17,2018-03-02 09:58:57,343,1,1,44,172.0,44,44,44.0,0.0,172,172,172.0,0.0,629737.6093,5830.90379,343.0,0.0,343.0,343.0,0.0,0.0,0.0,0.0,0.0,0.0,0.0,0.0,0.0,0.0,0,0,8,8,2915.451895,2915.451895,44,172,86.66666667,73.90083446,5461.333333,0,0,0,0,0,0,0,0,1,130.0,44.0,172.0,1,44,1,172,-1,-1,0,8,0.0,0.0,0.0,0.0,0.0,0.0,0.0,0.0,Benign
53,17,2018-03-02 03:58:56,568,1,1,39,71.0,39,39,39.0,0.0,71,71,71.0,0.0,193661.9718,3521.126761,568.0,0.0,568.0,568.0,0.0,0.0,0.0,0.0,0.0,0.0,0.0,0.0,0.0,0.0,0,0,8,8,1760.56338,1760.56338,39,71,49.66666667,18.47520861,341.3333333,0,0,0,0,0,0,0,0,1,74.5,39.0,71.0,1,39,1,71,-1,-1,0,8,0.0,0.0,0.0,0.0,0.0,0.0,0.0,0.0,Benign
3389,6,2018-03-02 04:40:54,2116859,8,7,1148,1581.0,677,0,143.5,228.1296624,1173,0,225.8571429,430.0986044,1289.174196,7.085970298,151204.2143,247163.3301,953147.0,4.0,2116859.0,302408.4286,398110.8194,1191583.0,4.0,1933433.0,322238.8333,309815.2298,953147.0,183834.0,0,0,172,152,3.779184159,3.306786139,0,1173,170.5625,319.4332416,102037.5958,0,0,0,1,0,0,0,0,0,181.9333333,143.5,225.8571429,8,1148,7,1581,64240,62852,5,20,0.0,0.0,0.0,0.0,0.0,0.0,0.0,0.0,Benign
3389,6,2018-03-02 10:52:11,2984690,9,9,1262,1640.0,661,0,140.2222222,208.2581198,1173,0,182.2222222,382.692036,972.2952802,6.030777066,175570.0,252695.453,951979.0,4.0,2984690.0,373086.25,403780.0798,1231795.0,4.0,2754167.0,344270.875,285100.154,951979.0,94794.0,0,0,192,204,3.015388533,3.015388533,0,1173,152.7368421,293.5567032,86175.53801,0,0,1,1,0,0,0,1,1,161.2222222,140.2222222,182.2222222,9,1262,9,1640,8192,62872,6,20,0.0,0.0,0.0,0.0,0.0,0.0,0.0,0.0,Benign
44010,6,2018-03-02 01:41:44,85929765,2,0,0,0.0,0,0,0.0,0.0,0,0,0.0,0.0,0.0,0.023274822,85900000.0,0.0,85900000.0,85900000.0,85900000.0,85900000.0,0.0,85900000.0,85900000.0,0.0,0.0,0.0,0.0,0.0,0,0,40,0,0.023274822,0.0,0,0,0.0,0.0,0.0,0,0,0,0,1,0,0,0,0,0.0,0.0,0.0,2,0,0,0,62541,-1,0,20,0.0,0.0,0.0,0.0,85900000.0,0.0,85900000.0,85900000.0,Benign
3389,6,2018-03-02 09:29:34,1415968,9,7,1148,1581.0,677,0,127.5555556,218.6910556,1173,0,225.8571429,430.0986044,1927.303442,11.29969039,94397.86667,242619.4575,953283.0,2.0,1415968.0,176996.0,360965.2996,1057697.0,2.0,1369599.0,228266.5,367333.0673,953283.0,20001.0,0,0,192,152,6.356075844,4.943614545,0,1173,160.5294118,312.044091,97371.51471,0,0,1,1,0,0,0,1,0,170.5625,127.5555556,225.8571429,9,1148,7,1581,8192,62852,5,20,0.0,0.0,0.0,0.0,0.0,0.0,0.0,0.0,Benign
80,6,2018-03-02 11:56:46,74,2,0,0,0.0,0,0,0.0,0.0,0,0,0.0,0.0,0.0,27027.02703,74.0,0.0,74.0,74.0,74.0,74.0,0.0,74.0,74.0,0.0,0.0,0.0,0.0,0.0,0,0,40,0,27027.02703,0.0,0,0,0.0,0.0,0.0,0,0,0,0,1,0,0,0,0,0.0,0.0,0.0,2,0,0,0,278,-1,0,20,0.0,0.0,0.0,0.0,0.0,0.0,0.0,0.0,Benign
3389,6,2018-03-02 03:12:39,4159247,14,8,1438,1731.0,725,0,102.7142857,191.04467,1179,0,216.375,405.4647906,761.9167604,5.289418974,198059.381,300183.1445,1113603.0,3.0,4159247.0,319942.0769,396096.1946,1233318.0,3.0,4092870.0,584695.7143,441098.7666,1322505.0,108049.0,0,0,292,172,3.365993893,1.923425082,0,1179,137.7826087,278.8696268,77768.26877,0,0,1,1,0,0,0,1,0,144.0454545,102.7142857,216.375,14,1438,8,1731,8192,62647,7,20,0.0,0.0,0.0,0.0,0.0,0.0,0.0,0.0,Benign
3389,6,2018-03-02 12:22:35,3984120,14,8,1441,1731.0,725,0,102.9285714,191.1489408,1179,0,216.375,405.4647906,796.1607582,5.52192203,189720.0,244492.6127,963379.0,93.0,3984120.0,306470.7692,322846.3449,1195262.0,37698.0,3829257.0,547036.7143,333920.5007,1020394.0,157305.0,0,0,292,172,3.513950383,2.007971647,0,1179,137.9130435,278.89472,77782.26482,0,0,1,1,0,0,0,1,0,144.1818182,102.9285714,216.375,14,1441,8,1731,8192,62644,7,20,0.0,0.0,0.0,0.0,0.0,0.0,0.0,0.0,Benign
3389,6,2018-03-02 04:36:45,1684959,8,7,1128,1581.0,661,0,141.0,222.6233206,1173,0,225.8571429,430.0986044,1607.754254,8.902293765,120354.2143,246353.4764,956406.0,65.0,1684959.0,240708.4286,391560.6484,1123586.0,65.0,1576155.0,262692.5,340546.0965,956406.0,110885.0,0,0,172,152,4.747890008,4.154403757,0,1173,169.3125,317.731274,100953.1625,0,0,1,1,0,0,0,1,0,180.6,141.0,225.8571429,8,1128,7,1581,8192,62872,5,20,0.0,0.0,0.0,0.0,0.0,0.0,0.0,0.0,Benign
3389,6,2018-03-02 03:33:18,4449583,10,11,1392,2773.0,677,0,139.2,204.8011502,1173,0,252.0909091,463.0584098,936.0427707,4.719543382,222479.15,406805.7363,1643353.0,35.0,4449583.0,494398.1111,555427.2549,1645256.0,68.0,4261837.0,426183.7,506034.9261,1643388.0,51568.0,0,0,212,256,2.24740161,2.472141771,0,1173,189.3181818,353.6225303,125048.8939,0,0,0,1,0,0,0,0,1,198.3333333,139.2,252.0909091,10,1392,11,2773,8192,62856,7,20,0.0,0.0,0.0,0.0,0.0,0.0,0.0,0.0,Benign
36120,6,2018-03-02 01:29:02,85880668,2,0,0,0.0,0,0,0.0,0.0,0,0,0.0,0.0,0.0,0.023288128,85900000.0,0.0,85900000.0,85900000.0,85900000.0,85900000.0,0.0,85900000.0,85900000.0,0.0,0.0,0.0,0.0,0.0,0,0,40,0,0.023288128,0.0,0,0,0.0,0.0,0.0,0,0,0,0,1,0,0,0,0,0.0,0.0,0.0,2,0,0,0,62561,-1,0,20,0.0,0.0,0.0,0.0,85900000.0,0.0,85900000.0,85900000.0,Benign
80,6,2018-03-02 09:01:58,82,2,0,0,0.0,0,0,0.0,0.0,0,0,0.0,0.0,0.0,24390.2439,82.0,0.0,82.0,82.0,82.0,82.0,0.0,82.0,82.0,0.0,0.0,0.0,0.0,0.0,0,0,40,0,24390.2439,0.0,0,0,0.0,0.0,0.0,0,0,0,0,1,0,0,0,0,0.0,0.0,0.0,2,0,0,0,278,-1,0,20,0.0,0.0,0.0,0.0,0.0,0.0,0.0,0.0,Benign
443,6,2018-03-02 12:47:25,117975527,18,22,1117,10097.0,334,0,62.05555556,96.06460585,1460,0,458.9545455,595.5817066,95.05361226,0.33905337,3025013.513,13100000.0,59000000.0,1.0,118000000.0,6939736.882,19500000.0,59000000.0,45.0,118000000.0,5613431.905,17700000.0,59000000.0,1.0,0,0,372,452,0.152574016,0.186479353,0,1460,273.5121951,480.6809296,231054.1561,0,0,0,1,0,0,0,0,1,280.35,62.05555556,458.9545455,18,1117,22,10097,8192,1412,8,20,284567.5,270043.3726,475517.0,93618.0,58700000.0,417555.0396,59000000.0,58400000.0,Benign
80,6,2018-03-02 01:08:30,114,2,0,0,0.0,0,0,0.0,0.0,0,0,0.0,0.0,0.0,17543.85965,114.0,0.0,114.0,114.0,114.0,114.0,0.0,114.0,114.0,0.0,0.0,0.0,0.0,0.0,0,0,40,0,17543.85965,0.0,0,0,0.0,0.0,0.0,0,0,0,0,1,0,0,0,0,0.0,0.0,0.0,2,0,0,0,278,-1,0,20,0.0,0.0,0.0,0.0,0.0,0.0,0.0,0.0,Benign
80,6,2018-03-02 02:56:49,492,3,4,161,488.0,161,0,53.66666667,92.95339334,488,0,122.0,244.0,1319105.691,14227.64228,82.0,53.57238094,132.0,1.0,259.0,129.5,44.54772721,161.0,98.0,363.0,121.0,131.7611475,262.0,1.0,0,0,72,92,6097.560976,8130.081301,0,488,81.125,173.7875859,30202.125,0,0,0,1,0,0,0,0,1,92.71428571,53.66666667,122.0,3,161,4,488,8192,149,1,20,0.0,0.0,0.0,0.0,0.0,0.0,0.0,0.0,Benign
80,6,2018-03-02 02:47:02,52643335,2,0,0,0.0,0,0,0.0,0.0,0,0,0.0,0.0,0.0,0.037991514,52600000.0,0.0,52600000.0,52600000.0,52600000.0,52600000.0,0.0,52600000.0,52600000.0,0.0,0.0,0.0,0.0,0.0,0,0,40,0,0.037991514,0.0,0,0,0.0,0.0,0.0,0,0,0,0,1,0,0,0,0,0.0,0.0,0.0,2,0,0,0,279,-1,0,20,0.0,0.0,0.0,0.0,0.0,0.0,0.0,0.0,Benign
3389,6,2018-03-02 10:45:16,1638870,8,7,1132,1581.0,661,0,141.5,222.7920235,1173,0,225.8571429,430.0986044,1655.40891,9.152647861,117062.1429,245669.3586,953155.0,3.0,1638870.0,234124.2857,389956.994,1113997.0,3.0,1535595.0,255932.5,342302.1725,953155.0,104005.0,0,0,172,152,4.881412193,4.271235668,0,1173,169.5625,317.7627981,100973.1958,0,0,0,1,0,0,0,0,0,180.8666667,141.5,225.8571429,8,1132,7,1581,8192,62868,5,20,0.0,0.0,0.0,0.0,0.0,0.0,0.0,0.0,Benign
53,17,2018-03-02 09:03:28,278,1,1,38,134.0,38,38,38.0,0.0,134,134,134.0,0.0,618705.036,7194.244604,278.0,0.0,278.0,278.0,0.0,0.0,0.0,0.0,0.0,0.0,0.0,0.0,0.0,0.0,0,0,8,8,3597.122302,3597.122302,38,134,70.0,55.42562584,3072.0,0,0,0,0,0,0,0,0,1,105.0,38.0,134.0,1,38,1,134,-1,-1,0,8,0.0,0.0,0.0,0.0,0.0,0.0,0.0,0.0,Benign
3389,6,2018-03-02 04:22:59,1639709,8,7,1122,1581.0,661,0,140.25,222.3868894,1173,0,225.8571429,430.0986044,1648.463233,9.147964669,117122.0714,245673.5332,953114.0,3.0,1639709.0,234244.1429,389543.7154,1113149.0,3.0,1535599.0,255933.1667,342242.9852,953114.0,104592.0,0,0,172,152,4.87891449,4.269050179,0,1173,168.9375,317.6898842,100926.8625,0,0,1,1,0,0,0,1,0,180.2,140.25,225.8571429,8,1122,7,1581,8192,62878,5,20,0.0,0.0,0.0,0.0,0.0,0.0,0.0,0.0,Benign
53,17,2018-03-02 09:21:35,381,1,1,36,52.0,36,36,36.0,0.0,52,52,52.0,0.0,230971.1286,5249.343832,381.0,0.0,381.0,381.0,0.0,0.0,0.0,0.0,0.0,0.0,0.0,0.0,0.0,0.0,0,0,8,8,2624.671916,2624.671916,36,52,41.33333333,9.237604307,85.33333333,0,0,0,0,0,0,0,0,1,62.0,36.0,52.0,1,36,1,52,-1,-1,0,8,0.0,0.0,0.0,0.0,0.0,0.0,0.0,0.0,Benign
53,17,2018-03-02 09:40:04,1201,1,1,40,139.0,40,40,40.0,0.0,139,139,139.0,0.0,149042.4646,1665.278934,1201.0,0.0,1201.0,1201.0,0.0,0.0,0.0,0.0,0.0,0.0,0.0,0.0,0.0,0.0,0,0,8,8,832.6394671,832.6394671,40,139,73.0,57.15767665,3267.0,0,0,0,0,0,0,0,0,1,109.5,40.0,139.0,1,40,1,139,-1,-1,0,8,0.0,0.0,0.0,0.0,0.0,0.0,0.0,0.0,Benign
0,0,2018-03-02 09:11:38,95505042,62,0,0,0.0,0,0,0.0,0.0,0,0,0.0,0.0,0.0,0.649180386,1565656.426,1761464.042,12900000.0,656226.0,95500000.0,1565656.426,1761464.042,12900000.0,656226.0,0.0,0.0,0.0,0.0,0.0,0,0,0,0,0.649180386,0.0,0,0,0.0,0.0,0.0,0,0,0,0,0,0,0,0,0,0.0,0.0,0.0,62,0,0,0,-1,-1,0,0,77900000.0,0.0,77900000.0,77900000.0,12900000.0,0.0,12900000.0,12900000.0,Benign
3389,6,2018-03-02 11:55:50,2304845,8,7,1144,1581.0,677,0,143.0,227.9699228,1173,0,225.8571429,430.0986044,1182.292085,6.508029824,164631.7857,249589.0112,953202.0,3.0,2304845.0,329263.5714,410695.3991,1242813.0,3.0,2073519.0,345586.5,298903.0925,953202.0,197687.0,0,0,172,152,3.47094924,3.037080585,0,1173,170.3125,319.4027173,102018.0958,0,0,1,1,0,0,0,1,0,181.6666667,143.0,225.8571429,8,1144,7,1581,8192,62856,5,20,0.0,0.0,0.0,0.0,0.0,0.0,0.0,0.0,Benign
54654,6,2018-03-02 01:25:40,141,2,0,0,0.0,0,0,0.0,0.0,0,0,0.0,0.0,0.0,14184.39716,141.0,0.0,141.0,141.0,141.0,141.0,0.0,141.0,141.0,0.0,0.0,0.0,0.0,0.0,0,0,40,0,14184.39716,0.0,0,0,0.0,0.0,0.0,0,0,0,0,1,0,0,0,0,0.0,0.0,0.0,2,0,0,0,255,-1,0,20,0.0,0.0,0.0,0.0,0.0,0.0,0.0,0.0,Benign
52718,6,2018-03-02 04:43:43,22,1,1,0,0.0,0,0,0.0,0.0,0,0,0.0,0.0,0.0,90909.09091,22.0,0.0,22.0,22.0,0.0,0.0,0.0,0.0,0.0,0.0,0.0,0.0,0.0,0.0,0,0,20,20,45454.54545,45454.54545,0,0,0.0,0.0,0.0,0,0,0,0,1,1,0,0,1,0.0,0.0,0.0,1,0,1,0,31088,63691,0,20,0.0,0.0,0.0,0.0,0.0,0.0,0.0,0.0,Benign
443,6,2018-03-02 11:31:13,117958266,7,8,663,252.0,525,0,94.71428571,191.127108,76,0,31.5,28.35993149,7.756980761,0.127163619,8425590.429,21300000.0,58900000.0,14.0,118000000.0,19700000.0,30300000.0,58900000.0,14112.0,118000000.0,16800000.0,28700000.0,59100000.0,14.0,1,0,140,160,0.059343022,0.067820597,0,525,90.0,171.5742793,29437.73333,0,1,0,0,1,0,0,0,1,96.0,94.71428571,31.5,7,663,8,252,257,278,3,20,202683.5,73143.83255,254404.0,150963.0,58700000.0,348158.873,58900000.0,58400000.0,Benign
80,6,2018-03-02 11:43:01,54015333,2,0,0,0.0,0,0,0.0,0.0,0,0,0.0,0.0,0.0,0.037026524,54000000.0,0.0,54000000.0,54000000.0,54000000.0,54000000.0,0.0,54000000.0,54000000.0,0.0,0.0,0.0,0.0,0.0,0,0,40,0,0.037026524,0.0,0,0,0.0,0.0,0.0,0,0,0,0,1,0,0,0,0,0.0,0.0,0.0,2,0,0,0,279,-1,0,20,0.0,0.0,0.0,0.0,0.0,0.0,0.0,0.0,Benign
443,6,2018-03-02 02:48:09,115702677,20,29,733,21205.0,357,0,36.65,91.96582603,1460,0,731.2068966,714.4648037,189.6066761,0.423499277,2410472.438,4222934.78,10000000.0,0.0,116000000.0,6089614.579,4912202.337,10100000.0,13.0,112000000.0,3988949.464,5014855.177,10100000.0,0.0,0,0,412,724,0.172856848,0.250642429,0,1460,438.76,644.6034237,415513.5739,0,0,0,1,0,0,0,0,1,447.7142857,36.65,731.2068966,20,733,29,21205,8192,980,15,20,149931.7273,144487.7395,584990.0,92742.0,10000000.0,4078.250336,10000000.0,10000000.0,Benign
80,6,2018-03-02 02:40:34,870,3,4,161,488.0,161,0,53.66666667,92.95339334,488,0,122.0,244.0,745977.0115,8045.977011,145.0,100.8979683,313.0,30.0,508.0,254.0,158.391919,366.0,142.0,557.0,185.6666667,162.3709744,354.0,30.0,0,0,72,92,3448.275862,4597.701149,0,488,81.125,173.7875859,30202.125,0,0,0,1,0,0,0,0,1,92.71428571,53.66666667,122.0,3,161,4,488,8192,149,1,20,0.0,0.0,0.0,0.0,0.0,0.0,0.0,0.0,Benign
80,6,2018-03-02 04:33:42,115106425,16,14,447,788.0,436,0,27.9375,108.8175652,788,0,56.28571429,210.6018586,10.72920126,0.260628371,3969187.069,4880059.362,10000000.0,50.0,115000000.0,7673761.667,4164335.03,10000000.0,207.0,110000000.0,8473106.923,3757632.073,10000000.0,1265.0,0,0,332,424,0.139001798,0.121626573,0,788,39.83870968,159.3581076,25395.00645,0,0,0,1,0,0,0,0,0,41.16666667,27.9375,56.28571429,16,447,14,788,8192,288,12,20,17119.0,19119.81962,74767.0,11277.0,9996553.091,15194.70926,10000000.0,9950756.0,Benign
80,6,2018-03-02 12:37:35,927,3,4,161,488.0,161,0,53.66666667,92.95339334,488,0,122.0,244.0,700107.8749,7551.240561,154.5,108.3545108,314.0,25.0,590.0,295.0,26.87005769,314.0,276.0,703.0,234.3333333,275.1623763,546.0,25.0,0,0,72,92,3236.245955,4314.994606,0,488,81.125,173.7875859,30202.125,0,0,0,1,0,0,0,0,1,92.71428571,53.66666667,122.0,3,161,4,488,8192,149,1,20,0.0,0.0,0.0,0.0,0.0,0.0,0.0,0.0,Benign
53,17,2018-03-02 05:13:07,16286,1,1,49,110.0,49,49,49.0,0.0,110,110,110.0,0.0,9762.986614,122.8048631,16286.0,0.0,16286.0,16286.0,0.0,0.0,0.0,0.0,0.0,0.0,0.0,0.0,0.0,0.0,0,0,8,8,61.40243154,61.40243154,49,110,69.33333333,35.21836642,1240.333333,0,0,0,0,0,0,0,0,1,104.0,49.0,110.0,1,49,1,110,-1,-1,0,8,0.0,0.0,0.0,0.0,0.0,0.0,0.0,0.0,Benign
3389,6,2018-03-02 02:54:07,3877491,13,8,1438,1731.0,725,0,110.6153846,196.6369491,1179,0,216.375,405.4647906,817.2810717,5.415873306,193874.55,251745.1835,953363.0,76.0,3877491.0,323124.25,342635.342,1242180.0,31844.0,3741226.0,534460.8571,348857.4333,992106.0,163430.0,0,0,272,172,3.352683475,2.063189831,0,1179,144.0454545,283.8456115,80568.33117,0,0,1,1,0,0,0,1,0,150.9047619,110.6153846,216.375,13,1438,8,1731,8192,62647,7,20,0.0,0.0,0.0,0.0,0.0,0.0,0.0,0.0,Benign
52022,6,2018-03-02 01:41:55,59,2,0,0,0.0,0,0,0.0,0.0,0,0,0.0,0.0,0.0,33898.30508,59.0,0.0,59.0,59.0,59.0,59.0,0.0,59.0,59.0,0.0,0.0,0.0,0.0,0.0,0,0,40,0,33898.30508,0.0,0,0,0.0,0.0,0.0,0,0,0,0,1,0,0,0,0,0.0,0.0,0.0,2,0,0,0,260,-1,0,20,0.0,0.0,0.0,0.0,0.0,0.0,0.0,0.0,Benign
53,17,2018-03-02 10:57:40,797,1,1,55,167.0,55,55,55.0,0.0,167,167,167.0,0.0,278544.542,2509.410289,797.0,0.0,797.0,797.0,0.0,0.0,0.0,0.0,0.0,0.0,0.0,0.0,0.0,0.0,0,0,8,8,1254.705144,1254.705144,55,167,92.33333333,64.66323015,4181.333333,0,0,0,0,0,0,0,0,1,138.5,55.0,167.0,1,55,1,167,-1,-1,0,8,0.0,0.0,0.0,0.0,0.0,0.0,0.0,0.0,Benign
3389,6,2018-03-02 04:11:45,1669025,9,7,1144,1581.0,677,0,127.1111111,218.5088353,1173,0,225.8571429,430.0986044,1632.689744,9.586435194,111268.3333,237516.3179,953305.0,89.0,1669025.0,208628.125,354080.9345,1079923.0,7143.0,1592275.0,265379.1667,339203.6024,953305.0,89569.0,0,0,192,152,5.392369797,4.194065397,0,1173,160.2941176,312.0067637,97348.22059,0,0,1,1,0,0,0,1,0,170.3125,127.1111111,225.8571429,9,1144,7,1581,8192,62856,5,20,0.0,0.0,0.0,0.0,0.0,0.0,0.0,0.0,Benign
53,17,2018-03-02 02:19:55,285,1,1,40,72.0,40,40,40.0,0.0,72,72,72.0,0.0,392982.4561,7017.54386,285.0,0.0,285.0,285.0,0.0,0.0,0.0,0.0,0.0,0.0,0.0,0.0,0.0,0.0,0,0,8,8,3508.77193,3508.77193,40,72,50.66666667,18.47520861,341.3333333,0,0,0,0,0,0,0,0,1,76.0,40.0,72.0,1,40,1,72,-1,-1,0,8,0.0,0.0,0.0,0.0,0.0,0.0,0.0,0.0,Benign
53,17,2018-03-02 09:07:12,1692,1,1,31,158.0,31,31,31.0,0.0,158,158,158.0,0.0,111702.1277,1182.033097,1692.0,0.0,1692.0,1692.0,0.0,0.0,0.0,0.0,0.0,0.0,0.0,0.0,0.0,0.0,0,0,8,8,591.0165485,591.0165485,31,158,73.33333333,73.32348419,5376.333333,0,0,0,0,0,0,0,0,1,110.0,31.0,158.0,1,31,1,158,-1,-1,0,8,0.0,0.0,0.0,0.0,0.0,0.0,0.0,0.0,Benign
443,6,2018-03-02 11:32:55,332,3,0,53,0.0,53,0,17.66666667,30.59956427,0,0,0.0,0.0,159638.5542,9036.144578,166.0,203.646753,310.0,22.0,332.0,166.0,203.646753,310.0,22.0,0.0,0.0,0.0,0.0,0.0,0,0,60,0,9036.144578,0.0,0,53,13.25,26.5,702.25,0,0,0,0,1,0,0,0,0,17.66666667,17.66666667,0.0,3,53,0,0,256,-1,1,20,0.0,0.0,0.0,0.0,0.0,0.0,0.0,0.0,Benign
443,6,2018-03-02 03:59:52,496,3,0,77,0.0,46,0,25.66666667,23.45918441,0,0,0.0,0.0,155241.9355,6048.387097,248.0,318.1980515,473.0,23.0,496.0,248.0,318.1980515,473.0,23.0,0.0,0.0,0.0,0.0,0.0,1,0,60,0,6048.387097,0.0,0,46,30.75,21.68524844,470.25,0,1,0,0,1,0,0,0,0,41.0,25.66666667,0.0,3,77,0,0,258,-1,1,20,0.0,0.0,0.0,0.0,0.0,0.0,0.0,0.0,Benign
3389,6,2018-03-02 04:28:32,1708275,8,7,1128,1581.0,661,0,141.0,222.6233206,1173,0,225.8571429,430.0986044,1585.810247,8.780787637,122019.6429,246029.3861,956020.0,3.0,1708275.0,244039.2857,394781.2589,1133899.0,3.0,1592219.0,265369.8333,339102.5877,956020.0,110132.0,0,0,172,152,4.68308674,4.097700897,0,1173,169.3125,317.731274,100953.1625,0,0,1,1,0,0,0,1,0,180.6,141.0,225.8571429,8,1128,7,1581,8192,62872,5,20,0.0,0.0,0.0,0.0,0.0,0.0,0.0,0.0,Benign
53,17,2018-03-02 09:32:21,508,1,1,38,119.0,38,38,38.0,0.0,119,119,119.0,0.0,309055.1181,3937.007874,508.0,0.0,508.0,508.0,0.0,0.0,0.0,0.0,0.0,0.0,0.0,0.0,0.0,0.0,0,0,8,8,1968.503937,1968.503937,38,119,65.0,46.7653718,2187.0,0,0,0,0,0,0,0,0,1,97.5,38.0,119.0,1,38,1,119,-1,-1,0,8,0.0,0.0,0.0,0.0,0.0,0.0,0.0,0.0,Benign
445,6,2018-03-02 12:26:56,494494,5,4,286,170.0,103,0,57.2,52.48523602,131,0,42.5,61.79805822,922.1547683,18.20042306,61811.75,85132.59201,167521.0,3.0,494422.0,123605.5,82427.78836,167696.0,3.0,494454.0,164818.0,2510.053585,167593.0,162706.0,0,0,112,92,10.11134614,8.089076915,0,131,45.6,52.98469381,2807.377778,0,0,0,1,0,0,0,0,0,50.66666667,57.2,42.5,5,286,4,170,8192,0,3,20,0.0,0.0,0.0,0.0,0.0,0.0,0.0,0.0,Benign
53,17,2018-03-02 12:18:39,314,1,1,43,59.0,43,43,43.0,0.0,59,59,59.0,0.0,324840.7643,6369.426752,314.0,0.0,314.0,314.0,0.0,0.0,0.0,0.0,0.0,0.0,0.0,0.0,0.0,0.0,0,0,8,8,3184.713376,3184.713376,43,59,48.33333333,9.237604307,85.33333333,0,0,0,0,0,0,0,0,1,72.5,43.0,59.0,1,43,1,59,-1,-1,0,8,0.0,0.0,0.0,0.0,0.0,0.0,0.0,0.0,Benign
53,17,2018-03-02 09:54:33,608,1,1,32,60.0,32,32,32.0,0.0,60,60,60.0,0.0,151315.7895,3289.473684,608.0,0.0,608.0,608.0,0.0,0.0,0.0,0.0,0.0,0.0,0.0,0.0,0.0,0.0,0,0,8,8,1644.736842,1644.736842,32,60,41.33333333,16.16580754,261.3333333,0,0,0,0,0,0,0,0,1,62.0,32.0,60.0,1,32,1,60,-1,-1,0,8,0.0,0.0,0.0,0.0,0.0,0.0,0.0,0.0,Benign
80,6,2018-03-02 02:23:48,5977863,4,4,97,231.0,97,0,24.25,48.5,231,0,57.75,115.5,54.86910623,1.338270884,853980.4286,2232129.481,5915710.0,39.0,62153.0,20717.66667,35540.30715,61756.0,129.0,5977634.0,1992544.667,3450701.028,5977071.0,191.0,0,0,92,92,0.669135442,0.669135442,0,231,36.44444444,79.69960965,6352.027778,0,0,0,1,0,0,0,0,1,41.0,24.25,57.75,4,97,4,231,8192,141,1,20,0.0,0.0,0.0,0.0,0.0,0.0,0.0,0.0,Benign
445,6,2018-03-02 09:17:33,302185,3,1,0,0.0,0,0,0.0,0.0,0,0,0.0,0.0,0.0,13.2369244,100728.3333,173914.2688,301547.0,54.0,302185.0,151092.5,212851.162,301601.0,584.0,0.0,0.0,0.0,0.0,0.0,0,0,72,32,9.9276933,3.3092311,0,0,0.0,0.0,0.0,0,0,0,1,0,0,0,0,0,0.0,0.0,0.0,3,0,1,0,8192,8192,0,20,0.0,0.0,0.0,0.0,0.0,0.0,0.0,0.0,Benign
80,6,2018-03-02 10:03:23,80,2,0,0,0.0,0,0,0.0,0.0,0,0,0.0,0.0,0.0,25000.0,80.0,0.0,80.0,80.0,80.0,80.0,0.0,80.0,80.0,0.0,0.0,0.0,0.0,0.0,0,0,40,0,25000.0,0.0,0,0,0.0,0.0,0.0,0,0,0,0,1,0,0,0,0,0.0,0.0,0.0,2,0,0,0,278,-1,0,20,0.0,0.0,0.0,0.0,0.0,0.0,0.0,0.0,Benign
8080,6,2018-03-02 11:12:42,9309,3,4,326,129.0,326,0,108.6666667,188.2161878,112,0,32.25,53.7672453,48877.43044,751.9604684,1551.5,3317.328428,8308.0,16.0,610.0,305.0,377.5950212,572.0,38.0,8753.0,2917.666667,4672.215784,8308.0,28.0,0,0,72,92,322.2687722,429.6916962,0,326,56.875,115.4066568,13318.69643,0,0,1,1,0,0,0,1,1,65.0,108.6666667,32.25,3,326,4,129,8192,219,1,20,0.0,0.0,0.0,0.0,0.0,0.0,0.0,0.0,Bot
8080,6,2018-03-02 11:16:04,578,2,0,0,0.0,0,0,0.0,0.0,0,0,0.0,0.0,0.0,3460.207612,578.0,0.0,578.0,578.0,578.0,578.0,0.0,578.0,578.0,0.0,0.0,0.0,0.0,0.0,0,0,40,0,3460.207612,0.0,0,0,0.0,0.0,0.0,0,0,0,0,1,0,0,0,0,0.0,0.0,0.0,2,0,0,0,2052,-1,0,20,0.0,0.0,0.0,0.0,0.0,0.0,0.0,0.0,Bot
8080,6,2018-03-02 11:06:06,553,2,0,0,0.0,0,0,0.0,0.0,0,0,0.0,0.0,0.0,3616.636528,553.0,0.0,553.0,553.0,553.0,553.0,0.0,553.0,553.0,0.0,0.0,0.0,0.0,0.0,0,0,40,0,3616.636528,0.0,0,0,0.0,0.0,0.0,0,0,0,0,1,0,0,0,0,0.0,0.0,0.0,2,0,0,0,256,-1,0,20,0.0,0.0,0.0,0.0,0.0,0.0,0.0,0.0,Bot
8080,6,2018-03-02 11:16:13,10899,3,4,326,129.0,326,0,108.6666667,188.2161878,112,0,32.25,53.7672453,41746.94926,642.2607579,1816.5,4017.530921,10008.0,17.0,574.0,287.0,329.51176,520.0,54.0,10402.0,3467.333333,5667.242745,10008.0,17.0,0,0,72,92,275.2546105,367.0061474,0,326,56.875,115.4066568,13318.69643,0,0,1,1,0,0,0,1,1,65.0,108.6666667,32.25,3,326,4,129,8192,219,1,20,0.0,0.0,0.0,0.0,0.0,0.0,0.0,0.0,Bot
8080,6,2018-03-02 02:03:34,585,2,0,0,0.0,0,0,0.0,0.0,0,0,0.0,0.0,0.0,3418.803419,585.0,0.0,585.0,585.0,585.0,585.0,0.0,585.0,585.0,0.0,0.0,0.0,0.0,0.0,0,0,40,0,3418.803419,0.0,0,0,0.0,0.0,0.0,0,0,0,0,1,0,0,0,0,0.0,0.0,0.0,2,0,0,0,2052,-1,0,20,0.0,0.0,0.0,0.0,0.0,0.0,0.0,0.0,Bot
8080,6,2018-03-02 10:53:22,497,2,0,0,0.0,0,0,0.0,0.0,0,0,0.0,0.0,0.0,4024.144869,497.0,0.0,497.0,497.0,497.0,497.0,0.0,497.0,497.0,0.0,0.0,0.0,0.0,0.0,0,0,40,0,4024.144869,0.0,0,0,0.0,0.0,0.0,0,0,0,0,1,0,0,0,0,0.0,0.0,0.0,2,0,0,0,2052,-1,0,20,0.0,0.0,0.0,0.0,0.0,0.0,0.0,0.0,Bot
8080,6,2018-03-02 11:52:24,505,2,0,0,0.0,0,0,0.0,0.0,0,0,0.0,0.0,0.0,3960.39604,505.0,0.0,505.0,505.0,505.0,505.0,0.0,505.0,505.0,0.0,0.0,0.0,0.0,0.0,0,0,40,0,3960.39604,0.0,0,0,0.0,0.0,0.0,0,0,0,0,1,0,0,0,0,0.0,0.0,0.0,2,0,0,0,2052,-1,0,20,0.0,0.0,0.0,0.0,0.0,0.0,0.0,0.0,Bot
8080,6,2018-03-02 10:52:02,546,2,0,0,0.0,0,0,0.0,0.0,0,0,0.0,0.0,0.0,3663.003663,546.0,0.0,546.0,546.0,546.0,546.0,0.0,546.0,546.0,0.0,0.0,0.0,0.0,0.0,0,0,40,0,3663.003663,0.0,0,0,0.0,0.0,0.0,0,0,0,0,1,0,0,0,0,0.0,0.0,0.0,2,0,0,0,256,-1,0,20,0.0,0.0,0.0,0.0,0.0,0.0,0.0,0.0,Bot
8080,6,2018-03-02 12:38:44,10519,3,4,326,129.0,326,0,108.6666667,188.2161878,112,0,32.25,53.7672453,43255.06227,665.4624964,1753.166667,3886.798498,9680.0,19.0,411.0,205.5,204.3538598,350.0,61.0,10188.0,3396.0,5446.83587,9680.0,27.0,0,0,72,92,285.1982128,380.2642837,0,326,56.875,115.4066568,13318.69643,0,0,1,1,0,0,0,1,1,65.0,108.6666667,32.25,3,326,4,129,8192,219,1,20,0.0,0.0,0.0,0.0,0.0,0.0,0.0,0.0,Bot
8080,6,2018-03-02 12:28:15,501,2,0,0,0.0,0,0,0.0,0.0,0,0,0.0,0.0,0.0,3992.015968,501.0,0.0,501.0,501.0,501.0,501.0,0.0,501.0,501.0,0.0,0.0,0.0,0.0,0.0,0,0,40,0,3992.015968,0.0,0,0,0.0,0.0,0.0,0,0,0,0,1,0,0,0,0,0.0,0.0,0.0,2,0,0,0,2052,-1,0,20,0.0,0.0,0.0,0.0,0.0,0.0,0.0,0.0,Bot
8080,6,2018-03-02 11:17:51,10663,3,4,326,129.0,326,0,108.6666667,188.2161878,112,0,32.25,53.7672453,42670.91813,656.4756635,1777.166667,3864.491139,9656.0,13.0,621.0,310.5,289.2066735,515.0,106.0,10182.0,3394.0,5428.810459,9656.0,13.0,0,0,72,92,281.3467129,375.1289506,0,326,56.875,115.4066568,13318.69643,0,0,1,1,0,0,0,1,1,65.0,108.6666667,32.25,3,326,4,129,8192,219,1,20,0.0,0.0,0.0,0.0,0.0,0.0,0.0,0.0,Bot
8080,6,2018-03-02 11:11:42,604,2,0,0,0.0,0,0,0.0,0.0,0,0,0.0,0.0,0.0,3311.258278,604.0,0.0,604.0,604.0,604.0,604.0,0.0,604.0,604.0,0.0,0.0,0.0,0.0,0.0,0,0,40,0,3311.258278,0.0,0,0,0.0,0.0,0.0,0,0,0,0,1,0,0,0,0,0.0,0.0,0.0,2,0,0,0,256,-1,0,20,0.0,0.0,0.0,0.0,0.0,0.0,0.0,0.0,Bot
8080,6,2018-03-02 03:33:22,10684,3,4,326,129.0,326,0,108.6666667,188.2161878,112,0,32.25,53.7672453,42587.04605,655.1853238,1780.666667,3958.254144,9855.0,21.0,471.0,235.5,253.8513344,415.0,56.0,10290.0,3430.0,5565.911875,9855.0,80.0,0,0,72,92,280.7937102,374.3916136,0,326,56.875,115.4066568,13318.69643,0,0,1,1,0,0,0,1,1,65.0,108.6666667,32.25,3,326,4,129,8192,219,1,20,0.0,0.0,0.0,0.0,0.0,0.0,0.0,0.0,Bot
8080,6,2018-03-02 01:09:46,488,2,0,0,0.0,0,0,0.0,0.0,0,0,0.0,0.0,0.0,4098.360656,488.0,0.0,488.0,488.0,488.0,488.0,0.0,488.0,488.0,0.0,0.0,0.0,0.0,0.0,0,0,40,0,4098.360656,0.0,0,0,0.0,0.0,0.0,0,0,0,0,1,0,0,0,0,0.0,0.0,0.0,2,0,0,0,2052,-1,0,20,0.0,0.0,0.0,0.0,0.0,0.0,0.0,0.0,Bot
8080,6,2018-03-02 03:16:50,11339,3,4,326,129.0,326,0,108.6666667,188.2161878,112,0,32.25,53.7672453,40126.99533,617.3383896,1889.833333,4169.928605,10391.0,2.0,564.0,282.0,332.3401872,517.0,47.0,10840.0,3613.333333,5873.847149,10391.0,2.0,0,0,72,92,264.5735956,352.7647941,0,326,56.875,115.4066568,13318.69643,0,0,1,1,0,0,0,1,1,65.0,108.6666667,32.25,3,326,4,129,8192,219,1,20,0.0,0.0,0.0,0.0,0.0,0.0,0.0,0.0,Bot
8080,6,2018-03-02 11:17:56,9319,3,4,326,129.0,326,0,108.6666667,188.2161878,112,0,32.25,53.7672453,48824.98122,751.1535572,1553.166667,3406.794412,8498.0,16.0,529.0,264.5,301.9345956,478.0,51.0,8861.0,2953.666667,4804.384907,8498.0,16.0,0,0,72,92,321.9229531,429.2306041,0,326,56.875,115.4066568,13318.69643,0,0,1,1,0,0,0,1,1,65.0,108.6666667,32.25,3,326,4,129,8192,219,1,20,0.0,0.0,0.0,0.0,0.0,0.0,0.0,0.0,Bot
8080,6,2018-03-02 02:33:45,11072,3,4,326,129.0,326,0,108.6666667,188.2161878,112,0,32.25,53.7672453,41094.65318,632.2254335,1845.333333,4052.422173,10108.0,13.0,634.0,317.0,315.3696244,540.0,94.0,10562.0,3520.666667,5708.810413,10108.0,13.0,0,0,72,92,270.9537572,361.2716763,0,326,56.875,115.4066568,13318.69643,0,0,1,1,0,0,0,1,1,65.0,108.6666667,32.25,3,326,4,129,8192,219,1,20,0.0,0.0,0.0,0.0,0.0,0.0,0.0,0.0,Bot
8080,6,2018-03-02 11:07:40,10821,3,4,326,129.0,326,0,108.6666667,188.2161878,112,0,32.25,53.7672453,42047.86988,646.8903059,1803.5,3978.436716,9914.0,12.0,598.0,299.0,350.7249635,547.0,51.0,10295.0,3431.666667,5616.702443,9914.0,12.0,0,0,72,92,277.2387025,369.6516034,0,326,56.875,115.4066568,13318.69643,0,0,1,1,0,0,0,1,1,65.0,108.6666667,32.25,3,326,4,129,8192,219,1,20,0.0,0.0,0.0,0.0,0.0,0.0,0.0,0.0,Bot
8080,6,2018-03-02 10:20:37,650,2,0,0,0.0,0,0,0.0,0.0,0,0,0.0,0.0,0.0,3076.923077,650.0,0.0,650.0,650.0,650.0,650.0,0.0,650.0,650.0,0.0,0.0,0.0,0.0,0.0,0,0,40,0,3076.923077,0.0,0,0,0.0,0.0,0.0,0,0,0,0,1,0,0,0,0,0.0,0.0,0.0,2,0,0,0,2052,-1,0,20,0.0,0.0,0.0,0.0,0.0,0.0,0.0,0.0,Bot
8080,6,2018-03-02 11:28:25,817,2,0,0,0.0,0,0,0.0,0.0,0,0,0.0,0.0,0.0,2447.980416,817.0,0.0,817.0,817.0,817.0,817.0,0.0,817.0,817.0,0.0,0.0,0.0,0.0,0.0,0,0,40,0,2447.980416,0.0,0,0,0.0,0.0,0.0,0,0,0,0,1,0,0,0,0,0.0,0.0,0.0,2,0,0,0,2052,-1,0,20,0.0,0.0,0.0,0.0,0.0,0.0,0.0,0.0,Bot
8080,6,2018-03-02 12:14:14,9636,3,4,326,129.0,326,0,108.6666667,188.2161878,112,0,32.25,53.7672453,47218.76297,726.4425073,1606.0,3426.265781,8586.0,2.0,660.0,330.0,367.6955262,590.0,70.0,9093.0,3031.0,4817.340656,8586.0,2.0,0,0,72,92,311.3325031,415.1100042,0,326,56.875,115.4066568,13318.69643,0,0,1,1,0,0,0,1,1,65.0,108.6666667,32.25,3,326,4,129,8192,219,1,20,0.0,0.0,0.0,0.0,0.0,0.0,0.0,0.0,Bot
8080,6,2018-03-02 02:42:25,11369,3,4,326,129.0,326,0,108.6666667,188.2161878,112,0,32.25,53.7672453,40021.11004,615.7093852,1894.833333,4216.864732,10495.0,1.0,533.0,266.5,282.1356057,466.0,67.0,10938.0,3646.0,5935.505118,10495.0,1.0,0,0,72,92,263.8754508,351.8339344,0,326,56.875,115.4066568,13318.69643,0,0,1,1,0,0,0,1,1,65.0,108.6666667,32.25,3,326,4,129,8192,219,1,20,0.0,0.0,0.0,0.0,0.0,0.0,0.0,0.0,Bot
8080,6,2018-03-02 02:52:09,10556,3,4,326,129.0,326,0,108.6666667,188.2161878,112,0,32.25,53.7672453,43103.44828,663.1299735,1759.333333,3876.426327,9662.0,1.0,546.0,273.0,318.1980515,498.0,48.0,10079.0,3359.666667,5461.923684,9662.0,1.0,0,0,72,92,284.1985601,378.9314134,0,326,56.875,115.4066568,13318.69643,0,0,1,1,0,0,0,1,1,65.0,108.6666667,32.25,3,326,4,129,8192,219,1,20,0.0,0.0,0.0,0.0,0.0,0.0,0.0,0.0,Bot
8080,6,2018-03-02 10:52:41,9381,3,4,326,129.0,326,0,108.6666667,188.2161878,112,0,32.25,53.7672453,48502.29187,746.1891056,1563.5,3338.952336,8363.0,1.0,611.0,305.5,375.4737008,571.0,40.0,8830.0,2943.333333,4699.324029,8363.0,1.0,0,0,72,92,319.795331,426.3937747,0,326,56.875,115.4066568,13318.69643,0,0,1,1,0,0,0,1,1,65.0,108.6666667,32.25,3,326,4,129,8192,219,1,20,0.0,0.0,0.0,0.0,0.0,0.0,0.0,0.0,Bot
8080,6,2018-03-02 11:36:06,11256,3,4,326,129.0,326,0,108.6666667,188.2161878,112,0,32.25,53.7672453,40422.88557,621.8905473,1876.0,4114.87837,10264.0,23.0,644.0,322.0,377.5950212,589.0,55.0,10690.0,3563.333333,5805.927689,10264.0,27.0,0,0,72,92,266.5245203,355.366027,0,326,56.875,115.4066568,13318.69643,0,0,1,1,0,0,0,1,1,65.0,108.6666667,32.25,3,326,4,129,8192,219,1,20,0.0,0.0,0.0,0.0,0.0,0.0,0.0,0.0,Bot
8080,6,2018-03-02 10:45:17,521,2,0,0,0.0,0,0,0.0,0.0,0,0,0.0,0.0,0.0,3838.771593,521.0,0.0,521.0,521.0,521.0,521.0,0.0,521.0,521.0,0.0,0.0,0.0,0.0,0.0,0,0,40,0,3838.771593,0.0,0,0,0.0,0.0,0.0,0,0,0,0,1,0,0,0,0,0.0,0.0,0.0,2,0,0,0,2052,-1,0,20,0.0,0.0,0.0,0.0,0.0,0.0,0.0,0.0,Bot
8080,6,2018-03-02 11:17:14,10627,3,4,326,129.0,326,0,108.6666667,188.2161878,112,0,32.25,53.7672453,42815.47003,658.6995389,1771.166667,3874.383327,9668.0,1.0,618.0,309.0,347.8965363,555.0,63.0,10092.0,3364.0,5463.500069,9668.0,1.0,0,0,72,92,282.2998024,376.3997365,0,326,56.875,115.4066568,13318.69643,0,0,1,1,0,0,0,1,1,65.0,108.6666667,32.25,3,326,4,129,8192,219,1,20,0.0,0.0,0.0,0.0,0.0,0.0,0.0,0.0,Bot
8080,6,2018-03-02 03:44:10,12754,3,4,326,129.0,326,0,108.6666667,188.2161878,112,0,32.25,53.7672453,35675.08233,548.8474204,2125.666667,4775.653868,11868.0,22.0,522.0,261.0,295.5706345,470.0,52.0,12306.0,4102.0,6727.225803,11868.0,69.0,0,0,72,92,235.220323,313.6270974,0,326,56.875,115.4066568,13318.69643,0,0,1,1,0,0,0,1,1,65.0,108.6666667,32.25,3,326,4,129,8192,219,1,20,0.0,0.0,0.0,0.0,0.0,0.0,0.0,0.0,Bot
8080,6,2018-03-02 01:53:55,460,2,0,0,0.0,0,0,0.0,0.0,0,0,0.0,0.0,0.0,4347.826087,460.0,0.0,460.0,460.0,460.0,460.0,0.0,460.0,460.0,0.0,0.0,0.0,0.0,0.0,0,0,40,0,4347.826087,0.0,0,0,0.0,0.0,0.0,0,0,0,0,1,0,0,0,0,0.0,0.0,0.0,2,0,0,0,2052,-1,0,20,0.0,0.0,0.0,0.0,0.0,0.0,0.0,0.0,Bot
8080,6,2018-03-02 01:46:53,11569,3,4,326,129.0,326,0,108.6666667,188.2161878,112,0,32.25,53.7672453,39329.24194,605.0652606,1928.166667,4265.730391,10625.0,1.0,615.0,307.5,354.2604974,558.0,57.0,11033.0,3677.666667,6019.990808,10625.0,1.0,0,0,72,92,259.3136831,345.7515775,0,326,56.875,115.4066568,13318.69643,0,0,1,1,0,0,0,1,1,65.0,108.6666667,32.25,3,326,4,129,8192,219,1,20,0.0,0.0,0.0,0.0,0.0,0.0,0.0,0.0,Bot
8080,6,2018-03-02 02:18:37,741,2,0,0,0.0,0,0,0.0,0.0,0,0,0.0,0.0,0.0,2699.055331,741.0,0.0,741.0,741.0,741.0,741.0,0.0,741.0,741.0,0.0,0.0,0.0,0.0,0.0,0,0,40,0,2699.055331,0.0,0,0,0.0,0.0,0.0,0,0,0,0,1,0,0,0,0,0.0,0.0,0.0,2,0,0,0,2052,-1,0,20,0.0,0.0,0.0,0.0,0.0,0.0,0.0,0.0,Bot
8080,6,2018-03-02 03:52:19,495,2,0,0,0.0,0,0,0.0,0.0,0,0,0.0,0.0,0.0,4040.40404,495.0,0.0,495.0,495.0,495.0,495.0,0.0,495.0,495.0,0.0,0.0,0.0,0.0,0.0,0,0,40,0,4040.40404,0.0,0,0,0.0,0.0,0.0,0,0,0,0,1,0,0,0,0,0.0,0.0,0.0,2,0,0,0,256,-1,0,20,0.0,0.0,0.0,0.0,0.0,0.0,0.0,0.0,Bot
8080,6,2018-03-02 01:59:19,11130,3,4,326,129.0,326,0,108.6666667,188.2161878,112,0,32.25,53.7672453,40880.50314,628.9308176,1855.0,4103.026541,10221.0,2.0,652.0,326.0,329.51176,559.0,93.0,10604.0,3534.666667,5793.634467,10221.0,2.0,0,0,72,92,269.541779,359.3890386,0,326,56.875,115.4066568,13318.69643,0,0,1,1,0,0,0,1,1,65.0,108.6666667,32.25,3,326,4,129,8192,219,1,20,0.0,0.0,0.0,0.0,0.0,0.0,0.0,0.0,Bot
8080,6,2018-03-02 11:21:23,453,2,0,0,0.0,0,0,0.0,0.0,0,0,0.0,0.0,0.0,4415.011038,453.0,0.0,453.0,453.0,453.0,453.0,0.0,453.0,453.0,0.0,0.0,0.0,0.0,0.0,0,0,40,0,4415.011038,0.0,0,0,0.0,0.0,0.0,0,0,0,0,1,0,0,0,0,0.0,0.0,0.0,2,0,0,0,256,-1,0,20,0.0,0.0,0.0,0.0,0.0,0.0,0.0,0.0,Bot
8080,6,2018-03-02 10:48:13,490,2,0,0,0.0,0,0,0.0,0.0,0,0,0.0,0.0,0.0,4081.632653,490.0,0.0,490.0,490.0,490.0,490.0,0.0,490.0,490.0,0.0,0.0,0.0,0.0,0.0,0,0,40,0,4081.632653,0.0,0,0,0.0,0.0,0.0,0,0,0,0,1,0,0,0,0,0.0,0.0,0.0,2,0,0,0,2052,-1,0,20,0.0,0.0,0.0,0.0,0.0,0.0,0.0,0.0,Bot
8080,6,2018-03-02 11:43:32,10000,3,4,326,129.0,326,0,108.6666667,188.2161878,112,0,32.25,53.7672453,45500.0,700.0,1666.666667,3621.644691,9048.0,2.0,693.0,346.5,342.9467889,589.0,104.0,9449.0,3149.666667,5111.961887,9048.0,2.0,0,0,72,92,300.0,400.0,0,326,56.875,115.4066568,13318.69643,0,0,1,1,0,0,0,1,1,65.0,108.6666667,32.25,3,326,4,129,8192,219,1,20,0.0,0.0,0.0,0.0,0.0,0.0,0.0,0.0,Bot
8080,6,2018-03-02 11:33:17,9783,3,4,326,129.0,326,0,108.6666667,188.2161878,112,0,32.25,53.7672453,46509.25074,715.5269345,1630.5,3513.288417,8791.0,21.0,550.0,275.0,315.3696244,498.0,52.0,9306.0,3102.0,4931.102412,8791.0,52.0,0,0,72,92,306.6544005,408.872534,0,326,56.875,115.4066568,13318.69643,0,0,1,1,0,0,0,1,1,65.0,108.6666667,32.25,3,326,4,129,8192,219,1,20,0.0,0.0,0.0,0.0,0.0,0.0,0.0,0.0,Bot
8080,6,2018-03-02 02:05:08,475,2,0,0,0.0,0,0,0.0,0.0,0,0,0.0,0.0,0.0,4210.526316,475.0,0.0,475.0,475.0,475.0,475.0,0.0,475.0,475.0,0.0,0.0,0.0,0.0,0.0,0,0,40,0,4210.526316,0.0,0,0,0.0,0.0,0.0,0,0,0,0,1,0,0,0,0,0.0,0.0,0.0,2,0,0,0,2052,-1,0,20,0.0,0.0,0.0,0.0,0.0,0.0,0.0,0.0,Bot
8080,6,2018-03-02 10:56:31,10276,3,4,326,129.0,326,0,108.6666667,188.2161878,112,0,32.25,53.7672453,44277.92916,681.1989101,1712.666667,3775.70638,9410.0,1.0,556.0,278.0,318.1980515,503.0,53.0,9794.0,3264.666667,5325.441046,9410.0,1.0,0,0,72,92,291.94239,389.25652,0,326,56.875,115.4066568,13318.69643,0,0,1,1,0,0,0,1,1,65.0,108.6666667,32.25,3,326,4,129,8192,219,1,20,0.0,0.0,0.0,0.0,0.0,0.0,0.0,0.0,Bot
8080,6,2018-03-02 11:14:08,551,2,0,0,0.0,0,0,0.0,0.0,0,0,0.0,0.0,0.0,3629.764065,551.0,0.0,551.0,551.0,551.0,551.0,0.0,551.0,551.0,0.0,0.0,0.0,0.0,0.0,0,0,40,0,3629.764065,0.0,0,0,0.0,0.0,0.0,0,0,0,0,1,0,0,0,0,0.0,0.0,0.0,2,0,0,0,2052,-1,0,20,0.0,0.0,0.0,0.0,0.0,0.0,0.0,0.0,Bot
8080,6,2018-03-02 11:31:23,10487,3,4,326,129.0,326,0,108.6666667,188.2161878,112,0,32.25,53.7672453,43387.05063,667.4930867,1747.833333,3764.65496,9416.0,19.0,715.0,357.5,434.8706704,665.0,50.0,9843.0,3281.0,5316.624775,9416.0,19.0,0,0,72,92,286.0684657,381.424621,0,326,56.875,115.4066568,13318.69643,0,0,1,1,0,0,0,1,1,65.0,108.6666667,32.25,3,326,4,129,8192,219,1,20,0.0,0.0,0.0,0.0,0.0,0.0,0.0,0.0,Bot
8080,6,2018-03-02 01:03:43,679,2,0,0,0.0,0,0,0.0,0.0,0,0,0.0,0.0,0.0,2945.5081,679.0,0.0,679.0,679.0,679.0,679.0,0.0,679.0,679.0,0.0,0.0,0.0,0.0,0.0,0,0,40,0,2945.5081,0.0,0,0,0.0,0.0,0.0,0,0,0,0,1,0,0,0,0,0.0,0.0,0.0,2,0,0,0,2052,-1,0,20,0.0,0.0,0.0,0.0,0.0,0.0,0.0,0.0,Bot
8080,6,2018-03-02 12:26:56,13984,3,4,326,129.0,326,0,108.6666667,188.2161878,112,0,32.25,53.7672453,32537.18535,500.5720824,2330.666667,5276.488062,13094.0,1.0,515.0,257.5,296.2777413,467.0,48.0,13533.0,4511.0,7436.306812,13094.0,1.0,0,0,72,92,214.5308924,286.0411899,0,326,56.875,115.4066568,13318.69643,0,0,1,1,0,0,0,1,1,65.0,108.6666667,32.25,3,326,4,129,8192,219,1,20,0.0,0.0,0.0,0.0,0.0,0.0,0.0,0.0,Bot
8080,6,2018-03-02 11:34:21,653,2,0,0,0.0,0,0,0.0,0.0,0,0,0.0,0.0,0.0,3062.787136,653.0,0.0,653.0,653.0,653.0,653.0,0.0,653.0,653.0,0.0,0.0,0.0,0.0,0.0,0,0,40,0,3062.787136,0.0,0,0,0.0,0.0,0.0,0,0,0,0,1,0,0,0,0,0.0,0.0,0.0,2,0,0,0,2052,-1,0,20,0.0,0.0,0.0,0.0,0.0,0.0,0.0,0.0,Bot
8080,6,2018-03-02 01:50:23,10404,3,4,326,129.0,326,0,108.6666667,188.2161878,112,0,32.25,53.7672453,43733.17955,672.8181469,1734.0,3836.566121,9556.0,16.0,575.0,287.5,331.6330804,522.0,53.0,9904.0,3301.333333,5419.004091,9556.0,16.0,0,0,72,92,288.3506344,384.4675125,0,326,56.875,115.4066568,13318.69643,0,0,1,1,0,0,0,1,1,65.0,108.6666667,32.25,3,326,4,129,8192,219,1,20,0.0,0.0,0.0,0.0,0.0,0.0,0.0,0.0,Bot
8080,6,2018-03-02 11:32:41,682,2,0,0,0.0,0,0,0.0,0.0,0,0,0.0,0.0,0.0,2932.55132,682.0,0.0,682.0,682.0,682.0,682.0,0.0,682.0,682.0,0.0,0.0,0.0,0.0,0.0,0,0,40,0,2932.55132,0.0,0,0,0.0,0.0,0.0,0,0,0,0,1,0,0,0,0,0.0,0.0,0.0,2,0,0,0,2052,-1,0,20,0.0,0.0,0.0,0.0,0.0,0.0,0.0,0.0,Bot
8080,6,2018-03-02 11:27:31,523,2,0,0,0.0,0,0,0.0,0.0,0,0,0.0,0.0,0.0,3824.091778,523.0,0.0,523.0,523.0,523.0,523.0,0.0,523.0,523.0,0.0,0.0,0.0,0.0,0.0,0,0,40,0,3824.091778,0.0,0,0,0.0,0.0,0.0,0,0,0,0,1,0,0,0,0,0.0,0.0,0.0,2,0,0,0,2052,-1,0,20,0.0,0.0,0.0,0.0,0.0,0.0,0.0,0.0,Bot
8080,6,2018-03-02 01:09:37,9969,3,4,326,129.0,326,0,108.6666667,188.2161878,112,0,32.25,53.7672453,45641.48861,702.1767479,1661.5,3706.573121,9221.0,22.0,467.0,233.5,266.5792565,422.0,45.0,9569.0,3189.666667,5225.499051,9221.0,22.0,0,0,72,92,300.932892,401.243856,0,326,56.875,115.4066568,13318.69643,0,0,1,1,0,0,0,1,1,65.0,108.6666667,32.25,3,326,4,129,8192,219,1,20,0.0,0.0,0.0,0.0,0.0,0.0,0.0,0.0,Bot
8080,6,2018-03-02 02:00:07,492,2,0,0,0.0,0,0,0.0,0.0,0,0,0.0,0.0,0.0,4065.04065,492.0,0.0,492.0,492.0,492.0,492.0,0.0,492.0,492.0,0.0,0.0,0.0,0.0,0.0,0,0,40,0,4065.04065,0.0,0,0,0.0,0.0,0.0,0,0,0,0,1,0,0,0,0,0.0,0.0,0.0,2,0,0,0,2052,-1,0,20,0.0,0.0,0.0,0.0,0.0,0.0,0.0,0.0,Bot
8080,6,2018-03-02 02:28:31,11098,3,4,326,129.0,326,0,108.6666667,188.2161878,112,0,32.25,53.7672453,40998.37809,630.7442782,1849.666667,4085.458979,10179.0,1.0,546.0,273.0,319.6122651,499.0,47.0,10619.0,3539.666667,5754.000463,10179.0,1.0,0,0,72,92,270.3189764,360.4253019,0,326,56.875,115.4066568,13318.69643,0,0,1,1,0,0,0,1,1,65.0,108.6666667,32.25,3,326,4,129,8192,219,1,20,0.0,0.0,0.0,0.0,0.0,0.0,0.0,0.0,Bot
8080,6,2018-03-02 02:57:58,11189,3,4,326,129.0,326,0,108.6666667,188.2161878,112,0,32.25,53.7672453,40664.93878,625.6144428,1864.833333,4101.923715,10227.0,22.0,637.0,318.5,376.8879144,585.0,52.0,10626.0,3542.0,5791.576556,10227.0,40.0,0,0,72,92,268.1204755,357.4939673,0,326,56.875,115.4066568,13318.69643,0,0,1,1,0,0,0,1,1,65.0,108.6666667,32.25,3,326,4,129,8192,219,1,20,0.0,0.0,0.0,0.0,0.0,0.0,0.0,0.0,Bot
8080,6,2018-03-02 02:40:31,492,2,0,0,0.0,0,0,0.0,0.0,0,0,0.0,0.0,0.0,4065.04065,492.0,0.0,492.0,492.0,492.0,492.0,0.0,492.0,492.0,0.0,0.0,0.0,0.0,0.0,0,0,40,0,4065.04065,0.0,0,0,0.0,0.0,0.0,0,0,0,0,1,0,0,0,0,0.0,0.0,0.0,2,0,0,0,2052,-1,0,20,0.0,0.0,0.0,0.0,0.0,0.0,0.0,0.0,Bot
8080,6,2018-03-02 11:23:45,15706,3,4,326,129.0,326,0,108.6666667,188.2161878,112,0,32.25,53.7672453,28969.82045,445.6895454,2617.666667,6055.65381,14975.0,2.0,404.0,202.0,210.7178208,351.0,53.0,15377.0,5125.666667,8532.093901,14975.0,2.0,0,0,72,92,191.0098052,254.6797402,0,326,56.875,115.4066568,13318.69643,0,0,1,1,0,0,0,1,1,65.0,108.6666667,32.25,3,326,4,129,8192,219,1,20,0.0,0.0,0.0,0.0,0.0,0.0,0.0,0.0,Bot
8080,6,2018-03-02 03:13:10,497,2,0,0,0.0,0,0,0.0,0.0,0,0,0.0,0.0,0.0,4024.144869,497.0,0.0,497.0,497.0,497.0,497.0,0.0,497.0,497.0,0.0,0.0,0.0,0.0,0.0,0,0,40,0,4024.144869,0.0,0,0,0.0,0.0,0.0,0,0,0,0,1,0,0,0,0,0.0,0.0,0.0,2,0,0,0,2052,-1,0,20,0.0,0.0,0.0,0.0,0.0,0.0,0.0,0.0,Bot
8080,6,2018-03-02 11:01:46,9652,3,4,326,129.0,326,0,108.6666667,188.2161878,112,0,32.25,53.7672453,47140.48902,725.2382926,1608.666667,3448.183096,8637.0,29.0,641.0,320.5,300.520382,533.0,108.0,9156.0,3052.0,4842.241113,8637.0,29.0,0,0,72,92,310.8164111,414.4218815,0,326,56.875,115.4066568,13318.69643,0,0,1,1,0,0,0,1,1,65.0,108.6666667,32.25,3,326,4,129,8192,219,1,20,0.0,0.0,0.0,0.0,0.0,0.0,0.0,0.0,Bot
8080,6,2018-03-02 01:28:36,624,2,0,0,0.0,0,0,0.0,0.0,0,0,0.0,0.0,0.0,3205.128205,624.0,0.0,624.0,624.0,624.0,624.0,0.0,624.0,624.0,0.0,0.0,0.0,0.0,0.0,0,0,40,0,3205.128205,0.0,0,0,0.0,0.0,0.0,0,0,0,0,1,0,0,0,0,0.0,0.0,0.0,2,0,0,0,2052,-1,0,20,0.0,0.0,0.0,0.0,0.0,0.0,0.0,0.0,Bot
8080,6,2018-03-02 02:20:24,11399,3,4,326,129.0,326,0,108.6666667,188.2161878,112,0,32.25,53.7672453,39915.78209,614.0889552,1899.833333,4213.945582,10494.0,21.0,538.0,269.0,289.9137803,474.0,64.0,10946.0,3648.666667,5931.181192,10494.0,39.0,0,0,72,92,263.1809808,350.9079744,0,326,56.875,115.4066568,13318.69643,0,0,1,1,0,0,0,1,1,65.0,108.6666667,32.25,3,326,4,129,8192,219,1,20,0.0,0.0,0.0,0.0,0.0,0.0,0.0,0.0,Bot
8080,6,2018-03-02 01:52:57,467,2,0,0,0.0,0,0,0.0,0.0,0,0,0.0,0.0,0.0,4282.655246,467.0,0.0,467.0,467.0,467.0,467.0,0.0,467.0,467.0,0.0,0.0,0.0,0.0,0.0,0,0,40,0,4282.655246,0.0,0,0,0.0,0.0,0.0,0,0,0,0,1,0,0,0,0,0.0,0.0,0.0,2,0,0,0,2052,-1,0,20,0.0,0.0,0.0,0.0,0.0,0.0,0.0,0.0,Bot
8080,6,2018-03-02 12:11:21,468,2,0,0,0.0,0,0,0.0,0.0,0,0,0.0,0.0,0.0,4273.504274,468.0,0.0,468.0,468.0,468.0,468.0,0.0,468.0,468.0,0.0,0.0,0.0,0.0,0.0,0,0,40,0,4273.504274,0.0,0,0,0.0,0.0,0.0,0,0,0,0,1,0,0,0,0,0.0,0.0,0.0,2,0,0,0,2052,-1,0,20,0.0,0.0,0.0,0.0,0.0,0.0,0.0,0.0,Bot
8080,6,2018-03-02 10:48:23,9994,3,4,326,129.0,326,0,108.6666667,188.2161878,112,0,32.25,53.7672453,45527.31639,700.4202522,1665.666667,3600.516556,9002.0,1.0,497.0,248.5,280.7213921,447.0,50.0,9567.0,3189.0,5042.069912,9002.0,1.0,0,0,72,92,300.1801081,400.2401441,0,326,56.875,115.4066568,13318.69643,0,0,1,1,0,0,0,1,1,65.0,108.6666667,32.25,3,326,4,129,8192,219,1,20,0.0,0.0,0.0,0.0,0.0,0.0,0.0,0.0,Bot
8080,6,2018-03-02 11:15:19,11020,3,4,326,129.0,326,0,108.6666667,188.2161878,112,0,32.25,53.7672453,41288.56624,635.2087114,1836.666667,3975.821659,9939.0,23.0,696.0,348.0,393.1513703,626.0,70.0,10417.0,3472.333333,5603.975583,9939.0,36.0,0,0,72,92,272.2323049,362.9764065,0,326,56.875,115.4066568,13318.69643,0,0,1,1,0,0,0,1,1,65.0,108.6666667,32.25,3,326,4,129,8192,219,1,20,0.0,0.0,0.0,0.0,0.0,0.0,0.0,0.0,Bot
8080,6,2018-03-02 12:00:38,10400,3,4,326,129.0,326,0,108.6666667,188.2161878,112,0,32.25,53.7672453,43750.0,673.0769231,1733.333333,3729.493406,9331.0,1.0,680.0,340.0,387.4945161,614.0,66.0,9809.0,3269.666667,5254.661296,9331.0,1.0,0,0,72,92,288.4615385,384.6153846,0,326,56.875,115.4066568,13318.69643,0,0,1,1,0,0,0,1,1,65.0,108.6666667,32.25,3,326,4,129,8192,219,1,20,0.0,0.0,0.0,0.0,0.0,0.0,0.0,0.0,Bot
8080,6,2018-03-02 03:44:04,10426,3,4,326,129.0,326,0,108.6666667,188.2161878,112,0,32.25,53.7672453,43640.89776,671.398427,1737.666667,3798.089134,9480.0,15.0,553.0,276.5,317.4909448,501.0,52.0,9949.0,3316.333333,5342.403049,9480.0,15.0,0,0,72,92,287.742183,383.656244,0,326,56.875,115.4066568,13318.69643,0,0,1,1,0,0,0,1,1,65.0,108.6666667,32.25,3,326,4,129,8192,219,1,20,0.0,0.0,0.0,0.0,0.0,0.0,0.0,0.0,Bot
8080,6,2018-03-02 11:11:45,9402,3,4,326,129.0,326,0,108.6666667,188.2161878,112,0,32.25,53.7672453,48393.95873,744.522442,1567.0,3373.962655,8444.0,2.0,559.0,279.5,256.6797616,461.0,98.0,8976.0,2992.0,4728.945337,8444.0,2.0,0,0,72,92,319.0810466,425.4413954,0,326,56.875,115.4066568,13318.69643,0,0,1,1,0,0,0,1,1,65.0,108.6666667,32.25,3,326,4,129,8192,219,1,20,0.0,0.0,0.0,0.0,0.0,0.0,0.0,0.0,Bot
8080,6,2018-03-02 02:24:20,488,2,0,0,0.0,0,0,0.0,0.0,0,0,0.0,0.0,0.0,4098.360656,488.0,0.0,488.0,488.0,488.0,488.0,0.0,488.0,488.0,0.0,0.0,0.0,0.0,0.0,0,0,40,0,4098.360656,0.0,0,0,0.0,0.0,0.0,0,0,0,0,1,0,0,0,0,0.0,0.0,0.0,2,0,0,0,2052,-1,0,20,0.0,0.0,0.0,0.0,0.0,0.0,0.0,0.0,Bot
8080,6,2018-03-02 11:45:01,10934,3,4,326,129.0,326,0,108.6666667,188.2161878,112,0,32.25,53.7672453,41613.31626,640.2048656,1822.333333,4046.324736,10074.0,17.0,510.0,255.0,287.0853532,458.0,52.0,10499.0,3499.666667,5696.895149,10074.0,17.0,0,0,72,92,274.3735138,365.8313517,0,326,56.875,115.4066568,13318.69643,0,0,1,1,0,0,0,1,1,65.0,108.6666667,32.25,3,326,4,129,8192,219,1,20,0.0,0.0,0.0,0.0,0.0,0.0,0.0,0.0,Bot
8080,6,2018-03-02 03:00:29,10890,3,4,326,129.0,326,0,108.6666667,188.2161878,112,0,32.25,53.7672453,41781.45087,642.7915519,1815.0,3958.776478,9885.0,20.0,506.0,253.0,281.4284989,452.0,54.0,10458.0,3486.0,5547.67582,9885.0,29.0,0,0,72,92,275.4820937,367.3094582,0,326,56.875,115.4066568,13318.69643,0,0,1,1,0,0,0,1,1,65.0,108.6666667,32.25,3,326,4,129,8192,219,1,20,0.0,0.0,0.0,0.0,0.0,0.0,0.0,0.0,Bot
8080,6,2018-03-02 10:54:08,11108,3,4,326,129.0,326,0,108.6666667,188.2161878,112,0,32.25,53.7672453,40961.46921,630.1764494,1851.333333,4125.892615,10266.0,17.0,517.0,258.5,293.4493142,466.0,51.0,10659.0,3553.0,5815.816108,10266.0,37.0,0,0,72,92,270.0756212,360.1008282,0,326,56.875,115.4066568,13318.69643,0,0,1,1,0,0,0,1,1,65.0,108.6666667,32.25,3,326,4,129,8192,219,1,20,0.0,0.0,0.0,0.0,0.0,0.0,0.0,0.0,Bot
8080,6,2018-03-02 03:17:25,11504,3,4,326,129.0,326,0,108.6666667,188.2161878,112,0,32.25,53.7672453,39551.46036,608.4840056,1917.333333,4273.097877,10631.0,14.0,551.0,275.5,323.147799,504.0,47.0,11016.0,3672.0,6029.313643,10631.0,14.0,0,0,72,92,260.7788595,347.705146,0,326,56.875,115.4066568,13318.69643,0,0,1,1,0,0,0,1,1,65.0,108.6666667,32.25,3,326,4,129,8192,219,1,20,0.0,0.0,0.0,0.0,0.0,0.0,0.0,0.0,Bot
8080,6,2018-03-02 11:17:02,10389,3,4,326,129.0,326,0,108.6666667,188.2161878,112,0,32.25,53.7672453,43796.32303,673.7895851,1731.5,3667.267689,9202.0,21.0,554.0,277.0,304.0559159,492.0,62.0,9918.0,3306.0,5114.658151,9202.0,62.0,0,0,72,92,288.7669651,385.0226201,0,326,56.875,115.4066568,13318.69643,0,0,1,1,0,0,0,1,1,65.0,108.6666667,32.25,3,326,4,129,8192,219,1,20,0.0,0.0,0.0,0.0,0.0,0.0,0.0,0.0,Bot
8080,6,2018-03-02 03:12:50,533,2,0,0,0.0,0,0,0.0,0.0,0,0,0.0,0.0,0.0,3752.345216,533.0,0.0,533.0,533.0,533.0,533.0,0.0,533.0,533.0,0.0,0.0,0.0,0.0,0.0,0,0,40,0,3752.345216,0.0,0,0,0.0,0.0,0.0,0,0,0,0,1,0,0,0,0,0.0,0.0,0.0,2,0,0,0,2052,-1,0,20,0.0,0.0,0.0,0.0,0.0,0.0,0.0,0.0,Bot
8080,6,2018-03-02 11:21:10,578,2,0,0,0.0,0,0,0.0,0.0,0,0,0.0,0.0,0.0,3460.207612,578.0,0.0,578.0,578.0,578.0,578.0,0.0,578.0,578.0,0.0,0.0,0.0,0.0,0.0,0,0,40,0,3460.207612,0.0,0,0,0.0,0.0,0.0,0,0,0,0,1,0,0,0,0,0.0,0.0,0.0,2,0,0,0,2052,-1,0,20,0.0,0.0,0.0,0.0,0.0,0.0,0.0,0.0,Bot
8080,6,2018-03-02 02:50:37,11616,3,4,326,129.0,326,0,108.6666667,188.2161878,112,0,32.25,53.7672453,39170.11019,602.6170799,1936.0,4209.116867,10516.0,1.0,694.0,347.0,349.3107499,594.0,100.0,11059.0,3686.333333,5920.847096,10516.0,1.0,0,0,72,92,258.2644628,344.3526171,0,326,56.875,115.4066568,13318.69643,0,0,1,1,0,0,0,1,1,65.0,108.6666667,32.25,3,326,4,129,8192,219,1,20,0.0,0.0,0.0,0.0,0.0,0.0,0.0,0.0,Bot
8080,6,2018-03-02 12:09:25,420,2,0,0,0.0,0,0,0.0,0.0,0,0,0.0,0.0,0.0,4761.904762,420.0,0.0,420.0,420.0,420.0,420.0,0.0,420.0,420.0,0.0,0.0,0.0,0.0,0.0,0,0,40,0,4761.904762,0.0,0,0,0.0,0.0,0.0,0,0,0,0,1,0,0,0,0,0.0,0.0,0.0,2,0,0,0,2052,-1,0,20,0.0,0.0,0.0,0.0,0.0,0.0,0.0,0.0,Bot
8080,6,2018-03-02 11:59:52,11395,3,4,326,129.0,326,0,108.6666667,188.2161878,112,0,32.25,53.7672453,39929.79377,614.3045195,1899.166667,4171.654991,10402.0,2.0,622.0,311.0,383.2518754,582.0,40.0,10834.0,3611.333333,5884.782182,10402.0,2.0,0,0,72,92,263.2733655,351.031154,0,326,56.875,115.4066568,13318.69643,0,0,1,1,0,0,0,1,1,65.0,108.6666667,32.25,3,326,4,129,8192,219,1,20,0.0,0.0,0.0,0.0,0.0,0.0,0.0,0.0,Bot
8080,6,2018-03-02 11:25:40,509,2,0,0,0.0,0,0,0.0,0.0,0,0,0.0,0.0,0.0,3929.273084,509.0,0.0,509.0,509.0,509.0,509.0,0.0,509.0,509.0,0.0,0.0,0.0,0.0,0.0,0,0,40,0,3929.273084,0.0,0,0,0.0,0.0,0.0,0,0,0,0,1,0,0,0,0,0.0,0.0,0.0,2,0,0,0,2052,-1,0,20,0.0,0.0,0.0,0.0,0.0,0.0,0.0,0.0,Bot
8080,6,2018-03-02 01:07:25,480,2,0,0,0.0,0,0,0.0,0.0,0,0,0.0,0.0,0.0,4166.666667,480.0,0.0,480.0,480.0,480.0,480.0,0.0,480.0,480.0,0.0,0.0,0.0,0.0,0.0,0,0,40,0,4166.666667,0.0,0,0,0.0,0.0,0.0,0,0,0,0,1,0,0,0,0,0.0,0.0,0.0,2,0,0,0,2052,-1,0,20,0.0,0.0,0.0,0.0,0.0,0.0,0.0,0.0,Bot
8080,6,2018-03-02 10:47:11,11034,3,4,326,129.0,326,0,108.6666667,188.2161878,112,0,32.25,53.7672453,41236.17908,634.4027551,1839.0,4121.942309,10247.0,1.0,514.0,257.0,287.0853532,460.0,54.0,10631.0,3543.666667,5808.398173,10247.0,1.0,0,0,72,92,271.8868951,362.5158601,0,326,56.875,115.4066568,13318.69643,0,0,1,1,0,0,0,1,1,65.0,108.6666667,32.25,3,326,4,129,8192,219,1,20,0.0,0.0,0.0,0.0,0.0,0.0,0.0,0.0,Bot
8080,6,2018-03-02 10:53:28,9520,3,4,326,129.0,326,0,108.6666667,188.2161878,112,0,32.25,53.7672453,47794.11765,735.2941176,1586.666667,3489.46269,8700.0,14.0,549.0,274.5,316.0767312,498.0,51.0,9043.0,3014.333333,4926.450074,8700.0,14.0,0,0,72,92,315.1260504,420.1680672,0,326,56.875,115.4066568,13318.69643,0,0,1,1,0,0,0,1,1,65.0,108.6666667,32.25,3,326,4,129,8192,219,1,20,0.0,0.0,0.0,0.0,0.0,0.0,0.0,0.0,Bot
8080,6,2018-03-02 01:30:36,13835,3,4,326,129.0,326,0,108.6666667,188.2161878,112,0,32.25,53.7672453,32887.6039,505.963137,2305.833333,4559.595483,11520.0,1.0,633.0,316.5,374.0594872,581.0,52.0,13277.0,4425.666667,6206.221099,11520.0,1.0,0,0,72,92,216.8413444,289.1217926,0,326,56.875,115.4066568,13318.69643,0,0,1,1,0,0,0,1,1,65.0,108.6666667,32.25,3,326,4,129,8192,219,1,20,0.0,0.0,0.0,0.0,0.0,0.0,0.0,0.0,Bot
8080,6,2018-03-02 02:16:16,11153,3,4,326,129.0,326,0,108.6666667,188.2161878,112,0,32.25,53.7672453,40796.19833,627.6338205,1858.833333,3987.585205,9982.0,20.0,535.0,267.5,307.5914498,485.0,50.0,10688.0,3562.666667,5569.091518,9982.0,23.0,0,0,72,92,268.9859231,358.6478974,0,326,56.875,115.4066568,13318.69643,0,0,1,1,0,0,0,1,1,65.0,108.6666667,32.25,3,326,4,129,8192,219,1,20,0.0,0.0,0.0,0.0,0.0,0.0,0.0,0.0,Bot
8080,6,2018-03-02 01:53:05,11232,3,4,326,129.0,326,0,108.6666667,188.2161878,112,0,32.25,53.7672453,40509.25926,623.2193732,1872.0,4148.004773,10329.0,1.0,578.0,289.0,340.8254685,530.0,48.0,10722.0,3574.0,5853.267378,10329.0,1.0,0,0,72,92,267.0940171,356.1253561,0,326,56.875,115.4066568,13318.69643,0,0,1,1,0,0,0,1,1,65.0,108.6666667,32.25,3,326,4,129,8192,219,1,20,0.0,0.0,0.0,0.0,0.0,0.0,0.0,0.0,Bot
8080,6,2018-03-02 11:26:43,504,2,0,0,0.0,0,0,0.0,0.0,0,0,0.0,0.0,0.0,3968.253968,504.0,0.0,504.0,504.0,504.0,504.0,0.0,504.0,504.0,0.0,0.0,0.0,0.0,0.0,0,0,40,0,3968.253968,0.0,0,0,0.0,0.0,0.0,0,0,0,0,1,0,0,0,0,0.0,0.0,0.0,2,0,0,0,2052,-1,0,20,0.0,0.0,0.0,0.0,0.0,0.0,0.0,0.0,Bot
8080,6,2018-03-02 01:57:35,11831,3,4,326,129.0,326,0,108.6666667,188.2161878,112,0,32.25,53.7672453,38458.28755,591.6659623,1971.833333,4351.207438,10844.0,29.0,618.0,309.0,359.2102448,563.0,55.0,11301.0,3767.0,6132.107876,10844.0,29.0,0,0,72,92,253.5711267,338.0948356,0,326,56.875,115.4066568,13318.69643,0,0,1,1,0,0,0,1,1,65.0,108.6666667,32.25,3,326,4,129,8192,219,1,20,0.0,0.0,0.0,0.0,0.0,0.0,0.0,0.0,Bot
8080,6,2018-03-02 11:49:56,475,2,0,0,0.0,0,0,0.0,0.0,0,0,0.0,0.0,0.0,4210.526316,475.0,0.0,475.0,475.0,475.0,475.0,0.0,475.0,475.0,0.0,0.0,0.0,0.0,0.0,0,0,40,0,4210.526316,0.0,0,0,0.0,0.0,0.0,0,0,0,0,1,0,0,0,0,0.0,0.0,0.0,2,0,0,0,2052,-1,0,20,0.0,0.0,0.0,0.0,0.0,0.0,0.0,0.0,Bot
8080,6,2018-03-02 11:32:21,9673,3,4,326,129.0,326,0,108.6666667,188.2161878,112,0,32.25,53.7672453,47038.14742,723.6638065,1612.166667,3505.049296,8757.0,1.0,535.0,267.5,277.892965,464.0,71.0,9242.0,3080.666667,4921.777355,8757.0,1.0,0,0,72,92,310.1416313,413.5221751,0,326,56.875,115.4066568,13318.69643,0,0,1,1,0,0,0,1,1,65.0,108.6666667,32.25,3,326,4,129,8192,219,1,20,0.0,0.0,0.0,0.0,0.0,0.0,0.0,0.0,Bot
8080,6,2018-03-02 02:26:04,530,2,0,0,0.0,0,0,0.0,0.0,0,0,0.0,0.0,0.0,3773.584906,530.0,0.0,530.0,530.0,530.0,530.0,0.0,530.0,530.0,0.0,0.0,0.0,0.0,0.0,0,0,40,0,3773.584906,0.0,0,0,0.0,0.0,0.0,0,0,0,0,1,0,0,0,0,0.0,0.0,0.0,2,0,0,0,2052,-1,0,20,0.0,0.0,0.0,0.0,0.0,0.0,0.0,0.0,Bot
8080,6,2018-03-02 10:45:13,513,2,0,0,0.0,0,0,0.0,0.0,0,0,0.0,0.0,0.0,3898.635478,513.0,0.0,513.0,513.0,513.0,513.0,0.0,513.0,513.0,0.0,0.0,0.0,0.0,0.0,0,0,40,0,3898.635478,0.0,0,0,0.0,0.0,0.0,0,0,0,0,1,0,0,0,0,0.0,0.0,0.0,2,0,0,0,256,-1,0,20,0.0,0.0,0.0,0.0,0.0,0.0,0.0,0.0,Bot
8080,6,2018-03-02 10:39:25,10486,3,4,326,129.0,326,0,108.6666667,188.2161878,112,0,32.25,53.7672453,43391.18825,667.5567423,1747.666667,3855.616509,9609.0,15.0,525.0,262.5,299.1061684,474.0,51.0,10033.0,3344.333333,5428.93593,9609.0,15.0,0,0,72,92,286.0957467,381.4609956,0,326,56.875,115.4066568,13318.69643,0,0,1,1,0,0,0,1,1,65.0,108.6666667,32.25,3,326,4,129,8192,219,1,20,0.0,0.0,0.0,0.0,0.0,0.0,0.0,0.0,Bot
8080,6,2018-03-02 03:07:05,11569,3,4,326,129.0,326,0,108.6666667,188.2161878,112,0,32.25,53.7672453,39329.24194,605.0652606,1928.166667,4243.838942,10579.0,1.0,636.0,318.0,376.1808076,584.0,52.0,11008.0,3669.333333,5987.754365,10579.0,1.0,0,0,72,92,259.3136831,345.7515775,0,326,56.875,115.4066568,13318.69643,0,0,1,1,0,0,0,1,1,65.0,108.6666667,32.25,3,326,4,129,8192,219,1,20,0.0,0.0,0.0,0.0,0.0,0.0,0.0,0.0,Bot
8080,6,2018-03-02 11:20:33,10310,3,4,326,129.0,326,0,108.6666667,188.2161878,112,0,32.25,53.7672453,44131.91077,678.9524733,1718.333333,3583.242926,9007.0,14.0,533.0,266.5,306.1772363,483.0,50.0,9848.0,3282.666667,4974.056326,9007.0,14.0,0,0,72,92,290.9796314,387.9728419,0,326,56.875,115.4066568,13318.69643,0,0,1,1,0,0,0,1,1,65.0,108.6666667,32.25,3,326,4,129,8192,219,1,20,0.0,0.0,0.0,0.0,0.0,0.0,0.0,0.0,Bot
8080,6,2018-03-02 02:29:07,480,2,0,0,0.0,0,0,0.0,0.0,0,0,0.0,0.0,0.0,4166.666667,480.0,0.0,480.0,480.0,480.0,480.0,0.0,480.0,480.0,0.0,0.0,0.0,0.0,0.0,0,0,40,0,4166.666667,0.0,0,0,0.0,0.0,0.0,0,0,0,0,1,0,0,0,0,0.0,0.0,0.0,2,0,0,0,256,-1,0,20,0.0,0.0,0.0,0.0,0.0,0.0,0.0,0.0,Bot
8080,6,2018-03-02 01:44:02,625,2,0,0,0.0,0,0,0.0,0.0,0,0,0.0,0.0,0.0,3200.0,625.0,0.0,625.0,625.0,625.0,625.0,0.0,625.0,625.0,0.0,0.0,0.0,0.0,0.0,0,0,40,0,3200.0,0.0,0,0,0.0,0.0,0.0,0,0,0,0,1,0,0,0,0,0.0,0.0,0.0,2,0,0,0,2052,-1,0,20,0.0,0.0,0.0,0.0,0.0,0.0,0.0,0.0,Bot
8080,6,2018-03-02 03:06:56,501,2,0,0,0.0,0,0,0.0,0.0,0,0,0.0,0.0,0.0,3992.015968,501.0,0.0,501.0,501.0,501.0,501.0,0.0,501.0,501.0,0.0,0.0,0.0,0.0,0.0,0,0,40,0,3992.015968,0.0,0,0,0.0,0.0,0.0,0,0,0,0,1,0,0,0,0,0.0,0.0,0.0,2,0,0,0,2052,-1,0,20,0.0,0.0,0.0,0.0,0.0,0.0,0.0,0.0,Bot
51974,6,2018-03-02 03:53:44,10293,5,2,129,326.0,112,0,25.8,48.74628191,326,0,163.0,230.5168107,44204.79938,680.0738366,1715.5,3863.020619,9595.0,2.0,10293.0,2573.25,4684.094532,9595.0,2.0,51.0,51.0,0.0,51.0,51.0,0,0,124,40,485.7670261,194.3068105,0,326,56.875,115.4066568,13318.69643,0,0,1,1,0,0,0,1,0,65.0,25.8,163.0,5,129,2,326,8192,2053,2,20,0.0,0.0,0.0,0.0,0.0,0.0,0.0,0.0,Bot
8080,6,2018-03-02 10:56:25,9504,3,4,326,129.0,326,0,108.6666667,188.2161878,112,0,32.25,53.7672453,47874.57912,736.5319865,1584.0,3418.665237,8551.0,19.0,490.0,245.0,272.9432175,438.0,52.0,9085.0,3028.333333,4788.88811,8551.0,25.0,0,0,72,92,315.6565657,420.8754209,0,326,56.875,115.4066568,13318.69643,0,0,1,1,0,0,0,1,1,65.0,108.6666667,32.25,3,326,4,129,8192,219,1,20,0.0,0.0,0.0,0.0,0.0,0.0,0.0,0.0,Bot
8080,6,2018-03-02 02:24:52,37191,3,4,326,129.0,326,0,108.6666667,188.2161878,112,0,32.25,53.7672453,12234.14267,188.2175795,6198.5,10951.26197,27416.0,14.0,27945.0,13972.5,19011.98003,27416.0,529.0,36676.0,12225.33333,14202.57555,27815.0,22.0,0,0,72,92,80.66467694,107.5529026,0,326,56.875,115.4066568,13318.69643,0,0,1,1,0,0,0,1,1,65.0,108.6666667,32.25,3,326,4,129,8192,219,1,20,0.0,0.0,0.0,0.0,0.0,0.0,0.0,0.0,Bot
8080,6,2018-03-02 11:37:22,460,2,0,0,0.0,0,0,0.0,0.0,0,0,0.0,0.0,0.0,4347.826087,460.0,0.0,460.0,460.0,460.0,460.0,0.0,460.0,460.0,0.0,0.0,0.0,0.0,0.0,0,0,40,0,4347.826087,0.0,0,0,0.0,0.0,0.0,0,0,0,0,1,0,0,0,0,0.0,0.0,0.0,2,0,0,0,256,-1,0,20,0.0,0.0,0.0,0.0,0.0,0.0,0.0,0.0,Bot
8080,6,2018-03-02 11:56:07,505,2,0,0,0.0,0,0,0.0,0.0,0,0,0.0,0.0,0.0,3960.39604,505.0,0.0,505.0,505.0,505.0,505.0,0.0,505.0,505.0,0.0,0.0,0.0,0.0,0.0,0,0,40,0,3960.39604,0.0,0,0,0.0,0.0,0.0,0,0,0,0,1,0,0,0,0,0.0,0.0,0.0,2,0,0,0,2052,-1,0,20,0.0,0.0,0.0,0.0,0.0,0.0,0.0,0.0,Bot
8080,6,2018-03-02 03:46:15,495,2,0,0,0.0,0,0,0.0,0.0,0,0,0.0,0.0,0.0,4040.40404,495.0,0.0,495.0,495.0,495.0,495.0,0.0,495.0,495.0,0.0,0.0,0.0,0.0,0.0,0,0,40,0,4040.40404,0.0,0,0,0.0,0.0,0.0,0,0,0,0,1,0,0,0,0,0.0,0.0,0.0,2,0,0,0,2052,-1,0,20,0.0,0.0,0.0,0.0,0.0,0.0,0.0,0.0,Bot
8080,6,2018-03-02 11:07:04,635,2,0,0,0.0,0,0,0.0,0.0,0,0,0.0,0.0,0.0,3149.606299,635.0,0.0,635.0,635.0,635.0,635.0,0.0,635.0,635.0,0.0,0.0,0.0,0.0,0.0,0,0,40,0,3149.606299,0.0,0,0,0.0,0.0,0.0,0,0,0,0,1,0,0,0,0,0.0,0.0,0.0,2,0,0,0,2052,-1,0,20,0.0,0.0,0.0,0.0,0.0,0.0,0.0,0.0,Bot
51781,6,2018-03-02 03:52:07,13263,5,2,129,326.0,112,0,25.8,48.74628191,326,0,163.0,230.5168107,34305.96396,527.7840609,2210.5,5047.364015,12509.0,12.0,13263.0,3315.75,6131.203382,12509.0,12.0,63.0,63.0,0.0,63.0,63.0,0,0,124,40,376.9886149,150.795446,0,326,56.875,115.4066568,13318.69643,0,0,1,1,0,0,0,1,0,65.0,25.8,163.0,5,129,2,326,8192,2053,2,20,0.0,0.0,0.0,0.0,0.0,0.0,0.0,0.0,Bot
8080,6,2018-03-02 11:08:02,14183,3,4,326,129.0,326,0,108.6666667,188.2161878,112,0,32.25,53.7672453,32080.65995,493.5486145,2363.833333,5323.315298,13223.0,1.0,640.0,320.0,312.5411973,541.0,99.0,13679.0,4559.666667,7506.100008,13223.0,1.0,0,0,72,92,211.5208348,282.0277797,0,326,56.875,115.4066568,13318.69643,0,0,1,1,0,0,0,1,1,65.0,108.6666667,32.25,3,326,4,129,8192,219,1,20,0.0,0.0,0.0,0.0,0.0,0.0,0.0,0.0,Bot
8080,6,2018-03-02 10:32:42,10937,3,4,326,129.0,326,0,108.6666667,188.2161878,112,0,32.25,53.7672453,41601.9018,640.0292585,1822.833333,3871.618804,9706.0,1.0,693.0,346.5,417.9001077,642.0,51.0,10316.0,3438.666667,5436.176628,9706.0,1.0,0,0,72,92,274.2982536,365.7310048,0,326,56.875,115.4066568,13318.69643,0,0,1,1,0,0,0,1,1,65.0,108.6666667,32.25,3,326,4,129,8192,219,1,20,0.0,0.0,0.0,0.0,0.0,0.0,0.0,0.0,Bot
8080,6,2018-03-02 11:11:43,7175,3,4,285,129.0,285,0,95.0,164.5448267,112,0,32.25,53.7672453,57700.34843,975.6097561,1195.833333,2577.022655,6448.0,13.0,421.0,210.5,234.0523446,376.0,45.0,6812.0,2270.666667,3620.66214,6448.0,35.0,0,0,72,92,418.1184669,557.4912892,0,285,51.75,101.8637045,10376.21429,0,0,1,1,0,0,0,1,1,59.14285714,95.0,32.25,3,285,4,129,8192,219,1,20,0.0,0.0,0.0,0.0,0.0,0.0,0.0,0.0,Bot
8080,6,2018-03-02 03:51:10,676,2,0,0,0.0,0,0,0.0,0.0,0,0,0.0,0.0,0.0,2958.579882,676.0,0.0,676.0,676.0,676.0,676.0,0.0,676.0,676.0,0.0,0.0,0.0,0.0,0.0,0,0,40,0,2958.579882,0.0,0,0,0.0,0.0,0.0,0,0,0,0,1,0,0,0,0,0.0,0.0,0.0,2,0,0,0,2052,-1,0,20,0.0,0.0,0.0,0.0,0.0,0.0,0.0,0.0,Bot
8080,6,2018-03-02 11:23:14,10631,3,4,326,129.0,326,0,108.6666667,188.2161878,112,0,32.25,53.7672453,42799.36036,658.4516979,1771.833333,3964.994296,9858.0,2.0,475.0,237.5,272.2361108,430.0,45.0,10216.0,3405.333333,5590.975705,9858.0,2.0,0,0,72,92,282.1935848,376.2581131,0,326,56.875,115.4066568,13318.69643,0,0,1,1,0,0,0,1,1,65.0,108.6666667,32.25,3,326,4,129,8192,219,1,20,0.0,0.0,0.0,0.0,0.0,0.0,0.0,0.0,Bot
8080,6,2018-03-02 11:22:11,473,2,0,0,0.0,0,0,0.0,0.0,0,0,0.0,0.0,0.0,4228.32981,473.0,0.0,473.0,473.0,473.0,473.0,0.0,473.0,473.0,0.0,0.0,0.0,0.0,0.0,0,0,40,0,4228.32981,0.0,0,0,0.0,0.0,0.0,0,0,0,0,1,0,0,0,0,0.0,0.0,0.0,2,0,0,0,2052,-1,0,20,0.0,0.0,0.0,0.0,0.0,0.0,0.0,0.0,Bot
8080,6,2018-03-02 10:40:32,10272,3,4,326,129.0,326,0,108.6666667,188.2161878,112,0,32.25,53.7672453,44295.17134,681.4641745,1712.0,3738.618782,9333.0,21.0,590.0,295.0,342.2396821,537.0,53.0,9756.0,3252.0,5269.12488,9333.0,39.0,0,0,72,92,292.0560748,389.4080997,0,326,56.875,115.4066568,13318.69643,0,0,1,1,0,0,0,1,1,65.0,108.6666667,32.25,3,326,4,129,8192,219,1,20,0.0,0.0,0.0,0.0,0.0,0.0,0.0,0.0,Bot
8080,6,2018-03-02 03:50:09,676,2,0,0,0.0,0,0,0.0,0.0,0,0,0.0,0.0,0.0,2958.579882,676.0,0.0,676.0,676.0,676.0,676.0,0.0,676.0,676.0,0.0,0.0,0.0,0.0,0.0,0,0,40,0,2958.579882,0.0,0,0,0.0,0.0,0.0,0,0,0,0,1,0,0,0,0,0.0,0.0,0.0,2,0,0,0,2052,-1,0,20,0.0,0.0,0.0,0.0,0.0,0.0,0.0,0.0,Bot
8080,6,2018-03-02 11:25:59,11610,3,4,326,129.0,326,0,108.6666667,188.2161878,112,0,32.25,53.7672453,39190.35314,602.9285099,1935.0,4313.191487,10731.0,21.0,569.0,284.5,327.3904397,516.0,53.0,11115.0,3705.0,6086.931247,10731.0,27.0,0,0,72,92,258.3979328,344.5305771,0,326,56.875,115.4066568,13318.69643,0,0,1,1,0,0,0,1,1,65.0,108.6666667,32.25,3,326,4,129,8192,219,1,20,0.0,0.0,0.0,0.0,0.0,0.0,0.0,0.0,Bot
8080,6,2018-03-02 12:11:54,510,2,0,0,0.0,0,0,0.0,0.0,0,0,0.0,0.0,0.0,3921.568627,510.0,0.0,510.0,510.0,510.0,510.0,0.0,510.0,510.0,0.0,0.0,0.0,0.0,0.0,0,0,40,0,3921.568627,0.0,0,0,0.0,0.0,0.0,0,0,0,0,1,0,0,0,0,0.0,0.0,0.0,2,0,0,0,2052,-1,0,20,0.0,0.0,0.0,0.0,0.0,0.0,0.0,0.0,Bot
8080,6,2018-03-02 03:31:07,1113,2,0,0,0.0,0,0,0.0,0.0,0,0,0.0,0.0,0.0,1796.945193,1113.0,0.0,1113.0,1113.0,1113.0,1113.0,0.0,1113.0,1113.0,0.0,0.0,0.0,0.0,0.0,0,0,40,0,1796.945193,0.0,0,0,0.0,0.0,0.0,0,0,0,0,1,0,0,0,0,0.0,0.0,0.0,2,0,0,0,256,-1,0,20,0.0,0.0,0.0,0.0,0.0,0.0,0.0,0.0,Bot
8080,6,2018-03-02 03:43:00,517,2,0,0,0.0,0,0,0.0,0.0,0,0,0.0,0.0,0.0,3868.471954,517.0,0.0,517.0,517.0,517.0,517.0,0.0,517.0,517.0,0.0,0.0,0.0,0.0,0.0,0,0,40,0,3868.471954,0.0,0,0,0.0,0.0,0.0,0,0,0,0,1,0,0,0,0,0.0,0.0,0.0,2,0,0,0,2052,-1,0,20,0.0,0.0,0.0,0.0,0.0,0.0,0.0,0.0,Bot
8080,6,2018-03-02 12:41:22,13029,3,4,326,129.0,326,0,108.6666667,188.2161878,112,0,32.25,53.7672453,34922.09686,537.2630286,2171.5,4850.882796,12064.0,1.0,652.0,326.0,364.8670991,584.0,68.0,12477.0,4159.0,6849.014455,12064.0,1.0,0,0,72,92,230.2555837,307.0074449,0,326,56.875,115.4066568,13318.69643,0,0,1,1,0,0,0,1,1,65.0,108.6666667,32.25,3,326,4,129,8192,219,1,20,0.0,0.0,0.0,0.0,0.0,0.0,0.0,0.0,Bot
8080,6,2018-03-02 02:02:30,12972,3,4,326,129.0,326,0,108.6666667,188.2161878,112,0,32.25,53.7672453,35075.54733,539.6238051,2162.0,4826.71296,12006.0,2.0,491.0,245.5,242.5376259,417.0,74.0,12575.0,4191.666667,6773.304979,12006.0,2.0,0,0,72,92,231.2673451,308.3564601,0,326,56.875,115.4066568,13318.69643,0,0,1,1,0,0,0,1,1,65.0,108.6666667,32.25,3,326,4,129,8192,219,1,20,0.0,0.0,0.0,0.0,0.0,0.0,0.0,0.0,Bot
8080,6,2018-03-02 10:33:35,537,2,0,0,0.0,0,0,0.0,0.0,0,0,0.0,0.0,0.0,3724.394786,537.0,0.0,537.0,537.0,537.0,537.0,0.0,537.0,537.0,0.0,0.0,0.0,0.0,0.0,0,0,40,0,3724.394786,0.0,0,0,0.0,0.0,0.0,0,0,0,0,1,0,0,0,0,0.0,0.0,0.0,2,0,0,0,2052,-1,0,20,0.0,0.0,0.0,0.0,0.0,0.0,0.0,0.0,Bot
8080,6,2018-03-02 12:34:10,524,2,0,0,0.0,0,0,0.0,0.0,0,0,0.0,0.0,0.0,3816.793893,524.0,0.0,524.0,524.0,524.0,524.0,0.0,524.0,524.0,0.0,0.0,0.0,0.0,0.0,0,0,40,0,3816.793893,0.0,0,0,0.0,0.0,0.0,0,0,0,0,1,0,0,0,0,0.0,0.0,0.0,2,0,0,0,2052,-1,0,20,0.0,0.0,0.0,0.0,0.0,0.0,0.0,0.0,Bot
8080,6,2018-03-02 11:15:59,10203,3,4,326,129.0,326,0,108.6666667,188.2161878,112,0,32.25,53.7672453,44594.72704,686.0727237,1700.5,3820.172601,9494.0,19.0,434.0,217.0,214.9604615,369.0,65.0,9853.0,3284.333333,5379.461156,9494.0,43.0,0,0,72,92,294.0311673,392.0415564,0,326,56.875,115.4066568,13318.69643,0,0,1,1,0,0,0,1,1,65.0,108.6666667,32.25,3,326,4,129,8192,219,1,20,0.0,0.0,0.0,0.0,0.0,0.0,0.0,0.0,Bot
8080,6,2018-03-02 02:12:55,11547,3,4,326,129.0,326,0,108.6666667,188.2161878,112,0,32.25,53.7672453,39404.17424,606.2180653,1924.5,4254.783649,10601.0,1.0,648.0,324.0,306.884343,541.0,107.0,11041.0,3680.333333,5997.472912,10601.0,1.0,0,0,72,92,259.8077423,346.410323,0,326,56.875,115.4066568,13318.69643,0,0,1,1,0,0,0,1,1,65.0,108.6666667,32.25,3,326,4,129,8192,219,1,20,0.0,0.0,0.0,0.0,0.0,0.0,0.0,0.0,Bot
8080,6,2018-03-02 03:39:30,502,2,0,0,0.0,0,0,0.0,0.0,0,0,0.0,0.0,0.0,3984.063745,502.0,0.0,502.0,502.0,502.0,502.0,0.0,502.0,502.0,0.0,0.0,0.0,0.0,0.0,0,0,40,0,3984.063745,0.0,0,0,0.0,0.0,0.0,0,0,0,0,1,0,0,0,0,0.0,0.0,0.0,2,0,0,0,256,-1,0,20,0.0,0.0,0.0,0.0,0.0,0.0,0.0,0.0,Bot
8080,6,2018-03-02 01:54:22,10418,3,4,326,129.0,326,0,108.6666667,188.2161878,112,0,32.25,53.7672453,43674.40968,671.913995,1736.333333,3707.165746,9288.0,22.0,701.0,350.5,419.3143212,647.0,54.0,9793.0,3264.333333,5220.423578,9288.0,54.0,0,0,72,92,287.9631407,383.9508543,0,326,56.875,115.4066568,13318.69643,0,0,1,1,0,0,0,1,1,65.0,108.6666667,32.25,3,326,4,129,8192,219,1,20,0.0,0.0,0.0,0.0,0.0,0.0,0.0,0.0,Bot
8080,6,2018-03-02 12:55:16,488,2,0,0,0.0,0,0,0.0,0.0,0,0,0.0,0.0,0.0,4098.360656,488.0,0.0,488.0,488.0,488.0,488.0,0.0,488.0,488.0,0.0,0.0,0.0,0.0,0.0,0,0,40,0,4098.360656,0.0,0,0,0.0,0.0,0.0,0,0,0,0,1,0,0,0,0,0.0,0.0,0.0,2,0,0,0,256,-1,0,20,0.0,0.0,0.0,0.0,0.0,0.0,0.0,0.0,Bot
8080,6,2018-03-02 03:10:39,617,2,0,0,0.0,0,0,0.0,0.0,0,0,0.0,0.0,0.0,3241.491086,617.0,0.0,617.0,617.0,617.0,617.0,0.0,617.0,617.0,0.0,0.0,0.0,0.0,0.0,0,0,40,0,3241.491086,0.0,0,0,0.0,0.0,0.0,0,0,0,0,1,0,0,0,0,0.0,0.0,0.0,2,0,0,0,2052,-1,0,20,0.0,0.0,0.0,0.0,0.0,0.0,0.0,0.0,Bot
8080,6,2018-03-02 02:35:07,10878,3,4,326,129.0,326,0,108.6666667,188.2161878,112,0,32.25,53.7672453,41827.54183,643.5006435,1813.0,3980.521875,9928.0,2.0,515.0,257.5,273.6503243,451.0,64.0,10445.0,3481.666667,5588.577845,9928.0,2.0,0,0,72,92,275.7859901,367.7146534,0,326,56.875,115.4066568,13318.69643,0,0,1,1,0,0,0,1,1,65.0,108.6666667,32.25,3,326,4,129,8192,219,1,20,0.0,0.0,0.0,0.0,0.0,0.0,0.0,0.0,Bot
8080,6,2018-03-02 02:06:24,11250,3,4,326,129.0,326,0,108.6666667,188.2161878,112,0,32.25,53.7672453,40444.44444,622.2222222,1875.0,3982.611706,9988.0,1.0,691.0,345.5,341.5325753,587.0,104.0,10700.0,3566.666667,5572.357341,9988.0,1.0,0,0,72,92,266.6666667,355.5555556,0,326,56.875,115.4066568,13318.69643,0,0,1,1,0,0,0,1,1,65.0,108.6666667,32.25,3,326,4,129,8192,219,1,20,0.0,0.0,0.0,0.0,0.0,0.0,0.0,0.0,Bot
8080,6,2018-03-02 03:01:44,496,2,0,0,0.0,0,0,0.0,0.0,0,0,0.0,0.0,0.0,4032.258065,496.0,0.0,496.0,496.0,496.0,496.0,0.0,496.0,496.0,0.0,0.0,0.0,0.0,0.0,0,0,40,0,4032.258065,0.0,0,0,0.0,0.0,0.0,0,0,0,0,1,0,0,0,0,0.0,0.0,0.0,2,0,0,0,256,-1,0,20,0.0,0.0,0.0,0.0,0.0,0.0,0.0,0.0,Bot
8080,6,2018-03-02 01:02:19,10089,3,4,326,129.0,326,0,108.6666667,188.2161878,112,0,32.25,53.7672453,45098.62226,693.8249579,1681.5,3733.800892,9296.0,17.0,481.0,240.5,266.5792565,429.0,52.0,9683.0,3227.666667,5258.293861,9296.0,17.0,0,0,72,92,297.3535534,396.4714045,0,326,56.875,115.4066568,13318.69643,0,0,1,1,0,0,0,1,1,65.0,108.6666667,32.25,3,326,4,129,8192,219,1,20,0.0,0.0,0.0,0.0,0.0,0.0,0.0,0.0,Bot
8080,6,2018-03-02 01:19:15,533,2,0,0,0.0,0,0,0.0,0.0,0,0,0.0,0.0,0.0,3752.345216,533.0,0.0,533.0,533.0,533.0,533.0,0.0,533.0,533.0,0.0,0.0,0.0,0.0,0.0,0,0,40,0,3752.345216,0.0,0,0,0.0,0.0,0.0,0,0,0,0,1,0,0,0,0,0.0,0.0,0.0,2,0,0,0,256,-1,0,20,0.0,0.0,0.0,0.0,0.0,0.0,0.0,0.0,Bot
8080,6,2018-03-02 02:13:32,11287,3,4,326,129.0,326,0,108.6666667,188.2161878,112,0,32.25,53.7672453,40311.86321,620.1825109,1881.166667,4161.55175,10364.0,1.0,656.0,328.0,387.4945161,602.0,54.0,10705.0,3568.333333,5887.660345,10364.0,1.0,0,0,72,92,265.7925047,354.3900062,0,326,56.875,115.4066568,13318.69643,0,0,1,1,0,0,0,1,1,65.0,108.6666667,32.25,3,326,4,129,8192,219,1,20,0.0,0.0,0.0,0.0,0.0,0.0,0.0,0.0,Bot
8080,6,2018-03-02 12:05:00,9554,3,4,326,129.0,326,0,108.6666667,188.2161878,112,0,32.25,53.7672453,47624.03182,732.6774126,1592.333333,3518.662227,8767.0,14.0,489.0,244.5,273.6503243,438.0,51.0,9137.0,3045.666667,4957.769895,8767.0,14.0,0,0,72,92,314.0046054,418.6728072,0,326,56.875,115.4066568,13318.69643,0,0,1,1,0,0,0,1,1,65.0,108.6666667,32.25,3,326,4,129,8192,219,1,20,0.0,0.0,0.0,0.0,0.0,0.0,0.0,0.0,Bot
8080,6,2018-03-02 12:15:29,487,2,0,0,0.0,0,0,0.0,0.0,0,0,0.0,0.0,0.0,4106.776181,487.0,0.0,487.0,487.0,487.0,487.0,0.0,487.0,487.0,0.0,0.0,0.0,0.0,0.0,0,0,40,0,4106.776181,0.0,0,0,0.0,0.0,0.0,0,0,0,0,1,0,0,0,0,0.0,0.0,0.0,2,0,0,0,2052,-1,0,20,0.0,0.0,0.0,0.0,0.0,0.0,0.0,0.0,Bot
8080,6,2018-03-02 12:45:23,490,2,0,0,0.0,0,0,0.0,0.0,0,0,0.0,0.0,0.0,4081.632653,490.0,0.0,490.0,490.0,490.0,490.0,0.0,490.0,490.0,0.0,0.0,0.0,0.0,0.0,0,0,40,0,4081.632653,0.0,0,0,0.0,0.0,0.0,0,0,0,0,1,0,0,0,0,0.0,0.0,0.0,2,0,0,0,2052,-1,0,20,0.0,0.0,0.0,0.0,0.0,0.0,0.0,0.0,Bot
8080,6,2018-03-02 11:14:00,468,2,0,0,0.0,0,0,0.0,0.0,0,0,0.0,0.0,0.0,4273.504274,468.0,0.0,468.0,468.0,468.0,468.0,0.0,468.0,468.0,0.0,0.0,0.0,0.0,0.0,0,0,40,0,4273.504274,0.0,0,0,0.0,0.0,0.0,0,0,0,0,1,0,0,0,0,0.0,0.0,0.0,2,0,0,0,2052,-1,0,20,0.0,0.0,0.0,0.0,0.0,0.0,0.0,0.0,Bot
8080,6,2018-03-02 11:13:29,10290,3,4,326,129.0,326,0,108.6666667,188.2161878,112,0,32.25,53.7672453,44217.68707,680.2721088,1715.0,3784.326783,9432.0,20.0,518.0,259.0,306.884343,476.0,42.0,9834.0,3278.0,5331.280897,9432.0,64.0,0,0,72,92,291.5451895,388.7269193,0,326,56.875,115.4066568,13318.69643,0,0,1,1,0,0,0,1,1,65.0,108.6666667,32.25,3,326,4,129,8192,219,1,20,0.0,0.0,0.0,0.0,0.0,0.0,0.0,0.0,Bot
8080,6,2018-03-02 12:29:36,9862,3,4,326,129.0,326,0,108.6666667,188.2161878,112,0,32.25,53.7672453,46136.68627,709.7951734,1643.666667,3575.715966,8935.0,21.0,450.0,225.0,244.6589463,398.0,52.0,9485.0,3161.666667,5003.349112,8935.0,88.0,0,0,72,92,304.1979315,405.5972419,0,326,56.875,115.4066568,13318.69643,0,0,1,1,0,0,0,1,1,65.0,108.6666667,32.25,3,326,4,129,8192,219,1,20,0.0,0.0,0.0,0.0,0.0,0.0,0.0,0.0,Bot
8080,6,2018-03-02 03:03:04,26438,3,4,326,129.0,326,0,108.6666667,188.2161878,112,0,32.25,53.7672453,17210.07641,264.7704062,4406.333333,10452.14182,25740.0,21.0,397.0,198.5,205.7680733,344.0,53.0,26115.0,8705.0,14753.61579,25740.0,27.0,0,0,72,92,113.4730312,151.297375,0,326,56.875,115.4066568,13318.69643,0,0,1,1,0,0,0,1,1,65.0,108.6666667,32.25,3,326,4,129,8192,219,1,20,0.0,0.0,0.0,0.0,0.0,0.0,0.0,0.0,Bot
8080,6,2018-03-02 03:32:34,557,2,0,0,0.0,0,0,0.0,0.0,0,0,0.0,0.0,0.0,3590.664273,557.0,0.0,557.0,557.0,557.0,557.0,0.0,557.0,557.0,0.0,0.0,0.0,0.0,0.0,0,0,40,0,3590.664273,0.0,0,0,0.0,0.0,0.0,0,0,0,0,1,0,0,0,0,0.0,0.0,0.0,2,0,0,0,2052,-1,0,20,0.0,0.0,0.0,0.0,0.0,0.0,0.0,0.0,Bot
8080,6,2018-03-02 02:51:49,11848,3,4,326,129.0,326,0,108.6666667,188.2161878,112,0,32.25,53.7672453,38403.10601,590.8170155,1974.666667,4344.784628,10834.0,21.0,613.0,306.5,342.9467889,549.0,64.0,11320.0,3773.333333,6117.606095,10834.0,55.0,0,0,72,92,253.2072924,337.6097232,0,326,56.875,115.4066568,13318.69643,0,0,1,1,0,0,0,1,1,65.0,108.6666667,32.25,3,326,4,129,8192,219,1,20,0.0,0.0,0.0,0.0,0.0,0.0,0.0,0.0,Bot
8080,6,2018-03-02 11:08:25,463,2,0,0,0.0,0,0,0.0,0.0,0,0,0.0,0.0,0.0,4319.654428,463.0,0.0,463.0,463.0,463.0,463.0,0.0,463.0,463.0,0.0,0.0,0.0,0.0,0.0,0,0,40,0,4319.654428,0.0,0,0,0.0,0.0,0.0,0,0,0,0,1,0,0,0,0,0.0,0.0,0.0,2,0,0,0,2052,-1,0,20,0.0,0.0,0.0,0.0,0.0,0.0,0.0,0.0,Bot
8080,6,2018-03-02 02:01:15,481,2,0,0,0.0,0,0,0.0,0.0,0,0,0.0,0.0,0.0,4158.004158,481.0,0.0,481.0,481.0,481.0,481.0,0.0,481.0,481.0,0.0,0.0,0.0,0.0,0.0,0,0,40,0,4158.004158,0.0,0,0,0.0,0.0,0.0,0,0,0,0,1,0,0,0,0,0.0,0.0,0.0,2,0,0,0,2052,-1,0,20,0.0,0.0,0.0,0.0,0.0,0.0,0.0,0.0,Bot
8080,6,2018-03-02 03:02:45,11146,3,4,326,129.0,326,0,108.6666667,188.2161878,112,0,32.25,53.7672453,40821.81949,628.0279921,1857.666667,4089.754695,10197.0,14.0,636.0,318.0,311.1269837,538.0,98.0,10639.0,3546.333333,5763.364845,10197.0,14.0,0,0,72,92,269.1548538,358.8731383,0,326,56.875,115.4066568,13318.69643,0,0,1,1,0,0,0,1,1,65.0,108.6666667,32.25,3,326,4,129,8192,219,1,20,0.0,0.0,0.0,0.0,0.0,0.0,0.0,0.0,Bot
8080,6,2018-03-02 03:00:59,467,2,0,0,0.0,0,0,0.0,0.0,0,0,0.0,0.0,0.0,4282.655246,467.0,0.0,467.0,467.0,467.0,467.0,0.0,467.0,467.0,0.0,0.0,0.0,0.0,0.0,0,0,40,0,4282.655246,0.0,0,0,0.0,0.0,0.0,0,0,0,0,1,0,0,0,0,0.0,0.0,0.0,2,0,0,0,2052,-1,0,20,0.0,0.0,0.0,0.0,0.0,0.0,0.0,0.0,Bot
8080,6,2018-03-02 03:33:04,525,2,0,0,0.0,0,0,0.0,0.0,0,0,0.0,0.0,0.0,3809.52381,525.0,0.0,525.0,525.0,525.0,525.0,0.0,525.0,525.0,0.0,0.0,0.0,0.0,0.0,0,0,40,0,3809.52381,0.0,0,0,0.0,0.0,0.0,0,0,0,0,1,0,0,0,0,0.0,0.0,0.0,2,0,0,0,2052,-1,0,20,0.0,0.0,0.0,0.0,0.0,0.0,0.0,0.0,Bot
8080,6,2018-03-02 03:42:48,13852,3,4,326,129.0,326,0,108.6666667,188.2161878,112,0,32.25,53.7672453,32847.24228,505.3421889,2308.666667,5252.872344,13026.0,20.0,493.0,246.5,277.892965,443.0,50.0,13429.0,4476.333333,7405.861215,13026.0,46.0,0,0,72,92,216.5752238,288.7669651,0,326,56.875,115.4066568,13318.69643,0,0,1,1,0,0,0,1,1,65.0,108.6666667,32.25,3,326,4,129,8192,219,1,20,0.0,0.0,0.0,0.0,0.0,0.0,0.0,0.0,Bot
8080,6,2018-03-02 12:23:57,11198,3,4,326,129.0,326,0,108.6666667,188.2161878,112,0,32.25,53.7672453,40632.25576,625.1116271,1866.333333,4119.313859,10265.0,19.0,583.0,291.5,341.5325753,533.0,50.0,10684.0,3561.333333,5808.444915,10265.0,26.0,0,0,72,92,267.904983,357.206644,0,326,56.875,115.4066568,13318.69643,0,0,1,1,0,0,0,1,1,65.0,108.6666667,32.25,3,326,4,129,8192,219,1,20,0.0,0.0,0.0,0.0,0.0,0.0,0.0,0.0,Bot
8080,6,2018-03-02 11:58:22,453,2,0,0,0.0,0,0,0.0,0.0,0,0,0.0,0.0,0.0,4415.011038,453.0,0.0,453.0,453.0,453.0,453.0,0.0,453.0,453.0,0.0,0.0,0.0,0.0,0.0,0,0,40,0,4415.011038,0.0,0,0,0.0,0.0,0.0,0,0,0,0,1,0,0,0,0,0.0,0.0,0.0,2,0,0,0,2052,-1,0,20,0.0,0.0,0.0,0.0,0.0,0.0,0.0,0.0,Bot
8080,6,2018-03-02 11:30:24,494,2,0,0,0.0,0,0,0.0,0.0,0,0,0.0,0.0,0.0,4048.582996,494.0,0.0,494.0,494.0,494.0,494.0,0.0,494.0,494.0,0.0,0.0,0.0,0.0,0.0,0,0,40,0,4048.582996,0.0,0,0,0.0,0.0,0.0,0,0,0,0,1,0,0,0,0,0.0,0.0,0.0,2,0,0,0,2052,-1,0,20,0.0,0.0,0.0,0.0,0.0,0.0,0.0,0.0,Bot
8080,6,2018-03-02 03:44:11,483,2,0,0,0.0,0,0,0.0,0.0,0,0,0.0,0.0,0.0,4140.786749,483.0,0.0,483.0,483.0,483.0,483.0,0.0,483.0,483.0,0.0,0.0,0.0,0.0,0.0,0,0,40,0,4140.786749,0.0,0,0,0.0,0.0,0.0,0,0,0,0,1,0,0,0,0,0.0,0.0,0.0,2,0,0,0,2052,-1,0,20,0.0,0.0,0.0,0.0,0.0,0.0,0.0,0.0,Bot
8080,6,2018-03-02 11:19:23,10607,3,4,326,129.0,326,0,108.6666667,188.2161878,112,0,32.25,53.7672453,42896.20062,659.941548,1767.833333,3920.447292,9762.0,12.0,510.0,255.0,291.3279938,461.0,49.0,10163.0,3387.666667,5523.551967,9762.0,12.0,0,0,72,92,282.832092,377.109456,0,326,56.875,115.4066568,13318.69643,0,0,1,1,0,0,0,1,1,65.0,108.6666667,32.25,3,326,4,129,8192,219,1,20,0.0,0.0,0.0,0.0,0.0,0.0,0.0,0.0,Bot
8080,6,2018-03-02 11:30:30,464,2,0,0,0.0,0,0,0.0,0.0,0,0,0.0,0.0,0.0,4310.344828,464.0,0.0,464.0,464.0,464.0,464.0,0.0,464.0,464.0,0.0,0.0,0.0,0.0,0.0,0,0,40,0,4310.344828,0.0,0,0,0.0,0.0,0.0,0,0,0,0,1,0,0,0,0,0.0,0.0,0.0,2,0,0,0,2052,-1,0,20,0.0,0.0,0.0,0.0,0.0,0.0,0.0,0.0,Bot
8080,6,2018-03-02 10:35:06,10172,3,4,326,129.0,326,0,108.6666667,188.2161878,112,0,32.25,53.7672453,44730.63311,688.1635863,1695.333333,3753.856133,9350.0,22.0,536.0,268.0,304.0559159,483.0,53.0,9711.0,3237.0,5295.984989,9350.0,36.0,0,0,72,92,294.9272513,393.236335,0,326,56.875,115.4066568,13318.69643,0,0,1,1,0,0,0,1,1,65.0,108.6666667,32.25,3,326,4,129,8192,219,1,20,0.0,0.0,0.0,0.0,0.0,0.0,0.0,0.0,Bot
8080,6,2018-03-02 01:08:24,10929,3,4,326,129.0,326,0,108.6666667,188.2161878,112,0,32.25,53.7672453,41632.35429,640.4977583,1821.5,3994.307086,9963.0,1.0,668.0,334.0,384.666089,606.0,62.0,10359.0,3453.0,5641.26617,9963.0,1.0,0,0,72,92,274.4990393,365.998719,0,326,56.875,115.4066568,13318.69643,0,0,1,1,0,0,0,1,1,65.0,108.6666667,32.25,3,326,4,129,8192,219,1,20,0.0,0.0,0.0,0.0,0.0,0.0,0.0,0.0,Bot
8080,6,2018-03-02 03:21:02,516,2,0,0,0.0,0,0,0.0,0.0,0,0,0.0,0.0,0.0,3875.968992,516.0,0.0,516.0,516.0,516.0,516.0,0.0,516.0,516.0,0.0,0.0,0.0,0.0,0.0,0,0,40,0,3875.968992,0.0,0,0,0.0,0.0,0.0,0,0,0,0,1,0,0,0,0,0.0,0.0,0.0,2,0,0,0,2052,-1,0,20,0.0,0.0,0.0,0.0,0.0,0.0,0.0,0.0,Bot
8080,6,2018-03-02 03:11:51,483,2,0,0,0.0,0,0,0.0,0.0,0,0,0.0,0.0,0.0,4140.786749,483.0,0.0,483.0,483.0,483.0,483.0,0.0,483.0,483.0,0.0,0.0,0.0,0.0,0.0,0,0,40,0,4140.786749,0.0,0,0,0.0,0.0,0.0,0,0,0,0,1,0,0,0,0,0.0,0.0,0.0,2,0,0,0,2052,-1,0,20,0.0,0.0,0.0,0.0,0.0,0.0,0.0,0.0,Bot
8080,6,2018-03-02 03:23:52,22173,3,4,326,129.0,326,0,108.6666667,188.2161878,112,0,32.25,53.7672453,20520.4528,315.6992739,3695.5,8581.018745,21206.0,1.0,644.0,322.0,366.2813127,581.0,63.0,21619.0,7206.333333,12125.80844,21206.0,1.0,0,0,72,92,135.2996888,180.3995851,0,326,56.875,115.4066568,13318.69643,0,0,1,1,0,0,0,1,1,65.0,108.6666667,32.25,3,326,4,129,8192,219,1,20,0.0,0.0,0.0,0.0,0.0,0.0,0.0,0.0,Bot
8080,6,2018-03-02 03:12:42,513,2,0,0,0.0,0,0,0.0,0.0,0,0,0.0,0.0,0.0,3898.635478,513.0,0.0,513.0,513.0,513.0,513.0,0.0,513.0,513.0,0.0,0.0,0.0,0.0,0.0,0,0,40,0,3898.635478,0.0,0,0,0.0,0.0,0.0,0,0,0,0,1,0,0,0,0,0.0,0.0,0.0,2,0,0,0,2052,-1,0,20,0.0,0.0,0.0,0.0,0.0,0.0,0.0,0.0,Bot
8080,6,2018-03-02 10:51:25,15201,3,4,326,129.0,326,0,108.6666667,188.2161878,112,0,32.25,53.7672453,29932.2413,460.49602,2533.5,5787.727352,14342.0,16.0,527.0,263.5,297.6919549,474.0,53.0,14749.0,4916.333333,8165.019922,14342.0,16.0,0,0,72,92,197.3554371,263.1405829,0,326,56.875,115.4066568,13318.69643,0,0,1,1,0,0,0,1,1,65.0,108.6666667,32.25,3,326,4,129,8192,219,1,20,0.0,0.0,0.0,0.0,0.0,0.0,0.0,0.0,Bot
8080,6,2018-03-02 01:40:43,11167,3,4,326,129.0,326,0,108.6666667,188.2161878,112,0,32.25,53.7672453,40745.05239,626.8469598,1861.166667,4171.863872,10370.0,21.0,527.0,263.5,300.520382,476.0,51.0,10712.0,3570.666667,5890.107328,10370.0,29.0,0,0,72,92,268.6486971,358.1982627,0,326,56.875,115.4066568,13318.69643,0,0,1,1,0,0,0,1,1,65.0,108.6666667,32.25,3,326,4,129,8192,219,1,20,0.0,0.0,0.0,0.0,0.0,0.0,0.0,0.0,Bot
8080,6,2018-03-02 10:46:41,9720,3,4,326,129.0,326,0,108.6666667,188.2161878,112,0,32.25,53.7672453,46810.69959,720.1646091,1620.0,3534.554739,8824.0,1.0,547.0,273.5,316.0767312,497.0,50.0,9246.0,3082.0,4977.150088,8824.0,1.0,0,0,72,92,308.6419753,411.5226337,0,326,56.875,115.4066568,13318.69643,0,0,1,1,0,0,0,1,1,65.0,108.6666667,32.25,3,326,4,129,8192,219,1,20,0.0,0.0,0.0,0.0,0.0,0.0,0.0,0.0,Bot
8080,6,2018-03-02 11:56:00,9882,3,4,326,129.0,326,0,108.6666667,188.2161878,112,0,32.25,53.7672453,46043.31107,708.3586319,1647.0,3635.365621,9060.0,21.0,454.0,227.0,261.629509,412.0,42.0,9491.0,3163.666667,5109.815685,9060.0,28.0,0,0,72,92,303.5822708,404.7763611,0,326,56.875,115.4066568,13318.69643,0,0,1,1,0,0,0,1,1,65.0,108.6666667,32.25,3,326,4,129,8192,219,1,20,0.0,0.0,0.0,0.0,0.0,0.0,0.0,0.0,Bot
8080,6,2018-03-02 03:50:33,18375,3,4,326,129.0,326,0,108.6666667,188.2161878,112,0,32.25,53.7672453,24761.90476,380.952381,3062.5,7110.565849,17574.0,15.0,483.0,241.5,208.5965005,389.0,94.0,18019.0,6006.333333,10020.04193,17574.0,15.0,0,0,72,92,163.2653061,217.6870748,0,326,56.875,115.4066568,13318.69643,0,0,1,1,0,0,0,1,1,65.0,108.6666667,32.25,3,326,4,129,8192,219,1,20,0.0,0.0,0.0,0.0,0.0,0.0,0.0,0.0,Bot
8080,6,2018-03-02 03:42:06,577,2,0,0,0.0,0,0,0.0,0.0,0,0,0.0,0.0,0.0,3466.204506,577.0,0.0,577.0,577.0,577.0,577.0,0.0,577.0,577.0,0.0,0.0,0.0,0.0,0.0,0,0,40,0,3466.204506,0.0,0,0,0.0,0.0,0.0,0,0,0,0,1,0,0,0,0,0.0,0.0,0.0,2,0,0,0,2052,-1,0,20,0.0,0.0,0.0,0.0,0.0,0.0,0.0,0.0,Bot
8080,6,2018-03-02 03:16:30,480,2,0,0,0.0,0,0,0.0,0.0,0,0,0.0,0.0,0.0,4166.666667,480.0,0.0,480.0,480.0,480.0,480.0,0.0,480.0,480.0,0.0,0.0,0.0,0.0,0.0,0,0,40,0,4166.666667,0.0,0,0,0.0,0.0,0.0,0,0,0,0,1,0,0,0,0,0.0,0.0,0.0,2,0,0,0,256,-1,0,20,0.0,0.0,0.0,0.0,0.0,0.0,0.0,0.0,Bot
8080,6,2018-03-02 02:53:32,494,2,0,0,0.0,0,0,0.0,0.0,0,0,0.0,0.0,0.0,4048.582996,494.0,0.0,494.0,494.0,494.0,494.0,0.0,494.0,494.0,0.0,0.0,0.0,0.0,0.0,0,0,40,0,4048.582996,0.0,0,0,0.0,0.0,0.0,0,0,0,0,1,0,0,0,0,0.0,0.0,0.0,2,0,0,0,2052,-1,0,20,0.0,0.0,0.0,0.0,0.0,0.0,0.0,0.0,Bot
8080,6,2018-03-02 03:50:54,614,2,0,0,0.0,0,0,0.0,0.0,0,0,0.0,0.0,0.0,3257.32899,614.0,0.0,614.0,614.0,614.0,614.0,0.0,614.0,614.0,0.0,0.0,0.0,0.0,0.0,0,0,40,0,3257.32899,0.0,0,0,0.0,0.0,0.0,0,0,0,0,1,0,0,0,0,0.0,0.0,0.0,2,0,0,0,2052,-1,0,20,0.0,0.0,0.0,0.0,0.0,0.0,0.0,0.0,Bot
8080,6,2018-03-02 02:04:25,524,2,0,0,0.0,0,0,0.0,0.0,0,0,0.0,0.0,0.0,3816.793893,524.0,0.0,524.0,524.0,524.0,524.0,0.0,524.0,524.0,0.0,0.0,0.0,0.0,0.0,0,0,40,0,3816.793893,0.0,0,0,0.0,0.0,0.0,0,0,0,0,1,0,0,0,0,0.0,0.0,0.0,2,0,0,0,2052,-1,0,20,0.0,0.0,0.0,0.0,0.0,0.0,0.0,0.0,Bot
8080,6,2018-03-02 11:15:16,663,2,0,0,0.0,0,0,0.0,0.0,0,0,0.0,0.0,0.0,3016.591252,663.0,0.0,663.0,663.0,663.0,663.0,0.0,663.0,663.0,0.0,0.0,0.0,0.0,0.0,0,0,40,0,3016.591252,0.0,0,0,0.0,0.0,0.0,0,0,0,0,1,0,0,0,0,0.0,0.0,0.0,2,0,0,0,2052,-1,0,20,0.0,0.0,0.0,0.0,0.0,0.0,0.0,0.0,Bot
8080,6,2018-03-02 03:33:06,23291,3,4,326,129.0,326,0,108.6666667,188.2161878,112,0,32.25,53.7672453,19535.44287,300.545275,3881.833333,9127.712296,22511.0,22.0,475.0,237.5,260.9224023,422.0,53.0,22891.0,7630.333333,12888.09161,22511.0,25.0,0,0,72,92,128.8051179,171.7401571,0,326,56.875,115.4066568,13318.69643,0,0,1,1,0,0,0,1,1,65.0,108.6666667,32.25,3,326,4,129,8192,219,1,20,0.0,0.0,0.0,0.0,0.0,0.0,0.0,0.0,Bot
8080,6,2018-03-02 11:06:41,16921,3,4,326,129.0,326,0,108.6666667,188.2161878,112,0,32.25,53.7672453,26889.66373,413.6871343,2820.166667,6555.505089,16198.0,1.0,444.0,222.0,240.4163056,392.0,52.0,16550.0,5516.666667,9251.961216,16198.0,1.0,0,0,72,92,177.2944861,236.3926482,0,326,56.875,115.4066568,13318.69643,0,0,1,1,0,0,0,1,1,65.0,108.6666667,32.25,3,326,4,129,8192,219,1,20,0.0,0.0,0.0,0.0,0.0,0.0,0.0,0.0,Bot
8080,6,2018-03-02 02:19:11,545,2,0,0,0.0,0,0,0.0,0.0,0,0,0.0,0.0,0.0,3669.724771,545.0,0.0,545.0,545.0,545.0,545.0,0.0,545.0,545.0,0.0,0.0,0.0,0.0,0.0,0,0,40,0,3669.724771,0.0,0,0,0.0,0.0,0.0,0,0,0,0,1,0,0,0,0,0.0,0.0,0.0,2,0,0,0,2052,-1,0,20,0.0,0.0,0.0,0.0,0.0,0.0,0.0,0.0,Bot
8080,6,2018-03-02 12:09:08,691,2,0,0,0.0,0,0,0.0,0.0,0,0,0.0,0.0,0.0,2894.356006,691.0,0.0,691.0,691.0,691.0,691.0,0.0,691.0,691.0,0.0,0.0,0.0,0.0,0.0,0,0,40,0,2894.356006,0.0,0,0,0.0,0.0,0.0,0,0,0,0,1,0,0,0,0,0.0,0.0,0.0,2,0,0,0,256,-1,0,20,0.0,0.0,0.0,0.0,0.0,0.0,0.0,0.0,Bot
8080,6,2018-03-02 11:22:46,10488,3,4,326,129.0,326,0,108.6666667,188.2161878,112,0,32.25,53.7672453,43382.91381,667.4294432,1748.0,3758.086641,9406.0,1.0,712.0,356.0,359.2102448,610.0,102.0,9915.0,3305.0,5289.698763,9406.0,1.0,0,0,72,92,286.0411899,381.3882532,0,326,56.875,115.4066568,13318.69643,0,0,1,1,0,0,0,1,1,65.0,108.6666667,32.25,3,326,4,129,8192,219,1,20,0.0,0.0,0.0,0.0,0.0,0.0,0.0,0.0,Bot
8080,6,2018-03-02 03:47:06,12233,3,4,326,129.0,326,0,108.6666667,188.2161878,112,0,32.25,53.7672453,37194.47396,572.2226764,2038.833333,4495.693024,11204.0,1.0,608.0,304.0,359.2102448,558.0,50.0,11696.0,3898.666667,6331.346329,11204.0,1.0,0,0,72,92,245.2382899,326.9843865,0,326,56.875,115.4066568,13318.69643,0,0,1,1,0,0,0,1,1,65.0,108.6666667,32.25,3,326,4,129,8192,219,1,20,0.0,0.0,0.0,0.0,0.0,0.0,0.0,0.0,Bot
8080,6,2018-03-02 02:06:23,470,2,0,0,0.0,0,0,0.0,0.0,0,0,0.0,0.0,0.0,4255.319149,470.0,0.0,470.0,470.0,470.0,470.0,0.0,470.0,470.0,0.0,0.0,0.0,0.0,0.0,0,0,40,0,4255.319149,0.0,0,0,0.0,0.0,0.0,0,0,0,0,1,0,0,0,0,0.0,0.0,0.0,2,0,0,0,2052,-1,0,20,0.0,0.0,0.0,0.0,0.0,0.0,0.0,0.0,Bot
8080,6,2018-03-02 02:18:09,468,2,0,0,0.0,0,0,0.0,0.0,0,0,0.0,0.0,0.0,4273.504274,468.0,0.0,468.0,468.0,468.0,468.0,0.0,468.0,468.0,0.0,0.0,0.0,0.0,0.0,0,0,40,0,4273.504274,0.0,0,0,0.0,0.0,0.0,0,0,0,0,1,0,0,0,0,0.0,0.0,0.0,2,0,0,0,2052,-1,0,20,0.0,0.0,0.0,0.0,0.0,0.0,0.0,0.0,Bot
8080,6,2018-03-02 11:34:38,523,2,0,0,0.0,0,0,0.0,0.0,0,0,0.0,0.0,0.0,3824.091778,523.0,0.0,523.0,523.0,523.0,523.0,0.0,523.0,523.0,0.0,0.0,0.0,0.0,0.0,0,0,40,0,3824.091778,0.0,0,0,0.0,0.0,0.0,0,0,0,0,1,0,0,0,0,0.0,0.0,0.0,2,0,0,0,2052,-1,0,20,0.0,0.0,0.0,0.0,0.0,0.0,0.0,0.0,Bot
8080,6,2018-03-02 03:00:48,486,2,0,0,0.0,0,0,0.0,0.0,0,0,0.0,0.0,0.0,4115.226337,486.0,0.0,486.0,486.0,486.0,486.0,0.0,486.0,486.0,0.0,0.0,0.0,0.0,0.0,0,0,40,0,4115.226337,0.0,0,0,0.0,0.0,0.0,0,0,0,0,1,0,0,0,0,0.0,0.0,0.0,2,0,0,0,2052,-1,0,20,0.0,0.0,0.0,0.0,0.0,0.0,0.0,0.0,Bot
8080,6,2018-03-02 10:51:32,403,2,0,0,0.0,0,0,0.0,0.0,0,0,0.0,0.0,0.0,4962.779156,403.0,0.0,403.0,403.0,403.0,403.0,0.0,403.0,403.0,0.0,0.0,0.0,0.0,0.0,0,0,40,0,4962.779156,0.0,0,0,0.0,0.0,0.0,0,0,0,0,1,0,0,0,0,0.0,0.0,0.0,2,0,0,0,256,-1,0,20,0.0,0.0,0.0,0.0,0.0,0.0,0.0,0.0,Bot
8080,6,2018-03-02 11:27:57,510,2,0,0,0.0,0,0,0.0,0.0,0,0,0.0,0.0,0.0,3921.568627,510.0,0.0,510.0,510.0,510.0,510.0,0.0,510.0,510.0,0.0,0.0,0.0,0.0,0.0,0,0,40,0,3921.568627,0.0,0,0,0.0,0.0,0.0,0,0,0,0,1,0,0,0,0,0.0,0.0,0.0,2,0,0,0,2052,-1,0,20,0.0,0.0,0.0,0.0,0.0,0.0,0.0,0.0,Bot
8080,6,2018-03-02 11:33:08,10874,3,4,326,129.0,326,0,108.6666667,188.2161878,112,0,32.25,53.7672453,41842.92809,643.7373552,1812.333333,3955.650271,9874.0,15.0,619.0,309.5,381.1305551,579.0,40.0,10310.0,3436.666667,5578.23398,9874.0,25.0,0,0,72,92,275.8874379,367.8499172,0,326,56.875,115.4066568,13318.69643,0,0,1,1,0,0,0,1,1,65.0,108.6666667,32.25,3,326,4,129,8192,219,1,20,0.0,0.0,0.0,0.0,0.0,0.0,0.0,0.0,Bot
8080,6,2018-03-02 11:11:43,8036,3,4,365,129.0,365,0,121.6666667,210.7328483,112,0,32.25,53.7672453,61473.36984,871.0801394,1339.333333,2870.141228,7189.0,18.0,480.0,240.0,272.9432175,433.0,47.0,7621.0,2540.333333,4028.65689,7189.0,66.0,0,0,72,92,373.3200597,497.7600796,0,365,61.75,128.4820721,16507.64286,0,0,1,1,0,0,0,1,1,70.57142857,121.6666667,32.25,3,365,4,129,8192,219,1,20,0.0,0.0,0.0,0.0,0.0,0.0,0.0,0.0,Bot
8080,6,2018-03-02 11:25:47,507,2,0,0,0.0,0,0,0.0,0.0,0,0,0.0,0.0,0.0,3944.773176,507.0,0.0,507.0,507.0,507.0,507.0,0.0,507.0,507.0,0.0,0.0,0.0,0.0,0.0,0,0,40,0,3944.773176,0.0,0,0,0.0,0.0,0.0,0,0,0,0,1,0,0,0,0,0.0,0.0,0.0,2,0,0,0,2052,-1,0,20,0.0,0.0,0.0,0.0,0.0,0.0,0.0,0.0,Bot
8080,6,2018-03-02 03:43:55,504,2,0,0,0.0,0,0,0.0,0.0,0,0,0.0,0.0,0.0,3968.253968,504.0,0.0,504.0,504.0,504.0,504.0,0.0,504.0,504.0,0.0,0.0,0.0,0.0,0.0,0,0,40,0,3968.253968,0.0,0,0,0.0,0.0,0.0,0,0,0,0,1,0,0,0,0,0.0,0.0,0.0,2,0,0,0,2052,-1,0,20,0.0,0.0,0.0,0.0,0.0,0.0,0.0,0.0,Bot
8080,6,2018-03-02 11:16:12,10121,3,4,326,129.0,326,0,108.6666667,188.2161878,112,0,32.25,53.7672453,44956.03201,691.6312617,1686.833333,3724.632675,9281.0,2.0,536.0,268.0,289.9137803,473.0,63.0,9669.0,3223.0,5249.893999,9281.0,2.0,0,0,72,92,296.4133979,395.2178638,0,326,56.875,115.4066568,13318.69643,0,0,1,1,0,0,0,1,1,65.0,108.6666667,32.25,3,326,4,129,8192,219,1,20,0.0,0.0,0.0,0.0,0.0,0.0,0.0,0.0,Bot
8080,6,2018-03-02 01:32:45,488,2,0,0,0.0,0,0,0.0,0.0,0,0,0.0,0.0,0.0,4098.360656,488.0,0.0,488.0,488.0,488.0,488.0,0.0,488.0,488.0,0.0,0.0,0.0,0.0,0.0,0,0,40,0,4098.360656,0.0,0,0,0.0,0.0,0.0,0,0,0,0,1,0,0,0,0,0.0,0.0,0.0,2,0,0,0,2052,-1,0,20,0.0,0.0,0.0,0.0,0.0,0.0,0.0,0.0,Bot
8080,6,2018-03-02 11:34:31,485,2,0,0,0.0,0,0,0.0,0.0,0,0,0.0,0.0,0.0,4123.71134,485.0,0.0,485.0,485.0,485.0,485.0,0.0,485.0,485.0,0.0,0.0,0.0,0.0,0.0,0,0,40,0,4123.71134,0.0,0,0,0.0,0.0,0.0,0,0,0,0,1,0,0,0,0,0.0,0.0,0.0,2,0,0,0,2052,-1,0,20,0.0,0.0,0.0,0.0,0.0,0.0,0.0,0.0,Bot
8080,6,2018-03-02 10:50:48,606,2,0,0,0.0,0,0,0.0,0.0,0,0,0.0,0.0,0.0,3300.330033,606.0,0.0,606.0,606.0,606.0,606.0,0.0,606.0,606.0,0.0,0.0,0.0,0.0,0.0,0,0,40,0,3300.330033,0.0,0,0,0.0,0.0,0.0,0,0,0,0,1,0,0,0,0,0.0,0.0,0.0,2,0,0,0,2052,-1,0,20,0.0,0.0,0.0,0.0,0.0,0.0,0.0,0.0,Bot
8080,6,2018-03-02 02:39:57,10835,3,4,326,129.0,326,0,108.6666667,188.2161878,112,0,32.25,53.7672453,41993.53946,646.0544532,1805.833333,3841.370662,9632.0,2.0,768.0,384.0,379.0092347,652.0,116.0,10228.0,3409.333333,5397.110461,9632.0,2.0,0,0,72,92,276.8804799,369.1739732,0,326,56.875,115.4066568,13318.69643,0,0,1,1,0,0,0,1,1,65.0,108.6666667,32.25,3,326,4,129,8192,219,1,20,0.0,0.0,0.0,0.0,0.0,0.0,0.0,0.0,Bot
8080,6,2018-03-02 03:00:10,450,2,0,0,0.0,0,0,0.0,0.0,0,0,0.0,0.0,0.0,4444.444444,450.0,0.0,450.0,450.0,450.0,450.0,0.0,450.0,450.0,0.0,0.0,0.0,0.0,0.0,0,0,40,0,4444.444444,0.0,0,0,0.0,0.0,0.0,0,0,0,0,1,0,0,0,0,0.0,0.0,0.0,2,0,0,0,2052,-1,0,20,0.0,0.0,0.0,0.0,0.0,0.0,0.0,0.0,Bot
8080,6,2018-03-02 01:52:25,10630,3,4,326,129.0,326,0,108.6666667,188.2161878,112,0,32.25,53.7672453,42803.38664,658.5136406,1771.666667,3952.520951,9832.0,0.0,509.0,254.5,287.7924599,458.0,51.0,10194.0,3398.0,5574.946457,9832.0,0.0,0,0,72,92,282.2201317,376.2935089,0,326,56.875,115.4066568,13318.69643,0,0,1,1,0,0,0,1,1,65.0,108.6666667,32.25,3,326,4,129,8192,219,1,20,0.0,0.0,0.0,0.0,0.0,0.0,0.0,0.0,Bot
8080,6,2018-03-02 12:02:10,544,2,0,0,0.0,0,0,0.0,0.0,0,0,0.0,0.0,0.0,3676.470588,544.0,0.0,544.0,544.0,544.0,544.0,0.0,544.0,544.0,0.0,0.0,0.0,0.0,0.0,0,0,40,0,3676.470588,0.0,0,0,0.0,0.0,0.0,0,0,0,0,1,0,0,0,0,0.0,0.0,0.0,2,0,0,0,2052,-1,0,20,0.0,0.0,0.0,0.0,0.0,0.0,0.0,0.0,Bot
8080,6,2018-03-02 10:56:19,9158,3,4,326,129.0,326,0,108.6666667,188.2161878,112,0,32.25,53.7672453,49683.33697,764.3590304,1526.333333,3297.567083,8248.0,17.0,519.0,259.5,297.6919549,470.0,49.0,8705.0,2901.666667,4632.946399,8248.0,65.0,0,0,72,92,327.5824416,436.7765888,0,326,56.875,115.4066568,13318.69643,0,0,1,1,0,0,0,1,1,65.0,108.6666667,32.25,3,326,4,129,8192,219,1,20,0.0,0.0,0.0,0.0,0.0,0.0,0.0,0.0,Bot
8080,6,2018-03-02 03:33:43,539,2,0,0,0.0,0,0,0.0,0.0,0,0,0.0,0.0,0.0,3710.575139,539.0,0.0,539.0,539.0,539.0,539.0,0.0,539.0,539.0,0.0,0.0,0.0,0.0,0.0,0,0,40,0,3710.575139,0.0,0,0,0.0,0.0,0.0,0,0,0,0,1,0,0,0,0,0.0,0.0,0.0,2,0,0,0,2052,-1,0,20,0.0,0.0,0.0,0.0,0.0,0.0,0.0,0.0,Bot
8080,6,2018-03-02 03:44:47,502,2,0,0,0.0,0,0,0.0,0.0,0,0,0.0,0.0,0.0,3984.063745,502.0,0.0,502.0,502.0,502.0,502.0,0.0,502.0,502.0,0.0,0.0,0.0,0.0,0.0,0,0,40,0,3984.063745,0.0,0,0,0.0,0.0,0.0,0,0,0,0,1,0,0,0,0,0.0,0.0,0.0,2,0,0,0,2052,-1,0,20,0.0,0.0,0.0,0.0,0.0,0.0,0.0,0.0,Bot
8080,6,2018-03-02 10:47:03,12669,3,4,326,129.0,326,0,108.6666667,188.2161878,112,0,32.25,53.7672453,35914.43681,552.5297971,2111.5,4734.605401,11769.0,20.0,541.0,270.5,296.2777413,480.0,61.0,12209.0,4069.666667,6670.468075,11769.0,32.0,0,0,72,92,236.7984845,315.7313127,0,326,56.875,115.4066568,13318.69643,0,0,1,1,0,0,0,1,1,65.0,108.6666667,32.25,3,326,4,129,8192,219,1,20,0.0,0.0,0.0,0.0,0.0,0.0,0.0,0.0,Bot
8080,6,2018-03-02 02:14:32,605,2,0,0,0.0,0,0,0.0,0.0,0,0,0.0,0.0,0.0,3305.785124,605.0,0.0,605.0,605.0,605.0,605.0,0.0,605.0,605.0,0.0,0.0,0.0,0.0,0.0,0,0,40,0,3305.785124,0.0,0,0,0.0,0.0,0.0,0,0,0,0,1,0,0,0,0,0.0,0.0,0.0,2,0,0,0,256,-1,0,20,0.0,0.0,0.0,0.0,0.0,0.0,0.0,0.0,Bot
8080,6,2018-03-02 03:50:20,402,2,0,0,0.0,0,0,0.0,0.0,0,0,0.0,0.0,0.0,4975.124378,402.0,0.0,402.0,402.0,402.0,402.0,0.0,402.0,402.0,0.0,0.0,0.0,0.0,0.0,0,0,40,0,4975.124378,0.0,0,0,0.0,0.0,0.0,0,0,0,0,1,0,0,0,0,0.0,0.0,0.0,2,0,0,0,256,-1,0,20,0.0,0.0,0.0,0.0,0.0,0.0,0.0,0.0,Bot
8080,6,2018-03-02 11:40:52,484,2,0,0,0.0,0,0,0.0,0.0,0,0,0.0,0.0,0.0,4132.231405,484.0,0.0,484.0,484.0,484.0,484.0,0.0,484.0,484.0,0.0,0.0,0.0,0.0,0.0,0,0,40,0,4132.231405,0.0,0,0,0.0,0.0,0.0,0,0,0,0,1,0,0,0,0,0.0,0.0,0.0,2,0,0,0,2052,-1,0,20,0.0,0.0,0.0,0.0,0.0,0.0,0.0,0.0,Bot
8080,6,2018-03-02 11:47:46,611,2,0,0,0.0,0,0,0.0,0.0,0,0,0.0,0.0,0.0,3273.322422,611.0,0.0,611.0,611.0,611.0,611.0,0.0,611.0,611.0,0.0,0.0,0.0,0.0,0.0,0,0,40,0,3273.322422,0.0,0,0,0.0,0.0,0.0,0,0,0,0,1,0,0,0,0,0.0,0.0,0.0,2,0,0,0,2052,-1,0,20,0.0,0.0,0.0,0.0,0.0,0.0,0.0,0.0,Bot
8080,6,2018-03-02 11:13:13,16150,3,4,326,140.0,326,0,108.6666667,188.2161878,123,0,35.0,59.21148537,28854.48916,433.4365325,2691.666667,6116.457951,15172.0,32.0,566.0,283.0,260.2152955,467.0,99.0,15715.0,5238.333333,8605.762624,15172.0,46.0,0,0,72,92,185.7585139,247.6780186,0,326,58.25,116.219927,13507.07143,0,0,1,1,0,0,0,1,1,66.57142857,108.6666667,35.0,3,326,4,140,8192,219,1,20,0.0,0.0,0.0,0.0,0.0,0.0,0.0,0.0,Bot
8080,6,2018-03-02 12:56:30,499,2,0,0,0.0,0,0,0.0,0.0,0,0,0.0,0.0,0.0,4008.016032,499.0,0.0,499.0,499.0,499.0,499.0,0.0,499.0,499.0,0.0,0.0,0.0,0.0,0.0,0,0,40,0,4008.016032,0.0,0,0,0.0,0.0,0.0,0,0,0,0,1,0,0,0,0,0.0,0.0,0.0,2,0,0,0,2052,-1,0,20,0.0,0.0,0.0,0.0,0.0,0.0,0.0,0.0,Bot
8080,6,2018-03-02 11:58:39,11255,3,4,326,129.0,326,0,108.6666667,188.2161878,112,0,32.25,53.7672453,40426.47712,621.9458019,1875.833333,4123.884112,10283.0,16.0,605.0,302.5,355.6747109,554.0,51.0,10728.0,3576.0,5812.101943,10283.0,16.0,0,0,72,92,266.5482008,355.3976011,0,326,56.875,115.4066568,13318.69643,0,0,1,1,0,0,0,1,1,65.0,108.6666667,32.25,3,326,4,129,8192,219,1,20,0.0,0.0,0.0,0.0,0.0,0.0,0.0,0.0,Bot
8080,6,2018-03-02 11:12:23,481,2,0,0,0.0,0,0,0.0,0.0,0,0,0.0,0.0,0.0,4158.004158,481.0,0.0,481.0,481.0,481.0,481.0,0.0,481.0,481.0,0.0,0.0,0.0,0.0,0.0,0,0,40,0,4158.004158,0.0,0,0,0.0,0.0,0.0,0,0,0,0,1,0,0,0,0,0.0,0.0,0.0,2,0,0,0,2052,-1,0,20,0.0,0.0,0.0,0.0,0.0,0.0,0.0,0.0,Bot
8080,6,2018-03-02 03:33:18,654,2,0,0,0.0,0,0,0.0,0.0,0,0,0.0,0.0,0.0,3058.103976,654.0,0.0,654.0,654.0,654.0,654.0,0.0,654.0,654.0,0.0,0.0,0.0,0.0,0.0,0,0,40,0,3058.103976,0.0,0,0,0.0,0.0,0.0,0,0,0,0,1,0,0,0,0,0.0,0.0,0.0,2,0,0,0,2052,-1,0,20,0.0,0.0,0.0,0.0,0.0,0.0,0.0,0.0,Bot
8080,6,2018-03-02 03:41:51,614,2,0,0,0.0,0,0,0.0,0.0,0,0,0.0,0.0,0.0,3257.32899,614.0,0.0,614.0,614.0,614.0,614.0,0.0,614.0,614.0,0.0,0.0,0.0,0.0,0.0,0,0,40,0,3257.32899,0.0,0,0,0.0,0.0,0.0,0,0,0,0,1,0,0,0,0,0.0,0.0,0.0,2,0,0,0,2052,-1,0,20,0.0,0.0,0.0,0.0,0.0,0.0,0.0,0.0,Bot
8080,6,2018-03-02 03:53:35,478,2,0,0,0.0,0,0,0.0,0.0,0,0,0.0,0.0,0.0,4184.100418,478.0,0.0,478.0,478.0,478.0,478.0,0.0,478.0,478.0,0.0,0.0,0.0,0.0,0.0,0,0,40,0,4184.100418,0.0,0,0,0.0,0.0,0.0,0,0,0,0,1,0,0,0,0,0.0,0.0,0.0,2,0,0,0,2052,-1,0,20,0.0,0.0,0.0,0.0,0.0,0.0,0.0,0.0,Bot
8080,6,2018-03-02 11:31:53,569,2,0,0,0.0,0,0,0.0,0.0,0,0,0.0,0.0,0.0,3514.938489,569.0,0.0,569.0,569.0,569.0,569.0,0.0,569.0,569.0,0.0,0.0,0.0,0.0,0.0,0,0,40,0,3514.938489,0.0,0,0,0.0,0.0,0.0,0,0,0,0,1,0,0,0,0,0.0,0.0,0.0,2,0,0,0,2052,-1,0,20,0.0,0.0,0.0,0.0,0.0,0.0,0.0,0.0,Bot
8080,6,2018-03-02 12:06:34,9803,3,4,326,129.0,326,0,108.6666667,188.2161878,112,0,32.25,53.7672453,46414.36295,714.0671223,1633.833333,3613.611236,9004.0,21.0,448.0,224.0,243.2447327,396.0,52.0,9428.0,3142.666667,5078.553173,9004.0,53.0,0,0,72,92,306.0287667,408.0383556,0,326,56.875,115.4066568,13318.69643,0,0,1,1,0,0,0,1,1,65.0,108.6666667,32.25,3,326,4,129,8192,219,1,20,0.0,0.0,0.0,0.0,0.0,0.0,0.0,0.0,Bot
8080,6,2018-03-02 11:33:14,492,2,0,0,0.0,0,0,0.0,0.0,0,0,0.0,0.0,0.0,4065.04065,492.0,0.0,492.0,492.0,492.0,492.0,0.0,492.0,492.0,0.0,0.0,0.0,0.0,0.0,0,0,40,0,4065.04065,0.0,0,0,0.0,0.0,0.0,0,0,0,0,1,0,0,0,0,0.0,0.0,0.0,2,0,0,0,2052,-1,0,20,0.0,0.0,0.0,0.0,0.0,0.0,0.0,0.0,Bot
8080,6,2018-03-02 11:25:20,512,2,0,0,0.0,0,0,0.0,0.0,0,0,0.0,0.0,0.0,3906.25,512.0,0.0,512.0,512.0,512.0,512.0,0.0,512.0,512.0,0.0,0.0,0.0,0.0,0.0,0,0,40,0,3906.25,0.0,0,0,0.0,0.0,0.0,0,0,0,0,1,0,0,0,0,0.0,0.0,0.0,2,0,0,0,2052,-1,0,20,0.0,0.0,0.0,0.0,0.0,0.0,0.0,0.0,Bot
8080,6,2018-03-02 03:06:44,10192,3,4,326,129.0,326,0,108.6666667,188.2161878,112,0,32.25,53.7672453,44642.85714,686.8131868,1698.666667,3712.627138,9266.0,21.0,596.0,298.0,352.139177,547.0,49.0,9666.0,3222.0,5237.115714,9266.0,27.0,0,0,72,92,294.3485086,392.4646782,0,326,56.875,115.4066568,13318.69643,0,0,1,1,0,0,0,1,1,65.0,108.6666667,32.25,3,326,4,129,8192,219,1,20,0.0,0.0,0.0,0.0,0.0,0.0,0.0,0.0,Bot
8080,6,2018-03-02 11:15:10,475,2,0,0,0.0,0,0,0.0,0.0,0,0,0.0,0.0,0.0,4210.526316,475.0,0.0,475.0,475.0,475.0,475.0,0.0,475.0,475.0,0.0,0.0,0.0,0.0,0.0,0,0,40,0,4210.526316,0.0,0,0,0.0,0.0,0.0,0,0,0,0,1,0,0,0,0,0.0,0.0,0.0,2,0,0,0,2052,-1,0,20,0.0,0.0,0.0,0.0,0.0,0.0,0.0,0.0,Bot
8080,6,2018-03-02 02:48:58,500,2,0,0,0.0,0,0,0.0,0.0,0,0,0.0,0.0,0.0,4000.0,500.0,0.0,500.0,500.0,500.0,500.0,0.0,500.0,500.0,0.0,0.0,0.0,0.0,0.0,0,0,40,0,4000.0,0.0,0,0,0.0,0.0,0.0,0,0,0,0,1,0,0,0,0,0.0,0.0,0.0,2,0,0,0,2052,-1,0,20,0.0,0.0,0.0,0.0,0.0,0.0,0.0,0.0,Bot
8080,6,2018-03-02 12:39:47,527,2,0,0,0.0,0,0,0.0,0.0,0,0,0.0,0.0,0.0,3795.066414,527.0,0.0,527.0,527.0,527.0,527.0,0.0,527.0,527.0,0.0,0.0,0.0,0.0,0.0,0,0,40,0,3795.066414,0.0,0,0,0.0,0.0,0.0,0,0,0,0,1,0,0,0,0,0.0,0.0,0.0,2,0,0,0,2052,-1,0,20,0.0,0.0,0.0,0.0,0.0,0.0,0.0,0.0,Bot
8080,6,2018-03-02 02:31:39,533,2,0,0,0.0,0,0,0.0,0.0,0,0,0.0,0.0,0.0,3752.345216,533.0,0.0,533.0,533.0,533.0,533.0,0.0,533.0,533.0,0.0,0.0,0.0,0.0,0.0,0,0,40,0,3752.345216,0.0,0,0,0.0,0.0,0.0,0,0,0,0,1,0,0,0,0,0.0,0.0,0.0,2,0,0,0,2052,-1,0,20,0.0,0.0,0.0,0.0,0.0,0.0,0.0,0.0,Bot
8080,6,2018-03-02 03:02:04,10293,3,4,326,129.0,326,0,108.6666667,188.2161878,112,0,32.25,53.7672453,44204.79938,680.0738366,1715.5,3843.443755,9556.0,30.0,428.0,214.0,229.1025971,376.0,52.0,9949.0,3316.333333,5406.274349,9556.0,30.0,0,0,72,92,291.4602157,388.6136209,0,326,56.875,115.4066568,13318.69643,0,0,1,1,0,0,0,1,1,65.0,108.6666667,32.25,3,326,4,129,8192,219,1,20,0.0,0.0,0.0,0.0,0.0,0.0,0.0,0.0,Bot
8080,6,2018-03-02 01:28:22,463,2,0,0,0.0,0,0,0.0,0.0,0,0,0.0,0.0,0.0,4319.654428,463.0,0.0,463.0,463.0,463.0,463.0,0.0,463.0,463.0,0.0,0.0,0.0,0.0,0.0,0,0,40,0,4319.654428,0.0,0,0,0.0,0.0,0.0,0,0,0,0,1,0,0,0,0,0.0,0.0,0.0,2,0,0,0,2052,-1,0,20,0.0,0.0,0.0,0.0,0.0,0.0,0.0,0.0,Bot
8080,6,2018-03-02 02:26:24,11431,3,4,326,129.0,326,0,108.6666667,188.2161878,112,0,32.25,53.7672453,39804.04164,612.3698714,1905.166667,4230.368467,10532.0,21.0,579.0,289.5,335.8757211,527.0,52.0,10925.0,3641.666667,5969.026414,10532.0,49.0,0,0,72,92,262.4442306,349.9256408,0,326,56.875,115.4066568,13318.69643,0,0,1,1,0,0,0,1,1,65.0,108.6666667,32.25,3,326,4,129,8192,219,1,20,0.0,0.0,0.0,0.0,0.0,0.0,0.0,0.0,Bot
8080,6,2018-03-02 12:26:28,13135,3,4,326,129.0,326,0,108.6666667,188.2161878,112,0,32.25,53.7672453,34640.27408,532.9272935,2189.166667,4986.551049,12363.0,20.0,476.0,238.0,265.8721497,426.0,50.0,12729.0,4243.0,7033.790514,12363.0,30.0,0,0,72,92,228.3974115,304.529882,0,326,56.875,115.4066568,13318.69643,0,0,1,1,0,0,0,1,1,65.0,108.6666667,32.25,3,326,4,129,8192,219,1,20,0.0,0.0,0.0,0.0,0.0,0.0,0.0,0.0,Bot
8080,6,2018-03-02 02:05:49,11136,3,4,326,129.0,326,0,108.6666667,188.2161878,112,0,32.25,53.7672453,40858.47701,628.591954,1856.0,4058.549987,10131.0,32.0,657.0,328.5,328.8046533,561.0,96.0,10607.0,3535.666667,5715.403864,10131.0,33.0,0,0,72,92,269.3965517,359.1954023,0,326,56.875,115.4066568,13318.69643,0,0,1,1,0,0,0,1,1,65.0,108.6666667,32.25,3,326,4,129,8192,219,1,20,0.0,0.0,0.0,0.0,0.0,0.0,0.0,0.0,Bot
8080,6,2018-03-02 03:31:54,9732,3,4,326,129.0,326,0,108.6666667,188.2161878,112,0,32.25,53.7672453,46752.97986,719.2766132,1622.0,3598.389195,8960.0,18.0,483.0,241.5,269.4076836,432.0,51.0,9321.0,3107.0,5071.450779,8960.0,18.0,0,0,72,92,308.2614057,411.0152076,0,326,56.875,115.4066568,13318.69643,0,0,1,1,0,0,0,1,1,65.0,108.6666667,32.25,3,326,4,129,8192,219,1,20,0.0,0.0,0.0,0.0,0.0,0.0,0.0,0.0,Bot
8080,6,2018-03-02 01:56:27,523,2,0,0,0.0,0,0,0.0,0.0,0,0,0.0,0.0,0.0,3824.091778,523.0,0.0,523.0,523.0,523.0,523.0,0.0,523.0,523.0,0.0,0.0,0.0,0.0,0.0,0,0,40,0,3824.091778,0.0,0,0,0.0,0.0,0.0,0,0,0,0,1,0,0,0,0,0.0,0.0,0.0,2,0,0,0,2052,-1,0,20,0.0,0.0,0.0,0.0,0.0,0.0,0.0,0.0,Bot
8080,6,2018-03-02 12:24:21,11439,3,4,326,129.0,326,0,108.6666667,188.2161878,112,0,32.25,53.7672453,39776.20421,611.9416033,1906.5,4230.785164,10533.0,13.0,534.0,267.0,323.8549058,496.0,38.0,10958.0,3652.666667,5961.882281,10533.0,13.0,0,0,72,92,262.2606871,349.6809162,0,326,56.875,115.4066568,13318.69643,0,0,1,1,0,0,0,1,1,65.0,108.6666667,32.25,3,326,4,129,8192,219,1,20,0.0,0.0,0.0,0.0,0.0,0.0,0.0,0.0,Bot
8080,6,2018-03-02 10:13:42,11503,3,4,326,129.0,326,0,108.6666667,188.2161878,112,0,32.25,53.7672453,39554.89872,608.5369034,1917.166667,4206.565317,10495.0,22.0,572.0,286.0,315.3696244,509.0,63.0,11016.0,3672.0,5912.157728,10495.0,64.0,0,0,72,92,260.80153,347.7353734,0,326,56.875,115.4066568,13318.69643,0,0,1,1,0,0,0,1,1,65.0,108.6666667,32.25,3,326,4,129,8192,219,1,20,0.0,0.0,0.0,0.0,0.0,0.0,0.0,0.0,Bot
8080,6,2018-03-02 11:38:44,523,2,0,0,0.0,0,0,0.0,0.0,0,0,0.0,0.0,0.0,3824.091778,523.0,0.0,523.0,523.0,523.0,523.0,0.0,523.0,523.0,0.0,0.0,0.0,0.0,0.0,0,0,40,0,3824.091778,0.0,0,0,0.0,0.0,0.0,0,0,0,0,1,0,0,0,0,0.0,0.0,0.0,2,0,0,0,2052,-1,0,20,0.0,0.0,0.0,0.0,0.0,0.0,0.0,0.0,Bot
8080,6,2018-03-02 03:05:38,567,2,0,0,0.0,0,0,0.0,0.0,0,0,0.0,0.0,0.0,3527.336861,567.0,0.0,567.0,567.0,567.0,567.0,0.0,567.0,567.0,0.0,0.0,0.0,0.0,0.0,0,0,40,0,3527.336861,0.0,0,0,0.0,0.0,0.0,0,0,0,0,1,0,0,0,0,0.0,0.0,0.0,2,0,0,0,2052,-1,0,20,0.0,0.0,0.0,0.0,0.0,0.0,0.0,0.0,Bot
8080,6,2018-03-02 10:45:05,11626,3,4,326,129.0,326,0,108.6666667,188.2161878,112,0,32.25,53.7672453,39136.41837,602.0987442,1937.666667,4331.70907,10772.0,11.0,517.0,258.5,297.6919549,469.0,48.0,11178.0,3726.0,6105.034889,10772.0,11.0,0,0,72,92,258.0423189,344.0564253,0,326,56.875,115.4066568,13318.69643,0,0,1,1,0,0,0,1,1,65.0,108.6666667,32.25,3,326,4,129,8192,219,1,20,0.0,0.0,0.0,0.0,0.0,0.0,0.0,0.0,Bot
8080,6,2018-03-02 03:53:25,492,2,0,0,0.0,0,0,0.0,0.0,0,0,0.0,0.0,0.0,4065.04065,492.0,0.0,492.0,492.0,492.0,492.0,0.0,492.0,492.0,0.0,0.0,0.0,0.0,0.0,0,0,40,0,4065.04065,0.0,0,0,0.0,0.0,0.0,0,0,0,0,1,0,0,0,0,0.0,0.0,0.0,2,0,0,0,2052,-1,0,20,0.0,0.0,0.0,0.0,0.0,0.0,0.0,0.0,Bot
8080,6,2018-03-02 11:11:12,15987,3,4,326,140.0,326,0,108.6666667,188.2161878,123,0,35.0,59.21148537,29148.68331,437.8557578,2664.5,6082.952762,15075.0,1.0,594.0,297.0,318.1980515,522.0,72.0,15490.0,5163.333333,8586.23866,15075.0,1.0,0,0,72,92,187.6524676,250.2032902,0,326,58.25,116.219927,13507.07143,0,0,1,1,0,0,0,1,1,66.57142857,108.6666667,35.0,3,326,4,140,8192,219,1,20,0.0,0.0,0.0,0.0,0.0,0.0,0.0,0.0,Bot
8080,6,2018-03-02 11:01:07,491,2,0,0,0.0,0,0,0.0,0.0,0,0,0.0,0.0,0.0,4073.319756,491.0,0.0,491.0,491.0,491.0,491.0,0.0,491.0,491.0,0.0,0.0,0.0,0.0,0.0,0,0,40,0,4073.319756,0.0,0,0,0.0,0.0,0.0,0,0,0,0,1,0,0,0,0,0.0,0.0,0.0,2,0,0,0,2052,-1,0,20,0.0,0.0,0.0,0.0,0.0,0.0,0.0,0.0,Bot
50861,6,2018-03-02 03:53:28,10388,5,2,129,326.0,112,0,25.8,48.74628191,326,0,163.0,230.5168107,43800.53908,673.8544474,1731.333333,3732.996634,9338.0,0.0,10388.0,2597.0,4500.809779,9338.0,0.0,69.0,69.0,0.0,69.0,69.0,0,0,124,40,481.3246053,192.5298421,0,326,56.875,115.4066568,13318.69643,0,0,1,1,0,0,0,1,0,65.0,25.8,163.0,5,129,2,326,8192,2053,2,20,0.0,0.0,0.0,0.0,0.0,0.0,0.0,0.0,Bot
8080,6,2018-03-02 12:47:30,654,2,0,0,0.0,0,0,0.0,0.0,0,0,0.0,0.0,0.0,3058.103976,654.0,0.0,654.0,654.0,654.0,654.0,0.0,654.0,654.0,0.0,0.0,0.0,0.0,0.0,0,0,40,0,3058.103976,0.0,0,0,0.0,0.0,0.0,0,0,0,0,1,0,0,0,0,0.0,0.0,0.0,2,0,0,0,2052,-1,0,20,0.0,0.0,0.0,0.0,0.0,0.0,0.0,0.0,Bot
8080,6,2018-03-02 11:33:53,11694,3,4,326,129.0,326,0,108.6666667,188.2161878,112,0,32.25,53.7672453,38908.84214,598.5975714,1949.0,4255.06611,10623.0,0.0,722.0,361.0,364.8670991,619.0,103.0,11113.0,3704.333333,5996.74798,10623.0,0.0,0,0,72,92,256.5418163,342.0557551,0,326,56.875,115.4066568,13318.69643,0,0,1,1,0,0,0,1,1,65.0,108.6666667,32.25,3,326,4,129,8192,219,1,20,0.0,0.0,0.0,0.0,0.0,0.0,0.0,0.0,Bot
8080,6,2018-03-02 10:44:27,676,2,0,0,0.0,0,0,0.0,0.0,0,0,0.0,0.0,0.0,2958.579882,676.0,0.0,676.0,676.0,676.0,676.0,0.0,676.0,676.0,0.0,0.0,0.0,0.0,0.0,0,0,40,0,2958.579882,0.0,0,0,0.0,0.0,0.0,0,0,0,0,1,0,0,0,0,0.0,0.0,0.0,2,0,0,0,2052,-1,0,20,0.0,0.0,0.0,0.0,0.0,0.0,0.0,0.0,Bot
8080,6,2018-03-02 11:32:18,525,2,0,0,0.0,0,0,0.0,0.0,0,0,0.0,0.0,0.0,3809.52381,525.0,0.0,525.0,525.0,525.0,525.0,0.0,525.0,525.0,0.0,0.0,0.0,0.0,0.0,0,0,40,0,3809.52381,0.0,0,0,0.0,0.0,0.0,0,0,0,0,1,0,0,0,0,0.0,0.0,0.0,2,0,0,0,2052,-1,0,20,0.0,0.0,0.0,0.0,0.0,0.0,0.0,0.0,Bot
8080,6,2018-03-02 11:31:01,17530,2,13,0,129.0,0,0,0.0,0.0,112,0,9.923076923,31.02810967,7358.813463,855.675984,1252.142857,1779.347152,7271.0,14.0,393.0,393.0,0.0,393.0,393.0,17151.0,1429.25,1870.159941,7271.0,33.0,0,0,52,272,114.0901312,741.5858528,0,112,8.0625,28.03918389,786.1958333,0,0,1,1,0,0,0,1,6,8.6,0.0,9.923076923,2,0,13,129,8192,4636,0,20,0.0,0.0,0.0,0.0,0.0,0.0,0.0,0.0,Bot
8080,6,2018-03-02 11:19:36,498,2,0,0,0.0,0,0,0.0,0.0,0,0,0.0,0.0,0.0,4016.064257,498.0,0.0,498.0,498.0,498.0,498.0,0.0,498.0,498.0,0.0,0.0,0.0,0.0,0.0,0,0,40,0,4016.064257,0.0,0,0,0.0,0.0,0.0,0,0,0,0,1,0,0,0,0,0.0,0.0,0.0,2,0,0,0,2052,-1,0,20,0.0,0.0,0.0,0.0,0.0,0.0,0.0,0.0,Bot
8080,6,2018-03-02 11:33:46,467,2,0,0,0.0,0,0,0.0,0.0,0,0,0.0,0.0,0.0,4282.655246,467.0,0.0,467.0,467.0,467.0,467.0,0.0,467.0,467.0,0.0,0.0,0.0,0.0,0.0,0,0,40,0,4282.655246,0.0,0,0,0.0,0.0,0.0,0,0,0,0,1,0,0,0,0,0.0,0.0,0.0,2,0,0,0,2052,-1,0,20,0.0,0.0,0.0,0.0,0.0,0.0,0.0,0.0,Bot
8080,6,2018-03-02 11:12:14,21056,3,4,326,129.0,326,0,108.6666667,188.2161878,112,0,32.25,53.7672453,21609.04255,332.4468085,3509.333333,8054.531983,19944.0,16.0,737.0,368.5,385.3731957,641.0,96.0,20450.0,6816.666667,11371.07424,19944.0,16.0,0,0,72,92,142.4772036,189.9696049,0,326,56.875,115.4066568,13318.69643,0,0,1,1,0,0,0,1,1,65.0,108.6666667,32.25,3,326,4,129,8192,219,1,20,0.0,0.0,0.0,0.0,0.0,0.0,0.0,0.0,Bot
8080,6,2018-03-02 03:42:22,11245,3,4,326,129.0,326,0,108.6666667,188.2161878,112,0,32.25,53.7672453,40462.42775,622.4988884,1874.166667,4184.486798,10408.0,21.0,537.0,268.5,310.4198769,488.0,49.0,10778.0,3592.666667,5904.474603,10408.0,23.0,0,0,72,92,266.7852379,355.7136505,0,326,56.875,115.4066568,13318.69643,0,0,1,1,0,0,0,1,1,65.0,108.6666667,32.25,3,326,4,129,8192,219,1,20,0.0,0.0,0.0,0.0,0.0,0.0,0.0,0.0,Bot
8080,6,2018-03-02 02:28:31,17407,3,4,326,129.0,326,0,108.6666667,188.2161878,112,0,32.25,53.7672453,26138.90963,402.1370713,2901.166667,6724.705389,16624.0,16.0,481.0,240.5,269.4076836,431.0,50.0,16999.0,5666.333333,9491.16728,16624.0,16.0,0,0,72,92,172.3444591,229.7926122,0,326,56.875,115.4066568,13318.69643,0,0,1,1,0,0,0,1,1,65.0,108.6666667,32.25,3,326,4,129,8192,219,1,20,0.0,0.0,0.0,0.0,0.0,0.0,0.0,0.0,Bot
8080,6,2018-03-02 01:33:46,11442,3,4,326,129.0,326,0,108.6666667,188.2161878,112,0,32.25,53.7672453,39765.77521,611.7811571,1907.0,4131.278398,10326.0,15.0,594.0,297.0,345.0681092,541.0,53.0,10922.0,3640.666667,5796.580918,10326.0,15.0,0,0,72,92,262.1919245,349.5892327,0,326,56.875,115.4066568,13318.69643,0,0,1,1,0,0,0,1,1,65.0,108.6666667,32.25,3,326,4,129,8192,219,1,20,0.0,0.0,0.0,0.0,0.0,0.0,0.0,0.0,Bot
8080,6,2018-03-02 03:19:13,542,2,0,0,0.0,0,0,0.0,0.0,0,0,0.0,0.0,0.0,3690.0369,542.0,0.0,542.0,542.0,542.0,542.0,0.0,542.0,542.0,0.0,0.0,0.0,0.0,0.0,0,0,40,0,3690.0369,0.0,0,0,0.0,0.0,0.0,0,0,0,0,1,0,0,0,0,0.0,0.0,0.0,2,0,0,0,2052,-1,0,20,0.0,0.0,0.0,0.0,0.0,0.0,0.0,0.0,Bot
8080,6,2018-03-02 11:47:21,11664,3,4,326,129.0,326,0,108.6666667,188.2161878,112,0,32.25,53.7672453,39008.91632,600.1371742,1944.0,4228.901087,10563.0,20.0,643.0,321.5,382.5447686,592.0,51.0,11092.0,3697.333333,5950.543365,10563.0,28.0,0,0,72,92,257.2016461,342.9355281,0,326,56.875,115.4066568,13318.69643,0,0,1,1,0,0,0,1,1,65.0,108.6666667,32.25,3,326,4,129,8192,219,1,20,0.0,0.0,0.0,0.0,0.0,0.0,0.0,0.0,Bot
8080,6,2018-03-02 12:32:11,11054,3,4,326,129.0,326,0,108.6666667,188.2161878,112,0,32.25,53.7672453,41161.57047,633.2549303,1842.333333,4100.188077,10204.0,21.0,565.0,282.5,310.4198769,502.0,63.0,10573.0,3524.333333,5786.797243,10204.0,31.0,0,0,72,92,271.3949701,361.8599602,0,326,56.875,115.4066568,13318.69643,0,0,1,1,0,0,0,1,1,65.0,108.6666667,32.25,3,326,4,129,8192,219,1,20,0.0,0.0,0.0,0.0,0.0,0.0,0.0,0.0,Bot
8080,6,2018-03-02 01:35:46,10239,3,4,326,129.0,326,0,108.6666667,188.2161878,112,0,32.25,53.7672453,44437.93339,683.6605137,1706.5,3682.693403,9211.0,1.0,662.0,331.0,349.3107499,578.0,84.0,9691.0,3230.333333,5184.920572,9211.0,1.0,0,0,72,92,292.997363,390.6631507,0,326,56.875,115.4066568,13318.69643,0,0,1,1,0,0,0,1,1,65.0,108.6666667,32.25,3,326,4,129,8192,219,1,20,0.0,0.0,0.0,0.0,0.0,0.0,0.0,0.0,Bot
8080,6,2018-03-02 11:35:05,11487,3,4,326,129.0,326,0,108.6666667,188.2161878,112,0,32.25,53.7672453,39609.99391,609.3845216,1914.5,4273.745325,10631.0,23.0,545.0,272.5,313.2483041,494.0,51.0,11016.0,3672.0,6028.500062,10631.0,44.0,0,0,72,92,261.164795,348.2197266,0,326,56.875,115.4066568,13318.69643,0,0,1,1,0,0,0,1,1,65.0,108.6666667,32.25,3,326,4,129,8192,219,1,20,0.0,0.0,0.0,0.0,0.0,0.0,0.0,0.0,Bot
8080,6,2018-03-02 02:58:30,11604,3,4,326,129.0,326,0,108.6666667,188.2161878,112,0,32.25,53.7672453,39210.61703,603.240262,1934.0,4304.143213,10711.0,17.0,587.0,293.5,330.2188668,527.0,60.0,11097.0,3699.0,6075.120081,10711.0,17.0,0,0,72,92,258.5315408,344.7087211,0,326,56.875,115.4066568,13318.69643,0,0,1,1,0,0,0,1,1,65.0,108.6666667,32.25,3,326,4,129,8192,219,1,20,0.0,0.0,0.0,0.0,0.0,0.0,0.0,0.0,Bot
8080,6,2018-03-02 03:17:22,553,2,0,0,0.0,0,0,0.0,0.0,0,0,0.0,0.0,0.0,3616.636528,553.0,0.0,553.0,553.0,553.0,553.0,0.0,553.0,553.0,0.0,0.0,0.0,0.0,0.0,0,0,40,0,3616.636528,0.0,0,0,0.0,0.0,0.0,0,0,0,0,1,0,0,0,0,0.0,0.0,0.0,2,0,0,0,2052,-1,0,20,0.0,0.0,0.0,0.0,0.0,0.0,0.0,0.0,Bot
8080,6,2018-03-02 01:53:58,11106,3,4,326,129.0,326,0,108.6666667,188.2161878,112,0,32.25,53.7672453,40968.84567,630.2899334,1851.0,3922.398195,9836.0,2.0,580.0,290.0,339.411255,530.0,50.0,10596.0,3532.0,5472.494495,9836.0,2.0,0,0,72,92,270.1242572,360.1656762,0,326,56.875,115.4066568,13318.69643,0,0,1,1,0,0,0,1,1,65.0,108.6666667,32.25,3,326,4,129,8192,219,1,20,0.0,0.0,0.0,0.0,0.0,0.0,0.0,0.0,Bot
8080,6,2018-03-02 11:31:08,679,2,0,0,0.0,0,0,0.0,0.0,0,0,0.0,0.0,0.0,2945.5081,679.0,0.0,679.0,679.0,679.0,679.0,0.0,679.0,679.0,0.0,0.0,0.0,0.0,0.0,0,0,40,0,2945.5081,0.0,0,0,0.0,0.0,0.0,0,0,0,0,1,0,0,0,0,0.0,0.0,0.0,2,0,0,0,2052,-1,0,20,0.0,0.0,0.0,0.0,0.0,0.0,0.0,0.0,Bot
8080,6,2018-03-02 11:25:16,10080,3,4,326,129.0,326,0,108.6666667,188.2161878,112,0,32.25,53.7672453,45138.88889,694.4444444,1680.0,3757.019563,9343.0,16.0,468.0,234.0,247.4873734,409.0,59.0,9692.0,3230.666667,5295.808374,9343.0,16.0,0,0,72,92,297.6190476,396.8253968,0,326,56.875,115.4066568,13318.69643,0,0,1,1,0,0,0,1,1,65.0,108.6666667,32.25,3,326,4,129,8192,219,1,20,0.0,0.0,0.0,0.0,0.0,0.0,0.0,0.0,Bot
8080,6,2018-03-02 02:27:05,517,2,0,0,0.0,0,0,0.0,0.0,0,0,0.0,0.0,0.0,3868.471954,517.0,0.0,517.0,517.0,517.0,517.0,0.0,517.0,517.0,0.0,0.0,0.0,0.0,0.0,0,0,40,0,3868.471954,0.0,0,0,0.0,0.0,0.0,0,0,0,0,1,0,0,0,0,0.0,0.0,0.0,2,0,0,0,256,-1,0,20,0.0,0.0,0.0,0.0,0.0,0.0,0.0,0.0,Bot
8080,6,2018-03-02 02:22:49,11710,3,4,326,129.0,326,0,108.6666667,188.2161878,112,0,32.25,53.7672453,38855.67891,597.7796755,1951.666667,4242.172447,10595.0,1.0,719.0,359.5,437.6990976,669.0,50.0,11061.0,3687.0,5987.000251,10595.0,1.0,0,0,72,92,256.1912895,341.588386,0,326,56.875,115.4066568,13318.69643,0,0,1,1,0,0,0,1,1,65.0,108.6666667,32.25,3,326,4,129,8192,219,1,20,0.0,0.0,0.0,0.0,0.0,0.0,0.0,0.0,Bot
8080,6,2018-03-02 02:17:03,531,2,0,0,0.0,0,0,0.0,0.0,0,0,0.0,0.0,0.0,3766.478343,531.0,0.0,531.0,531.0,531.0,531.0,0.0,531.0,531.0,0.0,0.0,0.0,0.0,0.0,0,0,40,0,3766.478343,0.0,0,0,0.0,0.0,0.0,0,0,0,0,1,0,0,0,0,0.0,0.0,0.0,2,0,0,0,2052,-1,0,20,0.0,0.0,0.0,0.0,0.0,0.0,0.0,0.0,Bot
8080,6,2018-03-02 12:29:13,10427,3,4,326,129.0,326,0,108.6666667,188.2161878,112,0,32.25,53.7672453,43636.71238,671.3340366,1737.833333,3765.689972,9417.0,37.0,615.0,307.5,294.8635278,516.0,99.0,9948.0,3316.0,5286.601649,9417.0,88.0,0,0,72,92,287.7145871,383.6194495,0,326,56.875,115.4066568,13318.69643,0,0,1,1,0,0,0,1,1,65.0,108.6666667,32.25,3,326,4,129,8192,219,1,20,0.0,0.0,0.0,0.0,0.0,0.0,0.0,0.0,Bot
8080,6,2018-03-02 11:25:50,459,2,0,0,0.0,0,0,0.0,0.0,0,0,0.0,0.0,0.0,4357.298475,459.0,0.0,459.0,459.0,459.0,459.0,0.0,459.0,459.0,0.0,0.0,0.0,0.0,0.0,0,0,40,0,4357.298475,0.0,0,0,0.0,0.0,0.0,0,0,0,0,1,0,0,0,0,0.0,0.0,0.0,2,0,0,0,2052,-1,0,20,0.0,0.0,0.0,0.0,0.0,0.0,0.0,0.0,Bot
8080,6,2018-03-02 01:42:43,11073,3,4,326,129.0,326,0,108.6666667,188.2161878,112,0,32.25,53.7672453,41090.94193,632.1683374,1845.5,4078.637652,10160.0,1.0,617.0,308.5,364.1599923,566.0,51.0,10529.0,3509.666667,5762.280133,10160.0,1.0,0,0,72,92,270.9292875,361.2390499,0,326,56.875,115.4066568,13318.69643,0,0,1,1,0,0,0,1,1,65.0,108.6666667,32.25,3,326,4,129,8192,219,1,20,0.0,0.0,0.0,0.0,0.0,0.0,0.0,0.0,Bot
8080,6,2018-03-02 03:10:28,11346,3,4,326,129.0,326,0,108.6666667,188.2161878,112,0,32.25,53.7672453,40102.23867,616.9575181,1891.0,4261.75377,10585.0,22.0,454.0,227.0,243.2447327,399.0,55.0,10969.0,3656.333333,6002.724826,10585.0,25.0,0,0,72,92,264.4103649,352.5471532,0,326,56.875,115.4066568,13318.69643,0,0,1,1,0,0,0,1,1,65.0,108.6666667,32.25,3,326,4,129,8192,219,1,20,0.0,0.0,0.0,0.0,0.0,0.0,0.0,0.0,Bot
8080,6,2018-03-02 11:14:43,11209,3,4,326,129.0,326,0,108.6666667,188.2161878,112,0,32.25,53.7672453,40592.38112,624.4981711,1868.166667,4077.026486,10180.0,33.0,637.0,318.5,381.1305551,588.0,49.0,10654.0,3551.333333,5742.935864,10180.0,73.0,0,0,72,92,267.6420733,356.8560978,0,326,56.875,115.4066568,13318.69643,0,0,1,1,0,0,0,1,1,65.0,108.6666667,32.25,3,326,4,129,8192,219,1,20,0.0,0.0,0.0,0.0,0.0,0.0,0.0,0.0,Bot
8080,6,2018-03-02 03:32:05,11633,3,4,326,129.0,326,0,108.6666667,188.2161878,112,0,32.25,53.7672453,39112.86856,601.7364394,1938.833333,4359.931211,10831.0,1.0,530.0,265.0,302.6417023,479.0,51.0,11172.0,3724.0,6157.176057,10831.0,1.0,0,0,72,92,257.8870455,343.849394,0,326,56.875,115.4066568,13318.69643,0,0,1,1,0,0,0,1,1,65.0,108.6666667,32.25,3,326,4,129,8192,219,1,20,0.0,0.0,0.0,0.0,0.0,0.0,0.0,0.0,Bot
8080,6,2018-03-02 03:42:19,10811,3,4,326,129.0,326,0,108.6666667,188.2161878,112,0,32.25,53.7672453,42086.76348,647.4886689,1801.833333,3997.850493,9953.0,1.0,549.0,274.5,327.3904397,506.0,43.0,10327.0,3442.333333,5641.469785,9953.0,1.0,0,0,72,92,277.4951438,369.9935251,0,326,56.875,115.4066568,13318.69643,0,0,1,1,0,0,0,1,1,65.0,108.6666667,32.25,3,326,4,129,8192,219,1,20,0.0,0.0,0.0,0.0,0.0,0.0,0.0,0.0,Bot
8080,6,2018-03-02 10:30:42,497,2,0,0,0.0,0,0,0.0,0.0,0,0,0.0,0.0,0.0,4024.144869,497.0,0.0,497.0,497.0,497.0,497.0,0.0,497.0,497.0,0.0,0.0,0.0,0.0,0.0,0,0,40,0,4024.144869,0.0,0,0,0.0,0.0,0.0,0,0,0,0,1,0,0,0,0,0.0,0.0,0.0,2,0,0,0,2052,-1,0,20,0.0,0.0,0.0,0.0,0.0,0.0,0.0,0.0,Bot
8080,6,2018-03-02 11:24:33,443,2,0,0,0.0,0,0,0.0,0.0,0,0,0.0,0.0,0.0,4514.672686,443.0,0.0,443.0,443.0,443.0,443.0,0.0,443.0,443.0,0.0,0.0,0.0,0.0,0.0,0,0,40,0,4514.672686,0.0,0,0,0.0,0.0,0.0,0,0,0,0,1,0,0,0,0,0.0,0.0,0.0,2,0,0,0,2052,-1,0,20,0.0,0.0,0.0,0.0,0.0,0.0,0.0,0.0,Bot
8080,6,2018-03-02 02:24:00,11017,3,4,326,129.0,326,0,108.6666667,188.2161878,112,0,32.25,53.7672453,41299.80939,635.3816829,1836.166667,4043.707824,10079.0,1.0,603.0,301.5,354.2604974,552.0,51.0,10482.0,3494.0,5706.300816,10079.0,1.0,0,0,72,92,272.3064355,363.0752473,0,326,56.875,115.4066568,13318.69643,0,0,1,1,0,0,0,1,1,65.0,108.6666667,32.25,3,326,4,129,8192,219,1,20,0.0,0.0,0.0,0.0,0.0,0.0,0.0,0.0,Bot
8080,6,2018-03-02 12:36:05,10101,3,4,326,129.0,326,0,108.6666667,188.2161878,112,0,32.25,53.7672453,45045.04505,693.000693,1683.5,3714.742185,9257.0,21.0,574.0,287.0,321.0264787,514.0,60.0,9608.0,3202.666667,5245.482278,9257.0,21.0,0,0,72,92,297.000297,396.000396,0,326,56.875,115.4066568,13318.69643,0,0,1,1,0,0,0,1,1,65.0,108.6666667,32.25,3,326,4,129,8192,219,1,20,0.0,0.0,0.0,0.0,0.0,0.0,0.0,0.0,Bot
8080,6,2018-03-02 03:51:19,468,2,0,0,0.0,0,0,0.0,0.0,0,0,0.0,0.0,0.0,4273.504274,468.0,0.0,468.0,468.0,468.0,468.0,0.0,468.0,468.0,0.0,0.0,0.0,0.0,0.0,0,0,40,0,4273.504274,0.0,0,0,0.0,0.0,0.0,0,0,0,0,1,0,0,0,0,0.0,0.0,0.0,2,0,0,0,2052,-1,0,20,0.0,0.0,0.0,0.0,0.0,0.0,0.0,0.0,Bot
8080,6,2018-03-02 10:50:53,10147,3,4,326,129.0,326,0,108.6666667,188.2161878,112,0,32.25,53.7672453,44840.83966,689.8590716,1691.166667,3742.914074,9324.0,22.0,497.0,248.5,279.3071786,446.0,51.0,9723.0,3241.0,5270.694736,9324.0,32.0,0,0,72,92,295.6538878,394.2051838,0,326,56.875,115.4066568,13318.69643,0,0,1,1,0,0,0,1,1,65.0,108.6666667,32.25,3,326,4,129,8192,219,1,20,0.0,0.0,0.0,0.0,0.0,0.0,0.0,0.0,Bot
8080,6,2018-03-02 10:44:30,562,2,0,0,0.0,0,0,0.0,0.0,0,0,0.0,0.0,0.0,3558.718861,562.0,0.0,562.0,562.0,562.0,562.0,0.0,562.0,562.0,0.0,0.0,0.0,0.0,0.0,0,0,40,0,3558.718861,0.0,0,0,0.0,0.0,0.0,0,0,0,0,1,0,0,0,0,0.0,0.0,0.0,2,0,0,0,2052,-1,0,20,0.0,0.0,0.0,0.0,0.0,0.0,0.0,0.0,Bot
8080,6,2018-03-02 11:09:27,481,2,0,0,0.0,0,0,0.0,0.0,0,0,0.0,0.0,0.0,4158.004158,481.0,0.0,481.0,481.0,481.0,481.0,0.0,481.0,481.0,0.0,0.0,0.0,0.0,0.0,0,0,40,0,4158.004158,0.0,0,0,0.0,0.0,0.0,0,0,0,0,1,0,0,0,0,0.0,0.0,0.0,2,0,0,0,2052,-1,0,20,0.0,0.0,0.0,0.0,0.0,0.0,0.0,0.0,Bot
8080,6,2018-03-02 11:58:58,495,2,0,0,0.0,0,0,0.0,0.0,0,0,0.0,0.0,0.0,4040.40404,495.0,0.0,495.0,495.0,495.0,495.0,0.0,495.0,495.0,0.0,0.0,0.0,0.0,0.0,0,0,40,0,4040.40404,0.0,0,0,0.0,0.0,0.0,0,0,0,0,1,0,0,0,0,0.0,0.0,0.0,2,0,0,0,2052,-1,0,20,0.0,0.0,0.0,0.0,0.0,0.0,0.0,0.0,Bot
8080,6,2018-03-02 11:29:50,625,2,0,0,0.0,0,0,0.0,0.0,0,0,0.0,0.0,0.0,3200.0,625.0,0.0,625.0,625.0,625.0,625.0,0.0,625.0,625.0,0.0,0.0,0.0,0.0,0.0,0,0,40,0,3200.0,0.0,0,0,0.0,0.0,0.0,0,0,0,0,1,0,0,0,0,0.0,0.0,0.0,2,0,0,0,2052,-1,0,20,0.0,0.0,0.0,0.0,0.0,0.0,0.0,0.0,Bot
8080,6,2018-03-02 11:18:47,10970,3,4,326,129.0,326,0,108.6666667,188.2161878,112,0,32.25,53.7672453,41476.75479,638.1039198,1828.333333,3939.497007,9853.0,6.0,488.0,244.0,287.0853532,447.0,41.0,10542.0,3514.0,5500.161179,9853.0,6.0,0,0,72,92,273.4731085,364.6308113,0,326,56.875,115.4066568,13318.69643,0,0,1,1,0,0,0,1,1,65.0,108.6666667,32.25,3,326,4,129,8192,219,1,20,0.0,0.0,0.0,0.0,0.0,0.0,0.0,0.0,Bot
8080,6,2018-03-02 03:52:52,62733,3,4,285,129.0,285,0,95.0,164.5448267,112,0,32.25,53.7672453,6599.397446,111.5840148,10455.5,25257.33306,62011.0,13.0,427.0,213.5,248.1944802,389.0,38.0,62357.0,20785.66667,35702.39439,62011.0,51.0,0,0,72,92,47.82172063,63.76229417,0,285,51.75,101.8637045,10376.21429,0,0,1,1,0,0,0,1,1,59.14285714,95.0,32.25,3,285,4,129,8192,219,1,20,0.0,0.0,0.0,0.0,0.0,0.0,0.0,0.0,Bot
8080,6,2018-03-02 02:42:15,11486,3,4,326,129.0,326,0,108.6666667,188.2161878,112,0,32.25,53.7672453,39613.44245,609.4375762,1914.333333,4254.567036,10589.0,1.0,581.0,290.5,350.0178567,538.0,43.0,10970.0,3656.666667,6006.566768,10589.0,1.0,0,0,72,92,261.1875326,348.2500435,0,326,56.875,115.4066568,13318.69643,0,0,1,1,0,0,0,1,1,65.0,108.6666667,32.25,3,326,4,129,8192,219,1,20,0.0,0.0,0.0,0.0,0.0,0.0,0.0,0.0,Bot
8080,6,2018-03-02 11:00:04,487,2,0,0,0.0,0,0,0.0,0.0,0,0,0.0,0.0,0.0,4106.776181,487.0,0.0,487.0,487.0,487.0,487.0,0.0,487.0,487.0,0.0,0.0,0.0,0.0,0.0,0,0,40,0,4106.776181,0.0,0,0,0.0,0.0,0.0,0,0,0,0,1,0,0,0,0,0.0,0.0,0.0,2,0,0,0,2052,-1,0,20,0.0,0.0,0.0,0.0,0.0,0.0,0.0,0.0,Bot
8080,6,2018-03-02 11:59:26,10323,3,4,326,129.0,326,0,108.6666667,188.2161878,112,0,32.25,53.7672453,44076.3344,678.0974523,1720.5,3675.200444,9210.0,21.0,511.0,255.5,287.7924599,459.0,52.0,9885.0,3295.0,5128.908168,9210.0,82.0,0,0,72,92,290.6131938,387.4842585,0,326,56.875,115.4066568,13318.69643,0,0,1,1,0,0,0,1,1,65.0,108.6666667,32.25,3,326,4,129,8192,219,1,20,0.0,0.0,0.0,0.0,0.0,0.0,0.0,0.0,Bot
8080,6,2018-03-02 10:58:55,544,2,0,0,0.0,0,0,0.0,0.0,0,0,0.0,0.0,0.0,3676.470588,544.0,0.0,544.0,544.0,544.0,544.0,0.0,544.0,544.0,0.0,0.0,0.0,0.0,0.0,0,0,40,0,3676.470588,0.0,0,0,0.0,0.0,0.0,0,0,0,0,1,0,0,0,0,0.0,0.0,0.0,2,0,0,0,2052,-1,0,20,0.0,0.0,0.0,0.0,0.0,0.0,0.0,0.0,Bot
8080,6,2018-03-02 11:21:58,524,2,0,0,0.0,0,0,0.0,0.0,0,0,0.0,0.0,0.0,3816.793893,524.0,0.0,524.0,524.0,524.0,524.0,0.0,524.0,524.0,0.0,0.0,0.0,0.0,0.0,0,0,40,0,3816.793893,0.0,0,0,0.0,0.0,0.0,0,0,0,0,1,0,0,0,0,0.0,0.0,0.0,2,0,0,0,2052,-1,0,20,0.0,0.0,0.0,0.0,0.0,0.0,0.0,0.0,Bot
8080,6,2018-03-02 11:06:38,9076,3,4,326,129.0,326,0,108.6666667,188.2161878,112,0,32.25,53.7672453,50132.21684,771.2648744,1512.666667,3352.768746,8349.0,1.0,475.0,237.5,263.7508294,424.0,51.0,8673.0,2891.0,4729.507797,8349.0,1.0,0,0,72,92,330.542089,440.7227854,0,326,56.875,115.4066568,13318.69643,0,0,1,1,0,0,0,1,1,65.0,108.6666667,32.25,3,326,4,129,8192,219,1,20,0.0,0.0,0.0,0.0,0.0,0.0,0.0,0.0,Bot
8080,6,2018-03-02 10:52:48,500,2,0,0,0.0,0,0,0.0,0.0,0,0,0.0,0.0,0.0,4000.0,500.0,0.0,500.0,500.0,500.0,500.0,0.0,500.0,500.0,0.0,0.0,0.0,0.0,0.0,0,0,40,0,4000.0,0.0,0,0,0.0,0.0,0.0,0,0,0,0,1,0,0,0,0,0.0,0.0,0.0,2,0,0,0,2052,-1,0,20,0.0,0.0,0.0,0.0,0.0,0.0,0.0,0.0,Bot
8080,6,2018-03-02 03:30:24,10461,3,4,326,129.0,326,0,108.6666667,188.2161878,112,0,32.25,53.7672453,43494.88577,669.1520887,1743.5,3701.337042,9281.0,1.0,609.0,304.5,335.8757211,542.0,67.0,9940.0,3313.333333,5178.580533,9281.0,1.0,0,0,72,92,286.7794666,382.3726221,0,326,56.875,115.4066568,13318.69643,0,0,1,1,0,0,0,1,1,65.0,108.6666667,32.25,3,326,4,129,8192,219,1,20,0.0,0.0,0.0,0.0,0.0,0.0,0.0,0.0,Bot
8080,6,2018-03-02 01:43:01,470,2,0,0,0.0,0,0,0.0,0.0,0,0,0.0,0.0,0.0,4255.319149,470.0,0.0,470.0,470.0,470.0,470.0,0.0,470.0,470.0,0.0,0.0,0.0,0.0,0.0,0,0,40,0,4255.319149,0.0,0,0,0.0,0.0,0.0,0,0,0,0,1,0,0,0,0,0.0,0.0,0.0,2,0,0,0,2052,-1,0,20,0.0,0.0,0.0,0.0,0.0,0.0,0.0,0.0,Bot
8080,6,2018-03-02 01:51:39,10434,3,4,326,129.0,326,0,108.6666667,188.2161878,112,0,32.25,53.7672453,43607.43722,670.8836496,1739.0,3771.67077,9428.0,32.0,588.0,294.0,337.9970414,533.0,55.0,9933.0,3311.0,5300.865684,9428.0,63.0,0,0,72,92,287.5215641,383.3620855,0,326,56.875,115.4066568,13318.69643,0,0,1,1,0,0,0,1,1,65.0,108.6666667,32.25,3,326,4,129,8192,219,1,20,0.0,0.0,0.0,0.0,0.0,0.0,0.0,0.0,Bot
8080,6,2018-03-02 02:27:13,532,2,0,0,0.0,0,0,0.0,0.0,0,0,0.0,0.0,0.0,3759.398496,532.0,0.0,532.0,532.0,532.0,532.0,0.0,532.0,532.0,0.0,0.0,0.0,0.0,0.0,0,0,40,0,3759.398496,0.0,0,0,0.0,0.0,0.0,0,0,0,0,1,0,0,0,0,0.0,0.0,0.0,2,0,0,0,2052,-1,0,20,0.0,0.0,0.0,0.0,0.0,0.0,0.0,0.0,Bot
8080,6,2018-03-02 02:42:21,10591,3,4,326,129.0,326,0,108.6666667,188.2161878,112,0,32.25,53.7672453,42961.00463,660.9385327,1765.166667,3878.638442,9674.0,1.0,574.0,287.0,270.1147904,478.0,96.0,10143.0,3381.0,5454.897708,9674.0,1.0,0,0,72,92,283.2593712,377.6791616,0,326,56.875,115.4066568,13318.69643,0,0,1,1,0,0,0,1,1,65.0,108.6666667,32.25,3,326,4,129,8192,219,1,20,0.0,0.0,0.0,0.0,0.0,0.0,0.0,0.0,Bot
8080,6,2018-03-02 02:53:15,485,2,0,0,0.0,0,0,0.0,0.0,0,0,0.0,0.0,0.0,4123.71134,485.0,0.0,485.0,485.0,485.0,485.0,0.0,485.0,485.0,0.0,0.0,0.0,0.0,0.0,0,0,40,0,4123.71134,0.0,0,0,0.0,0.0,0.0,0,0,0,0,1,0,0,0,0,0.0,0.0,0.0,2,0,0,0,256,-1,0,20,0.0,0.0,0.0,0.0,0.0,0.0,0.0,0.0,Bot
8080,6,2018-03-02 11:36:05,546,2,0,0,0.0,0,0,0.0,0.0,0,0,0.0,0.0,0.0,3663.003663,546.0,0.0,546.0,546.0,546.0,546.0,0.0,546.0,546.0,0.0,0.0,0.0,0.0,0.0,0,0,40,0,3663.003663,0.0,0,0,0.0,0.0,0.0,0,0,0,0,1,0,0,0,0,0.0,0.0,0.0,2,0,0,0,2052,-1,0,20,0.0,0.0,0.0,0.0,0.0,0.0,0.0,0.0,Bot
8080,6,2018-03-02 11:29:10,563,2,0,0,0.0,0,0,0.0,0.0,0,0,0.0,0.0,0.0,3552.397869,563.0,0.0,563.0,563.0,563.0,563.0,0.0,563.0,563.0,0.0,0.0,0.0,0.0,0.0,0,0,40,0,3552.397869,0.0,0,0,0.0,0.0,0.0,0,0,0,0,1,0,0,0,0,0.0,0.0,0.0,2,0,0,0,2052,-1,0,20,0.0,0.0,0.0,0.0,0.0,0.0,0.0,0.0,Bot
8080,6,2018-03-02 11:22:57,433,2,0,0,0.0,0,0,0.0,0.0,0,0,0.0,0.0,0.0,4618.937644,433.0,0.0,433.0,433.0,433.0,433.0,0.0,433.0,433.0,0.0,0.0,0.0,0.0,0.0,0,0,40,0,4618.937644,0.0,0,0,0.0,0.0,0.0,0,0,0,0,1,0,0,0,0,0.0,0.0,0.0,2,0,0,0,2052,-1,0,20,0.0,0.0,0.0,0.0,0.0,0.0,0.0,0.0,Bot
8080,6,2018-03-02 03:11:20,11320,3,4,326,129.0,326,0,108.6666667,188.2161878,112,0,32.25,53.7672453,40194.34629,618.3745583,1886.666667,4082.875294,10206.0,1.0,586.0,293.0,342.2396821,535.0,51.0,10807.0,3602.333333,5726.780102,10206.0,1.0,0,0,72,92,265.0176678,353.3568905,0,326,56.875,115.4066568,13318.69643,0,0,1,1,0,0,0,1,1,65.0,108.6666667,32.25,3,326,4,129,8192,219,1,20,0.0,0.0,0.0,0.0,0.0,0.0,0.0,0.0,Bot
8080,6,2018-03-02 02:25:34,10545,3,4,326,129.0,326,0,108.6666667,188.2161878,112,0,32.25,53.7672453,43148.41157,663.8217165,1757.5,3903.941073,9719.0,21.0,521.0,260.5,293.4493142,468.0,53.0,10098.0,3366.0,5504.056413,9719.0,34.0,0,0,72,92,284.4950213,379.3266951,0,326,56.875,115.4066568,13318.69643,0,0,1,1,0,0,0,1,1,65.0,108.6666667,32.25,3,326,4,129,8192,219,1,20,0.0,0.0,0.0,0.0,0.0,0.0,0.0,0.0,Bot
8080,6,2018-03-02 12:44:18,501,2,0,0,0.0,0,0,0.0,0.0,0,0,0.0,0.0,0.0,3992.015968,501.0,0.0,501.0,501.0,501.0,501.0,0.0,501.0,501.0,0.0,0.0,0.0,0.0,0.0,0,0,40,0,3992.015968,0.0,0,0,0.0,0.0,0.0,0,0,0,0,1,0,0,0,0,0.0,0.0,0.0,2,0,0,0,2052,-1,0,20,0.0,0.0,0.0,0.0,0.0,0.0,0.0,0.0,Bot
8080,6,2018-03-02 03:34:58,776,2,0,0,0.0,0,0,0.0,0.0,0,0,0.0,0.0,0.0,2577.319588,776.0,0.0,776.0,776.0,776.0,776.0,0.0,776.0,776.0,0.0,0.0,0.0,0.0,0.0,0,0,40,0,2577.319588,0.0,0,0,0.0,0.0,0.0,0,0,0,0,1,0,0,0,0,0.0,0.0,0.0,2,0,0,0,2052,-1,0,20,0.0,0.0,0.0,0.0,0.0,0.0,0.0,0.0,Bot
8080,6,2018-03-02 01:48:46,10318,3,4,326,129.0,326,0,108.6666667,188.2161878,112,0,32.25,53.7672453,44097.69335,678.4260516,1719.666667,3820.648095,9511.0,1.0,422.0,211.0,223.4457429,369.0,53.0,9971.0,3323.666667,5363.278972,9511.0,1.0,0,0,72,92,290.7540221,387.6720295,0,326,56.875,115.4066568,13318.69643,0,0,1,1,0,0,0,1,1,65.0,108.6666667,32.25,3,326,4,129,8192,219,1,20,0.0,0.0,0.0,0.0,0.0,0.0,0.0,0.0,Bot
8080,6,2018-03-02 11:17:52,681,2,0,0,0.0,0,0,0.0,0.0,0,0,0.0,0.0,0.0,2936.857562,681.0,0.0,681.0,681.0,681.0,681.0,0.0,681.0,681.0,0.0,0.0,0.0,0.0,0.0,0,0,40,0,2936.857562,0.0,0,0,0.0,0.0,0.0,0,0,0,0,1,0,0,0,0,0.0,0.0,0.0,2,0,0,0,2052,-1,0,20,0.0,0.0,0.0,0.0,0.0,0.0,0.0,0.0,Bot
8080,6,2018-03-02 11:26:54,544,2,0,0,0.0,0,0,0.0,0.0,0,0,0.0,0.0,0.0,3676.470588,544.0,0.0,544.0,544.0,544.0,544.0,0.0,544.0,544.0,0.0,0.0,0.0,0.0,0.0,0,0,40,0,3676.470588,0.0,0,0,0.0,0.0,0.0,0,0,0,0,1,0,0,0,0,0.0,0.0,0.0,2,0,0,0,2052,-1,0,20,0.0,0.0,0.0,0.0,0.0,0.0,0.0,0.0,Bot
8080,6,2018-03-02 11:27:47,527,2,0,0,0.0,0,0,0.0,0.0,0,0,0.0,0.0,0.0,3795.066414,527.0,0.0,527.0,527.0,527.0,527.0,0.0,527.0,527.0,0.0,0.0,0.0,0.0,0.0,0,0,40,0,3795.066414,0.0,0,0,0.0,0.0,0.0,0,0,0,0,1,0,0,0,0,0.0,0.0,0.0,2,0,0,0,2052,-1,0,20,0.0,0.0,0.0,0.0,0.0,0.0,0.0,0.0,Bot
8080,6,2018-03-02 11:18:10,483,2,0,0,0.0,0,0,0.0,0.0,0,0,0.0,0.0,0.0,4140.786749,483.0,0.0,483.0,483.0,483.0,483.0,0.0,483.0,483.0,0.0,0.0,0.0,0.0,0.0,0,0,40,0,4140.786749,0.0,0,0,0.0,0.0,0.0,0,0,0,0,1,0,0,0,0,0.0,0.0,0.0,2,0,0,0,2052,-1,0,20,0.0,0.0,0.0,0.0,0.0,0.0,0.0,0.0,Bot
8080,6,2018-03-02 01:59:25,9938,3,4,326,129.0,326,0,108.6666667,188.2161878,112,0,32.25,53.7672453,45783.85993,704.3670759,1656.333333,3484.680167,8748.0,1.0,852.0,426.0,465.276262,755.0,97.0,9214.0,3071.333333,4921.608714,8748.0,1.0,0,0,72,92,301.8716039,402.4954719,0,326,56.875,115.4066568,13318.69643,0,0,1,1,0,0,0,1,1,65.0,108.6666667,32.25,3,326,4,129,8192,219,1,20,0.0,0.0,0.0,0.0,0.0,0.0,0.0,0.0,Bot
8080,6,2018-03-02 01:19:56,11015,3,4,326,129.0,326,0,108.6666667,188.2161878,112,0,32.25,53.7672453,41307.30822,635.4970495,1835.833333,3900.417794,9779.0,22.0,559.0,279.5,321.7335854,507.0,52.0,10530.0,3510.0,5440.159281,9779.0,29.0,0,0,72,92,272.3558783,363.1411711,0,326,56.875,115.4066568,13318.69643,0,0,1,1,0,0,0,1,1,65.0,108.6666667,32.25,3,326,4,129,8192,219,1,20,0.0,0.0,0.0,0.0,0.0,0.0,0.0,0.0,Bot
8080,6,2018-03-02 10:48:29,478,2,0,0,0.0,0,0,0.0,0.0,0,0,0.0,0.0,0.0,4184.100418,478.0,0.0,478.0,478.0,478.0,478.0,0.0,478.0,478.0,0.0,0.0,0.0,0.0,0.0,0,0,40,0,4184.100418,0.0,0,0,0.0,0.0,0.0,0,0,0,0,1,0,0,0,0,0.0,0.0,0.0,2,0,0,0,2052,-1,0,20,0.0,0.0,0.0,0.0,0.0,0.0,0.0,0.0,Bot
8080,6,2018-03-02 03:09:20,489,2,0,0,0.0,0,0,0.0,0.0,0,0,0.0,0.0,0.0,4089.97955,489.0,0.0,489.0,489.0,489.0,489.0,0.0,489.0,489.0,0.0,0.0,0.0,0.0,0.0,0,0,40,0,4089.97955,0.0,0,0,0.0,0.0,0.0,0,0,0,0,1,0,0,0,0,0.0,0.0,0.0,2,0,0,0,2052,-1,0,20,0.0,0.0,0.0,0.0,0.0,0.0,0.0,0.0,Bot
8080,6,2018-03-02 11:14:40,11049,3,4,326,129.0,326,0,108.6666667,188.2161878,112,0,32.25,53.7672453,41180.1973,633.541497,1841.5,4051.59592,10101.0,0.0,594.0,297.0,332.3401872,532.0,62.0,10535.0,3511.666667,5710.654458,10101.0,0.0,0,0,72,92,271.5177844,362.0237126,0,326,56.875,115.4066568,13318.69643,0,0,1,1,0,0,0,1,1,65.0,108.6666667,32.25,3,326,4,129,8192,219,1,20,0.0,0.0,0.0,0.0,0.0,0.0,0.0,0.0,Bot
8080,6,2018-03-02 02:25:47,475,2,0,0,0.0,0,0,0.0,0.0,0,0,0.0,0.0,0.0,4210.526316,475.0,0.0,475.0,475.0,475.0,475.0,0.0,475.0,475.0,0.0,0.0,0.0,0.0,0.0,0,0,40,0,4210.526316,0.0,0,0,0.0,0.0,0.0,0,0,0,0,1,0,0,0,0,0.0,0.0,0.0,2,0,0,0,2052,-1,0,20,0.0,0.0,0.0,0.0,0.0,0.0,0.0,0.0,Bot
8080,6,2018-03-02 02:30:39,553,2,0,0,0.0,0,0,0.0,0.0,0,0,0.0,0.0,0.0,3616.636528,553.0,0.0,553.0,553.0,553.0,553.0,0.0,553.0,553.0,0.0,0.0,0.0,0.0,0.0,0,0,40,0,3616.636528,0.0,0,0,0.0,0.0,0.0,0,0,0,0,1,0,0,0,0,0.0,0.0,0.0,2,0,0,0,2052,-1,0,20,0.0,0.0,0.0,0.0,0.0,0.0,0.0,0.0,Bot
8080,6,2018-03-02 03:21:23,689,2,0,0,0.0,0,0,0.0,0.0,0,0,0.0,0.0,0.0,2902.75762,689.0,0.0,689.0,689.0,689.0,689.0,0.0,689.0,689.0,0.0,0.0,0.0,0.0,0.0,0,0,40,0,2902.75762,0.0,0,0,0.0,0.0,0.0,0,0,0,0,1,0,0,0,0,0.0,0.0,0.0,2,0,0,0,2052,-1,0,20,0.0,0.0,0.0,0.0,0.0,0.0,0.0,0.0,Bot
8080,6,2018-03-02 01:15:23,438,2,0,0,0.0,0,0,0.0,0.0,0,0,0.0,0.0,0.0,4566.210046,438.0,0.0,438.0,438.0,438.0,438.0,0.0,438.0,438.0,0.0,0.0,0.0,0.0,0.0,0,0,40,0,4566.210046,0.0,0,0,0.0,0.0,0.0,0,0,0,0,1,0,0,0,0,0.0,0.0,0.0,2,0,0,0,2052,-1,0,20,0.0,0.0,0.0,0.0,0.0,0.0,0.0,0.0,Bot
8080,6,2018-03-02 02:31:00,12264,3,4,326,129.0,326,0,108.6666667,188.2161878,112,0,32.25,53.7672453,37100.45662,570.7762557,2044.0,4206.016833,10612.0,22.0,538.0,269.0,306.884343,486.0,52.0,11800.0,3933.333333,5785.737406,10612.0,448.0,0,0,72,92,244.6183953,326.1578604,0,326,56.875,115.4066568,13318.69643,0,0,1,1,0,0,0,1,1,65.0,108.6666667,32.25,3,326,4,129,8192,219,1,20,0.0,0.0,0.0,0.0,0.0,0.0,0.0,0.0,Bot
8080,6,2018-03-02 03:48:22,460,2,0,0,0.0,0,0,0.0,0.0,0,0,0.0,0.0,0.0,4347.826087,460.0,0.0,460.0,460.0,460.0,460.0,0.0,460.0,460.0,0.0,0.0,0.0,0.0,0.0,0,0,40,0,4347.826087,0.0,0,0,0.0,0.0,0.0,0,0,0,0,1,0,0,0,0,0.0,0.0,0.0,2,0,0,0,2052,-1,0,20,0.0,0.0,0.0,0.0,0.0,0.0,0.0,0.0,Bot
8080,6,2018-03-02 11:28:56,10246,3,4,326,129.0,326,0,108.6666667,188.2161878,112,0,32.25,53.7672453,44407.57369,683.1934413,1707.666667,3687.614604,9225.0,36.0,668.0,334.0,326.6833329,565.0,103.0,9717.0,3239.0,5187.923284,9225.0,45.0,0,0,72,92,292.7971891,390.3962522,0,326,56.875,115.4066568,13318.69643,0,0,1,1,0,0,0,1,1,65.0,108.6666667,32.25,3,326,4,129,8192,219,1,20,0.0,0.0,0.0,0.0,0.0,0.0,0.0,0.0,Bot
8080,6,2018-03-02 12:19:07,504,2,0,0,0.0,0,0,0.0,0.0,0,0,0.0,0.0,0.0,3968.253968,504.0,0.0,504.0,504.0,504.0,504.0,0.0,504.0,504.0,0.0,0.0,0.0,0.0,0.0,0,0,40,0,3968.253968,0.0,0,0,0.0,0.0,0.0,0,0,0,0,1,0,0,0,0,0.0,0.0,0.0,2,0,0,0,2052,-1,0,20,0.0,0.0,0.0,0.0,0.0,0.0,0.0,0.0,Bot
8080,6,2018-03-02 11:01:01,508,2,0,0,0.0,0,0,0.0,0.0,0,0,0.0,0.0,0.0,3937.007874,508.0,0.0,508.0,508.0,508.0,508.0,0.0,508.0,508.0,0.0,0.0,0.0,0.0,0.0,0,0,40,0,3937.007874,0.0,0,0,0.0,0.0,0.0,0,0,0,0,1,0,0,0,0,0.0,0.0,0.0,2,0,0,0,2052,-1,0,20,0.0,0.0,0.0,0.0,0.0,0.0,0.0,0.0,Bot
8080,6,2018-03-02 10:48:07,560,2,0,0,0.0,0,0,0.0,0.0,0,0,0.0,0.0,0.0,3571.428571,560.0,0.0,560.0,560.0,560.0,560.0,0.0,560.0,560.0,0.0,0.0,0.0,0.0,0.0,0,0,40,0,3571.428571,0.0,0,0,0.0,0.0,0.0,0,0,0,0,1,0,0,0,0,0.0,0.0,0.0,2,0,0,0,2052,-1,0,20,0.0,0.0,0.0,0.0,0.0,0.0,0.0,0.0,Bot
8080,6,2018-03-02 01:23:25,11117,3,4,326,129.0,326,0,108.6666667,188.2161878,112,0,32.25,53.7672453,40928.308,629.6662769,1852.833333,4042.469217,10090.0,1.0,675.0,337.5,416.4858941,632.0,43.0,10507.0,3502.333333,5708.858934,10090.0,1.0,0,0,72,92,269.8569758,359.8093011,0,326,56.875,115.4066568,13318.69643,0,0,1,1,0,0,0,1,1,65.0,108.6666667,32.25,3,326,4,129,8192,219,1,20,0.0,0.0,0.0,0.0,0.0,0.0,0.0,0.0,Bot
8080,6,2018-03-02 11:18:22,10709,3,4,326,129.0,326,0,108.6666667,188.2161878,112,0,32.25,53.7672453,42487.62723,653.6558035,1784.833333,3917.995478,9774.0,24.0,607.0,303.5,294.8635278,512.0,95.0,10226.0,3408.666667,5516.240145,9774.0,24.0,0,0,72,92,280.1382015,373.517602,0,326,56.875,115.4066568,13318.69643,0,0,1,1,0,0,0,1,1,65.0,108.6666667,32.25,3,326,4,129,8192,219,1,20,0.0,0.0,0.0,0.0,0.0,0.0,0.0,0.0,Bot
8080,6,2018-03-02 01:44:54,11079,3,4,326,129.0,326,0,108.6666667,188.2161878,112,0,32.25,53.7672453,41068.68851,631.8259771,1846.5,3957.136275,9907.0,2.0,640.0,320.0,379.0092347,588.0,52.0,10514.0,3504.666667,5552.774652,9907.0,2.0,0,0,72,92,270.7825616,361.0434155,0,326,56.875,115.4066568,13318.69643,0,0,1,1,0,0,0,1,1,65.0,108.6666667,32.25,3,326,4,129,8192,219,1,20,0.0,0.0,0.0,0.0,0.0,0.0,0.0,0.0,Bot
8080,6,2018-03-02 03:37:27,10273,3,4,326,129.0,326,0,108.6666667,188.2161878,112,0,32.25,53.7672453,44290.85953,681.397839,1712.166667,3734.713987,9325.0,17.0,552.0,276.0,313.9554108,498.0,54.0,9797.0,3265.666667,5252.104467,9325.0,17.0,0,0,72,92,292.0276453,389.3701937,0,326,56.875,115.4066568,13318.69643,0,0,1,1,0,0,0,1,1,65.0,108.6666667,32.25,3,326,4,129,8192,219,1,20,0.0,0.0,0.0,0.0,0.0,0.0,0.0,0.0,Bot
8080,6,2018-03-02 02:16:45,10550,3,4,326,129.0,326,0,108.6666667,188.2161878,112,0,32.25,53.7672453,43127.96209,663.507109,1758.333333,3892.244066,9696.0,0.0,569.0,284.5,267.9934701,474.0,95.0,10109.0,3369.666667,5482.655591,9696.0,0.0,0,0,72,92,284.3601896,379.1469194,0,326,56.875,115.4066568,13318.69643,0,0,1,1,0,0,0,1,1,65.0,108.6666667,32.25,3,326,4,129,8192,219,1,20,0.0,0.0,0.0,0.0,0.0,0.0,0.0,0.0,Bot
8080,6,2018-03-02 11:15:06,9976,3,4,326,129.0,326,0,108.6666667,188.2161878,112,0,32.25,53.7672453,45609.46271,701.6840417,1662.666667,3666.719333,9138.0,1.0,476.0,238.0,277.1858582,434.0,42.0,9557.0,3185.666667,5159.086773,9138.0,1.0,0,0,72,92,300.7217322,400.9623095,0,326,56.875,115.4066568,13318.69643,0,0,1,1,0,0,0,1,1,65.0,108.6666667,32.25,3,326,4,129,8192,219,1,20,0.0,0.0,0.0,0.0,0.0,0.0,0.0,0.0,Bot
8080,6,2018-03-02 12:06:49,491,2,0,0,0.0,0,0,0.0,0.0,0,0,0.0,0.0,0.0,4073.319756,491.0,0.0,491.0,491.0,491.0,491.0,0.0,491.0,491.0,0.0,0.0,0.0,0.0,0.0,0,0,40,0,4073.319756,0.0,0,0,0.0,0.0,0.0,0,0,0,0,1,0,0,0,0,0.0,0.0,0.0,2,0,0,0,2052,-1,0,20,0.0,0.0,0.0,0.0,0.0,0.0,0.0,0.0,Bot
8080,6,2018-03-02 03:36:39,458,2,0,0,0.0,0,0,0.0,0.0,0,0,0.0,0.0,0.0,4366.812227,458.0,0.0,458.0,458.0,458.0,458.0,0.0,458.0,458.0,0.0,0.0,0.0,0.0,0.0,0,0,40,0,4366.812227,0.0,0,0,0.0,0.0,0.0,0,0,0,0,1,0,0,0,0,0.0,0.0,0.0,2,0,0,0,2052,-1,0,20,0.0,0.0,0.0,0.0,0.0,0.0,0.0,0.0,Bot
8080,6,2018-03-02 03:08:01,11117,3,4,326,129.0,326,0,108.6666667,188.2161878,112,0,32.25,53.7672453,40928.308,629.6662769,1852.833333,4080.292608,10173.0,21.0,444.0,222.0,250.3158005,399.0,45.0,10739.0,3579.666667,5714.827936,10173.0,48.0,0,0,72,92,269.8569758,359.8093011,0,326,56.875,115.4066568,13318.69643,0,0,1,1,0,0,0,1,1,65.0,108.6666667,32.25,3,326,4,129,8192,219,1,20,0.0,0.0,0.0,0.0,0.0,0.0,0.0,0.0,Bot
8080,6,2018-03-02 12:48:48,492,2,0,0,0.0,0,0,0.0,0.0,0,0,0.0,0.0,0.0,4065.04065,492.0,0.0,492.0,492.0,492.0,492.0,0.0,492.0,492.0,0.0,0.0,0.0,0.0,0.0,0,0,40,0,4065.04065,0.0,0,0,0.0,0.0,0.0,0,0,0,0,1,0,0,0,0,0.0,0.0,0.0,2,0,0,0,2052,-1,0,20,0.0,0.0,0.0,0.0,0.0,0.0,0.0,0.0,Bot
8080,6,2018-03-02 03:32:05,774,2,0,0,0.0,0,0,0.0,0.0,0,0,0.0,0.0,0.0,2583.979328,774.0,0.0,774.0,774.0,774.0,774.0,0.0,774.0,774.0,0.0,0.0,0.0,0.0,0.0,0,0,40,0,2583.979328,0.0,0,0,0.0,0.0,0.0,0,0,0,0,1,0,0,0,0,0.0,0.0,0.0,2,0,0,0,2052,-1,0,20,0.0,0.0,0.0,0.0,0.0,0.0,0.0,0.0,Bot
8080,6,2018-03-02 12:28:53,485,2,0,0,0.0,0,0,0.0,0.0,0,0,0.0,0.0,0.0,4123.71134,485.0,0.0,485.0,485.0,485.0,485.0,0.0,485.0,485.0,0.0,0.0,0.0,0.0,0.0,0,0,40,0,4123.71134,0.0,0,0,0.0,0.0,0.0,0,0,0,0,1,0,0,0,0,0.0,0.0,0.0,2,0,0,0,2052,-1,0,20,0.0,0.0,0.0,0.0,0.0,0.0,0.0,0.0,Bot
8080,6,2018-03-02 02:47:33,9940,3,4,326,129.0,326,0,108.6666667,188.2161878,112,0,32.25,53.7672453,45774.64789,704.2253521,1656.666667,3657.563816,9114.0,1.0,514.0,257.0,287.0853532,460.0,54.0,9503.0,3167.666667,5153.309843,9114.0,1.0,0,0,72,92,301.8108652,402.4144869,0,326,56.875,115.4066568,13318.69643,0,0,1,1,0,0,0,1,1,65.0,108.6666667,32.25,3,326,4,129,8192,219,1,20,0.0,0.0,0.0,0.0,0.0,0.0,0.0,0.0,Bot
8080,6,2018-03-02 02:03:13,491,2,0,0,0.0,0,0,0.0,0.0,0,0,0.0,0.0,0.0,4073.319756,491.0,0.0,491.0,491.0,491.0,491.0,0.0,491.0,491.0,0.0,0.0,0.0,0.0,0.0,0,0,40,0,4073.319756,0.0,0,0,0.0,0.0,0.0,0,0,0,0,1,0,0,0,0,0.0,0.0,0.0,2,0,0,0,2052,-1,0,20,0.0,0.0,0.0,0.0,0.0,0.0,0.0,0.0,Bot
8080,6,2018-03-02 11:59:14,509,2,0,0,0.0,0,0,0.0,0.0,0,0,0.0,0.0,0.0,3929.273084,509.0,0.0,509.0,509.0,509.0,509.0,0.0,509.0,509.0,0.0,0.0,0.0,0.0,0.0,0,0,40,0,3929.273084,0.0,0,0,0.0,0.0,0.0,0,0,0,0,1,0,0,0,0,0.0,0.0,0.0,2,0,0,0,2052,-1,0,20,0.0,0.0,0.0,0.0,0.0,0.0,0.0,0.0,Bot
8080,6,2018-03-02 02:36:12,11659,3,4,326,129.0,326,0,108.6666667,188.2161878,112,0,32.25,53.7672453,39025.64542,600.394545,1943.166667,4280.281646,10670.0,17.0,607.0,303.5,338.7041482,543.0,64.0,11137.0,3712.333333,6029.40431,10670.0,17.0,0,0,72,92,257.3119479,343.0825971,0,326,56.875,115.4066568,13318.69643,0,0,1,1,0,0,0,1,1,65.0,108.6666667,32.25,3,326,4,129,8192,219,1,20,0.0,0.0,0.0,0.0,0.0,0.0,0.0,0.0,Bot
8080,6,2018-03-02 11:48:41,474,2,0,0,0.0,0,0,0.0,0.0,0,0,0.0,0.0,0.0,4219.409283,474.0,0.0,474.0,474.0,474.0,474.0,0.0,474.0,474.0,0.0,0.0,0.0,0.0,0.0,0,0,40,0,4219.409283,0.0,0,0,0.0,0.0,0.0,0,0,0,0,1,0,0,0,0,0.0,0.0,0.0,2,0,0,0,2052,-1,0,20,0.0,0.0,0.0,0.0,0.0,0.0,0.0,0.0,Bot
8080,6,2018-03-02 02:30:15,10858,3,4,326,129.0,326,0,108.6666667,188.2161878,112,0,32.25,53.7672453,41904.58648,644.6859458,1809.666667,4025.293513,10018.0,15.0,548.0,274.0,312.5411973,495.0,53.0,10385.0,3461.666667,5680.450892,10018.0,15.0,0,0,72,92,276.2939768,368.3919691,0,326,56.875,115.4066568,13318.69643,0,0,1,1,0,0,0,1,1,65.0,108.6666667,32.25,3,326,4,129,8192,219,1,20,0.0,0.0,0.0,0.0,0.0,0.0,0.0,0.0,Bot
8080,6,2018-03-02 03:33:57,495,2,0,0,0.0,0,0,0.0,0.0,0,0,0.0,0.0,0.0,4040.40404,495.0,0.0,495.0,495.0,495.0,495.0,0.0,495.0,495.0,0.0,0.0,0.0,0.0,0.0,0,0,40,0,4040.40404,0.0,0,0,0.0,0.0,0.0,0,0,0,0,1,0,0,0,0,0.0,0.0,0.0,2,0,0,0,2052,-1,0,20,0.0,0.0,0.0,0.0,0.0,0.0,0.0,0.0,Bot
8080,6,2018-03-02 12:16:39,461,2,0,0,0.0,0,0,0.0,0.0,0,0,0.0,0.0,0.0,4338.394794,461.0,0.0,461.0,461.0,461.0,461.0,0.0,461.0,461.0,0.0,0.0,0.0,0.0,0.0,0,0,40,0,4338.394794,0.0,0,0,0.0,0.0,0.0,0,0,0,0,1,0,0,0,0,0.0,0.0,0.0,2,0,0,0,2052,-1,0,20,0.0,0.0,0.0,0.0,0.0,0.0,0.0,0.0,Bot
8080,6,2018-03-02 11:49:18,480,2,0,0,0.0,0,0,0.0,0.0,0,0,0.0,0.0,0.0,4166.666667,480.0,0.0,480.0,480.0,480.0,480.0,0.0,480.0,480.0,0.0,0.0,0.0,0.0,0.0,0,0,40,0,4166.666667,0.0,0,0,0.0,0.0,0.0,0,0,0,0,1,0,0,0,0,0.0,0.0,0.0,2,0,0,0,2052,-1,0,20,0.0,0.0,0.0,0.0,0.0,0.0,0.0,0.0,Bot
8080,6,2018-03-02 02:41:18,11712,3,4,326,129.0,326,0,108.6666667,188.2161878,112,0,32.25,53.7672453,38849.04372,597.6775956,1952.0,4330.32336,10781.0,1.0,604.0,302.0,353.5533906,552.0,52.0,11182.0,3727.333333,6111.911349,10781.0,1.0,0,0,72,92,256.147541,341.5300546,0,326,56.875,115.4066568,13318.69643,0,0,1,1,0,0,0,1,1,65.0,108.6666667,32.25,3,326,4,129,8192,219,1,20,0.0,0.0,0.0,0.0,0.0,0.0,0.0,0.0,Bot
8080,6,2018-03-02 02:56:23,779,2,0,0,0.0,0,0,0.0,0.0,0,0,0.0,0.0,0.0,2567.394095,779.0,0.0,779.0,779.0,779.0,779.0,0.0,779.0,779.0,0.0,0.0,0.0,0.0,0.0,0,0,40,0,2567.394095,0.0,0,0,0.0,0.0,0.0,0,0,0,0,1,0,0,0,0,0.0,0.0,0.0,2,0,0,0,2052,-1,0,20,0.0,0.0,0.0,0.0,0.0,0.0,0.0,0.0,Bot
8080,6,2018-03-02 02:49:42,582,2,0,0,0.0,0,0,0.0,0.0,0,0,0.0,0.0,0.0,3436.426117,582.0,0.0,582.0,582.0,582.0,582.0,0.0,582.0,582.0,0.0,0.0,0.0,0.0,0.0,0,0,40,0,3436.426117,0.0,0,0,0.0,0.0,0.0,0,0,0,0,1,0,0,0,0,0.0,0.0,0.0,2,0,0,0,2052,-1,0,20,0.0,0.0,0.0,0.0,0.0,0.0,0.0,0.0,Bot
8080,6,2018-03-02 10:44:42,437,2,0,0,0.0,0,0,0.0,0.0,0,0,0.0,0.0,0.0,4576.659039,437.0,0.0,437.0,437.0,437.0,437.0,0.0,437.0,437.0,0.0,0.0,0.0,0.0,0.0,0,0,40,0,4576.659039,0.0,0,0,0.0,0.0,0.0,0,0,0,0,1,0,0,0,0,0.0,0.0,0.0,2,0,0,0,2052,-1,0,20,0.0,0.0,0.0,0.0,0.0,0.0,0.0,0.0,Bot
8080,6,2018-03-02 03:49:36,470,2,0,0,0.0,0,0,0.0,0.0,0,0,0.0,0.0,0.0,4255.319149,470.0,0.0,470.0,470.0,470.0,470.0,0.0,470.0,470.0,0.0,0.0,0.0,0.0,0.0,0,0,40,0,4255.319149,0.0,0,0,0.0,0.0,0.0,0,0,0,0,1,0,0,0,0,0.0,0.0,0.0,2,0,0,0,2052,-1,0,20,0.0,0.0,0.0,0.0,0.0,0.0,0.0,0.0,Bot
8080,6,2018-03-02 11:44:43,579,2,0,0,0.0,0,0,0.0,0.0,0,0,0.0,0.0,0.0,3454.231434,579.0,0.0,579.0,579.0,579.0,579.0,0.0,579.0,579.0,0.0,0.0,0.0,0.0,0.0,0,0,40,0,3454.231434,0.0,0,0,0.0,0.0,0.0,0,0,0,0,1,0,0,0,0,0.0,0.0,0.0,2,0,0,0,256,-1,0,20,0.0,0.0,0.0,0.0,0.0,0.0,0.0,0.0,Bot
8080,6,2018-03-02 03:10:28,510,2,0,0,0.0,0,0,0.0,0.0,0,0,0.0,0.0,0.0,3921.568627,510.0,0.0,510.0,510.0,510.0,510.0,0.0,510.0,510.0,0.0,0.0,0.0,0.0,0.0,0,0,40,0,3921.568627,0.0,0,0,0.0,0.0,0.0,0,0,0,0,1,0,0,0,0,0.0,0.0,0.0,2,0,0,0,2052,-1,0,20,0.0,0.0,0.0,0.0,0.0,0.0,0.0,0.0,Bot
8080,6,2018-03-02 01:37:16,11148,3,4,326,129.0,326,0,108.6666667,188.2161878,112,0,32.25,53.7672453,40814.49587,627.9153211,1858.0,4138.252578,10297.0,22.0,557.0,278.5,320.3193719,505.0,52.0,10665.0,3555.0,5840.962592,10297.0,23.0,0,0,72,92,269.1065662,358.8087549,0,326,56.875,115.4066568,13318.69643,0,0,1,1,0,0,0,1,1,65.0,108.6666667,32.25,3,326,4,129,8192,219,1,20,0.0,0.0,0.0,0.0,0.0,0.0,0.0,0.0,Bot
8080,6,2018-03-02 03:43:42,11149,3,4,326,129.0,326,0,108.6666667,188.2161878,112,0,32.25,53.7672453,40810.83505,627.8590008,1858.166667,4160.109153,10344.0,21.0,477.0,238.5,263.7508294,425.0,52.0,10745.0,3581.666667,5858.551385,10344.0,40.0,0,0,72,92,269.0824289,358.7765719,0,326,56.875,115.4066568,13318.69643,0,0,1,1,0,0,0,1,1,65.0,108.6666667,32.25,3,326,4,129,8192,219,1,20,0.0,0.0,0.0,0.0,0.0,0.0,0.0,0.0,Bot
8080,6,2018-03-02 03:36:52,10075,3,4,326,129.0,326,0,108.6666667,188.2161878,112,0,32.25,53.7672453,45161.29032,694.7890819,1679.166667,3634.784473,9089.0,1.0,635.0,317.5,286.3782464,520.0,115.0,9597.0,3199.0,5107.160072,9089.0,1.0,0,0,72,92,297.7667494,397.0223325,0,326,56.875,115.4066568,13318.69643,0,0,1,1,0,0,0,1,1,65.0,108.6666667,32.25,3,326,4,129,8192,219,1,20,0.0,0.0,0.0,0.0,0.0,0.0,0.0,0.0,Bot
8080,6,2018-03-02 02:38:53,470,2,0,0,0.0,0,0,0.0,0.0,0,0,0.0,0.0,0.0,4255.319149,470.0,0.0,470.0,470.0,470.0,470.0,0.0,470.0,470.0,0.0,0.0,0.0,0.0,0.0,0,0,40,0,4255.319149,0.0,0,0,0.0,0.0,0.0,0,0,0,0,1,0,0,0,0,0.0,0.0,0.0,2,0,0,0,2052,-1,0,20,0.0,0.0,0.0,0.0,0.0,0.0,0.0,0.0,Bot
8080,6,2018-03-02 02:54:40,11165,3,4,326,129.0,326,0,108.6666667,188.2161878,112,0,32.25,53.7672453,40752.3511,626.9592476,1860.833333,4185.031872,10398.0,21.0,484.0,242.0,250.3158005,419.0,65.0,10767.0,3589.0,5898.923715,10398.0,25.0,0,0,72,92,268.6968204,358.2624272,0,326,56.875,115.4066568,13318.69643,0,0,1,1,0,0,0,1,1,65.0,108.6666667,32.25,3,326,4,129,8192,219,1,20,0.0,0.0,0.0,0.0,0.0,0.0,0.0,0.0,Bot
8080,6,2018-03-02 02:25:54,569,2,0,0,0.0,0,0,0.0,0.0,0,0,0.0,0.0,0.0,3514.938489,569.0,0.0,569.0,569.0,569.0,569.0,0.0,569.0,569.0,0.0,0.0,0.0,0.0,0.0,0,0,40,0,3514.938489,0.0,0,0,0.0,0.0,0.0,0,0,0,0,1,0,0,0,0,0.0,0.0,0.0,2,0,0,0,2052,-1,0,20,0.0,0.0,0.0,0.0,0.0,0.0,0.0,0.0,Bot
8080,6,2018-03-02 11:14:53,10434,3,4,326,129.0,326,0,108.6666667,188.2161878,112,0,32.25,53.7672453,43607.43722,670.8836496,1739.0,3912.48908,9720.0,15.0,428.0,214.0,229.1025971,376.0,52.0,10077.0,3359.0,5511.213387,9720.0,15.0,0,0,72,92,287.5215641,383.3620855,0,326,56.875,115.4066568,13318.69643,0,0,1,1,0,0,0,1,1,65.0,108.6666667,32.25,3,326,4,129,8192,219,1,20,0.0,0.0,0.0,0.0,0.0,0.0,0.0,0.0,Bot
8080,6,2018-03-02 03:43:01,515,2,0,0,0.0,0,0,0.0,0.0,0,0,0.0,0.0,0.0,3883.495146,515.0,0.0,515.0,515.0,515.0,515.0,0.0,515.0,515.0,0.0,0.0,0.0,0.0,0.0,0,0,40,0,3883.495146,0.0,0,0,0.0,0.0,0.0,0,0,0,0,1,0,0,0,0,0.0,0.0,0.0,2,0,0,0,2052,-1,0,20,0.0,0.0,0.0,0.0,0.0,0.0,0.0,0.0,Bot
8080,6,2018-03-02 03:03:27,10989,3,4,326,129.0,326,0,108.6666667,188.2161878,112,0,32.25,53.7672453,41405.04141,637.000637,1831.5,4049.660418,10089.0,17.0,570.0,285.0,311.1269837,505.0,65.0,10505.0,3501.666667,5707.994511,10089.0,17.0,0,0,72,92,273.000273,364.000364,0,326,56.875,115.4066568,13318.69643,0,0,1,1,0,0,0,1,1,65.0,108.6666667,32.25,3,326,4,129,8192,219,1,20,0.0,0.0,0.0,0.0,0.0,0.0,0.0,0.0,Bot
8080,6,2018-03-02 02:21:25,516,2,0,0,0.0,0,0,0.0,0.0,0,0,0.0,0.0,0.0,3875.968992,516.0,0.0,516.0,516.0,516.0,516.0,0.0,516.0,516.0,0.0,0.0,0.0,0.0,0.0,0,0,40,0,3875.968992,0.0,0,0,0.0,0.0,0.0,0,0,0,0,1,0,0,0,0,0.0,0.0,0.0,2,0,0,0,2052,-1,0,20,0.0,0.0,0.0,0.0,0.0,0.0,0.0,0.0,Bot
8080,6,2018-03-02 03:19:03,681,2,0,0,0.0,0,0,0.0,0.0,0,0,0.0,0.0,0.0,2936.857562,681.0,0.0,681.0,681.0,681.0,681.0,0.0,681.0,681.0,0.0,0.0,0.0,0.0,0.0,0,0,40,0,2936.857562,0.0,0,0,0.0,0.0,0.0,0,0,0,0,1,0,0,0,0,0.0,0.0,0.0,2,0,0,0,2052,-1,0,20,0.0,0.0,0.0,0.0,0.0,0.0,0.0,0.0,Bot
8080,6,2018-03-02 03:39:50,486,2,0,0,0.0,0,0,0.0,0.0,0,0,0.0,0.0,0.0,4115.226337,486.0,0.0,486.0,486.0,486.0,486.0,0.0,486.0,486.0,0.0,0.0,0.0,0.0,0.0,0,0,40,0,4115.226337,0.0,0,0,0.0,0.0,0.0,0,0,0,0,1,0,0,0,0,0.0,0.0,0.0,2,0,0,0,2052,-1,0,20,0.0,0.0,0.0,0.0,0.0,0.0,0.0,0.0,Bot
8080,6,2018-03-02 01:17:20,14932,3,4,326,129.0,326,0,108.6666667,188.2161878,112,0,32.25,53.7672453,30471.47067,468.7918564,2488.666667,5135.057494,12907.0,1.0,1541.0,770.5,1028.840367,1498.0,43.0,13456.0,4485.333333,7298.503568,12907.0,1.0,0,0,72,92,200.9107956,267.8810608,0,326,56.875,115.4066568,13318.69643,0,0,1,1,0,0,0,1,1,65.0,108.6666667,32.25,3,326,4,129,8192,219,1,20,0.0,0.0,0.0,0.0,0.0,0.0,0.0,0.0,Bot
8080,6,2018-03-02 02:04:32,10982,3,4,326,129.0,326,0,108.6666667,188.2161878,112,0,32.25,53.7672453,41431.43325,637.4066655,1830.333333,4100.576968,10195.0,22.0,461.0,230.5,252.4371209,409.0,52.0,10595.0,3531.666667,5772.833649,10195.0,40.0,0,0,72,92,273.1742852,364.2323803,0,326,56.875,115.4066568,13318.69643,0,0,1,1,0,0,0,1,1,65.0,108.6666667,32.25,3,326,4,129,8192,219,1,20,0.0,0.0,0.0,0.0,0.0,0.0,0.0,0.0,Bot
8080,6,2018-03-02 03:45:04,481,2,0,0,0.0,0,0,0.0,0.0,0,0,0.0,0.0,0.0,4158.004158,481.0,0.0,481.0,481.0,481.0,481.0,0.0,481.0,481.0,0.0,0.0,0.0,0.0,0.0,0,0,40,0,4158.004158,0.0,0,0,0.0,0.0,0.0,0,0,0,0,1,0,0,0,0,0.0,0.0,0.0,2,0,0,0,2052,-1,0,20,0.0,0.0,0.0,0.0,0.0,0.0,0.0,0.0,Bot
8080,6,2018-03-02 12:50:16,495,2,0,0,0.0,0,0,0.0,0.0,0,0,0.0,0.0,0.0,4040.40404,495.0,0.0,495.0,495.0,495.0,495.0,0.0,495.0,495.0,0.0,0.0,0.0,0.0,0.0,0,0,40,0,4040.40404,0.0,0,0,0.0,0.0,0.0,0,0,0,0,1,0,0,0,0,0.0,0.0,0.0,2,0,0,0,2052,-1,0,20,0.0,0.0,0.0,0.0,0.0,0.0,0.0,0.0,Bot
8080,6,2018-03-02 02:21:52,504,2,0,0,0.0,0,0,0.0,0.0,0,0,0.0,0.0,0.0,3968.253968,504.0,0.0,504.0,504.0,504.0,504.0,0.0,504.0,504.0,0.0,0.0,0.0,0.0,0.0,0,0,40,0,3968.253968,0.0,0,0,0.0,0.0,0.0,0,0,0,0,1,0,0,0,0,0.0,0.0,0.0,2,0,0,0,2052,-1,0,20,0.0,0.0,0.0,0.0,0.0,0.0,0.0,0.0,Bot
8080,6,2018-03-02 01:44:57,476,2,0,0,0.0,0,0,0.0,0.0,0,0,0.0,0.0,0.0,4201.680672,476.0,0.0,476.0,476.0,476.0,476.0,0.0,476.0,476.0,0.0,0.0,0.0,0.0,0.0,0,0,40,0,4201.680672,0.0,0,0,0.0,0.0,0.0,0,0,0,0,1,0,0,0,0,0.0,0.0,0.0,2,0,0,0,2052,-1,0,20,0.0,0.0,0.0,0.0,0.0,0.0,0.0,0.0,Bot
8080,6,2018-03-02 11:34:06,506,2,0,0,0.0,0,0,0.0,0.0,0,0,0.0,0.0,0.0,3952.56917,506.0,0.0,506.0,506.0,506.0,506.0,0.0,506.0,506.0,0.0,0.0,0.0,0.0,0.0,0,0,40,0,3952.56917,0.0,0,0,0.0,0.0,0.0,0,0,0,0,1,0,0,0,0,0.0,0.0,0.0,2,0,0,0,2052,-1,0,20,0.0,0.0,0.0,0.0,0.0,0.0,0.0,0.0,Bot
8080,6,2018-03-02 10:45:17,10605,3,4,326,129.0,326,0,108.6666667,188.2161878,112,0,32.25,53.7672453,42904.29043,660.0660066,1767.5,3863.91598,9645.0,22.0,539.0,269.5,307.5914498,487.0,52.0,10140.0,3380.0,5429.692349,9645.0,38.0,0,0,72,92,282.8854314,377.1805752,0,326,56.875,115.4066568,13318.69643,0,0,1,1,0,0,0,1,1,65.0,108.6666667,32.25,3,326,4,129,8192,219,1,20,0.0,0.0,0.0,0.0,0.0,0.0,0.0,0.0,Bot
8080,6,2018-03-02 03:35:05,11129,3,4,326,129.0,326,0,108.6666667,188.2161878,112,0,32.25,53.7672453,40884.17648,628.9873304,1854.833333,4145.345024,10311.0,19.0,470.0,235.0,260.2152955,419.0,51.0,10729.0,3576.333333,5834.048537,10311.0,70.0,0,0,72,92,269.5659987,359.4213317,0,326,56.875,115.4066568,13318.69643,0,0,1,1,0,0,0,1,1,65.0,108.6666667,32.25,3,326,4,129,8192,219,1,20,0.0,0.0,0.0,0.0,0.0,0.0,0.0,0.0,Bot
8080,6,2018-03-02 11:25:10,498,2,0,0,0.0,0,0,0.0,0.0,0,0,0.0,0.0,0.0,4016.064257,498.0,0.0,498.0,498.0,498.0,498.0,0.0,498.0,498.0,0.0,0.0,0.0,0.0,0.0,0,0,40,0,4016.064257,0.0,0,0,0.0,0.0,0.0,0,0,0,0,1,0,0,0,0,0.0,0.0,0.0,2,0,0,0,2052,-1,0,20,0.0,0.0,0.0,0.0,0.0,0.0,0.0,0.0,Bot
8080,6,2018-03-02 11:35:23,10454,3,4,326,129.0,326,0,108.6666667,188.2161878,112,0,32.25,53.7672453,43524.00995,669.6001531,1742.333333,3768.922799,9425.0,23.0,606.0,303.0,356.3818177,555.0,51.0,9922.0,3307.333333,5300.576981,9425.0,85.0,0,0,72,92,286.9714942,382.6286589,0,326,56.875,115.4066568,13318.69643,0,0,1,1,0,0,0,1,1,65.0,108.6666667,32.25,3,326,4,129,8192,219,1,20,0.0,0.0,0.0,0.0,0.0,0.0,0.0,0.0,Bot
8080,6,2018-03-02 03:53:22,10957,3,4,326,129.0,326,0,108.6666667,188.2161878,112,0,32.25,53.7672453,41525.96514,638.8610021,1826.166667,4026.378493,10035.0,1.0,461.0,230.5,253.8513344,410.0,51.0,10567.0,3522.333333,5646.35682,10035.0,1.0,0,0,72,92,273.7975723,365.0634298,0,326,56.875,115.4066568,13318.69643,0,0,1,1,0,0,0,1,1,65.0,108.6666667,32.25,3,326,4,129,8192,219,1,20,0.0,0.0,0.0,0.0,0.0,0.0,0.0,0.0,Bot
8080,6,2018-03-02 11:18:03,9424,3,4,326,129.0,326,0,108.6666667,188.2161878,112,0,32.25,53.7672453,48280.98472,742.7843803,1570.666667,3414.207941,8530.0,21.0,525.0,262.5,297.6919549,473.0,52.0,8972.0,2990.666667,4801.124486,8530.0,27.0,0,0,72,92,318.336163,424.4482173,0,326,56.875,115.4066568,13318.69643,0,0,1,1,0,0,0,1,1,65.0,108.6666667,32.25,3,326,4,129,8192,219,1,20,0.0,0.0,0.0,0.0,0.0,0.0,0.0,0.0,Bot
8080,6,2018-03-02 11:07:33,9969,3,4,326,129.0,326,0,108.6666667,188.2161878,112,0,32.25,53.7672453,45641.48861,702.1767479,1661.5,3685.068018,9176.0,12.0,517.0,258.5,280.7213921,457.0,60.0,9534.0,3178.0,5197.104194,9176.0,12.0,0,0,72,92,300.932892,401.243856,0,326,56.875,115.4066568,13318.69643,0,0,1,1,0,0,0,1,1,65.0,108.6666667,32.25,3,326,4,129,8192,219,1,20,0.0,0.0,0.0,0.0,0.0,0.0,0.0,0.0,Bot
8080,6,2018-03-02 01:26:43,11035,3,4,326,129.0,326,0,108.6666667,188.2161878,112,0,32.25,53.7672453,41232.44223,634.3452651,1839.166667,4017.175546,10027.0,17.0,635.0,317.5,371.2310601,580.0,55.0,10476.0,3492.0,5663.278644,10027.0,17.0,0,0,72,92,271.8622565,362.4830086,0,326,56.875,115.4066568,13318.69643,0,0,1,1,0,0,0,1,1,65.0,108.6666667,32.25,3,326,4,129,8192,219,1,20,0.0,0.0,0.0,0.0,0.0,0.0,0.0,0.0,Bot
8080,6,2018-03-02 12:02:18,9797,3,4,326,129.0,326,0,108.6666667,188.2161878,112,0,32.25,53.7672453,46442.78861,714.5044401,1632.833333,3581.349657,8934.0,23.0,568.0,284.0,312.5411973,505.0,63.0,9315.0,3105.0,5050.807163,8934.0,24.0,0,0,72,92,306.2161886,408.2882515,0,326,56.875,115.4066568,13318.69643,0,0,1,1,0,0,0,1,1,65.0,108.6666667,32.25,3,326,4,129,8192,219,1,20,0.0,0.0,0.0,0.0,0.0,0.0,0.0,0.0,Bot
8080,6,2018-03-02 10:21:55,10395,3,4,326,129.0,326,0,108.6666667,188.2161878,112,0,32.25,53.7672453,43771.04377,673.4006734,1732.5,3781.186943,9440.0,16.0,552.0,276.0,316.783838,500.0,52.0,9916.0,3305.333333,5317.413406,9440.0,16.0,0,0,72,92,288.6002886,384.8003848,0,326,56.875,115.4066568,13318.69643,0,0,1,1,0,0,0,1,1,65.0,108.6666667,32.25,3,326,4,129,8192,219,1,20,0.0,0.0,0.0,0.0,0.0,0.0,0.0,0.0,Bot
8080,6,2018-03-02 10:54:22,538,2,0,0,0.0,0,0,0.0,0.0,0,0,0.0,0.0,0.0,3717.472119,538.0,0.0,538.0,538.0,538.0,538.0,0.0,538.0,538.0,0.0,0.0,0.0,0.0,0.0,0,0,40,0,3717.472119,0.0,0,0,0.0,0.0,0.0,0,0,0,0,1,0,0,0,0,0.0,0.0,0.0,2,0,0,0,2052,-1,0,20,0.0,0.0,0.0,0.0,0.0,0.0,0.0,0.0,Bot
8080,6,2018-03-02 03:36:01,492,2,0,0,0.0,0,0,0.0,0.0,0,0,0.0,0.0,0.0,4065.04065,492.0,0.0,492.0,492.0,492.0,492.0,0.0,492.0,492.0,0.0,0.0,0.0,0.0,0.0,0,0,40,0,4065.04065,0.0,0,0,0.0,0.0,0.0,0,0,0,0,1,0,0,0,0,0.0,0.0,0.0,2,0,0,0,2052,-1,0,20,0.0,0.0,0.0,0.0,0.0,0.0,0.0,0.0,Bot
8080,6,2018-03-02 11:23:47,10219,3,4,326,129.0,326,0,108.6666667,188.2161878,112,0,32.25,53.7672453,44524.90459,684.9985321,1703.166667,3742.800525,9333.0,22.0,591.0,295.5,344.3610024,539.0,52.0,9702.0,3234.0,5284.206941,9333.0,28.0,0,0,72,92,293.5707995,391.4277327,0,326,56.875,115.4066568,13318.69643,0,0,1,1,0,0,0,1,1,65.0,108.6666667,32.25,3,326,4,129,8192,219,1,20,0.0,0.0,0.0,0.0,0.0,0.0,0.0,0.0,Bot
8080,6,2018-03-02 12:50:05,10724,3,4,326,129.0,326,0,108.6666667,188.2161878,112,0,32.25,53.7672453,42428.19843,652.7415144,1787.333333,3935.532882,9815.0,46.0,548.0,274.0,299.8132752,486.0,62.0,10284.0,3428.0,5532.750582,9815.0,108.0,0,0,72,92,279.7463633,372.9951511,0,326,56.875,115.4066568,13318.69643,0,0,1,1,0,0,0,1,1,65.0,108.6666667,32.25,3,326,4,129,8192,219,1,20,0.0,0.0,0.0,0.0,0.0,0.0,0.0,0.0,Bot
8080,6,2018-03-02 11:25:13,503,2,0,0,0.0,0,0,0.0,0.0,0,0,0.0,0.0,0.0,3976.143141,503.0,0.0,503.0,503.0,503.0,503.0,0.0,503.0,503.0,0.0,0.0,0.0,0.0,0.0,0,0,40,0,3976.143141,0.0,0,0,0.0,0.0,0.0,0,0,0,0,1,0,0,0,0,0.0,0.0,0.0,2,0,0,0,2052,-1,0,20,0.0,0.0,0.0,0.0,0.0,0.0,0.0,0.0,Bot
8080,6,2018-03-02 02:34:43,548,2,0,0,0.0,0,0,0.0,0.0,0,0,0.0,0.0,0.0,3649.635036,548.0,0.0,548.0,548.0,548.0,548.0,0.0,548.0,548.0,0.0,0.0,0.0,0.0,0.0,0,0,40,0,3649.635036,0.0,0,0,0.0,0.0,0.0,0,0,0,0,1,0,0,0,0,0.0,0.0,0.0,2,0,0,0,2052,-1,0,20,0.0,0.0,0.0,0.0,0.0,0.0,0.0,0.0,Bot
8080,6,2018-03-02 01:19:28,12034,3,4,326,129.0,326,0,108.6666667,188.2161878,112,0,32.25,53.7672453,37809.53964,581.6852252,2005.666667,4313.691443,10794.0,19.0,615.0,307.5,361.3315652,563.0,52.0,11490.0,3830.0,6039.913576,10794.0,20.0,0,0,72,92,249.2936679,332.3915573,0,326,56.875,115.4066568,13318.69643,0,0,1,1,0,0,0,1,1,65.0,108.6666667,32.25,3,326,4,129,8192,219,1,20,0.0,0.0,0.0,0.0,0.0,0.0,0.0,0.0,Bot
8080,6,2018-03-02 12:14:02,10286,3,4,326,129.0,326,0,108.6666667,188.2161878,112,0,32.25,53.7672453,44234.88236,680.5366518,1714.333333,3816.432558,9497.0,2.0,474.0,237.0,264.4579362,424.0,50.0,9879.0,3293.0,5376.144808,9497.0,2.0,0,0,72,92,291.658565,388.8780867,0,326,56.875,115.4066568,13318.69643,0,0,1,1,0,0,0,1,1,65.0,108.6666667,32.25,3,326,4,129,8192,219,1,20,0.0,0.0,0.0,0.0,0.0,0.0,0.0,0.0,Bot
8080,6,2018-03-02 11:33:00,477,2,0,0,0.0,0,0,0.0,0.0,0,0,0.0,0.0,0.0,4192.872117,477.0,0.0,477.0,477.0,477.0,477.0,0.0,477.0,477.0,0.0,0.0,0.0,0.0,0.0,0,0,40,0,4192.872117,0.0,0,0,0.0,0.0,0.0,0,0,0,0,1,0,0,0,0,0.0,0.0,0.0,2,0,0,0,2052,-1,0,20,0.0,0.0,0.0,0.0,0.0,0.0,0.0,0.0,Bot
8080,6,2018-03-02 12:07:29,11583,3,4,326,129.0,326,0,108.6666667,188.2161878,112,0,32.25,53.7672453,39281.70595,604.3339377,1930.5,4251.857794,10598.0,1.0,620.0,310.0,364.8670991,568.0,52.0,11036.0,3678.666667,5996.282543,10598.0,1.0,0,0,72,92,259.000259,345.3336787,0,326,56.875,115.4066568,13318.69643,0,0,1,1,0,0,0,1,1,65.0,108.6666667,32.25,3,326,4,129,8192,219,1,20,0.0,0.0,0.0,0.0,0.0,0.0,0.0,0.0,Bot
8080,6,2018-03-02 11:07:08,618,2,0,0,0.0,0,0,0.0,0.0,0,0,0.0,0.0,0.0,3236.245955,618.0,0.0,618.0,618.0,618.0,618.0,0.0,618.0,618.0,0.0,0.0,0.0,0.0,0.0,0,0,40,0,3236.245955,0.0,0,0,0.0,0.0,0.0,0,0,0,0,1,0,0,0,0,0.0,0.0,0.0,2,0,0,0,2052,-1,0,20,0.0,0.0,0.0,0.0,0.0,0.0,0.0,0.0,Bot
8080,6,2018-03-02 01:50:52,588,2,0,0,0.0,0,0,0.0,0.0,0,0,0.0,0.0,0.0,3401.360544,588.0,0.0,588.0,588.0,588.0,588.0,0.0,588.0,588.0,0.0,0.0,0.0,0.0,0.0,0,0,40,0,3401.360544,0.0,0,0,0.0,0.0,0.0,0,0,0,0,1,0,0,0,0,0.0,0.0,0.0,2,0,0,0,2052,-1,0,20,0.0,0.0,0.0,0.0,0.0,0.0,0.0,0.0,Bot
8080,6,2018-03-02 02:29:06,10883,3,4,326,129.0,326,0,108.6666667,188.2161878,112,0,32.25,53.7672453,41808.32491,643.2049986,1813.833333,4006.064673,9984.0,21.0,523.0,261.5,290.6208871,467.0,56.0,10437.0,3479.0,5635.752745,9984.0,67.0,0,0,72,92,275.6592851,367.5457135,0,326,56.875,115.4066568,13318.69643,0,0,1,1,0,0,0,1,1,65.0,108.6666667,32.25,3,326,4,129,8192,219,1,20,0.0,0.0,0.0,0.0,0.0,0.0,0.0,0.0,Bot
8080,6,2018-03-02 01:35:16,666,2,0,0,0.0,0,0,0.0,0.0,0,0,0.0,0.0,0.0,3003.003003,666.0,0.0,666.0,666.0,666.0,666.0,0.0,666.0,666.0,0.0,0.0,0.0,0.0,0.0,0,0,40,0,3003.003003,0.0,0,0,0.0,0.0,0.0,0,0,0,0,1,0,0,0,0,0.0,0.0,0.0,2,0,0,0,2052,-1,0,20,0.0,0.0,0.0,0.0,0.0,0.0,0.0,0.0,Bot
8080,6,2018-03-02 12:40:58,10633,3,4,326,129.0,326,0,108.6666667,188.2161878,112,0,32.25,53.7672453,42791.31007,658.3278473,1772.166667,3768.033568,9446.0,1.0,693.0,346.5,398.1011178,628.0,65.0,10034.0,3344.666667,5292.027053,9446.0,1.0,0,0,72,92,282.140506,376.1873413,0,326,56.875,115.4066568,13318.69643,0,0,1,1,0,0,0,1,1,65.0,108.6666667,32.25,3,326,4,129,8192,219,1,20,0.0,0.0,0.0,0.0,0.0,0.0,0.0,0.0,Bot
8080,6,2018-03-02 11:24:10,11222,3,4,326,129.0,326,0,108.6666667,188.2161878,112,0,32.25,53.7672453,40545.35733,623.7747282,1870.333333,4176.275598,10387.0,2.0,557.0,278.5,300.520382,491.0,66.0,10748.0,3582.666667,5895.428427,10387.0,2.0,0,0,72,92,267.3320264,356.4427018,0,326,56.875,115.4066568,13318.69643,0,0,1,1,0,0,0,1,1,65.0,108.6666667,32.25,3,326,4,129,8192,219,1,20,0.0,0.0,0.0,0.0,0.0,0.0,0.0,0.0,Bot
8080,6,2018-03-02 12:52:36,11095,3,4,326,129.0,326,0,108.6666667,188.2161878,112,0,32.25,53.7672453,41009.46372,630.9148265,1849.166667,4049.26267,10104.0,2.0,631.0,315.5,341.5325753,557.0,74.0,10572.0,3524.0,5703.167892,10104.0,2.0,0,0,72,92,270.3920685,360.522758,0,326,56.875,115.4066568,13318.69643,0,0,1,1,0,0,0,1,1,65.0,108.6666667,32.25,3,326,4,129,8192,219,1,20,0.0,0.0,0.0,0.0,0.0,0.0,0.0,0.0,Bot
8080,6,2018-03-02 11:06:22,573,2,0,0,0.0,0,0,0.0,0.0,0,0,0.0,0.0,0.0,3490.401396,573.0,0.0,573.0,573.0,573.0,573.0,0.0,573.0,573.0,0.0,0.0,0.0,0.0,0.0,0,0,40,0,3490.401396,0.0,0,0,0.0,0.0,0.0,0,0,0,0,1,0,0,0,0,0.0,0.0,0.0,2,0,0,0,2052,-1,0,20,0.0,0.0,0.0,0.0,0.0,0.0,0.0,0.0,Bot
8080,6,2018-03-02 03:41:24,509,2,0,0,0.0,0,0,0.0,0.0,0,0,0.0,0.0,0.0,3929.273084,509.0,0.0,509.0,509.0,509.0,509.0,0.0,509.0,509.0,0.0,0.0,0.0,0.0,0.0,0,0,40,0,3929.273084,0.0,0,0,0.0,0.0,0.0,0,0,0,0,1,0,0,0,0,0.0,0.0,0.0,2,0,0,0,2052,-1,0,20,0.0,0.0,0.0,0.0,0.0,0.0,0.0,0.0,Bot
8080,6,2018-03-02 03:50:42,478,2,0,0,0.0,0,0,0.0,0.0,0,0,0.0,0.0,0.0,4184.100418,478.0,0.0,478.0,478.0,478.0,478.0,0.0,478.0,478.0,0.0,0.0,0.0,0.0,0.0,0,0,40,0,4184.100418,0.0,0,0,0.0,0.0,0.0,0,0,0,0,1,0,0,0,0,0.0,0.0,0.0,2,0,0,0,256,-1,0,20,0.0,0.0,0.0,0.0,0.0,0.0,0.0,0.0,Bot
8080,6,2018-03-02 11:52:13,10888,3,4,326,129.0,326,0,108.6666667,188.2161878,112,0,32.25,53.7672453,41789.12564,642.9096253,1814.666667,3987.392565,9943.0,16.0,600.0,300.0,352.139177,549.0,51.0,10359.0,3453.0,5623.783335,9943.0,16.0,0,0,72,92,275.5326965,367.3769287,0,326,56.875,115.4066568,13318.69643,0,0,1,1,0,0,0,1,1,65.0,108.6666667,32.25,3,326,4,129,8192,219,1,20,0.0,0.0,0.0,0.0,0.0,0.0,0.0,0.0,Bot
8080,6,2018-03-02 11:34:20,669,2,0,0,0.0,0,0,0.0,0.0,0,0,0.0,0.0,0.0,2989.536622,669.0,0.0,669.0,669.0,669.0,669.0,0.0,669.0,669.0,0.0,0.0,0.0,0.0,0.0,0,0,40,0,2989.536622,0.0,0,0,0.0,0.0,0.0,0,0,0,0,1,0,0,0,0,0.0,0.0,0.0,2,0,0,0,2052,-1,0,20,0.0,0.0,0.0,0.0,0.0,0.0,0.0,0.0,Bot
8080,6,2018-03-02 03:42:39,516,2,0,0,0.0,0,0,0.0,0.0,0,0,0.0,0.0,0.0,3875.968992,516.0,0.0,516.0,516.0,516.0,516.0,0.0,516.0,516.0,0.0,0.0,0.0,0.0,0.0,0,0,40,0,3875.968992,0.0,0,0,0.0,0.0,0.0,0,0,0,0,1,0,0,0,0,0.0,0.0,0.0,2,0,0,0,2052,-1,0,20,0.0,0.0,0.0,0.0,0.0,0.0,0.0,0.0,Bot
8080,6,2018-03-02 11:08:10,462,2,0,0,0.0,0,0,0.0,0.0,0,0,0.0,0.0,0.0,4329.004329,462.0,0.0,462.0,462.0,462.0,462.0,0.0,462.0,462.0,0.0,0.0,0.0,0.0,0.0,0,0,40,0,4329.004329,0.0,0,0,0.0,0.0,0.0,0,0,0,0,1,0,0,0,0,0.0,0.0,0.0,2,0,0,0,2052,-1,0,20,0.0,0.0,0.0,0.0,0.0,0.0,0.0,0.0,Bot
8080,6,2018-03-02 11:30:31,16419,3,4,285,129.0,285,0,95.0,164.5448267,112,0,32.25,53.7672453,25214.6903,426.3353432,2736.5,6291.634501,15574.0,1.0,546.0,273.0,306.884343,490.0,56.0,15959.0,5319.666667,8882.577685,15574.0,1.0,0,0,72,92,182.7151471,243.6201961,0,285,51.75,101.8637045,10376.21429,0,0,1,1,0,0,0,1,1,59.14285714,95.0,32.25,3,285,4,129,8192,219,1,20,0.0,0.0,0.0,0.0,0.0,0.0,0.0,0.0,Bot
8080,6,2018-03-02 10:51:46,506,2,0,0,0.0,0,0,0.0,0.0,0,0,0.0,0.0,0.0,3952.56917,506.0,0.0,506.0,506.0,506.0,506.0,0.0,506.0,506.0,0.0,0.0,0.0,0.0,0.0,0,0,40,0,3952.56917,0.0,0,0,0.0,0.0,0.0,0,0,0,0,1,0,0,0,0,0.0,0.0,0.0,2,0,0,0,2052,-1,0,20,0.0,0.0,0.0,0.0,0.0,0.0,0.0,0.0,Bot
8080,6,2018-03-02 02:25:16,487,2,0,0,0.0,0,0,0.0,0.0,0,0,0.0,0.0,0.0,4106.776181,487.0,0.0,487.0,487.0,487.0,487.0,0.0,487.0,487.0,0.0,0.0,0.0,0.0,0.0,0,0,40,0,4106.776181,0.0,0,0,0.0,0.0,0.0,0,0,0,0,1,0,0,0,0,0.0,0.0,0.0,2,0,0,0,2052,-1,0,20,0.0,0.0,0.0,0.0,0.0,0.0,0.0,0.0,Bot
8080,6,2018-03-02 10:46:33,573,2,0,0,0.0,0,0,0.0,0.0,0,0,0.0,0.0,0.0,3490.401396,573.0,0.0,573.0,573.0,573.0,573.0,0.0,573.0,573.0,0.0,0.0,0.0,0.0,0.0,0,0,40,0,3490.401396,0.0,0,0,0.0,0.0,0.0,0,0,0,0,1,0,0,0,0,0.0,0.0,0.0,2,0,0,0,2052,-1,0,20,0.0,0.0,0.0,0.0,0.0,0.0,0.0,0.0,Bot
8080,6,2018-03-02 03:39:12,66484,3,4,285,129.0,285,0,95.0,164.5448267,112,0,32.25,53.7672453,6227.06215,105.2884905,11080.66667,26823.40916,65833.0,1.0,356.0,178.0,192.3330445,314.0,42.0,66182.0,22060.66667,37908.34969,65833.0,1.0,0,0,72,92,45.12363877,60.16485169,0,285,51.75,101.8637045,10376.21429,0,0,1,1,0,0,0,1,1,59.14285714,95.0,32.25,3,285,4,129,8192,219,1,20,0.0,0.0,0.0,0.0,0.0,0.0,0.0,0.0,Bot
8080,6,2018-03-02 12:37:52,11534,3,4,326,129.0,326,0,108.6666667,188.2161878,112,0,32.25,53.7672453,39448.58679,606.9013352,1922.333333,4228.47938,10541.0,1.0,685.0,342.5,398.1011178,624.0,61.0,10933.0,3644.333333,5975.870927,10541.0,1.0,0,0,72,92,260.1005722,346.800763,0,326,56.875,115.4066568,13318.69643,0,0,1,1,0,0,0,1,1,65.0,108.6666667,32.25,3,326,4,129,8192,219,1,20,0.0,0.0,0.0,0.0,0.0,0.0,0.0,0.0,Bot
8080,6,2018-03-02 03:41:59,507,2,0,0,0.0,0,0,0.0,0.0,0,0,0.0,0.0,0.0,3944.773176,507.0,0.0,507.0,507.0,507.0,507.0,0.0,507.0,507.0,0.0,0.0,0.0,0.0,0.0,0,0,40,0,3944.773176,0.0,0,0,0.0,0.0,0.0,0,0,0,0,1,0,0,0,0,0.0,0.0,0.0,2,0,0,0,2052,-1,0,20,0.0,0.0,0.0,0.0,0.0,0.0,0.0,0.0,Bot
8080,6,2018-03-02 11:34:21,496,2,0,0,0.0,0,0,0.0,0.0,0,0,0.0,0.0,0.0,4032.258065,496.0,0.0,496.0,496.0,496.0,496.0,0.0,496.0,496.0,0.0,0.0,0.0,0.0,0.0,0,0,40,0,4032.258065,0.0,0,0,0.0,0.0,0.0,0,0,0,0,1,0,0,0,0,0.0,0.0,0.0,2,0,0,0,2052,-1,0,20,0.0,0.0,0.0,0.0,0.0,0.0,0.0,0.0,Bot
8080,6,2018-03-02 01:29:32,493,2,0,0,0.0,0,0,0.0,0.0,0,0,0.0,0.0,0.0,4056.795132,493.0,0.0,493.0,493.0,493.0,493.0,0.0,493.0,493.0,0.0,0.0,0.0,0.0,0.0,0,0,40,0,4056.795132,0.0,0,0,0.0,0.0,0.0,0,0,0,0,1,0,0,0,0,0.0,0.0,0.0,2,0,0,0,2052,-1,0,20,0.0,0.0,0.0,0.0,0.0,0.0,0.0,0.0,Bot
8080,6,2018-03-02 10:46:59,11064,3,4,326,129.0,326,0,108.6666667,188.2161878,112,0,32.25,53.7672453,41124.36732,632.6825741,1844.0,3831.619658,9638.0,12.0,569.0,284.5,263.7508294,471.0,98.0,10625.0,3541.666667,5301.490577,9638.0,12.0,0,0,72,92,271.1496746,361.5328995,0,326,56.875,115.4066568,13318.69643,0,0,1,1,0,0,0,1,1,65.0,108.6666667,32.25,3,326,4,129,8192,219,1,20,0.0,0.0,0.0,0.0,0.0,0.0,0.0,0.0,Bot
8080,6,2018-03-02 03:37:54,451,2,0,0,0.0,0,0,0.0,0.0,0,0,0.0,0.0,0.0,4434.5898,451.0,0.0,451.0,451.0,451.0,451.0,0.0,451.0,451.0,0.0,0.0,0.0,0.0,0.0,0,0,40,0,4434.5898,0.0,0,0,0.0,0.0,0.0,0,0,0,0,1,0,0,0,0,0.0,0.0,0.0,2,0,0,0,2052,-1,0,20,0.0,0.0,0.0,0.0,0.0,0.0,0.0,0.0,Bot
8080,6,2018-03-02 02:23:07,490,2,0,0,0.0,0,0,0.0,0.0,0,0,0.0,0.0,0.0,4081.632653,490.0,0.0,490.0,490.0,490.0,490.0,0.0,490.0,490.0,0.0,0.0,0.0,0.0,0.0,0,0,40,0,4081.632653,0.0,0,0,0.0,0.0,0.0,0,0,0,0,1,0,0,0,0,0.0,0.0,0.0,2,0,0,0,2052,-1,0,20,0.0,0.0,0.0,0.0,0.0,0.0,0.0,0.0,Bot
8080,6,2018-03-02 12:59:38,562,2,0,0,0.0,0,0,0.0,0.0,0,0,0.0,0.0,0.0,3558.718861,562.0,0.0,562.0,562.0,562.0,562.0,0.0,562.0,562.0,0.0,0.0,0.0,0.0,0.0,0,0,40,0,3558.718861,0.0,0,0,0.0,0.0,0.0,0,0,0,0,1,0,0,0,0,0.0,0.0,0.0,2,0,0,0,2052,-1,0,20,0.0,0.0,0.0,0.0,0.0,0.0,0.0,0.0,Bot
8080,6,2018-03-02 02:10:50,11024,3,4,326,129.0,326,0,108.6666667,188.2161878,112,0,32.25,53.7672453,41273.58491,634.9782293,1837.333333,4080.857198,10160.0,23.0,508.0,254.0,285.6711396,456.0,52.0,10591.0,3530.333333,5744.359523,10160.0,33.0,0,0,72,92,272.1335269,362.8447025,0,326,56.875,115.4066568,13318.69643,0,0,1,1,0,0,0,1,1,65.0,108.6666667,32.25,3,326,4,129,8192,219,1,20,0.0,0.0,0.0,0.0,0.0,0.0,0.0,0.0,Bot
8080,6,2018-03-02 03:37:30,670,2,0,0,0.0,0,0,0.0,0.0,0,0,0.0,0.0,0.0,2985.074627,670.0,0.0,670.0,670.0,670.0,670.0,0.0,670.0,670.0,0.0,0.0,0.0,0.0,0.0,0,0,40,0,2985.074627,0.0,0,0,0.0,0.0,0.0,0,0,0,0,1,0,0,0,0,0.0,0.0,0.0,2,0,0,0,2052,-1,0,20,0.0,0.0,0.0,0.0,0.0,0.0,0.0,0.0,Bot
8080,6,2018-03-02 11:03:33,514,2,0,0,0.0,0,0,0.0,0.0,0,0,0.0,0.0,0.0,3891.050584,514.0,0.0,514.0,514.0,514.0,514.0,0.0,514.0,514.0,0.0,0.0,0.0,0.0,0.0,0,0,40,0,3891.050584,0.0,0,0,0.0,0.0,0.0,0,0,0,0,1,0,0,0,0,0.0,0.0,0.0,2,0,0,0,2052,-1,0,20,0.0,0.0,0.0,0.0,0.0,0.0,0.0,0.0,Bot
8080,6,2018-03-02 03:13:59,9804,3,4,326,129.0,326,0,108.6666667,188.2161878,112,0,32.25,53.7672453,46409.62872,713.994288,1634.0,3661.976242,9104.0,22.0,420.0,210.0,219.2031022,365.0,55.0,9461.0,3153.666667,5155.455395,9104.0,24.0,0,0,72,92,305.997552,407.996736,0,326,56.875,115.4066568,13318.69643,0,0,1,1,0,0,0,1,1,65.0,108.6666667,32.25,3,326,4,129,8192,219,1,20,0.0,0.0,0.0,0.0,0.0,0.0,0.0,0.0,Bot
8080,6,2018-03-02 03:34:39,662,2,0,0,0.0,0,0,0.0,0.0,0,0,0.0,0.0,0.0,3021.148036,662.0,0.0,662.0,662.0,662.0,662.0,0.0,662.0,662.0,0.0,0.0,0.0,0.0,0.0,0,0,40,0,3021.148036,0.0,0,0,0.0,0.0,0.0,0,0,0,0,1,0,0,0,0,0.0,0.0,0.0,2,0,0,0,2052,-1,0,20,0.0,0.0,0.0,0.0,0.0,0.0,0.0,0.0,Bot
8080,6,2018-03-02 02:47:57,478,2,0,0,0.0,0,0,0.0,0.0,0,0,0.0,0.0,0.0,4184.100418,478.0,0.0,478.0,478.0,478.0,478.0,0.0,478.0,478.0,0.0,0.0,0.0,0.0,0.0,0,0,40,0,4184.100418,0.0,0,0,0.0,0.0,0.0,0,0,0,0,1,0,0,0,0,0.0,0.0,0.0,2,0,0,0,2052,-1,0,20,0.0,0.0,0.0,0.0,0.0,0.0,0.0,0.0,Bot
8080,6,2018-03-02 02:27:05,10971,3,4,326,129.0,326,0,108.6666667,188.2161878,112,0,32.25,53.7672453,41472.9742,638.045757,1828.5,3898.988933,9771.0,22.0,613.0,306.5,359.9173516,561.0,52.0,10432.0,3477.333333,5458.425628,9771.0,36.0,0,0,72,92,273.4481816,364.5975754,0,326,56.875,115.4066568,13318.69643,0,0,1,1,0,0,0,1,1,65.0,108.6666667,32.25,3,326,4,129,8192,219,1,20,0.0,0.0,0.0,0.0,0.0,0.0,0.0,0.0,Bot
8080,6,2018-03-02 11:18:41,10622,3,4,326,129.0,326,0,108.6666667,188.2161878,112,0,32.25,53.7672453,42835.62418,659.0096027,1770.333333,3872.353531,9666.0,33.0,610.0,305.0,339.411255,545.0,65.0,10110.0,3370.0,5454.614194,9666.0,70.0,0,0,72,92,282.4326869,376.5769158,0,326,56.875,115.4066568,13318.69643,0,0,1,1,0,0,0,1,1,65.0,108.6666667,32.25,3,326,4,129,8192,219,1,20,0.0,0.0,0.0,0.0,0.0,0.0,0.0,0.0,Bot
8080,6,2018-03-02 11:08:03,11148,3,4,326,129.0,326,0,108.6666667,188.2161878,112,0,32.25,53.7672453,40814.49587,627.9153211,1858.0,4094.191788,10207.0,19.0,482.0,241.0,281.4284989,440.0,42.0,10727.0,3575.666667,5746.384632,10207.0,60.0,0,0,72,92,269.1065662,358.8087549,0,326,56.875,115.4066568,13318.69643,0,0,1,1,0,0,0,1,1,65.0,108.6666667,32.25,3,326,4,129,8192,219,1,20,0.0,0.0,0.0,0.0,0.0,0.0,0.0,0.0,Bot
8080,6,2018-03-02 01:57:30,681,2,0,0,0.0,0,0,0.0,0.0,0,0,0.0,0.0,0.0,2936.857562,681.0,0.0,681.0,681.0,681.0,681.0,0.0,681.0,681.0,0.0,0.0,0.0,0.0,0.0,0,0,40,0,2936.857562,0.0,0,0,0.0,0.0,0.0,0,0,0,0,1,0,0,0,0,0.0,0.0,0.0,2,0,0,0,2052,-1,0,20,0.0,0.0,0.0,0.0,0.0,0.0,0.0,0.0,Bot
8080,6,2018-03-02 03:21:37,541,2,0,0,0.0,0,0,0.0,0.0,0,0,0.0,0.0,0.0,3696.857671,541.0,0.0,541.0,541.0,541.0,541.0,0.0,541.0,541.0,0.0,0.0,0.0,0.0,0.0,0,0,40,0,3696.857671,0.0,0,0,0.0,0.0,0.0,0,0,0,0,1,0,0,0,0,0.0,0.0,0.0,2,0,0,0,2052,-1,0,20,0.0,0.0,0.0,0.0,0.0,0.0,0.0,0.0,Bot
8080,6,2018-03-02 03:52:52,496,2,0,0,0.0,0,0,0.0,0.0,0,0,0.0,0.0,0.0,4032.258065,496.0,0.0,496.0,496.0,496.0,496.0,0.0,496.0,496.0,0.0,0.0,0.0,0.0,0.0,0,0,40,0,4032.258065,0.0,0,0,0.0,0.0,0.0,0,0,0,0,1,0,0,0,0,0.0,0.0,0.0,2,0,0,0,2052,-1,0,20,0.0,0.0,0.0,0.0,0.0,0.0,0.0,0.0,Bot
8080,6,2018-03-02 10:56:43,10199,3,4,326,129.0,326,0,108.6666667,188.2161878,112,0,32.25,53.7672453,44612.21688,686.3417982,1699.833333,3762.008475,9372.0,27.0,527.0,263.5,283.5498193,464.0,63.0,9762.0,3254.0,5300.669014,9372.0,38.0,0,0,72,92,294.1464849,392.1953133,0,326,56.875,115.4066568,13318.69643,0,0,1,1,0,0,0,1,1,65.0,108.6666667,32.25,3,326,4,129,8192,219,1,20,0.0,0.0,0.0,0.0,0.0,0.0,0.0,0.0,Bot
8080,6,2018-03-02 12:41:54,504,2,0,0,0.0,0,0,0.0,0.0,0,0,0.0,0.0,0.0,3968.253968,504.0,0.0,504.0,504.0,504.0,504.0,0.0,504.0,504.0,0.0,0.0,0.0,0.0,0.0,0,0,40,0,3968.253968,0.0,0,0,0.0,0.0,0.0,0,0,0,0,1,0,0,0,0,0.0,0.0,0.0,2,0,0,0,2052,-1,0,20,0.0,0.0,0.0,0.0,0.0,0.0,0.0,0.0,Bot
8080,6,2018-03-02 11:14:28,18578,3,4,326,129.0,326,0,108.6666667,188.2161878,112,0,32.25,53.7672453,24491.33384,376.7897513,3096.333333,7124.52448,17634.0,21.0,581.0,290.5,325.9762261,521.0,60.0,18078.0,6026.0,10054.47025,17634.0,40.0,0,0,72,92,161.481322,215.3084293,0,326,56.875,115.4066568,13318.69643,0,0,1,1,0,0,0,1,1,65.0,108.6666667,32.25,3,326,4,129,8192,219,1,20,0.0,0.0,0.0,0.0,0.0,0.0,0.0,0.0,Bot
8080,6,2018-03-02 12:22:20,521,2,0,0,0.0,0,0,0.0,0.0,0,0,0.0,0.0,0.0,3838.771593,521.0,0.0,521.0,521.0,521.0,521.0,0.0,521.0,521.0,0.0,0.0,0.0,0.0,0.0,0,0,40,0,3838.771593,0.0,0,0,0.0,0.0,0.0,0,0,0,0,1,0,0,0,0,0.0,0.0,0.0,2,0,0,0,256,-1,0,20,0.0,0.0,0.0,0.0,0.0,0.0,0.0,0.0,Bot
8080,6,2018-03-02 03:42:28,10122,3,4,326,129.0,326,0,108.6666667,188.2161878,112,0,32.25,53.7672453,44951.59059,691.5629322,1687.0,3753.263593,9340.0,1.0,504.0,252.0,295.5706345,461.0,43.0,9679.0,3226.333333,5297.271216,9340.0,1.0,0,0,72,92,296.3841138,395.1788184,0,326,56.875,115.4066568,13318.69643,0,0,1,1,0,0,0,1,1,65.0,108.6666667,32.25,3,326,4,129,8192,219,1,20,0.0,0.0,0.0,0.0,0.0,0.0,0.0,0.0,Bot
8080,6,2018-03-02 11:19:53,9975,3,4,326,129.0,326,0,108.6666667,188.2161878,112,0,32.25,53.7672453,45614.03509,701.754386,1662.5,3632.911326,9067.0,1.0,562.0,281.0,323.8549058,510.0,52.0,9484.0,3161.333333,5118.664898,9067.0,1.0,0,0,72,92,300.7518797,401.0025063,0,326,56.875,115.4066568,13318.69643,0,0,1,1,0,0,0,1,1,65.0,108.6666667,32.25,3,326,4,129,8192,219,1,20,0.0,0.0,0.0,0.0,0.0,0.0,0.0,0.0,Bot
8080,6,2018-03-02 03:15:07,555,2,0,0,0.0,0,0,0.0,0.0,0,0,0.0,0.0,0.0,3603.603604,555.0,0.0,555.0,555.0,555.0,555.0,0.0,555.0,555.0,0.0,0.0,0.0,0.0,0.0,0,0,40,0,3603.603604,0.0,0,0,0.0,0.0,0.0,0,0,0,0,1,0,0,0,0,0.0,0.0,0.0,2,0,0,0,256,-1,0,20,0.0,0.0,0.0,0.0,0.0,0.0,0.0,0.0,Bot
8080,6,2018-03-02 12:33:51,11118,3,4,326,129.0,326,0,108.6666667,188.2161878,112,0,32.25,53.7672453,40924.62673,629.609642,1853.0,4112.992244,10241.0,21.0,556.0,278.0,301.2274888,491.0,65.0,10648.0,3549.333333,5797.516049,10241.0,38.0,0,0,72,92,269.8327037,359.7769383,0,326,56.875,115.4066568,13318.69643,0,0,1,1,0,0,0,1,1,65.0,108.6666667,32.25,3,326,4,129,8192,219,1,20,0.0,0.0,0.0,0.0,0.0,0.0,0.0,0.0,Bot
8080,6,2018-03-02 11:18:46,495,2,0,0,0.0,0,0,0.0,0.0,0,0,0.0,0.0,0.0,4040.40404,495.0,0.0,495.0,495.0,495.0,495.0,0.0,495.0,495.0,0.0,0.0,0.0,0.0,0.0,0,0,40,0,4040.40404,0.0,0,0,0.0,0.0,0.0,0,0,0,0,1,0,0,0,0,0.0,0.0,0.0,2,0,0,0,2052,-1,0,20,0.0,0.0,0.0,0.0,0.0,0.0,0.0,0.0,Bot
8080,6,2018-03-02 01:20:11,527,2,0,0,0.0,0,0,0.0,0.0,0,0,0.0,0.0,0.0,3795.066414,527.0,0.0,527.0,527.0,527.0,527.0,0.0,527.0,527.0,0.0,0.0,0.0,0.0,0.0,0,0,40,0,3795.066414,0.0,0,0,0.0,0.0,0.0,0,0,0,0,1,0,0,0,0,0.0,0.0,0.0,2,0,0,0,256,-1,0,20,0.0,0.0,0.0,0.0,0.0,0.0,0.0,0.0,Bot
8080,6,2018-03-02 01:03:16,488,2,0,0,0.0,0,0,0.0,0.0,0,0,0.0,0.0,0.0,4098.360656,488.0,0.0,488.0,488.0,488.0,488.0,0.0,488.0,488.0,0.0,0.0,0.0,0.0,0.0,0,0,40,0,4098.360656,0.0,0,0,0.0,0.0,0.0,0,0,0,0,1,0,0,0,0,0.0,0.0,0.0,2,0,0,0,2052,-1,0,20,0.0,0.0,0.0,0.0,0.0,0.0,0.0,0.0,Bot
8080,6,2018-03-02 03:33:07,16802,3,4,326,140.0,326,0,108.6666667,188.2161878,123,0,35.0,59.21148537,27734.79348,416.6170694,2800.333333,6387.715825,15833.0,19.0,494.0,247.0,264.4579362,434.0,60.0,16387.0,5462.333333,8984.880096,15833.0,22.0,0,0,72,92,178.5501726,238.0668968,0,326,58.25,116.219927,13507.07143,0,0,1,1,0,0,0,1,1,66.57142857,108.6666667,35.0,3,326,4,140,8192,219,1,20,0.0,0.0,0.0,0.0,0.0,0.0,0.0,0.0,Bot
8080,6,2018-03-02 11:33:10,581,2,0,0,0.0,0,0,0.0,0.0,0,0,0.0,0.0,0.0,3442.340792,581.0,0.0,581.0,581.0,581.0,581.0,0.0,581.0,581.0,0.0,0.0,0.0,0.0,0.0,0,0,40,0,3442.340792,0.0,0,0,0.0,0.0,0.0,0,0,0,0,1,0,0,0,0,0.0,0.0,0.0,2,0,0,0,256,-1,0,20,0.0,0.0,0.0,0.0,0.0,0.0,0.0,0.0,Bot
8080,6,2018-03-02 11:35:21,510,2,0,0,0.0,0,0,0.0,0.0,0,0,0.0,0.0,0.0,3921.568627,510.0,0.0,510.0,510.0,510.0,510.0,0.0,510.0,510.0,0.0,0.0,0.0,0.0,0.0,0,0,40,0,3921.568627,0.0,0,0,0.0,0.0,0.0,0,0,0,0,1,0,0,0,0,0.0,0.0,0.0,2,0,0,0,2052,-1,0,20,0.0,0.0,0.0,0.0,0.0,0.0,0.0,0.0,Bot
8080,6,2018-03-02 02:21:07,454,2,0,0,0.0,0,0,0.0,0.0,0,0,0.0,0.0,0.0,4405.286344,454.0,0.0,454.0,454.0,454.0,454.0,0.0,454.0,454.0,0.0,0.0,0.0,0.0,0.0,0,0,40,0,4405.286344,0.0,0,0,0.0,0.0,0.0,0,0,0,0,1,0,0,0,0,0.0,0.0,0.0,2,0,0,0,2052,-1,0,20,0.0,0.0,0.0,0.0,0.0,0.0,0.0,0.0,Bot
8080,6,2018-03-02 11:08:33,10756,3,4,326,129.0,326,0,108.6666667,188.2161878,112,0,32.25,53.7672453,42301.97099,650.7995537,1792.666667,3882.727272,9708.0,45.0,693.0,346.5,362.7457787,603.0,90.0,10198.0,3399.333333,5466.768363,9708.0,55.0,0,0,72,92,278.9140945,371.8854593,0,326,56.875,115.4066568,13318.69643,0,0,1,1,0,0,0,1,1,65.0,108.6666667,32.25,3,326,4,129,8192,219,1,20,0.0,0.0,0.0,0.0,0.0,0.0,0.0,0.0,Bot
8080,6,2018-03-02 03:37:59,467,2,0,0,0.0,0,0,0.0,0.0,0,0,0.0,0.0,0.0,4282.655246,467.0,0.0,467.0,467.0,467.0,467.0,0.0,467.0,467.0,0.0,0.0,0.0,0.0,0.0,0,0,40,0,4282.655246,0.0,0,0,0.0,0.0,0.0,0,0,0,0,1,0,0,0,0,0.0,0.0,0.0,2,0,0,0,2052,-1,0,20,0.0,0.0,0.0,0.0,0.0,0.0,0.0,0.0,Bot
8080,6,2018-03-02 11:43:54,482,2,0,0,0.0,0,0,0.0,0.0,0,0,0.0,0.0,0.0,4149.377593,482.0,0.0,482.0,482.0,482.0,482.0,0.0,482.0,482.0,0.0,0.0,0.0,0.0,0.0,0,0,40,0,4149.377593,0.0,0,0,0.0,0.0,0.0,0,0,0,0,1,0,0,0,0,0.0,0.0,0.0,2,0,0,0,2052,-1,0,20,0.0,0.0,0.0,0.0,0.0,0.0,0.0,0.0,Bot
8080,6,2018-03-02 02:04:56,444,2,0,0,0.0,0,0,0.0,0.0,0,0,0.0,0.0,0.0,4504.504505,444.0,0.0,444.0,444.0,444.0,444.0,0.0,444.0,444.0,0.0,0.0,0.0,0.0,0.0,0,0,40,0,4504.504505,0.0,0,0,0.0,0.0,0.0,0,0,0,0,1,0,0,0,0,0.0,0.0,0.0,2,0,0,0,256,-1,0,20,0.0,0.0,0.0,0.0,0.0,0.0,0.0,0.0,Bot
8080,6,2018-03-02 02:11:06,547,2,0,0,0.0,0,0,0.0,0.0,0,0,0.0,0.0,0.0,3656.30713,547.0,0.0,547.0,547.0,547.0,547.0,0.0,547.0,547.0,0.0,0.0,0.0,0.0,0.0,0,0,40,0,3656.30713,0.0,0,0,0.0,0.0,0.0,0,0,0,0,1,0,0,0,0,0.0,0.0,0.0,2,0,0,0,2052,-1,0,20,0.0,0.0,0.0,0.0,0.0,0.0,0.0,0.0,Bot
8080,6,2018-03-02 02:23:28,11695,3,4,326,129.0,326,0,108.6666667,188.2161878,112,0,32.25,53.7672453,38905.51518,598.5463873,1949.166667,4276.607741,10667.0,16.0,633.0,316.5,372.6452737,580.0,53.0,11138.0,3712.666667,6026.627941,10667.0,16.0,0,0,72,92,256.5198803,342.0265071,0,326,56.875,115.4066568,13318.69643,0,0,1,1,0,0,0,1,1,65.0,108.6666667,32.25,3,326,4,129,8192,219,1,20,0.0,0.0,0.0,0.0,0.0,0.0,0.0,0.0,Bot
8080,6,2018-03-02 01:35:56,469,2,0,0,0.0,0,0,0.0,0.0,0,0,0.0,0.0,0.0,4264.392324,469.0,0.0,469.0,469.0,469.0,469.0,0.0,469.0,469.0,0.0,0.0,0.0,0.0,0.0,0,0,40,0,4264.392324,0.0,0,0,0.0,0.0,0.0,0,0,0,0,1,0,0,0,0,0.0,0.0,0.0,2,0,0,0,2052,-1,0,20,0.0,0.0,0.0,0.0,0.0,0.0,0.0,0.0,Bot
8080,6,2018-03-02 10:46:35,10702,3,4,326,129.0,326,0,108.6666667,188.2161878,112,0,32.25,53.7672453,42515.41768,654.0833489,1783.666667,3887.252226,9710.0,35.0,621.0,310.5,293.4493142,518.0,103.0,10220.0,3406.666667,5463.278167,9710.0,35.0,0,0,72,92,280.3214352,373.7619137,0,326,56.875,115.4066568,13318.69643,0,0,1,1,0,0,0,1,1,65.0,108.6666667,32.25,3,326,4,129,8192,219,1,20,0.0,0.0,0.0,0.0,0.0,0.0,0.0,0.0,Bot
8080,6,2018-03-02 03:05:24,503,2,0,0,0.0,0,0,0.0,0.0,0,0,0.0,0.0,0.0,3976.143141,503.0,0.0,503.0,503.0,503.0,503.0,0.0,503.0,503.0,0.0,0.0,0.0,0.0,0.0,0,0,40,0,3976.143141,0.0,0,0,0.0,0.0,0.0,0,0,0,0,1,0,0,0,0,0.0,0.0,0.0,2,0,0,0,2052,-1,0,20,0.0,0.0,0.0,0.0,0.0,0.0,0.0,0.0,Bot
8080,6,2018-03-02 11:08:30,12695,3,4,326,129.0,326,0,108.6666667,188.2161878,112,0,32.25,53.7672453,35840.88224,551.3981883,2115.833333,4723.743575,11749.0,12.0,594.0,297.0,347.8965363,543.0,51.0,12174.0,4058.0,6663.618461,11749.0,12.0,0,0,72,92,236.3135093,315.084679,0,326,56.875,115.4066568,13318.69643,0,0,1,1,0,0,0,1,1,65.0,108.6666667,32.25,3,326,4,129,8192,219,1,20,0.0,0.0,0.0,0.0,0.0,0.0,0.0,0.0,Bot
8080,6,2018-03-02 11:18:25,11023,3,4,326,129.0,326,0,108.6666667,188.2161878,112,0,32.25,53.7672453,41277.32922,635.0358342,1837.166667,4071.574704,10139.0,20.0,596.0,298.0,347.8965363,544.0,52.0,10499.0,3499.666667,5751.511222,10139.0,41.0,0,0,72,92,272.1582146,362.8776195,0,326,56.875,115.4066568,13318.69643,0,0,1,1,0,0,0,1,1,65.0,108.6666667,32.25,3,326,4,129,8192,219,1,20,0.0,0.0,0.0,0.0,0.0,0.0,0.0,0.0,Bot
8080,6,2018-03-02 02:25:34,546,2,0,0,0.0,0,0,0.0,0.0,0,0,0.0,0.0,0.0,3663.003663,546.0,0.0,546.0,546.0,546.0,546.0,0.0,546.0,546.0,0.0,0.0,0.0,0.0,0.0,0,0,40,0,3663.003663,0.0,0,0,0.0,0.0,0.0,0,0,0,0,1,0,0,0,0,0.0,0.0,0.0,2,0,0,0,2052,-1,0,20,0.0,0.0,0.0,0.0,0.0,0.0,0.0,0.0,Bot
8080,6,2018-03-02 12:24:36,520,2,0,0,0.0,0,0,0.0,0.0,0,0,0.0,0.0,0.0,3846.153846,520.0,0.0,520.0,520.0,520.0,520.0,0.0,520.0,520.0,0.0,0.0,0.0,0.0,0.0,0,0,40,0,3846.153846,0.0,0,0,0.0,0.0,0.0,0,0,0,0,1,0,0,0,0,0.0,0.0,0.0,2,0,0,0,256,-1,0,20,0.0,0.0,0.0,0.0,0.0,0.0,0.0,0.0,Bot
8080,6,2018-03-02 03:14:34,481,2,0,0,0.0,0,0,0.0,0.0,0,0,0.0,0.0,0.0,4158.004158,481.0,0.0,481.0,481.0,481.0,481.0,0.0,481.0,481.0,0.0,0.0,0.0,0.0,0.0,0,0,40,0,4158.004158,0.0,0,0,0.0,0.0,0.0,0,0,0,0,1,0,0,0,0,0.0,0.0,0.0,2,0,0,0,2052,-1,0,20,0.0,0.0,0.0,0.0,0.0,0.0,0.0,0.0,Bot
8080,6,2018-03-02 11:25:52,527,2,0,0,0.0,0,0,0.0,0.0,0,0,0.0,0.0,0.0,3795.066414,527.0,0.0,527.0,527.0,527.0,527.0,0.0,527.0,527.0,0.0,0.0,0.0,0.0,0.0,0,0,40,0,3795.066414,0.0,0,0,0.0,0.0,0.0,0,0,0,0,1,0,0,0,0,0.0,0.0,0.0,2,0,0,0,2052,-1,0,20,0.0,0.0,0.0,0.0,0.0,0.0,0.0,0.0,Bot
8080,6,2018-03-02 02:54:58,11351,3,4,326,129.0,326,0,108.6666667,188.2161878,112,0,32.25,53.7672453,40084.57405,616.6857546,1891.833333,4132.541127,10317.0,21.0,561.0,280.5,338.7041482,520.0,41.0,10852.0,3617.333333,5805.684312,10317.0,63.0,0,0,72,92,264.2938948,352.3918597,0,326,56.875,115.4066568,13318.69643,0,0,1,1,0,0,0,1,1,65.0,108.6666667,32.25,3,326,4,129,8192,219,1,20,0.0,0.0,0.0,0.0,0.0,0.0,0.0,0.0,Bot
8080,6,2018-03-02 01:34:45,12312,3,4,326,129.0,326,0,108.6666667,188.2161878,112,0,32.25,53.7672453,36955.81546,568.5510071,2052.0,4593.487433,11420.0,14.0,576.0,288.0,335.1686143,525.0,51.0,11808.0,3936.0,6483.833126,11420.0,14.0,0,0,72,92,243.6647173,324.8862898,0,326,56.875,115.4066568,13318.69643,0,0,1,1,0,0,0,1,1,65.0,108.6666667,32.25,3,326,4,129,8192,219,1,20,0.0,0.0,0.0,0.0,0.0,0.0,0.0,0.0,Bot
8080,6,2018-03-02 12:02:57,476,2,0,0,0.0,0,0,0.0,0.0,0,0,0.0,0.0,0.0,4201.680672,476.0,0.0,476.0,476.0,476.0,476.0,0.0,476.0,476.0,0.0,0.0,0.0,0.0,0.0,0,0,40,0,4201.680672,0.0,0,0,0.0,0.0,0.0,0,0,0,0,1,0,0,0,0,0.0,0.0,0.0,2,0,0,0,256,-1,0,20,0.0,0.0,0.0,0.0,0.0,0.0,0.0,0.0,Bot
8080,6,2018-03-02 03:53:37,483,2,0,0,0.0,0,0,0.0,0.0,0,0,0.0,0.0,0.0,4140.786749,483.0,0.0,483.0,483.0,483.0,483.0,0.0,483.0,483.0,0.0,0.0,0.0,0.0,0.0,0,0,40,0,4140.786749,0.0,0,0,0.0,0.0,0.0,0,0,0,0,1,0,0,0,0,0.0,0.0,0.0,2,0,0,0,256,-1,0,20,0.0,0.0,0.0,0.0,0.0,0.0,0.0,0.0,Bot
8080,6,2018-03-02 11:24:14,10724,3,4,326,129.0,326,0,108.6666667,188.2161878,112,0,32.25,53.7672453,42428.19843,652.7415144,1787.333333,3940.455388,9820.0,2.0,606.0,303.0,352.139177,552.0,54.0,10195.0,3398.333333,5564.419317,9820.0,2.0,0,0,72,92,279.7463633,372.9951511,0,326,56.875,115.4066568,13318.69643,0,0,1,1,0,0,0,1,1,65.0,108.6666667,32.25,3,326,4,129,8192,219,1,20,0.0,0.0,0.0,0.0,0.0,0.0,0.0,0.0,Bot
8080,6,2018-03-02 10:53:21,488,2,0,0,0.0,0,0,0.0,0.0,0,0,0.0,0.0,0.0,4098.360656,488.0,0.0,488.0,488.0,488.0,488.0,0.0,488.0,488.0,0.0,0.0,0.0,0.0,0.0,0,0,40,0,4098.360656,0.0,0,0,0.0,0.0,0.0,0,0,0,0,1,0,0,0,0,0.0,0.0,0.0,2,0,0,0,2052,-1,0,20,0.0,0.0,0.0,0.0,0.0,0.0,0.0,0.0,Bot
8080,6,2018-03-02 12:30:58,11624,3,4,326,129.0,326,0,108.6666667,188.2161878,112,0,32.25,53.7672453,39143.1521,602.20234,1937.333333,4317.816748,10743.0,21.0,573.0,286.5,330.2188668,520.0,53.0,11125.0,3708.333333,6094.046384,10743.0,41.0,0,0,72,92,258.0867171,344.1156228,0,326,56.875,115.4066568,13318.69643,0,0,1,1,0,0,0,1,1,65.0,108.6666667,32.25,3,326,4,129,8192,219,1,20,0.0,0.0,0.0,0.0,0.0,0.0,0.0,0.0,Bot
8080,6,2018-03-02 02:21:00,10817,3,4,326,129.0,326,0,108.6666667,188.2161878,112,0,32.25,53.7672453,42063.41869,647.1295184,1802.833333,3923.980908,9800.0,1.0,505.0,252.5,280.7213921,451.0,54.0,10387.0,3462.333333,5496.368832,9800.0,1.0,0,0,72,92,277.3412222,369.7882962,0,326,56.875,115.4066568,13318.69643,0,0,1,1,0,0,0,1,1,65.0,108.6666667,32.25,3,326,4,129,8192,219,1,20,0.0,0.0,0.0,0.0,0.0,0.0,0.0,0.0,Bot
8080,6,2018-03-02 11:09:50,9387,3,4,326,129.0,326,0,108.6666667,188.2161878,112,0,32.25,53.7672453,48471.29008,745.7121551,1564.5,3410.160803,8518.0,15.0,502.0,251.0,219.2031022,406.0,96.0,9011.0,3003.666667,4781.160563,8518.0,15.0,0,0,72,92,319.5909236,426.1212315,0,326,56.875,115.4066568,13318.69643,0,0,1,1,0,0,0,1,1,65.0,108.6666667,32.25,3,326,4,129,8192,219,1,20,0.0,0.0,0.0,0.0,0.0,0.0,0.0,0.0,Bot
8080,6,2018-03-02 02:38:22,9956,3,4,326,129.0,326,0,108.6666667,188.2161878,112,0,32.25,53.7672453,45701.08477,703.0936119,1659.333333,3648.03633,9099.0,1.0,541.0,270.5,226.9812768,431.0,110.0,9560.0,3186.666667,5125.371629,9099.0,1.0,0,0,72,92,301.3258337,401.7677782,0,326,56.875,115.4066568,13318.69643,0,0,1,1,0,0,0,1,1,65.0,108.6666667,32.25,3,326,4,129,8192,219,1,20,0.0,0.0,0.0,0.0,0.0,0.0,0.0,0.0,Bot
8080,6,2018-03-02 03:26:33,481,2,0,0,0.0,0,0,0.0,0.0,0,0,0.0,0.0,0.0,4158.004158,481.0,0.0,481.0,481.0,481.0,481.0,0.0,481.0,481.0,0.0,0.0,0.0,0.0,0.0,0,0,40,0,4158.004158,0.0,0,0,0.0,0.0,0.0,0,0,0,0,1,0,0,0,0,0.0,0.0,0.0,2,0,0,0,2052,-1,0,20,0.0,0.0,0.0,0.0,0.0,0.0,0.0,0.0,Bot
8080,6,2018-03-02 12:32:01,11602,3,4,326,129.0,326,0,108.6666667,188.2161878,112,0,32.25,53.7672453,39217.37631,603.344251,1933.666667,4303.957187,10711.0,20.0,548.0,274.0,313.9554108,496.0,52.0,11126.0,3708.666667,6066.825062,10711.0,29.0,0,0,72,92,258.5761076,344.7681434,0,326,56.875,115.4066568,13318.69643,0,0,1,1,0,0,0,1,1,65.0,108.6666667,32.25,3,326,4,129,8192,219,1,20,0.0,0.0,0.0,0.0,0.0,0.0,0.0,0.0,Bot
8080,6,2018-03-02 11:34:11,503,2,0,0,0.0,0,0,0.0,0.0,0,0,0.0,0.0,0.0,3976.143141,503.0,0.0,503.0,503.0,503.0,503.0,0.0,503.0,503.0,0.0,0.0,0.0,0.0,0.0,0,0,40,0,3976.143141,0.0,0,0,0.0,0.0,0.0,0,0,0,0,1,0,0,0,0,0.0,0.0,0.0,2,0,0,0,2052,-1,0,20,0.0,0.0,0.0,0.0,0.0,0.0,0.0,0.0,Bot
8080,6,2018-03-02 11:12:12,11879,3,4,326,129.0,326,0,108.6666667,188.2161878,112,0,32.25,53.7672453,38302.88745,589.2751915,1979.833333,4450.998154,11058.0,5.0,545.0,272.5,307.5914498,490.0,55.0,11411.0,3803.666667,6284.77735,11058.0,5.0,0,0,72,92,252.5465106,336.7286809,0,326,56.875,115.4066568,13318.69643,0,0,1,1,0,0,0,1,1,65.0,108.6666667,32.25,3,326,4,129,8192,219,1,20,0.0,0.0,0.0,0.0,0.0,0.0,0.0,0.0,Bot
8080,6,2018-03-02 11:00:18,9039,3,4,326,129.0,326,0,108.6666667,188.2161878,112,0,32.25,53.7672453,50337.42671,774.4219493,1506.5,3299.612508,8234.0,21.0,483.0,241.5,258.0939751,424.0,59.0,8636.0,2878.666667,4641.231015,8234.0,24.0,0,0,72,92,331.8951211,442.5268282,0,326,56.875,115.4066568,13318.69643,0,0,1,1,0,0,0,1,1,65.0,108.6666667,32.25,3,326,4,129,8192,219,1,20,0.0,0.0,0.0,0.0,0.0,0.0,0.0,0.0,Bot
8080,6,2018-03-02 11:08:18,532,2,0,0,0.0,0,0,0.0,0.0,0,0,0.0,0.0,0.0,3759.398496,532.0,0.0,532.0,532.0,532.0,532.0,0.0,532.0,532.0,0.0,0.0,0.0,0.0,0.0,0,0,40,0,3759.398496,0.0,0,0,0.0,0.0,0.0,0,0,0,0,1,0,0,0,0,0.0,0.0,0.0,2,0,0,0,2052,-1,0,20,0.0,0.0,0.0,0.0,0.0,0.0,0.0,0.0,Bot
8080,6,2018-03-02 11:31:45,12576,3,4,326,129.0,326,0,108.6666667,188.2161878,112,0,32.25,53.7672453,36180.02545,556.6157761,2096.0,4720.76193,11725.0,0.0,482.0,241.0,278.6000718,438.0,44.0,12160.0,4053.333333,6647.417418,11725.0,0.0,0,0,72,92,238.5496183,318.0661578,0,326,56.875,115.4066568,13318.69643,0,0,1,1,0,0,0,1,1,65.0,108.6666667,32.25,3,326,4,129,8192,219,1,20,0.0,0.0,0.0,0.0,0.0,0.0,0.0,0.0,Bot
8080,6,2018-03-02 11:22:01,473,2,0,0,0.0,0,0,0.0,0.0,0,0,0.0,0.0,0.0,4228.32981,473.0,0.0,473.0,473.0,473.0,473.0,0.0,473.0,473.0,0.0,0.0,0.0,0.0,0.0,0,0,40,0,4228.32981,0.0,0,0,0.0,0.0,0.0,0,0,0,0,1,0,0,0,0,0.0,0.0,0.0,2,0,0,0,2052,-1,0,20,0.0,0.0,0.0,0.0,0.0,0.0,0.0,0.0,Bot
8080,6,2018-03-02 03:50:41,18370,3,4,326,129.0,326,0,108.6666667,188.2161878,112,0,32.25,53.7672453,24768.64453,381.0560697,3061.666667,7125.759908,17603.0,1.0,505.0,252.5,284.9640328,454.0,51.0,17936.0,5978.666667,10068.32828,17603.0,1.0,0,0,72,92,163.3097441,217.7463255,0,326,56.875,115.4066568,13318.69643,0,0,1,1,0,0,0,1,1,65.0,108.6666667,32.25,3,326,4,129,8192,219,1,20,0.0,0.0,0.0,0.0,0.0,0.0,0.0,0.0,Bot
8080,6,2018-03-02 11:22:10,506,2,0,0,0.0,0,0,0.0,0.0,0,0,0.0,0.0,0.0,3952.56917,506.0,0.0,506.0,506.0,506.0,506.0,0.0,506.0,506.0,0.0,0.0,0.0,0.0,0.0,0,0,40,0,3952.56917,0.0,0,0,0.0,0.0,0.0,0,0,0,0,1,0,0,0,0,0.0,0.0,0.0,2,0,0,0,2052,-1,0,20,0.0,0.0,0.0,0.0,0.0,0.0,0.0,0.0,Bot
8080,6,2018-03-02 11:13:01,452,2,0,0,0.0,0,0,0.0,0.0,0,0,0.0,0.0,0.0,4424.778761,452.0,0.0,452.0,452.0,452.0,452.0,0.0,452.0,452.0,0.0,0.0,0.0,0.0,0.0,0,0,40,0,4424.778761,0.0,0,0,0.0,0.0,0.0,0,0,0,0,1,0,0,0,0,0.0,0.0,0.0,2,0,0,0,256,-1,0,20,0.0,0.0,0.0,0.0,0.0,0.0,0.0,0.0,Bot
8080,6,2018-03-02 02:24:10,11578,3,4,326,129.0,326,0,108.6666667,188.2161878,112,0,32.25,53.7672453,39298.66989,604.5949214,1929.666667,4265.533527,10626.0,20.0,630.0,315.0,376.1808076,581.0,49.0,11017.0,3672.333333,6024.325716,10626.0,30.0,0,0,72,92,259.1121092,345.4828122,0,326,56.875,115.4066568,13318.69643,0,0,1,1,0,0,0,1,1,65.0,108.6666667,32.25,3,326,4,129,8192,219,1,20,0.0,0.0,0.0,0.0,0.0,0.0,0.0,0.0,Bot
8080,6,2018-03-02 03:37:31,9884,3,4,326,129.0,326,0,108.6666667,188.2161878,112,0,32.25,53.7672453,46033.99433,708.2152975,1647.333333,3512.521355,8804.0,0.0,673.0,336.5,328.8046533,569.0,104.0,9352.0,3117.333333,4932.414149,8804.0,0.0,0,0,72,92,303.5208418,404.6944557,0,326,56.875,115.4066568,13318.69643,0,0,1,1,0,0,0,1,1,65.0,108.6666667,32.25,3,326,4,129,8192,219,1,20,0.0,0.0,0.0,0.0,0.0,0.0,0.0,0.0,Bot
8080,6,2018-03-02 02:09:02,10704,3,4,326,129.0,326,0,108.6666667,188.2161878,112,0,32.25,53.7672453,42507.47384,653.961136,1784.0,3922.612038,9783.0,14.0,605.0,302.5,289.2066735,507.0,98.0,10234.0,3411.333333,5522.076995,9783.0,14.0,0,0,72,92,280.2690583,373.6920777,0,326,56.875,115.4066568,13318.69643,0,0,1,1,0,0,0,1,1,65.0,108.6666667,32.25,3,326,4,129,8192,219,1,20,0.0,0.0,0.0,0.0,0.0,0.0,0.0,0.0,Bot
8080,6,2018-03-02 10:45:39,9918,3,4,326,129.0,326,0,108.6666667,188.2161878,112,0,32.25,53.7672453,45876.18471,705.7874571,1653.0,3685.775576,9171.0,18.0,446.0,223.0,224.8599564,382.0,64.0,9562.0,3187.333333,5185.046416,9171.0,18.0,0,0,72,92,302.4803388,403.3071184,0,326,56.875,115.4066568,13318.69643,0,0,1,1,0,0,0,1,1,65.0,108.6666667,32.25,3,326,4,129,8192,219,1,20,0.0,0.0,0.0,0.0,0.0,0.0,0.0,0.0,Bot
8080,6,2018-03-02 11:21:09,9876,3,4,326,129.0,326,0,108.6666667,188.2161878,112,0,32.25,53.7672453,46071.28392,708.7889834,1646.0,3629.293485,9046.0,20.0,528.0,264.0,298.3990617,475.0,53.0,9421.0,3140.333333,5116.851213,9046.0,31.0,0,0,72,92,303.7667072,405.0222762,0,326,56.875,115.4066568,13318.69643,0,0,1,1,0,0,0,1,1,65.0,108.6666667,32.25,3,326,4,129,8192,219,1,20,0.0,0.0,0.0,0.0,0.0,0.0,0.0,0.0,Bot
8080,6,2018-03-02 01:20:12,551,2,0,0,0.0,0,0,0.0,0.0,0,0,0.0,0.0,0.0,3629.764065,551.0,0.0,551.0,551.0,551.0,551.0,0.0,551.0,551.0,0.0,0.0,0.0,0.0,0.0,0,0,40,0,3629.764065,0.0,0,0,0.0,0.0,0.0,0,0,0,0,1,0,0,0,0,0.0,0.0,0.0,2,0,0,0,2052,-1,0,20,0.0,0.0,0.0,0.0,0.0,0.0,0.0,0.0,Bot
8080,6,2018-03-02 02:39:31,452,2,0,0,0.0,0,0,0.0,0.0,0,0,0.0,0.0,0.0,4424.778761,452.0,0.0,452.0,452.0,452.0,452.0,0.0,452.0,452.0,0.0,0.0,0.0,0.0,0.0,0,0,40,0,4424.778761,0.0,0,0,0.0,0.0,0.0,0,0,0,0,1,0,0,0,0,0.0,0.0,0.0,2,0,0,0,2052,-1,0,20,0.0,0.0,0.0,0.0,0.0,0.0,0.0,0.0,Bot
8080,6,2018-03-02 11:00:26,10494,3,4,326,129.0,326,0,108.6666667,188.2161878,112,0,32.25,53.7672453,43358.1094,667.0478369,1749.0,3846.010452,9591.0,25.0,581.0,290.5,309.0056634,509.0,72.0,10010.0,3336.666667,5419.352022,9591.0,31.0,0,0,72,92,285.8776444,381.1701925,0,326,56.875,115.4066568,13318.69643,0,0,1,1,0,0,0,1,1,65.0,108.6666667,32.25,3,326,4,129,8192,219,1,20,0.0,0.0,0.0,0.0,0.0,0.0,0.0,0.0,Bot
8080,6,2018-03-02 02:55:13,507,2,0,0,0.0,0,0,0.0,0.0,0,0,0.0,0.0,0.0,3944.773176,507.0,0.0,507.0,507.0,507.0,507.0,0.0,507.0,507.0,0.0,0.0,0.0,0.0,0.0,0,0,40,0,3944.773176,0.0,0,0,0.0,0.0,0.0,0,0,0,0,1,0,0,0,0,0.0,0.0,0.0,2,0,0,0,2052,-1,0,20,0.0,0.0,0.0,0.0,0.0,0.0,0.0,0.0,Bot
8080,6,2018-03-02 01:10:01,678,2,0,0,0.0,0,0,0.0,0.0,0,0,0.0,0.0,0.0,2949.852507,678.0,0.0,678.0,678.0,678.0,678.0,0.0,678.0,678.0,0.0,0.0,0.0,0.0,0.0,0,0,40,0,2949.852507,0.0,0,0,0.0,0.0,0.0,0,0,0,0,1,0,0,0,0,0.0,0.0,0.0,2,0,0,0,2052,-1,0,20,0.0,0.0,0.0,0.0,0.0,0.0,0.0,0.0,Bot
8080,6,2018-03-02 02:17:37,13701,3,4,326,129.0,326,0,108.6666667,188.2161878,112,0,32.25,53.7672453,33209.2548,510.9116123,2283.5,5053.252408,12590.0,22.0,539.0,269.5,296.2777413,479.0,60.0,13244.0,4414.666667,7084.079145,12590.0,88.0,0,0,72,92,218.9621196,291.9494927,0,326,56.875,115.4066568,13318.69643,0,0,1,1,0,0,0,1,1,65.0,108.6666667,32.25,3,326,4,129,8192,219,1,20,0.0,0.0,0.0,0.0,0.0,0.0,0.0,0.0,Bot
8080,6,2018-03-02 01:50:14,10974,3,4,326,129.0,326,0,108.6666667,188.2161878,112,0,32.25,53.7672453,41461.6366,637.8713322,1829.0,3978.606188,9939.0,20.0,479.0,239.5,267.9934701,429.0,50.0,10565.0,3521.666667,5564.080008,9939.0,44.0,0,0,72,92,273.3734281,364.4979041,0,326,56.875,115.4066568,13318.69643,0,0,1,1,0,0,0,1,1,65.0,108.6666667,32.25,3,326,4,129,8192,219,1,20,0.0,0.0,0.0,0.0,0.0,0.0,0.0,0.0,Bot
8080,6,2018-03-02 11:12:22,9405,3,4,326,129.0,326,0,108.6666667,188.2161878,112,0,32.25,53.7672453,48378.52206,744.2849548,1567.5,3447.391057,8595.0,1.0,523.0,261.5,297.6919549,472.0,51.0,8951.0,2983.666667,4862.779589,8595.0,1.0,0,0,72,92,318.9792663,425.3056885,0,326,56.875,115.4066568,13318.69643,0,0,1,1,0,0,0,1,1,65.0,108.6666667,32.25,3,326,4,129,8192,219,1,20,0.0,0.0,0.0,0.0,0.0,0.0,0.0,0.0,Bot
8080,6,2018-03-02 11:16:25,13424,3,4,326,129.0,326,0,108.6666667,188.2161878,112,0,32.25,53.7672453,33894.51728,521.454112,2237.333333,5124.473111,12693.0,13.0,440.0,220.0,243.2447327,392.0,48.0,13046.0,4348.666667,7228.254031,12693.0,13.0,0,0,72,92,223.4803337,297.9737783,0,326,56.875,115.4066568,13318.69643,0,0,1,1,0,0,0,1,1,65.0,108.6666667,32.25,3,326,4,129,8192,219,1,20,0.0,0.0,0.0,0.0,0.0,0.0,0.0,0.0,Bot
8080,6,2018-03-02 03:51:03,467,2,0,0,0.0,0,0,0.0,0.0,0,0,0.0,0.0,0.0,4282.655246,467.0,0.0,467.0,467.0,467.0,467.0,0.0,467.0,467.0,0.0,0.0,0.0,0.0,0.0,0,0,40,0,4282.655246,0.0,0,0,0.0,0.0,0.0,0,0,0,0,1,0,0,0,0,0.0,0.0,0.0,2,0,0,0,256,-1,0,20,0.0,0.0,0.0,0.0,0.0,0.0,0.0,0.0,Bot
8080,6,2018-03-02 11:02:14,10605,3,4,326,129.0,326,0,108.6666667,188.2161878,112,0,32.25,53.7672453,42904.29043,660.0660066,1767.5,3764.177188,9436.0,21.0,622.0,311.0,366.2813127,570.0,52.0,10056.0,3352.0,5275.162652,9436.0,53.0,0,0,72,92,282.8854314,377.1805752,0,326,56.875,115.4066568,13318.69643,0,0,1,1,0,0,0,1,1,65.0,108.6666667,32.25,3,326,4,129,8192,219,1,20,0.0,0.0,0.0,0.0,0.0,0.0,0.0,0.0,Bot
8080,6,2018-03-02 03:37:09,394,2,0,0,0.0,0,0,0.0,0.0,0,0,0.0,0.0,0.0,5076.142132,394.0,0.0,394.0,394.0,394.0,394.0,0.0,394.0,394.0,0.0,0.0,0.0,0.0,0.0,0,0,40,0,5076.142132,0.0,0,0,0.0,0.0,0.0,0,0,0,0,1,0,0,0,0,0.0,0.0,0.0,2,0,0,0,256,-1,0,20,0.0,0.0,0.0,0.0,0.0,0.0,0.0,0.0,Bot
8080,6,2018-03-02 11:05:41,9609,3,4,326,129.0,326,0,108.6666667,188.2161878,112,0,32.25,53.7672453,47351.44136,728.4837132,1601.5,3518.223685,8774.0,1.0,483.0,241.5,267.9934701,431.0,52.0,9198.0,3066.0,4947.774146,8774.0,1.0,0,0,72,92,312.2073057,416.2764075,0,326,56.875,115.4066568,13318.69643,0,0,1,1,0,0,0,1,1,65.0,108.6666667,32.25,3,326,4,129,8192,219,1,20,0.0,0.0,0.0,0.0,0.0,0.0,0.0,0.0,Bot
8080,6,2018-03-02 03:23:22,10305,3,4,326,129.0,326,0,108.6666667,188.2161878,112,0,32.25,53.7672453,44153.32363,679.281902,1717.5,3716.257889,9291.0,20.0,620.0,310.0,369.1097398,571.0,49.0,9754.0,3251.333333,5233.757764,9291.0,47.0,0,0,72,92,291.1208151,388.1610869,0,326,56.875,115.4066568,13318.69643,0,0,1,1,0,0,0,1,1,65.0,108.6666667,32.25,3,326,4,129,8192,219,1,20,0.0,0.0,0.0,0.0,0.0,0.0,0.0,0.0,Bot
8080,6,2018-03-02 03:53:13,450,2,0,0,0.0,0,0,0.0,0.0,0,0,0.0,0.0,0.0,4444.444444,450.0,0.0,450.0,450.0,450.0,450.0,0.0,450.0,450.0,0.0,0.0,0.0,0.0,0.0,0,0,40,0,4444.444444,0.0,0,0,0.0,0.0,0.0,0,0,0,0,1,0,0,0,0,0.0,0.0,0.0,2,0,0,0,2052,-1,0,20,0.0,0.0,0.0,0.0,0.0,0.0,0.0,0.0,Bot
8080,6,2018-03-02 11:53:27,723,2,0,0,0.0,0,0,0.0,0.0,0,0,0.0,0.0,0.0,2766.251729,723.0,0.0,723.0,723.0,723.0,723.0,0.0,723.0,723.0,0.0,0.0,0.0,0.0,0.0,0,0,40,0,2766.251729,0.0,0,0,0.0,0.0,0.0,0,0,0,0,1,0,0,0,0,0.0,0.0,0.0,2,0,0,0,2052,-1,0,20,0.0,0.0,0.0,0.0,0.0,0.0,0.0,0.0,Bot
8080,6,2018-03-02 10:45:34,9925,3,4,326,129.0,326,0,108.6666667,188.2161878,112,0,32.25,53.7672453,45843.82872,705.2896725,1654.166667,3664.697227,9127.0,1.0,464.0,232.0,253.1442277,411.0,53.0,9536.0,3178.666667,5155.425718,9127.0,1.0,0,0,72,92,302.2670025,403.02267,0,326,56.875,115.4066568,13318.69643,0,0,1,1,0,0,0,1,1,65.0,108.6666667,32.25,3,326,4,129,8192,219,1,20,0.0,0.0,0.0,0.0,0.0,0.0,0.0,0.0,Bot
8080,6,2018-03-02 11:10:51,8792,3,4,326,129.0,326,0,108.6666667,188.2161878,112,0,32.25,53.7672453,51751.59236,796.1783439,1465.333333,3227.136977,8045.0,1.0,438.0,219.0,237.5878785,387.0,51.0,8424.0,2808.0,4539.290583,8045.0,1.0,0,0,72,92,341.2192903,454.9590537,0,326,56.875,115.4066568,13318.69643,0,0,1,1,0,0,0,1,1,65.0,108.6666667,32.25,3,326,4,129,8192,219,1,20,0.0,0.0,0.0,0.0,0.0,0.0,0.0,0.0,Bot
8080,6,2018-03-02 10:42:32,474,2,0,0,0.0,0,0,0.0,0.0,0,0,0.0,0.0,0.0,4219.409283,474.0,0.0,474.0,474.0,474.0,474.0,0.0,474.0,474.0,0.0,0.0,0.0,0.0,0.0,0,0,40,0,4219.409283,0.0,0,0,0.0,0.0,0.0,0,0,0,0,1,0,0,0,0,0.0,0.0,0.0,2,0,0,0,2052,-1,0,20,0.0,0.0,0.0,0.0,0.0,0.0,0.0,0.0,Bot
8080,6,2018-03-02 02:25:41,502,2,0,0,0.0,0,0,0.0,0.0,0,0,0.0,0.0,0.0,3984.063745,502.0,0.0,502.0,502.0,502.0,502.0,0.0,502.0,502.0,0.0,0.0,0.0,0.0,0.0,0,0,40,0,3984.063745,0.0,0,0,0.0,0.0,0.0,0,0,0,0,1,0,0,0,0,0.0,0.0,0.0,2,0,0,0,2052,-1,0,20,0.0,0.0,0.0,0.0,0.0,0.0,0.0,0.0,Bot
8080,6,2018-03-02 01:51:36,11195,3,4,326,129.0,326,0,108.6666667,188.2161878,112,0,32.25,53.7672453,40643.14426,625.2791425,1865.833333,4165.359116,10362.0,22.0,504.0,252.0,278.6000718,449.0,55.0,10768.0,3589.333333,5867.402264,10362.0,46.0,0,0,72,92,267.9767753,357.3023671,0,326,56.875,115.4066568,13318.69643,0,0,1,1,0,0,0,1,1,65.0,108.6666667,32.25,3,326,4,129,8192,219,1,20,0.0,0.0,0.0,0.0,0.0,0.0,0.0,0.0,Bot
8080,6,2018-03-02 11:49:10,478,2,0,0,0.0,0,0,0.0,0.0,0,0,0.0,0.0,0.0,4184.100418,478.0,0.0,478.0,478.0,478.0,478.0,0.0,478.0,478.0,0.0,0.0,0.0,0.0,0.0,0,0,40,0,4184.100418,0.0,0,0,0.0,0.0,0.0,0,0,0,0,1,0,0,0,0,0.0,0.0,0.0,2,0,0,0,2052,-1,0,20,0.0,0.0,0.0,0.0,0.0,0.0,0.0,0.0,Bot
8080,6,2018-03-02 11:53:09,521,2,0,0,0.0,0,0,0.0,0.0,0,0,0.0,0.0,0.0,3838.771593,521.0,0.0,521.0,521.0,521.0,521.0,0.0,521.0,521.0,0.0,0.0,0.0,0.0,0.0,0,0,40,0,3838.771593,0.0,0,0,0.0,0.0,0.0,0,0,0,0,1,0,0,0,0,0.0,0.0,0.0,2,0,0,0,2052,-1,0,20,0.0,0.0,0.0,0.0,0.0,0.0,0.0,0.0,Bot
