dst_port,protocol,timestamp,flow_duration,tot_fwd_pkts,tot_bwd_pkts,totlen_fwd_pkts,totlen_bwd_pkts,fwd_pkt_len_max,fwd_pkt_len_min,fwd_pkt_len_mean,fwd_pkt_len_std,bwd_pkt_len_max,bwd_pkt_len_min,bwd_pkt_len_mean,bwd_pkt_len_std,flow_byts/s,flow_pkts/s,flow_iat_mean,flow_iat_std,flow_iat_max,flow_iat_min,fwd_iat_tot,fwd_iat_mean,fwd_iat_std,fwd_iat_max,fwd_iat_min,bwd_iat_tot,bwd_iat_mean,bwd_iat_std,bwd_iat_max,bwd_iat_min,fwd_psh_flags,fwd_urg_flags,fwd_header_len,bwd_header_len,fwd_pkts/s,bwd_pkts/s,pkt_len_min,pkt_len_max,pkt_len_mean,pkt_len_std,pkt_len_var,fin_flag_cnt,syn_flag_cnt,rst_flag_cnt,psh_flag_cnt,ack_flag_cnt,urg_flag_cnt,cwe_flag_count,ece_flag_cnt,down/up_ratio,pkt_size_avg,fwd_seg_size_avg,bwd_seg_size_avg,subflow_fwd_pkts,subflow_fwd_byts,subflow_bwd_pkts,subflow_bwd_byts,init_fwd_win_byts,init_bwd_win_byts,fwd_act_data_pkts,fwd_seg_size_min,active_mean,active_std,active_max,active_min,idle_mean,idle_std,idle_max,idle_min,label
37654.0,6.0,2018-02-16 01:46:33,4097324.0,5.0,3.0,935.0,368.0,935.0,0.0,187.0,418.1447118,368.0,0.0,122.6666667,212.4648991,318.0124393,1.952493872,585332.0,1511103.593,4012031.0,6.0,4097324.0,1024331.0,1991918.154,4012039.0,25.0,50945.0,25472.5,5625.034444,29450.0,21495.0,0.0,0.0,168.0,104.0,1.22030867,0.732185202,0.0,935.0,144.7777778,320.3520633,102625.4444,0.0,0.0,0.0,0.0,1.0,0.0,0.0,0.0,0.0,162.875,187.0,122.6666667,5.0,935.0,3.0,368.0,237.0,211.0,1.0,32.0,0.0,0.0,0.0,0.0,0.0,0.0,0.0,0.0,Benign
60318.0,6.0,2018-02-16 01:46:15,4334139.0,5.0,3.0,935.0,323.0,935.0,0.0,187.0,418.1447118,323.0,0.0,107.6666667,186.4841369,290.2537274,1.845810667,619162.7143,1573398.786,4186439.0,8.0,4334139.0,1083534.75,2069194.643,4186447.0,47.0,116546.0,58273.0,54865.82937,97069.0,19477.0,0.0,0.0,168.0,104.0,1.153631667,0.692179,0.0,935.0,139.7777778,316.7636255,100339.1944,0.0,0.0,0.0,0.0,1.0,0.0,0.0,0.0,0.0,157.25,187.0,107.6666667,5.0,935.0,3.0,323.0,219.0,211.0,1.0,32.0,0.0,0.0,0.0,0.0,0.0,0.0,0.0,0.0,Benign
56576.0,6.0,2018-02-16 01:47:11,4255389.0,4.0,5.0,935.0,337.0,935.0,0.0,233.75,467.5,337.0,0.0,67.4,150.7109817,298.9150933,2.114965283,531923.625,1466901.119,4162121.0,4.0,4226547.0,1408849.0,2384410.049,4162127.0,29666.0,93268.0,23317.0,15539.71591,34443.0,313.0,0.0,0.0,136.0,168.0,0.93998457,1.174980713,0.0,935.0,127.2,302.9476669,91777.28889,0.0,0.0,0.0,0.0,1.0,0.0,0.0,0.0,1.0,141.3333333,233.75,67.4,4.0,935.0,5.0,337.0,219.0,225.0,1.0,32.0,0.0,0.0,0.0,0.0,0.0,0.0,0.0,0.0,Benign
40018.0,6.0,2018-02-16 01:45:28,5200477.0,5.0,3.0,935.0,380.0,935.0,0.0,187.0,418.1447118,380.0,0.0,126.6666667,219.3931023,252.8614202,1.538320427,742925.2857,1930901.732,5121312.0,7.0,5200477.0,1300119.25,2547726.106,5121319.0,32.0,77812.0,38906.0,54673.49632,77566.0,246.0,0.0,0.0,168.0,104.0,0.961450267,0.57687016,0.0,935.0,146.1111111,321.4204585,103311.1111,0.0,0.0,0.0,0.0,1.0,0.0,0.0,0.0,0.0,164.375,187.0,126.6666667,5.0,935.0,3.0,380.0,219.0,211.0,1.0,32.0,0.0,0.0,0.0,0.0,5121312.0,0.0,5121312.0,5121312.0,Benign
41458.0,6.0,2018-02-16 01:48:18,4286809.0,5.0,3.0,935.0,353.0,935.0,0.0,187.0,418.1447118,353.0,0.0,117.6666667,203.804645,300.4565867,1.86618998,612401.2857,1559705.244,4148540.0,5.0,4286809.0,1071702.25,2051606.968,4148547.0,21.0,96130.0,48065.0,67467.88642,95772.0,358.0,0.0,0.0,168.0,104.0,1.166368737,0.699821242,0.0,935.0,143.1111111,319.0820602,101813.3611,0.0,0.0,0.0,0.0,1.0,0.0,0.0,0.0,0.0,161.0,187.0,117.6666667,5.0,935.0,3.0,353.0,237.0,211.0,1.0,32.0,0.0,0.0,0.0,0.0,0.0,0.0,0.0,0.0,Benign
50102.0,6.0,2018-02-16 01:48:10,4303193.0,5.0,3.0,935.0,352.0,935.0,0.0,187.0,418.1447118,352.0,0.0,117.3333333,203.2272948,299.0802411,1.859084638,614741.8571,1601860.674,4247122.0,8.0,4303193.0,1075798.25,2114382.174,4247130.0,62.0,55588.0,27794.0,38834.30442,55254.0,334.0,0.0,0.0,168.0,104.0,1.161927899,0.697156739,0.0,935.0,143.0,319.0,101761.0,0.0,0.0,0.0,0.0,1.0,0.0,0.0,0.0,0.0,160.875,187.0,117.3333333,5.0,935.0,3.0,352.0,237.0,211.0,1.0,32.0,0.0,0.0,0.0,0.0,0.0,0.0,0.0,0.0,Benign
56568.0,6.0,2018-02-16 01:45:52,4793130.0,5.0,3.0,935.0,369.0,935.0,0.0,187.0,418.1447118,369.0,0.0,123.0,213.0422493,272.0560469,1.669055502,684732.8571,1782247.58,4726366.0,4.0,4793130.0,1198282.5,2352110.674,4726370.0,101.0,34458.0,17229.0,16928.13634,29199.0,5259.0,0.0,0.0,168.0,104.0,1.043159689,0.625895813,0.0,935.0,144.8888889,320.4393252,102681.3611,0.0,0.0,0.0,0.0,1.0,0.0,0.0,0.0,0.0,163.0,187.0,123.0,5.0,935.0,3.0,369.0,237.0,211.0,1.0,32.0,0.0,0.0,0.0,0.0,0.0,0.0,0.0,0.0,Benign
48012.0,6.0,2018-02-16 01:46:09,4043806.0,5.0,3.0,935.0,308.0,935.0,0.0,187.0,418.1447118,308.0,0.0,102.6666667,177.8238829,307.3836875,1.978334272,577686.5714,1493496.135,3964380.0,7.0,4043806.0,1010951.5,1969055.761,3964388.0,16.0,32321.0,16160.5,13756.76243,25888.0,6433.0,0.0,0.0,168.0,104.0,1.23645892,0.741875352,0.0,935.0,138.1111111,315.7168211,99677.11111,0.0,0.0,0.0,0.0,1.0,0.0,0.0,0.0,0.0,155.375,187.0,102.6666667,5.0,935.0,3.0,308.0,219.0,211.0,1.0,32.0,0.0,0.0,0.0,0.0,0.0,0.0,0.0,0.0,Benign
39280.0,6.0,2018-02-16 01:46:56,5101558.0,5.0,4.0,935.0,348.0,935.0,0.0,187.0,418.1447118,348.0,0.0,87.0,174.0,251.4917992,1.764166947,637694.75,1415016.703,4030070.0,3.0,5101558.0,1275389.5,2511568.967,5042595.0,23.0,1063298.0,354432.6667,570414.0226,1012522.0,1703.0,0.0,0.0,168.0,144.0,0.980092748,0.784074199,0.0,935.0,128.3,303.8128262,92302.23333,0.0,0.0,0.0,0.0,1.0,0.0,0.0,0.0,0.0,142.5555556,187.0,87.0,5.0,935.0,4.0,348.0,219.0,211.0,1.0,32.0,0.0,0.0,0.0,0.0,0.0,0.0,0.0,0.0,Benign
45376.0,6.0,2018-02-16 01:48:06,3970390.0,5.0,3.0,935.0,359.0,935.0,0.0,187.0,418.1447118,359.0,0.0,119.6666667,207.2687466,325.9125678,2.014915411,567198.5714,1458232.382,3873873.0,6.0,3970390.0,992597.5,1921219.246,3873879.0,17.0,84684.0,42342.0,5734.635995,46397.0,38287.0,0.0,0.0,168.0,104.0,1.259322132,0.755593279,0.0,935.0,143.7777778,319.5812799,102132.1944,0.0,0.0,0.0,0.0,1.0,0.0,0.0,0.0,0.0,161.75,187.0,119.6666667,5.0,935.0,3.0,359.0,219.0,211.0,1.0,32.0,0.0,0.0,0.0,0.0,0.0,0.0,0.0,0.0,Benign
44112.0,6.0,2018-02-16 01:48:27,5241605.0,5.0,6.0,935.0,1464.0,935.0,0.0,187.0,418.1447118,366.0,0.0,244.0,189.0015873,457.6842398,2.098593847,524160.5,1292529.14,4176242.0,5.0,5241605.0,1310401.25,1967814.818,4176250.0,141.0,1021019.0,204203.8,181438.5748,482497.0,318.0,0.0,0.0,168.0,200.0,0.953906294,1.144687553,0.0,935.0,199.9166667,290.8371798,84586.26515,0.0,0.0,0.0,0.0,1.0,0.0,0.0,0.0,1.0,218.0909091,187.0,244.0,5.0,935.0,6.0,1464.0,237.0,211.0,1.0,32.0,0.0,0.0,0.0,0.0,0.0,0.0,0.0,0.0,Benign
32800.0,6.0,2018-02-16 01:46:45,4477285.0,5.0,3.0,935.0,313.0,935.0,0.0,187.0,418.1447118,313.0,0.0,104.3333333,180.7106343,278.7403527,1.786797133,639612.1429,1671427.873,4430011.0,6.0,4477285.0,1119321.25,2207163.5,4430017.0,34.0,29371.0,14685.5,2232.336108,16264.0,13107.0,0.0,0.0,168.0,104.0,1.116748208,0.670048925,0.0,935.0,138.6666667,316.0573524,99892.25,0.0,0.0,0.0,0.0,1.0,0.0,0.0,0.0,0.0,156.0,187.0,104.3333333,5.0,935.0,3.0,313.0,219.0,211.0,1.0,32.0,0.0,0.0,0.0,0.0,0.0,0.0,0.0,0.0,Benign
45636.0,6.0,2018-02-16 01:48:06,4155881.0,5.0,3.0,935.0,357.0,935.0,0.0,187.0,418.1447118,357.0,0.0,119.0,206.1140461,310.8847438,1.924982934,593697.2857,1530228.963,4063719.0,5.0,4155881.0,1038970.25,2016631.747,4063728.0,80.0,53900.0,26950.0,14746.00481,37377.0,16523.0,0.0,0.0,168.0,104.0,1.203114334,0.7218686,0.0,935.0,143.5555556,319.4135686,102025.0278,0.0,0.0,0.0,0.0,1.0,0.0,0.0,0.0,0.0,161.5,187.0,119.0,5.0,935.0,3.0,357.0,219.0,211.0,1.0,32.0,0.0,0.0,0.0,0.0,0.0,0.0,0.0,0.0,Benign
57762.0,6.0,2018-02-16 01:47:32,4286666.0,4.0,5.0,935.0,310.0,935.0,0.0,233.75,467.5,310.0,0.0,62.0,138.6362146,290.435504,2.099533764,535833.25,1434635.952,4083735.0,8.0,4286152.0,1428717.333,2300073.912,4083743.0,42306.0,202931.0,50732.75,75363.15356,159746.0,226.0,0.0,0.0,136.0,168.0,0.933126117,1.166407646,0.0,935.0,124.5,300.9840343,90591.38889,0.0,0.0,0.0,0.0,1.0,0.0,0.0,0.0,1.0,138.3333333,233.75,62.0,4.0,935.0,5.0,310.0,219.0,225.0,1.0,32.0,0.0,0.0,0.0,0.0,0.0,0.0,0.0,0.0,Benign
52792.0,6.0,2018-02-16 01:45:52,4617410.0,5.0,3.0,935.0,346.0,935.0,0.0,187.0,418.1447118,346.0,0.0,115.3333333,199.7631931,277.4282552,1.732573023,659630.0,1718014.855,4555533.0,8.0,4617410.0,1154352.5,2267539.959,4555541.0,26.0,15671.0,7835.5,9857.775637,14806.0,865.0,0.0,0.0,168.0,104.0,1.082858139,0.649714883,0.0,935.0,142.3333333,318.5145209,101451.5,0.0,0.0,0.0,0.0,1.0,0.0,0.0,0.0,0.0,160.125,187.0,115.3333333,5.0,935.0,3.0,346.0,219.0,211.0,1.0,32.0,0.0,0.0,0.0,0.0,0.0,0.0,0.0,0.0,Benign
49508.0,6.0,2018-02-16 01:47:01,4439092.0,5.0,3.0,935.0,358.0,935.0,0.0,187.0,418.1447118,358.0,0.0,119.3333333,206.6913964,291.2757834,1.802170354,634156.0,1626913.743,4323284.0,5.0,4439092.0,1109773.0,2142551.108,4323291.0,24.0,72260.0,36130.0,29627.77413,57080.0,15180.0,0.0,0.0,168.0,104.0,1.126356471,0.675813883,0.0,935.0,143.6666667,319.4972613,102078.5,0.0,0.0,0.0,0.0,1.0,0.0,0.0,0.0,0.0,161.625,187.0,119.3333333,5.0,935.0,3.0,358.0,237.0,211.0,1.0,32.0,0.0,0.0,0.0,0.0,0.0,0.0,0.0,0.0,Benign
45004.0,6.0,2018-02-16 01:48:14,4184392.0,5.0,3.0,935.0,347.0,935.0,0.0,187.0,418.1447118,347.0,0.0,115.6666667,200.3405434,306.3766492,1.911866766,597770.2857,1552819.698,4119130.0,4.0,4184392.0,1046098.0,2048756.387,4119136.0,23.0,39070.0,19535.0,10946.01297,27275.0,11795.0,0.0,0.0,168.0,104.0,1.194916729,0.716950037,0.0,935.0,142.4444444,318.5946135,101502.5278,0.0,0.0,0.0,0.0,1.0,0.0,0.0,0.0,0.0,160.25,187.0,115.6666667,5.0,935.0,3.0,347.0,219.0,211.0,1.0,32.0,0.0,0.0,0.0,0.0,0.0,0.0,0.0,0.0,Benign
47880.0,6.0,2018-02-16 01:47:35,4271908.0,5.0,4.0,935.0,752.0,935.0,0.0,187.0,418.1447118,376.0,0.0,188.0,217.0837012,394.9055083,2.106786944,533988.5,1400814.941,3995980.0,8.0,4271908.0,1067977.0,1954595.413,3995988.0,361.0,231955.0,77318.33333,121318.718,217392.0,5621.0,0.0,0.0,168.0,136.0,1.170437191,0.936349753,0.0,935.0,168.7,311.3376338,96931.12222,0.0,0.0,0.0,0.0,1.0,0.0,0.0,0.0,0.0,187.4444444,187.0,188.0,5.0,935.0,4.0,752.0,219.0,211.0,1.0,32.0,0.0,0.0,0.0,0.0,0.0,0.0,0.0,0.0,Benign
47762.0,6.0,2018-02-16 01:48:01,4478173.0,5.0,3.0,935.0,303.0,935.0,0.0,187.0,418.1447118,303.0,0.0,101.0,174.9371316,276.4520263,1.786442819,639739.0,1640315.233,4359225.0,3.0,4478173.0,1119543.25,2159975.06,4359233.0,27.0,58315.0,29157.5,21245.02324,44180.0,14135.0,0.0,0.0,168.0,104.0,1.116526762,0.669916057,0.0,935.0,137.5555556,315.3847298,99467.52778,0.0,0.0,0.0,0.0,1.0,0.0,0.0,0.0,0.0,154.75,187.0,101.0,5.0,935.0,3.0,303.0,237.0,211.0,1.0,32.0,0.0,0.0,0.0,0.0,0.0,0.0,0.0,0.0,Benign
57060.0,6.0,2018-02-16 01:45:31,5359582.0,5.0,3.0,935.0,412.0,935.0,0.0,187.0,418.1447118,412.0,0.0,137.3333333,237.8683109,251.3255698,1.492653718,765654.5714,2004296.087,5310866.0,6.0,5359582.0,1339895.5,2647363.145,5310872.0,21.0,11533.0,5766.5,7809.994398,11289.0,244.0,0.0,0.0,168.0,104.0,0.932908574,0.559745144,0.0,935.0,149.6666667,324.4934514,105296.0,0.0,0.0,0.0,0.0,1.0,0.0,0.0,0.0,0.0,168.375,187.0,137.3333333,5.0,935.0,3.0,412.0,219.0,211.0,1.0,32.0,0.0,0.0,0.0,0.0,5310866.0,0.0,5310866.0,5310866.0,Benign
47074.0,6.0,2018-02-16 01:46:26,4045679.0,4.0,5.0,935.0,345.0,935.0,0.0,233.75,467.5,345.0,0.0,69.0,154.2886904,316.3869402,2.224595674,505709.875,1399973.217,3970330.0,6.0,4021383.0,1340461.0,2277577.325,3970336.0,12235.0,75349.0,18837.25,22316.46173,51934.0,3249.0,0.0,0.0,136.0,168.0,0.988709188,1.235886485,0.0,935.0,128.0,303.5731653,92156.66667,0.0,0.0,0.0,0.0,1.0,0.0,0.0,0.0,1.0,142.2222222,233.75,69.0,4.0,935.0,5.0,345.0,219.0,225.0,1.0,32.0,0.0,0.0,0.0,0.0,0.0,0.0,0.0,0.0,Benign
35576.0,6.0,2018-02-16 01:45:49,5101555.0,5.0,3.0,935.0,391.0,935.0,0.0,187.0,418.1447118,391.0,0.0,130.3333333,225.7439553,259.9207497,1.568149319,728793.5714,1901876.808,5041737.0,8.0,5101555.0,1275388.75,2510948.251,5041745.0,35.0,23964.0,11982.0,10585.38851,19467.0,4497.0,0.0,0.0,168.0,104.0,0.980093324,0.588055995,0.0,935.0,147.3333333,322.4403046,103967.75,0.0,0.0,0.0,0.0,1.0,0.0,0.0,0.0,0.0,165.75,187.0,130.3333333,5.0,935.0,3.0,391.0,237.0,211.0,1.0,32.0,0.0,0.0,0.0,0.0,5041737.0,0.0,5041737.0,5041737.0,Benign
34038.0,6.0,2018-02-16 01:48:12,4194478.0,5.0,3.0,935.0,375.0,935.0,0.0,187.0,418.1447118,375.0,0.0,125.0,216.5063509,312.3153823,1.90726951,599211.1429,1559973.265,4136769.0,7.0,4194478.0,1048619.5,2058815.956,4136776.0,22.0,27922.0,13961.0,18568.62407,27091.0,831.0,0.0,0.0,168.0,104.0,1.192043444,0.715226066,0.0,935.0,145.5555556,320.969668,103021.5278,0.0,0.0,0.0,0.0,1.0,0.0,0.0,0.0,0.0,163.75,187.0,125.0,5.0,935.0,3.0,375.0,219.0,211.0,1.0,32.0,0.0,0.0,0.0,0.0,0.0,0.0,0.0,0.0,Benign
39776.0,6.0,2018-02-16 01:48:39,4293974.0,5.0,3.0,935.0,354.0,935.0,0.0,187.0,418.1447118,354.0,0.0,118.0,204.3819953,300.1881241,1.863076022,613424.8571,1571096.522,4175933.0,7.0,4293974.0,1073493.5,2068569.365,4175940.0,24.0,81948.0,40974.0,31964.05494,63576.0,18372.0,0.0,0.0,168.0,104.0,1.164422514,0.698653508,0.0,935.0,143.2222222,319.1644473,101865.9444,0.0,0.0,0.0,0.0,1.0,0.0,0.0,0.0,0.0,161.125,187.0,118.0,5.0,935.0,3.0,354.0,237.0,211.0,1.0,32.0,0.0,0.0,0.0,0.0,0.0,0.0,0.0,0.0,Benign
43550.0,6.0,2018-02-16 01:46:25,4502856.0,5.0,5.0,935.0,870.0,935.0,0.0,187.0,418.1447118,290.0,0.0,174.0,158.8395417,400.8567007,2.220812746,500317.3333,1323335.988,4021233.0,7.0,4502856.0,1125714.0,1940642.368,4021240.0,30.0,441879.0,110469.75,118175.6596,216223.0,3700.0,0.0,0.0,168.0,168.0,1.110406373,1.110406373,0.0,935.0,164.0909091,288.1563654,83034.09091,0.0,0.0,0.0,0.0,1.0,0.0,0.0,0.0,1.0,180.5,187.0,174.0,5.0,935.0,5.0,870.0,219.0,211.0,1.0,32.0,0.0,0.0,0.0,0.0,0.0,0.0,0.0,0.0,Benign
44798.0,6.0,2018-02-16 01:47:56,4515379.0,5.0,3.0,935.0,341.0,935.0,0.0,187.0,418.1447118,341.0,0.0,113.6666667,196.8764418,282.5897893,1.771722817,645054.1429,1663340.141,4416854.0,10.0,4515379.0,1128844.75,2192140.082,4416865.0,41.0,54307.0,27153.5,29033.09733,47683.0,6624.0,0.0,0.0,168.0,104.0,1.10732676,0.664396056,0.0,935.0,141.7777778,318.1189942,101199.6944,0.0,0.0,0.0,0.0,1.0,0.0,0.0,0.0,0.0,159.5,187.0,113.6666667,5.0,935.0,3.0,341.0,219.0,211.0,1.0,32.0,0.0,0.0,0.0,0.0,0.0,0.0,0.0,0.0,Benign
59494.0,6.0,2018-02-16 01:45:31,5497934.0,5.0,3.0,935.0,321.0,935.0,0.0,187.0,418.1447118,321.0,0.0,107.0,185.3294364,228.4494503,1.45509204,785419.1429,2018429.887,5362155.0,5.0,5497934.0,1374483.5,2658685.063,5362160.0,40.0,86121.0,43060.5,60514.90544,85851.0,270.0,0.0,0.0,168.0,104.0,0.909432525,0.545659515,0.0,935.0,139.5555556,316.6196895,100248.0278,0.0,0.0,0.0,0.0,1.0,0.0,0.0,0.0,0.0,157.0,187.0,107.0,5.0,935.0,3.0,321.0,219.0,211.0,1.0,32.0,0.0,0.0,0.0,0.0,5362155.0,0.0,5362155.0,5362155.0,Benign
46962.0,6.0,2018-02-16 01:47:01,4352711.0,5.0,3.0,935.0,355.0,935.0,0.0,187.0,418.1447118,355.0,0.0,118.3333333,204.9593456,296.3670228,1.837935025,621815.8571,1621484.247,4298888.0,9.0,4352711.0,1088177.75,2140620.605,4298897.0,65.0,52691.0,26345.5,4977.324633,29865.0,22826.0,0.0,0.0,168.0,104.0,1.148709391,0.689225634,0.0,935.0,143.3333333,319.2471613,101918.75,0.0,0.0,0.0,0.0,1.0,0.0,0.0,0.0,0.0,161.25,187.0,118.3333333,5.0,935.0,3.0,355.0,219.0,211.0,1.0,32.0,0.0,0.0,0.0,0.0,0.0,0.0,0.0,0.0,Benign
34282.0,6.0,2018-02-16 01:46:11,4170897.0,5.0,3.0,935.0,377.0,935.0,0.0,187.0,418.1447118,377.0,0.0,125.6666667,217.6610515,314.5606329,1.91805264,595842.4286,1550000.603,4110759.0,6.0,4170897.0,1042724.25,2045421.064,4110765.0,27.0,38486.0,19243.0,25720.30206,37430.0,1056.0,0.0,0.0,168.0,104.0,1.1987829,0.71926974,0.0,935.0,145.7777778,321.1490222,103136.6944,0.0,0.0,0.0,0.0,1.0,0.0,0.0,0.0,0.0,164.0,187.0,125.6666667,5.0,935.0,3.0,377.0,219.0,211.0,1.0,32.0,0.0,0.0,0.0,0.0,0.0,0.0,0.0,0.0,Benign
59122.0,6.0,2018-02-16 01:46:54,4396784.0,5.0,3.0,935.0,328.0,935.0,0.0,187.0,418.1447118,328.0,0.0,109.3333333,189.3708883,287.2554121,1.819511716,628112.0,1628570.719,4321045.0,6.0,4396784.0,1099196.0,2148044.94,4321052.0,25.0,58620.0,29310.0,41088.56084,58364.0,256.0,0.0,0.0,168.0,104.0,1.137194822,0.682316893,0.0,935.0,140.3333333,317.1293112,100571.0,0.0,0.0,0.0,0.0,1.0,0.0,0.0,0.0,0.0,157.875,187.0,109.3333333,5.0,935.0,3.0,328.0,237.0,211.0,1.0,32.0,0.0,0.0,0.0,0.0,0.0,0.0,0.0,0.0,Benign
35378.0,6.0,2018-02-16 01:46:11,4434779.0,5.0,4.0,935.0,626.0,935.0,0.0,187.0,418.1447118,313.0,0.0,156.5,180.7106343,351.9904825,2.029413416,554347.375,1450929.342,4139324.0,6.0,4434779.0,1108694.75,2024477.568,4139332.0,31.0,279315.0,93105.0,131362.2188,244585.0,10554.0,0.0,0.0,168.0,136.0,1.127451898,0.901961518,0.0,935.0,156.1,303.0384831,91832.32222,0.0,0.0,0.0,0.0,1.0,0.0,0.0,0.0,0.0,173.4444444,187.0,156.5,5.0,935.0,4.0,626.0,219.0,211.0,1.0,32.0,0.0,0.0,0.0,0.0,0.0,0.0,0.0,0.0,Benign
45894.0,6.0,2018-02-16 01:46:00,4283956.0,5.0,3.0,935.0,310.0,935.0,0.0,187.0,418.1447118,310.0,0.0,103.3333333,178.9785834,290.6192314,1.867432812,611993.7143,1576152.074,4185944.0,9.0,4283956.0,1070989.0,2076923.938,4185953.0,22.0,79862.0,39931.0,40522.87542,68585.0,11277.0,0.0,0.0,168.0,104.0,1.167145508,0.700287305,0.0,935.0,138.3333333,315.8520223,99762.5,0.0,0.0,0.0,0.0,1.0,0.0,0.0,0.0,0.0,155.625,187.0,103.3333333,5.0,935.0,3.0,310.0,237.0,211.0,1.0,32.0,0.0,0.0,0.0,0.0,0.0,0.0,0.0,0.0,Benign
33094.0,6.0,2018-02-16 01:46:24,4124979.0,5.0,3.0,935.0,411.0,935.0,0.0,187.0,418.1447118,411.0,0.0,137.0,237.2909606,326.3046915,1.939403813,589282.7143,1528336.641,4055045.0,4.0,4124979.0,1031244.75,2015953.501,4055049.0,30.0,45026.0,22513.0,25182.90091,40320.0,4706.0,0.0,0.0,168.0,104.0,1.212127383,0.72727643,0.0,935.0,149.5555556,324.392552,105230.5278,0.0,0.0,0.0,0.0,1.0,0.0,0.0,0.0,0.0,168.25,187.0,137.0,5.0,935.0,3.0,411.0,219.0,211.0,1.0,32.0,0.0,0.0,0.0,0.0,0.0,0.0,0.0,0.0,Benign
52470.0,6.0,2018-02-16 01:48:36,4259065.0,5.0,3.0,935.0,289.0,935.0,0.0,187.0,418.1447118,289.0,0.0,96.33333333,166.8542278,287.3870204,1.878346539,608437.8571,1574775.939,4179464.0,4.0,4259065.0,1064766.25,2076568.927,4179471.0,46.0,49327.0,24663.5,29037.33997,45196.0,4131.0,0.0,0.0,168.0,104.0,1.173966587,0.704379952,0.0,935.0,136.0,314.5,98910.25,0.0,0.0,0.0,0.0,1.0,0.0,0.0,0.0,0.0,153.0,187.0,96.33333333,5.0,935.0,3.0,289.0,219.0,211.0,1.0,32.0,0.0,0.0,0.0,0.0,0.0,0.0,0.0,0.0,Benign
43282.0,6.0,2018-02-16 01:46:00,4353529.0,5.0,3.0,935.0,394.0,935.0,0.0,187.0,418.1447118,394.0,0.0,131.3333333,227.4760061,305.269587,1.837589689,621932.7143,1608054.691,4268463.0,7.0,4353529.0,1088382.25,2120153.463,4268470.0,17.0,43863.0,21931.5,14415.78595,32125.0,11738.0,0.0,0.0,168.0,104.0,1.148493555,0.689096133,0.0,935.0,147.6666667,322.7251152,104151.5,0.0,0.0,0.0,0.0,1.0,0.0,0.0,0.0,0.0,166.125,187.0,131.3333333,5.0,935.0,3.0,394.0,219.0,211.0,1.0,32.0,0.0,0.0,0.0,0.0,0.0,0.0,0.0,0.0,Benign
60500.0,6.0,2018-02-16 01:45:32,5433674.0,5.0,3.0,935.0,363.0,935.0,0.0,187.0,418.1447118,363.0,0.0,121.0,209.5781477,238.8807278,1.472300326,776239.1429,2028197.15,5375611.0,5.0,5433674.0,1358418.5,2678200.088,5375619.0,24.0,44940.0,22470.0,30945.82117,44352.0,588.0,0.0,0.0,168.0,104.0,0.920187704,0.552112622,0.0,935.0,144.2222222,319.9206065,102349.1944,0.0,0.0,0.0,0.0,1.0,0.0,0.0,0.0,0.0,162.25,187.0,121.0,5.0,935.0,3.0,363.0,219.0,211.0,1.0,32.0,0.0,0.0,0.0,0.0,5375611.0,0.0,5375611.0,5375611.0,Benign
54852.0,6.0,2018-02-16 01:45:31,5380957.0,5.0,3.0,935.0,351.0,935.0,0.0,187.0,418.1447118,351.0,0.0,117.0,202.6499445,238.9909453,1.486724388,768708.1429,2006800.9,5319550.0,8.0,5380957.0,1345239.25,2649613.644,5319558.0,33.0,15653.0,7826.5,7777.467486,13326.0,2327.0,0.0,0.0,168.0,104.0,0.929202742,0.557521645,0.0,935.0,142.8888889,318.9182671,101708.8611,0.0,0.0,0.0,0.0,1.0,0.0,0.0,0.0,0.0,160.75,187.0,117.0,5.0,935.0,3.0,351.0,219.0,211.0,1.0,32.0,0.0,0.0,0.0,0.0,5319550.0,0.0,5319550.0,5319550.0,Benign
52280.0,6.0,2018-02-16 01:47:32,3849182.0,5.0,3.0,935.0,410.0,935.0,0.0,187.0,418.1447118,410.0,0.0,136.6666667,236.7136104,349.4248908,2.078363663,549883.1429,1423659.317,3778182.0,6.0,3849182.0,962295.5,1877361.586,3778188.0,45.0,47477.0,23738.5,33147.04458,47177.0,300.0,0.0,0.0,168.0,104.0,1.298977289,0.779386374,0.0,935.0,149.4444444,324.2919638,105165.2778,0.0,0.0,0.0,0.0,1.0,0.0,0.0,0.0,0.0,168.125,187.0,136.6666667,5.0,935.0,3.0,410.0,219.0,211.0,1.0,32.0,0.0,0.0,0.0,0.0,0.0,0.0,0.0,0.0,Benign
46700.0,6.0,2018-02-16 01:47:52,4261595.0,5.0,3.0,935.0,309.0,935.0,0.0,187.0,418.1447118,309.0,0.0,103.0,178.4012332,291.9094846,1.877231412,608799.2857,1576715.931,4184317.0,5.0,4261595.0,1065398.75,2079383.452,4184322.0,44.0,50272.0,25136.0,12486.09154,33965.0,16307.0,0.0,0.0,168.0,104.0,1.173269633,0.70396178,0.0,935.0,138.2222222,315.784253,99719.69444,0.0,0.0,0.0,0.0,1.0,0.0,0.0,0.0,0.0,155.5,187.0,103.0,5.0,935.0,3.0,309.0,219.0,211.0,1.0,32.0,0.0,0.0,0.0,0.0,0.0,0.0,0.0,0.0,Benign
60784.0,6.0,2018-02-16 01:47:20,4088229.0,5.0,3.0,935.0,354.0,935.0,0.0,187.0,418.1447118,354.0,0.0,118.0,204.3819953,315.2954494,1.956837545,584032.7143,1493834.757,3970281.0,12.0,4088229.0,1022057.25,1966276.206,3970301.0,33.0,117653.0,58826.5,82829.78124,117396.0,257.0,0.0,0.0,168.0,104.0,1.223023466,0.733814079,0.0,935.0,143.2222222,319.1644473,101865.9444,0.0,0.0,0.0,0.0,1.0,0.0,0.0,0.0,0.0,161.125,187.0,118.0,5.0,935.0,3.0,354.0,219.0,211.0,1.0,32.0,0.0,0.0,0.0,0.0,0.0,0.0,0.0,0.0,Benign
59120.0,6.0,2018-02-16 01:48:16,4037418.0,5.0,3.0,935.0,287.0,935.0,0.0,187.0,418.1447118,287.0,0.0,95.66666667,165.6995273,302.6686858,1.981464391,576774.0,1500307.509,3979016.0,7.0,4037418.0,1009354.5,1979839.92,3979024.0,21.0,20566.0,10283.0,2085.965005,11758.0,8808.0,0.0,0.0,168.0,104.0,1.238415245,0.743049147,0.0,935.0,135.7777778,314.3790617,98834.19444,0.0,0.0,0.0,0.0,1.0,0.0,0.0,0.0,0.0,152.75,187.0,95.66666667,5.0,935.0,3.0,287.0,219.0,211.0,1.0,32.0,0.0,0.0,0.0,0.0,0.0,0.0,0.0,0.0,Benign
39520.0,6.0,2018-02-16 01:45:38,5431836.0,5.0,3.0,935.0,310.0,935.0,0.0,187.0,418.1447118,310.0,0.0,103.3333333,178.9785834,229.2042691,1.472798516,775976.5714,2024009.995,5365831.0,5.0,5431836.0,1357959.0,2672005.735,5365836.0,37.0,51459.0,25729.5,31616.86551,48086.0,3373.0,0.0,0.0,168.0,104.0,0.920499073,0.552299444,0.0,935.0,138.3333333,315.8520223,99762.5,0.0,0.0,0.0,0.0,1.0,0.0,0.0,0.0,0.0,155.625,187.0,103.3333333,5.0,935.0,3.0,310.0,219.0,211.0,1.0,32.0,0.0,0.0,0.0,0.0,5365831.0,0.0,5365831.0,5365831.0,Benign
50052.0,6.0,2018-02-16 01:47:44,4318292.0,5.0,3.0,935.0,331.0,935.0,0.0,187.0,418.1447118,331.0,0.0,110.3333333,191.1029391,293.1714669,1.852584309,616898.8571,1588705.826,4219140.0,5.0,4318292.0,1079573.0,2093327.138,4219147.0,22.0,80001.0,40000.5,56200.13986,79740.0,261.0,0.0,0.0,168.0,104.0,1.157865193,0.694719116,0.0,935.0,140.6666667,317.3527217,100712.75,0.0,0.0,0.0,0.0,1.0,0.0,0.0,0.0,0.0,158.25,187.0,110.3333333,5.0,935.0,3.0,331.0,219.0,211.0,1.0,32.0,0.0,0.0,0.0,0.0,0.0,0.0,0.0,0.0,Benign
51370.0,6.0,2018-02-16 01:48:32,4235685.0,5.0,3.0,935.0,349.0,935.0,0.0,187.0,418.1447118,349.0,0.0,116.3333333,201.4952439,303.1386895,1.888714576,605097.8571,1542355.441,4101751.0,6.0,4235685.0,1058921.25,2029039.888,4101757.0,66.0,104977.0,52488.5,73893.36574,104739.0,238.0,0.0,0.0,168.0,104.0,1.18044661,0.708267966,0.0,935.0,142.6666667,318.7557843,101605.25,0.0,0.0,0.0,0.0,1.0,0.0,0.0,0.0,0.0,160.5,187.0,116.3333333,5.0,935.0,3.0,349.0,219.0,211.0,1.0,32.0,0.0,0.0,0.0,0.0,0.0,0.0,0.0,0.0,Benign
59718.0,6.0,2018-02-16 01:45:58,4609599.0,5.0,3.0,935.0,355.0,935.0,0.0,187.0,418.1447118,355.0,0.0,118.3333333,204.9593456,279.850807,1.73550888,658514.1429,1701763.88,4517574.0,4.0,4609599.0,1152399.75,2243610.836,4517581.0,26.0,64709.0,32354.5,13239.16026,41716.0,22993.0,0.0,0.0,168.0,104.0,1.08469305,0.65081583,0.0,935.0,143.3333333,319.2471613,101918.75,0.0,0.0,0.0,0.0,1.0,0.0,0.0,0.0,0.0,161.25,187.0,118.3333333,5.0,935.0,3.0,355.0,237.0,211.0,1.0,32.0,0.0,0.0,0.0,0.0,0.0,0.0,0.0,0.0,Benign
59278.0,6.0,2018-02-16 01:47:33,4285408.0,5.0,3.0,935.0,317.0,935.0,0.0,187.0,418.1447118,317.0,0.0,105.6666667,183.0200353,292.1542126,1.866800081,612201.1429,1582931.341,4201511.0,6.0,4285408.0,1071352.0,2086982.037,4201517.0,23.0,68396.0,34198.0,47837.18796,68024.0,372.0,0.0,0.0,168.0,104.0,1.16675005,0.70005003,0.0,935.0,139.1111111,316.335836,100068.3611,0.0,0.0,0.0,0.0,1.0,0.0,0.0,0.0,0.0,156.5,187.0,105.6666667,5.0,935.0,3.0,317.0,219.0,211.0,1.0,32.0,0.0,0.0,0.0,0.0,0.0,0.0,0.0,0.0,Benign
38634.0,6.0,2018-02-16 01:48:21,4243205.0,5.0,3.0,935.0,339.0,935.0,0.0,187.0,418.1447118,339.0,0.0,113.0,195.7217413,300.2447442,1.885367311,606172.1429,1552015.672,4124972.0,4.0,4243205.0,1060801.25,2043161.08,4124977.0,33.0,92999.0,46499.5,65385.45695,92734.0,265.0,0.0,0.0,168.0,104.0,1.178354569,0.707012742,0.0,935.0,141.5555556,317.9630918,101100.5278,0.0,0.0,0.0,0.0,1.0,0.0,0.0,0.0,0.0,159.25,187.0,113.0,5.0,935.0,3.0,339.0,219.0,211.0,1.0,32.0,0.0,0.0,0.0,0.0,0.0,0.0,0.0,0.0,Benign
45466.0,6.0,2018-02-16 01:45:29,5216660.0,5.0,3.0,935.0,360.0,935.0,0.0,187.0,418.1447118,360.0,0.0,120.0,207.8460969,248.2431287,1.533548286,745237.1429,1947407.585,5161403.0,7.0,5216660.0,1304165.0,2571557.904,5161410.0,775.0,11778.0,5889.0,7269.057711,11029.0,749.0,0.0,0.0,168.0,104.0,0.958467679,0.575080607,0.0,935.0,143.8888889,319.6656239,102186.1111,0.0,0.0,0.0,0.0,1.0,0.0,0.0,0.0,0.0,161.875,187.0,120.0,5.0,935.0,3.0,360.0,219.0,211.0,1.0,32.0,0.0,0.0,0.0,0.0,5161403.0,0.0,5161403.0,5161403.0,Benign
54916.0,6.0,2018-02-16 01:47:49,4426773.0,5.0,3.0,935.0,345.0,935.0,0.0,187.0,418.1447118,345.0,0.0,115.0,199.1858429,289.1496808,1.807185505,632396.1429,1616988.255,4297912.0,6.0,4426773.0,1106693.25,2128256.173,4297919.0,20.0,123983.0,61991.5,87311.42402,123730.0,253.0,0.0,0.0,168.0,104.0,1.129490941,0.677694564,0.0,935.0,142.2222222,318.434757,101400.6944,0.0,0.0,0.0,0.0,1.0,0.0,0.0,0.0,0.0,160.0,187.0,115.0,5.0,935.0,3.0,345.0,237.0,211.0,1.0,32.0,0.0,0.0,0.0,0.0,0.0,0.0,0.0,0.0,Benign
53000.0,6.0,2018-02-16 01:47:45,4217749.0,5.0,3.0,935.0,330.0,935.0,0.0,187.0,418.1447118,330.0,0.0,110.0,190.5255888,299.9230158,1.896746345,602535.5714,1522990.933,4055268.0,7.0,4217749.0,1054437.25,2000925.705,4055276.0,28.0,79633.0,39816.5,55900.32659,79344.0,289.0,0.0,0.0,168.0,104.0,1.185466466,0.711279879,0.0,935.0,140.5555556,317.2779188,100665.2778,0.0,0.0,0.0,0.0,1.0,0.0,0.0,0.0,0.0,158.125,187.0,110.0,5.0,935.0,3.0,330.0,219.0,211.0,1.0,32.0,0.0,0.0,0.0,0.0,0.0,0.0,0.0,0.0,Benign
39180.0,6.0,2018-02-16 01:47:55,4475354.0,5.0,3.0,935.0,336.0,935.0,0.0,187.0,418.1447118,336.0,0.0,112.0,193.9896904,283.9998802,1.78756809,639336.2857,1648771.434,4378146.0,4.0,4475354.0,1118838.5,2173002.53,4378150.0,20.0,55607.0,27803.5,22428.71999,43663.0,11944.0,0.0,0.0,168.0,104.0,1.117230056,0.670338034,0.0,935.0,141.2222222,317.7317177,100953.4444,0.0,0.0,0.0,0.0,1.0,0.0,0.0,0.0,0.0,158.875,187.0,112.0,5.0,935.0,3.0,336.0,219.0,211.0,1.0,32.0,0.0,0.0,0.0,0.0,0.0,0.0,0.0,0.0,Benign
56688.0,6.0,2018-02-16 01:45:57,9918.0,1.0,2.0,0.0,0.0,0.0,0.0,0.0,0.0,0.0,0.0,0.0,0.0,0.0,302.4803388,4959.0,3248.448553,7256.0,2662.0,0.0,0.0,0.0,0.0,0.0,2662.0,2662.0,0.0,2662.0,2662.0,0.0,0.0,32.0,64.0,100.8267796,201.6535592,0.0,0.0,0.0,0.0,0.0,0.0,0.0,0.0,0.0,1.0,1.0,0.0,0.0,2.0,0.0,0.0,0.0,1.0,0.0,2.0,0.0,219.0,225.0,0.0,32.0,0.0,0.0,0.0,0.0,0.0,0.0,0.0,0.0,Benign
59862.0,6.0,2018-02-16 01:46:20,4055451.0,5.0,3.0,935.0,342.0,935.0,0.0,187.0,418.1447118,342.0,0.0,114.0,197.4537921,314.8848303,1.972653596,579350.1429,1499634.758,3979909.0,6.0,4055451.0,1013862.75,1977537.115,3979917.0,26.0,60557.0,30278.5,34926.12524,54975.0,5582.0,0.0,0.0,168.0,104.0,1.232908498,0.739745099,0.0,935.0,141.8888889,318.1974405,101249.6111,0.0,0.0,0.0,0.0,1.0,0.0,0.0,0.0,0.0,159.625,187.0,114.0,5.0,935.0,3.0,342.0,219.0,211.0,1.0,32.0,0.0,0.0,0.0,0.0,0.0,0.0,0.0,0.0,Benign
56314.0,6.0,2018-02-16 01:48:24,4196977.0,5.0,3.0,935.0,395.0,935.0,0.0,187.0,418.1447118,395.0,0.0,131.6666667,228.0533563,316.8947554,1.906133867,599568.1429,1548348.441,4110607.0,7.0,4196977.0,1049244.25,2041014.517,4110614.0,24.0,43377.0,21688.5,28202.95397,41631.0,1746.0,0.0,0.0,168.0,104.0,1.191333667,0.7148002,0.0,935.0,147.7777778,322.8206847,104213.1944,0.0,0.0,0.0,0.0,1.0,0.0,0.0,0.0,0.0,166.25,187.0,131.6666667,5.0,935.0,3.0,395.0,237.0,211.0,1.0,32.0,0.0,0.0,0.0,0.0,0.0,0.0,0.0,0.0,Benign
50276.0,6.0,2018-02-16 01:45:56,4589539.0,5.0,3.0,935.0,324.0,935.0,0.0,187.0,418.1447118,324.0,0.0,108.0,187.0614872,274.3194905,1.743094459,655648.4286,1696219.496,4502131.0,3.0,4589539.0,1147384.75,2236597.416,4502134.0,20.0,48297.0,24148.5,14496.39612,34399.0,13898.0,0.0,0.0,168.0,104.0,1.089434037,0.653660422,0.0,935.0,139.8888889,316.836095,100385.1111,0.0,0.0,0.0,0.0,1.0,0.0,0.0,0.0,0.0,157.375,187.0,108.0,5.0,935.0,3.0,324.0,219.0,211.0,1.0,32.0,0.0,0.0,0.0,0.0,0.0,0.0,0.0,0.0,Benign
52646.0,6.0,2018-02-16 01:48:19,4154697.0,5.0,3.0,935.0,377.0,935.0,0.0,187.0,418.1447118,377.0,0.0,125.6666667,217.6610515,315.7871681,1.925531513,593528.1429,1527696.046,4057676.0,8.0,4154697.0,1038674.25,2012802.936,4057684.0,24.0,49163.0,24581.5,28830.86479,44968.0,4195.0,0.0,0.0,168.0,104.0,1.203457196,0.722074317,0.0,935.0,145.7777778,321.1490222,103136.6944,0.0,0.0,0.0,0.0,1.0,0.0,0.0,0.0,0.0,164.0,187.0,125.6666667,5.0,935.0,3.0,377.0,237.0,211.0,1.0,32.0,0.0,0.0,0.0,0.0,0.0,0.0,0.0,0.0,Benign
49842.0,6.0,2018-02-16 01:48:15,4039355.0,5.0,3.0,935.0,328.0,935.0,0.0,187.0,418.1447118,328.0,0.0,109.3333333,189.3708883,312.6736818,1.980514216,577050.7143,1491742.69,3959707.0,6.0,4039355.0,1009838.75,1966695.372,3959713.0,24.0,51471.0,25735.5,35981.12856,51178.0,293.0,0.0,0.0,168.0,104.0,1.237821385,0.742692831,0.0,935.0,140.3333333,317.1293112,100571.0,0.0,0.0,0.0,0.0,1.0,0.0,0.0,0.0,0.0,157.875,187.0,109.3333333,5.0,935.0,3.0,328.0,237.0,211.0,1.0,32.0,0.0,0.0,0.0,0.0,0.0,0.0,0.0,0.0,Benign
60898.0,6.0,2018-02-16 01:48:33,4376794.0,5.0,4.0,935.0,704.0,935.0,0.0,187.0,418.1447118,352.0,0.0,176.0,203.2272948,374.4750153,2.056299657,547099.25,1446654.411,4122787.0,6.0,4376794.0,1094198.5,2021498.485,4122793.0,50.0,223881.0,74627.0,120870.4047,214110.0,640.0,0.0,0.0,168.0,136.0,1.142388698,0.913910959,0.0,935.0,163.9,307.9323338,94822.32222,0.0,0.0,0.0,0.0,1.0,0.0,0.0,0.0,0.0,182.1111111,187.0,176.0,5.0,935.0,4.0,704.0,237.0,211.0,1.0,32.0,0.0,0.0,0.0,0.0,0.0,0.0,0.0,0.0,Benign
51496.0,6.0,2018-02-16 01:46:40,3931645.0,4.0,5.0,935.0,296.0,935.0,0.0,233.75,467.5,296.0,0.0,59.2,132.3752243,313.1004961,2.289118168,491455.625,1355600.817,3846246.0,7.0,3914249.0,1304749.667,2201079.344,3846254.0,16191.0,85399.0,21349.75,11308.50139,38162.0,13643.0,0.0,0.0,136.0,168.0,1.017385852,1.271732316,0.0,935.0,123.1,300.0564577,90033.87778,0.0,0.0,0.0,0.0,1.0,0.0,0.0,0.0,1.0,136.7777778,233.75,59.2,4.0,935.0,5.0,296.0,237.0,225.0,1.0,32.0,0.0,0.0,0.0,0.0,0.0,0.0,0.0,0.0,Benign
51336.0,6.0,2018-02-16 01:48:06,5321416.0,5.0,4.0,935.0,328.0,935.0,0.0,187.0,418.1447118,328.0,0.0,82.0,164.0,237.3428426,1.691279163,665177.0,1496721.148,4262778.0,4.0,5321416.0,1330354.0,2637669.069,5286799.0,28.0,1026826.0,342275.3333,590406.455,1024017.0,401.0,0.0,0.0,168.0,144.0,0.939599535,0.751679628,0.0,935.0,126.3,302.2677437,91365.78889,0.0,0.0,0.0,0.0,1.0,0.0,0.0,0.0,0.0,140.3333333,187.0,82.0,5.0,935.0,4.0,328.0,219.0,211.0,1.0,32.0,0.0,0.0,0.0,0.0,0.0,0.0,0.0,0.0,Benign
49804.0,6.0,2018-02-16 01:45:51,4817119.0,4.0,5.0,935.0,339.0,935.0,0.0,233.75,467.5,339.0,0.0,67.8,151.6054089,264.4734332,1.868336655,602139.875,1664943.729,4722539.0,8.0,4799173.0,1599724.333,2704545.469,4722547.0,14858.0,94580.0,23645.0,11716.99595,39890.0,11931.0,0.0,0.0,136.0,168.0,0.830371847,1.037964808,0.0,935.0,127.4,303.102183,91870.93333,0.0,0.0,0.0,0.0,1.0,0.0,0.0,0.0,1.0,141.5555556,233.75,67.8,4.0,935.0,5.0,339.0,219.0,225.0,1.0,32.0,0.0,0.0,0.0,0.0,0.0,0.0,0.0,0.0,Benign
47056.0,6.0,2018-02-16 01:46:09,4028530.0,5.0,3.0,935.0,317.0,935.0,0.0,187.0,418.1447118,317.0,0.0,105.6666667,183.0200353,310.7833378,1.985836025,575504.2857,1500873.543,3979034.0,2.0,4028530.0,1007132.5,1981403.77,3979041.0,20.0,48774.0,24387.0,16236.58591,35868.0,12906.0,0.0,0.0,168.0,104.0,1.241147515,0.744688509,0.0,935.0,139.1111111,316.335836,100068.3611,0.0,0.0,0.0,0.0,1.0,0.0,0.0,0.0,0.0,156.5,187.0,105.6666667,5.0,935.0,3.0,317.0,237.0,211.0,1.0,32.0,0.0,0.0,0.0,0.0,0.0,0.0,0.0,0.0,Benign
60796.0,6.0,2018-02-16 01:46:32,4340656.0,5.0,3.0,935.0,357.0,935.0,0.0,187.0,418.1447118,357.0,0.0,119.0,206.1140461,297.650862,1.843039393,620093.7143,1593045.353,4232280.0,5.0,4340656.0,1085164.0,2098294.798,4232288.0,27.0,73097.0,36548.5,47608.79247,70213.0,2884.0,0.0,0.0,168.0,104.0,1.151899621,0.691139772,0.0,935.0,143.5555556,319.4135686,102025.0278,0.0,0.0,0.0,0.0,1.0,0.0,0.0,0.0,0.0,161.5,187.0,119.0,5.0,935.0,3.0,357.0,219.0,211.0,1.0,32.0,0.0,0.0,0.0,0.0,0.0,0.0,0.0,0.0,Benign
34302.0,6.0,2018-02-16 01:45:58,4583502.0,5.0,4.0,935.0,308.0,935.0,0.0,187.0,418.1447118,308.0,0.0,77.0,154.0,271.1900202,1.963564104,572937.75,1557522.774,4426675.0,7.0,4583502.0,1145875.5,2187486.283,4426682.0,14116.0,148867.0,49622.33333,49192.98065,98635.0,251.0,0.0,0.0,168.0,136.0,1.090868947,0.872695158,0.0,935.0,124.3,300.8477097,90509.34444,0.0,0.0,0.0,0.0,1.0,0.0,0.0,0.0,0.0,138.1111111,187.0,77.0,5.0,935.0,4.0,308.0,219.0,225.0,1.0,32.0,0.0,0.0,0.0,0.0,0.0,0.0,0.0,0.0,Benign
50274.0,6.0,2018-02-16 01:47:01,4464564.0,5.0,4.0,935.0,304.0,935.0,0.0,187.0,418.1447118,304.0,0.0,76.0,152.0,277.5187006,2.015874338,558070.5,1539394.673,4367471.0,5.0,4464564.0,1116141.0,2175786.444,4379548.0,33.0,4434165.0,1478055.0,2502526.04,4367471.0,287.0,0.0,0.0,168.0,148.0,1.119930188,0.89594415,0.0,935.0,123.9,300.5788674,90347.65556,0.0,0.0,0.0,0.0,1.0,0.0,0.0,0.0,0.0,137.6666667,187.0,76.0,5.0,935.0,4.0,304.0,237.0,211.0,1.0,32.0,0.0,0.0,0.0,0.0,0.0,0.0,0.0,0.0,Benign
44250.0,6.0,2018-02-16 01:48:35,4250940.0,5.0,3.0,935.0,335.0,935.0,0.0,187.0,418.1447118,335.0,0.0,111.6666667,193.4123402,298.7574513,1.881936701,607277.1429,1531006.261,4077744.0,6.0,4250940.0,1062735.0,2010639.374,4077765.0,43.0,121795.0,60897.5,85612.95353,121435.0,360.0,0.0,0.0,168.0,104.0,1.176210438,0.705726263,0.0,935.0,141.1111111,317.6552551,100904.8611,0.0,0.0,0.0,0.0,1.0,0.0,0.0,0.0,0.0,158.75,187.0,111.6666667,5.0,935.0,3.0,335.0,237.0,211.0,1.0,32.0,0.0,0.0,0.0,0.0,0.0,0.0,0.0,0.0,Benign
51926.0,6.0,2018-02-16 01:45:57,4187296.0,5.0,3.0,935.0,334.0,935.0,0.0,187.0,418.1447118,334.0,0.0,111.3333333,192.8349899,303.0595401,1.910540836,598185.1429,1540631.86,4091361.0,5.0,4187296.0,1046824.0,2030008.694,4091366.0,39.0,81814.0,40907.0,57251.60765,81390.0,424.0,0.0,0.0,168.0,104.0,1.194088022,0.716452813,0.0,935.0,141.0,317.579124,100856.5,0.0,0.0,0.0,0.0,1.0,0.0,0.0,0.0,0.0,158.625,187.0,111.3333333,5.0,935.0,3.0,334.0,237.0,211.0,1.0,32.0,0.0,0.0,0.0,0.0,0.0,0.0,0.0,0.0,Benign
34774.0,6.0,2018-02-16 01:45:48,5247290.0,5.0,3.0,935.0,320.0,935.0,0.0,187.0,418.1447118,320.0,0.0,106.6666667,184.7520861,239.1710769,1.524596506,749612.8571,1938725.926,5145859.0,5.0,5247290.0,1311822.5,2556165.243,5145864.0,24.0,36595.0,18297.5,25518.77663,36342.0,253.0,0.0,0.0,168.0,104.0,0.952872816,0.57172369,0.0,935.0,139.4444444,316.5482235,100202.7778,0.0,0.0,0.0,0.0,1.0,0.0,0.0,0.0,0.0,156.875,187.0,106.6666667,5.0,935.0,3.0,320.0,219.0,211.0,1.0,32.0,0.0,0.0,0.0,0.0,5145859.0,0.0,5145859.0,5145859.0,Benign
44002.0,6.0,2018-02-16 01:47:01,4429646.0,5.0,3.0,935.0,321.0,935.0,0.0,187.0,418.1447118,321.0,0.0,107.0,185.3294364,283.5441026,1.806013392,632806.5714,1618649.811,4302867.0,8.0,4429646.0,1107411.5,2130574.995,4302875.0,25.0,82409.0,41204.5,56979.37153,81495.0,914.0,0.0,0.0,168.0,104.0,1.12875837,0.677255022,0.0,935.0,139.5555556,316.6196895,100248.0278,0.0,0.0,0.0,0.0,1.0,0.0,0.0,0.0,0.0,157.0,187.0,107.0,5.0,935.0,3.0,321.0,219.0,211.0,1.0,32.0,0.0,0.0,0.0,0.0,0.0,0.0,0.0,0.0,Benign
52416.0,6.0,2018-02-16 01:48:15,3894867.0,5.0,3.0,935.0,347.0,935.0,0.0,187.0,418.1447118,347.0,0.0,115.6666667,200.3405434,329.1511623,2.053985412,556409.5714,1416518.705,3768061.0,9.0,3894867.0,973716.75,1863142.349,3768070.0,23.0,65393.0,32696.5,45873.55243,65134.0,259.0,0.0,0.0,168.0,104.0,1.283740883,0.77024453,0.0,935.0,142.4444444,318.5946135,101502.5278,0.0,0.0,0.0,0.0,1.0,0.0,0.0,0.0,0.0,160.25,187.0,115.6666667,5.0,935.0,3.0,347.0,237.0,211.0,1.0,32.0,0.0,0.0,0.0,0.0,0.0,0.0,0.0,0.0,Benign
40314.0,6.0,2018-02-16 01:47:43,3861669.0,5.0,3.0,935.0,317.0,935.0,0.0,187.0,418.1447118,317.0,0.0,105.6666667,183.0200353,324.2121476,2.071643116,551667.0,1442038.635,3821740.0,5.0,3861669.0,965417.25,1904304.977,3821746.0,19.0,1038.0,519.0,311.1269837,739.0,299.0,0.0,0.0,168.0,104.0,1.294776947,0.776866168,0.0,935.0,139.1111111,316.335836,100068.3611,0.0,0.0,0.0,0.0,1.0,0.0,0.0,0.0,0.0,156.5,187.0,105.6666667,5.0,935.0,3.0,317.0,219.0,211.0,1.0,32.0,0.0,0.0,0.0,0.0,0.0,0.0,0.0,0.0,Benign
45562.0,6.0,2018-02-16 01:46:09,3830312.0,5.0,3.0,935.0,292.0,935.0,0.0,187.0,418.1447118,292.0,0.0,97.33333333,168.5862786,320.3394397,2.088602704,547187.4286,1402256.22,3726960.0,4.0,3830312.0,957578.0,1846443.093,3726964.0,23.0,63494.0,31747.0,1002.677416,32456.0,31038.0,0.0,0.0,168.0,104.0,1.30537669,0.783226014,0.0,935.0,136.3333333,314.6839685,99026.0,0.0,0.0,0.0,0.0,1.0,0.0,0.0,0.0,0.0,153.375,187.0,97.33333333,5.0,935.0,3.0,292.0,219.0,211.0,1.0,32.0,0.0,0.0,0.0,0.0,0.0,0.0,0.0,0.0,Benign
46138.0,6.0,2018-02-16 01:47:43,4314648.0,5.0,3.0,935.0,344.0,935.0,0.0,187.0,418.1447118,344.0,0.0,114.6666667,198.6084926,296.4320612,1.854148936,616378.2857,1593082.584,4228997.0,8.0,4314648.0,1078662.0,2100288.379,4229005.0,13569.0,50450.0,25225.0,24272.14737,42388.0,8062.0,0.0,0.0,168.0,104.0,1.158843085,0.695305851,0.0,935.0,142.1111111,318.3553221,101350.1111,0.0,0.0,0.0,0.0,1.0,0.0,0.0,0.0,0.0,159.875,187.0,114.6666667,5.0,935.0,3.0,344.0,219.0,211.0,1.0,32.0,0.0,0.0,0.0,0.0,0.0,0.0,0.0,0.0,Benign
50206.0,6.0,2018-02-16 01:45:56,4592447.0,6.0,5.0,935.0,352.0,935.0,0.0,155.8333333,381.7121516,352.0,0.0,70.4,157.4191856,280.2427551,2.395237223,459244.7,1419897.413,4500130.0,3.0,4592447.0,918489.4,2002264.717,4500136.0,20.0,4553453.0,1138363.25,2241230.638,4500134.0,2356.0,0.0,0.0,188.0,180.0,1.306493031,1.088744192,0.0,935.0,107.25,279.6260896,78190.75,0.0,0.0,0.0,0.0,1.0,0.0,0.0,0.0,0.0,117.0,155.8333333,70.4,6.0,935.0,5.0,352.0,219.0,211.0,1.0,20.0,0.0,0.0,0.0,0.0,0.0,0.0,0.0,0.0,Benign
49208.0,6.0,2018-02-16 01:45:40,5643196.0,5.0,3.0,935.0,347.0,935.0,0.0,187.0,418.1447118,347.0,0.0,115.6666667,200.3405434,227.1762313,1.417636389,806170.8571,2054523.391,5464411.0,8.0,5643196.0,1410799.0,2702745.719,5464419.0,26.0,95187.0,47593.5,66915.63602,94910.0,277.0,0.0,0.0,168.0,104.0,0.886022743,0.531613646,0.0,935.0,142.4444444,318.5946135,101502.5278,0.0,0.0,0.0,0.0,1.0,0.0,0.0,0.0,0.0,160.25,187.0,115.6666667,5.0,935.0,3.0,347.0,219.0,211.0,1.0,32.0,0.0,0.0,0.0,0.0,5464411.0,0.0,5464411.0,5464411.0,Benign
45664.0,6.0,2018-02-16 01:47:59,1497467.0,5.0,3.0,935.0,350.0,935.0,0.0,187.0,418.1447118,350.0,0.0,116.6666667,202.0725942,858.1157381,5.34235479,213923.8571,535913.0309,1428759.0,4.0,1497467.0,374366.75,703128.692,1428763.0,27.0,29350.0,14675.0,15207.03844,25428.0,3922.0,0.0,0.0,168.0,104.0,3.338971744,2.003383046,0.0,935.0,142.7777778,318.8368618,101656.9444,0.0,0.0,0.0,0.0,1.0,0.0,0.0,0.0,0.0,160.625,187.0,116.6666667,5.0,935.0,3.0,350.0,237.0,211.0,1.0,32.0,0.0,0.0,0.0,0.0,0.0,0.0,0.0,0.0,Benign
43268.0,6.0,2018-02-16 01:47:39,4299863.0,5.0,3.0,935.0,296.0,935.0,0.0,187.0,418.1447118,296.0,0.0,98.66666667,170.8956797,286.288191,1.860524393,614266.1429,1548530.599,4124596.0,6.0,4299863.0,1074965.75,2033621.11,4124602.0,34.0,113648.0,56824.0,80004.88965,113396.0,252.0,0.0,0.0,168.0,104.0,1.162827746,0.697696648,0.0,935.0,136.7777778,314.9340319,99183.44444,0.0,0.0,0.0,0.0,1.0,0.0,0.0,0.0,0.0,153.875,187.0,98.66666667,5.0,935.0,3.0,296.0,237.0,211.0,1.0,32.0,0.0,0.0,0.0,0.0,0.0,0.0,0.0,0.0,Benign
51928.0,6.0,2018-02-16 01:46:53,4129081.0,5.0,3.0,935.0,408.0,935.0,0.0,187.0,418.1447118,408.0,0.0,136.0,235.5589098,325.253973,1.937477129,589868.7143,1505340.201,4002982.0,6.0,4129081.0,1032270.25,1980713.209,4002988.0,49.0,71546.0,35773.0,50164.98348,71245.0,301.0,0.0,0.0,168.0,104.0,1.210923205,0.726553923,0.0,935.0,149.2222222,324.0917223,105035.4444,0.0,0.0,0.0,0.0,1.0,0.0,0.0,0.0,0.0,167.875,187.0,136.0,5.0,935.0,3.0,408.0,219.0,211.0,1.0,32.0,0.0,0.0,0.0,0.0,0.0,0.0,0.0,0.0,Benign
57562.0,6.0,2018-02-16 01:47:28,4248350.0,5.0,3.0,935.0,332.0,935.0,0.0,187.0,418.1447118,332.0,0.0,110.6666667,191.6802894,298.2334318,1.883084021,606907.1429,1536892.425,4091344.0,7.0,4248350.0,1062087.5,2019931.834,4091351.0,23.0,101064.0,50532.0,57056.44617,90877.0,10187.0,0.0,0.0,168.0,104.0,1.176927513,0.706156508,0.0,935.0,140.7777778,317.4278571,100760.4444,0.0,0.0,0.0,0.0,1.0,0.0,0.0,0.0,0.0,158.375,187.0,110.6666667,5.0,935.0,3.0,332.0,219.0,211.0,1.0,32.0,0.0,0.0,0.0,0.0,0.0,0.0,0.0,0.0,Benign
58638.0,6.0,2018-02-16 01:46:59,4234904.0,5.0,3.0,935.0,355.0,935.0,0.0,187.0,418.1447118,355.0,0.0,118.3333333,204.9593456,304.6113914,1.889062893,604986.2857,1539867.36,4095810.0,7.0,4234904.0,1058726.0,2025316.65,4095817.0,28.0,113914.0,56957.0,80173.18106,113648.0,266.0,0.0,0.0,168.0,104.0,1.180664308,0.708398585,0.0,935.0,143.3333333,319.2471613,101918.75,0.0,0.0,0.0,0.0,1.0,0.0,0.0,0.0,0.0,161.25,187.0,118.3333333,5.0,935.0,3.0,355.0,219.0,211.0,1.0,32.0,0.0,0.0,0.0,0.0,0.0,0.0,0.0,0.0,Benign
34918.0,6.0,2018-02-16 01:47:21,4131005.0,5.0,3.0,935.0,288.0,935.0,0.0,187.0,418.1447118,288.0,0.0,96.0,166.2768775,296.0538658,1.936574756,590143.5714,1533851.333,4068448.0,5.0,4131005.0,1032751.25,2023857.68,4068456.0,33.0,33706.0,16853.0,20460.84182,31321.0,2385.0,0.0,0.0,168.0,104.0,1.210359223,0.726215534,0.0,935.0,135.8888889,314.43936,98872.11111,0.0,0.0,0.0,0.0,1.0,0.0,0.0,0.0,0.0,152.875,187.0,96.0,5.0,935.0,3.0,288.0,237.0,211.0,1.0,32.0,0.0,0.0,0.0,0.0,0.0,0.0,0.0,0.0,Benign
39750.0,6.0,2018-02-16 01:48:13,4168057.0,5.0,3.0,935.0,397.0,935.0,0.0,187.0,418.1447118,397.0,0.0,132.3333333,229.2080569,319.5733648,1.919359548,595436.7143,1545615.589,4100348.0,8.0,4168057.0,1042014.25,2038980.858,4100356.0,22.0,21711.0,10855.5,13326.84151,20279.0,1432.0,0.0,0.0,168.0,104.0,1.199599718,0.719759831,0.0,935.0,148.0,323.0127706,104337.25,0.0,0.0,0.0,0.0,1.0,0.0,0.0,0.0,0.0,166.5,187.0,132.3333333,5.0,935.0,3.0,397.0,219.0,211.0,1.0,32.0,0.0,0.0,0.0,0.0,0.0,0.0,0.0,0.0,Benign
50866.0,6.0,2018-02-16 01:46:39,4341139.0,5.0,3.0,935.0,307.0,935.0,0.0,187.0,418.1447118,307.0,0.0,102.3333333,177.2465326,286.1000304,1.842834334,620162.7143,1594543.835,4235958.0,7.0,4341139.0,1085284.75,2100626.315,4235965.0,26.0,65555.0,32777.5,24015.46761,49759.0,15796.0,0.0,0.0,168.0,104.0,1.151771459,0.691062875,0.0,935.0,138.0,315.6497268,99634.75,0.0,0.0,0.0,0.0,1.0,0.0,0.0,0.0,0.0,155.25,187.0,102.3333333,5.0,935.0,3.0,307.0,219.0,211.0,1.0,32.0,0.0,0.0,0.0,0.0,0.0,0.0,0.0,0.0,Benign
49674.0,6.0,2018-02-16 01:48:23,4259854.0,5.0,3.0,935.0,328.0,935.0,0.0,187.0,418.1447118,328.0,0.0,109.3333333,189.3708883,296.4890346,1.877998636,608550.5714,1560398.154,4146917.0,5.0,4259854.0,1064963.5,2054954.144,4146922.0,21.0,86135.0,43067.5,6658.824558,47776.0,38359.0,0.0,0.0,168.0,104.0,1.173749147,0.704249488,0.0,935.0,140.3333333,317.1293112,100571.0,0.0,0.0,0.0,0.0,1.0,0.0,0.0,0.0,0.0,157.875,187.0,109.3333333,5.0,935.0,3.0,328.0,237.0,211.0,1.0,32.0,0.0,0.0,0.0,0.0,0.0,0.0,0.0,0.0,Benign
51438.0,6.0,2018-02-16 01:45:41,5623004.0,5.0,3.0,935.0,313.0,935.0,0.0,187.0,418.1447118,313.0,0.0,104.3333333,180.7106343,221.9454228,1.422727069,803286.2857,2064408.447,5484236.0,7.0,5623004.0,1405751.0,2719262.094,5484243.0,24.0,93422.0,46711.0,65678.90626,93153.0,269.0,0.0,0.0,168.0,104.0,0.889204418,0.533522651,0.0,935.0,138.6666667,316.0573524,99892.25,0.0,0.0,0.0,0.0,1.0,0.0,0.0,0.0,0.0,156.0,187.0,104.3333333,5.0,935.0,3.0,313.0,237.0,211.0,1.0,32.0,0.0,0.0,0.0,0.0,5484236.0,0.0,5484236.0,5484236.0,Benign
38126.0,6.0,2018-02-16 01:47:55,4459136.0,5.0,3.0,935.0,335.0,935.0,0.0,187.0,418.1447118,335.0,0.0,111.6666667,193.4123402,284.8085369,1.794069524,637019.4286,1618142.827,4306284.0,9.0,4459136.0,1114784.0,2127708.124,4306293.0,33843.0,56873.0,28436.5,13035.51351,37654.0,19219.0,0.0,0.0,168.0,104.0,1.121293452,0.672776071,0.0,935.0,141.1111111,317.6552551,100904.8611,0.0,0.0,0.0,0.0,1.0,0.0,0.0,0.0,0.0,158.75,187.0,111.6666667,5.0,935.0,3.0,335.0,219.0,211.0,1.0,32.0,0.0,0.0,0.0,0.0,0.0,0.0,0.0,0.0,Benign
32952.0,6.0,2018-02-16 01:47:41,4299413.0,5.0,3.0,935.0,362.0,935.0,0.0,187.0,418.1447118,362.0,0.0,120.6666667,209.0007974,301.6690883,1.860719126,614201.8571,1587307.902,4213603.0,8.0,4299413.0,1074853.25,2092608.816,4213611.0,27.0,36694.0,18347.0,21307.95574,33414.0,3280.0,0.0,0.0,168.0,104.0,1.162949454,0.697769672,0.0,935.0,144.1111111,319.8352875,102294.6111,0.0,0.0,0.0,0.0,1.0,0.0,0.0,0.0,0.0,162.125,187.0,120.6666667,5.0,935.0,3.0,362.0,219.0,211.0,1.0,32.0,0.0,0.0,0.0,0.0,0.0,0.0,0.0,0.0,Benign
38376.0,6.0,2018-02-16 01:48:26,3947374.0,5.0,3.0,935.0,351.0,935.0,0.0,187.0,418.1447118,351.0,0.0,117.0,202.6499445,325.7862062,2.026663802,563910.5714,1460920.218,3876711.0,5.0,3947374.0,986843.5,1926718.351,3876716.0,25.0,54676.0,27338.0,32492.97081,50314.0,4362.0,0.0,0.0,168.0,104.0,1.266664876,0.759998926,0.0,935.0,142.8888889,318.9182671,101708.8611,0.0,0.0,0.0,0.0,1.0,0.0,0.0,0.0,0.0,160.75,187.0,117.0,5.0,935.0,3.0,351.0,219.0,211.0,1.0,32.0,0.0,0.0,0.0,0.0,0.0,0.0,0.0,0.0,Benign
47052.0,6.0,2018-02-16 01:46:05,4111270.0,5.0,3.0,935.0,400.0,935.0,0.0,187.0,418.1447118,400.0,0.0,133.3333333,230.9401077,324.7171798,1.945870741,587324.2857,1523405.165,4041908.0,5.0,4111270.0,1027817.5,2009466.303,4041915.0,36.0,31476.0,15738.0,16762.67335,27591.0,3885.0,0.0,0.0,168.0,104.0,1.216169213,0.729701528,0.0,935.0,148.3333333,323.3032632,104525.0,0.0,0.0,0.0,0.0,1.0,0.0,0.0,0.0,0.0,166.875,187.0,133.3333333,5.0,935.0,3.0,400.0,237.0,211.0,1.0,32.0,0.0,0.0,0.0,0.0,0.0,0.0,0.0,0.0,Benign
48126.0,6.0,2018-02-16 01:46:48,4981402.0,5.0,5.0,935.0,1005.0,935.0,0.0,187.0,418.1447118,335.0,0.0,201.0,183.4870568,389.448593,2.007466974,553489.1111,1457446.05,4431636.0,7.0,4981402.0,1245350.5,2138412.758,4431643.0,48.0,531242.0,132810.5,115542.8161,241466.0,344.0,0.0,0.0,168.0,168.0,1.003733487,1.003733487,0.0,935.0,176.3636364,294.7464241,86875.45455,0.0,0.0,0.0,0.0,1.0,0.0,0.0,0.0,1.0,194.0,187.0,201.0,5.0,935.0,5.0,1005.0,237.0,211.0,1.0,32.0,0.0,0.0,0.0,0.0,0.0,0.0,0.0,0.0,Benign
57362.0,6.0,2018-02-16 01:46:50,3510511.0,5.0,3.0,935.0,370.0,935.0,0.0,187.0,418.1447118,370.0,0.0,123.3333333,213.6195996,371.7407523,2.278870512,501501.5714,1285575.368,3416683.0,7.0,3510511.0,877627.75,1692864.017,3416690.0,23.0,54579.0,27289.5,1095.308404,28064.0,26515.0,0.0,0.0,168.0,104.0,1.42429407,0.854576442,0.0,935.0,145.0,320.5269099,102737.5,0.0,0.0,0.0,0.0,1.0,0.0,0.0,0.0,0.0,163.125,187.0,123.3333333,5.0,935.0,3.0,370.0,219.0,211.0,1.0,32.0,0.0,0.0,0.0,0.0,0.0,0.0,0.0,0.0,Benign
56946.0,6.0,2018-02-16 01:47:15,4239242.0,5.0,3.0,935.0,377.0,935.0,0.0,187.0,418.1447118,377.0,0.0,125.6666667,217.6610515,309.4892908,1.887129822,605606.0,1572944.019,4172607.0,3.0,4239242.0,1059810.5,2075260.672,4172610.0,49.0,36670.0,18335.0,3437.95317,20766.0,15904.0,0.0,0.0,168.0,104.0,1.179456139,0.707673683,0.0,935.0,145.7777778,321.1490222,103136.6944,0.0,0.0,0.0,0.0,1.0,0.0,0.0,0.0,0.0,164.0,187.0,125.6666667,5.0,935.0,3.0,377.0,219.0,211.0,1.0,32.0,0.0,0.0,0.0,0.0,0.0,0.0,0.0,0.0,Benign
48534.0,6.0,2018-02-16 01:46:57,4671883.0,5.0,4.0,935.0,658.0,935.0,0.0,187.0,418.1447118,329.0,0.0,164.5,189.9482386,340.9760048,1.926418106,583985.375,1507425.692,4309002.0,7.0,4671883.0,1167970.75,2098063.687,4309009.0,26.0,301521.0,100507.0,128595.9827,246537.0,4182.0,0.0,0.0,168.0,136.0,1.070232281,0.856185825,0.0,935.0,159.3,304.9484656,92993.56667,0.0,0.0,0.0,0.0,1.0,0.0,0.0,0.0,0.0,177.0,187.0,164.5,5.0,935.0,4.0,658.0,219.0,211.0,1.0,32.0,0.0,0.0,0.0,0.0,0.0,0.0,0.0,0.0,Benign
55698.0,6.0,2018-02-16 01:47:20,7050625.0,5.0,5.0,935.0,289.0,935.0,0.0,187.0,418.1447118,289.0,0.0,57.8,129.2447291,173.6016311,1.418313979,783402.7778,1390629.792,3988095.0,3.0,7050625.0,1762656.25,3502137.545,7015813.0,24.0,3060813.0,765203.25,956946.5899,2016267.0,1106.0,0.0,0.0,168.0,184.0,0.70915699,0.70915699,0.0,935.0,111.2727273,286.6266181,82154.81818,0.0,0.0,0.0,0.0,1.0,0.0,0.0,0.0,1.0,122.4,187.0,57.8,5.0,935.0,5.0,289.0,219.0,211.0,1.0,32.0,0.0,0.0,0.0,0.0,0.0,0.0,0.0,0.0,Benign
35168.0,6.0,2018-02-16 01:48:34,4726802.0,5.0,5.0,935.0,1113.0,935.0,0.0,187.0,418.1447118,371.0,0.0,222.6,203.2050688,433.2739133,2.11559528,525200.2222,1355393.601,4128423.0,6.0,4726802.0,1181700.5,1980183.782,4128429.0,45.0,550280.0,137570.0,138282.0552,261670.0,1239.0,0.0,0.0,168.0,168.0,1.05779764,1.05779764,0.0,935.0,186.1818182,300.9730281,90584.76364,0.0,0.0,0.0,0.0,1.0,0.0,0.0,0.0,1.0,204.8,187.0,222.6,5.0,935.0,5.0,1113.0,237.0,211.0,1.0,32.0,0.0,0.0,0.0,0.0,0.0,0.0,0.0,0.0,Benign
45462.0,6.0,2018-02-16 01:48:01,5457537.0,5.0,4.0,935.0,333.0,935.0,0.0,187.0,418.1447118,333.0,0.0,83.25,166.5,232.3392402,1.649095554,682192.125,1541223.237,4392593.0,3.0,5457537.0,1364384.25,2703437.821,5419461.0,27.0,1028222.0,342740.6667,592469.0572,1026865.0,600.0,0.0,0.0,168.0,144.0,0.916164196,0.732931357,0.0,935.0,126.8,302.6423632,91592.4,0.0,0.0,0.0,0.0,1.0,0.0,0.0,0.0,0.0,140.8888889,187.0,83.25,5.0,935.0,4.0,333.0,219.0,211.0,1.0,32.0,0.0,0.0,0.0,0.0,0.0,0.0,0.0,0.0,Benign
44076.0,6.0,2018-02-16 01:47:39,4185502.0,4.0,5.0,935.0,372.0,935.0,0.0,233.75,467.5,372.0,0.0,74.4,166.3634575,312.268397,2.150279704,523187.75,1432716.267,4068441.0,7.0,4180970.0,1393656.667,2316438.307,4068449.0,55307.0,117061.0,29265.25,31262.30543,56971.0,244.0,0.0,0.0,136.0,168.0,0.955679868,1.194599835,0.0,935.0,130.7,305.8293097,93531.56667,0.0,0.0,0.0,0.0,1.0,0.0,0.0,0.0,1.0,145.2222222,233.75,74.4,4.0,935.0,5.0,372.0,219.0,225.0,1.0,32.0,0.0,0.0,0.0,0.0,0.0,0.0,0.0,0.0,Benign
36536.0,6.0,2018-02-16 01:45:54,61208458.0,5.0,5.0,935.0,700.0,935.0,0.0,187.0,418.1447118,350.0,0.0,140.0,191.7028951,26.71199461,0.163376114,6800939.778,20300000.0,60900000.0,6.0,61200000.0,15300000.0,30400000.0,60900000.0,25.0,61200000.0,15300000.0,30400000.0,60900000.0,1906.0,0.0,0.0,168.0,168.0,0.081688057,0.081688057,0.0,935.0,148.6363636,296.0075245,87620.45455,0.0,0.0,0.0,0.0,1.0,1.0,0.0,0.0,1.0,163.5,187.0,140.0,5.0,935.0,5.0,700.0,219.0,211.0,1.0,32.0,313.0,0.0,313.0,313.0,60900000.0,0.0,60900000.0,60900000.0,Benign
43904.0,6.0,2018-02-16 01:47:39,5117248.0,5.0,4.0,935.0,335.0,935.0,0.0,187.0,418.1447118,335.0,0.0,83.75,167.5,248.1802719,1.758757832,639656.0,1428736.371,4068364.0,3.0,5117248.0,1279312.0,2529118.907,5072893.0,22.0,1008552.0,336184.0,578801.5834,1004526.0,1305.0,0.0,0.0,168.0,144.0,0.977087685,0.781670148,0.0,935.0,127.0,302.794393,91684.44444,0.0,0.0,0.0,0.0,1.0,0.0,0.0,0.0,0.0,141.1111111,187.0,83.75,5.0,935.0,4.0,335.0,219.0,211.0,1.0,32.0,0.0,0.0,0.0,0.0,0.0,0.0,0.0,0.0,Benign
57468.0,6.0,2018-02-16 01:46:11,3767557.0,5.0,5.0,935.0,906.0,935.0,0.0,187.0,418.1447118,302.0,0.0,181.2,165.4122124,488.64556,2.654239869,418617.4444,1065952.332,3248996.0,4.0,3767557.0,941889.25,1554474.222,3249000.0,26.0,490947.0,122736.75,129366.6192,240366.0,1606.0,0.0,0.0,168.0,168.0,1.327119935,1.327119935,0.0,935.0,167.3636364,289.7793204,83972.05455,0.0,0.0,0.0,0.0,1.0,0.0,0.0,0.0,1.0,184.1,187.0,181.2,5.0,935.0,5.0,906.0,237.0,211.0,1.0,32.0,0.0,0.0,0.0,0.0,0.0,0.0,0.0,0.0,Benign
38796.0,6.0,2018-02-16 01:48:13,4244861.0,5.0,3.0,935.0,367.0,935.0,0.0,187.0,418.1447118,367.0,0.0,122.3333333,211.8875488,306.7238244,1.884631794,606408.7143,1548312.709,4117321.0,5.0,4244861.0,1061215.25,2037708.432,4117329.0,32.0,85570.0,42785.0,1777.666448,44042.0,41528.0,0.0,0.0,168.0,104.0,1.177894871,0.706736923,0.0,935.0,144.6666667,320.2651245,102569.75,0.0,0.0,0.0,0.0,1.0,0.0,0.0,0.0,0.0,162.75,187.0,122.3333333,5.0,935.0,3.0,367.0,219.0,211.0,1.0,32.0,0.0,0.0,0.0,0.0,0.0,0.0,0.0,0.0,Benign
54476.0,6.0,2018-02-16 01:46:10,5074317.0,5.0,4.0,935.0,363.0,935.0,0.0,187.0,418.1447118,363.0,0.0,90.75,181.5,255.7979724,1.773637713,634289.625,1408287.969,4006462.0,3.0,5074317.0,1268579.25,2508118.228,5030724.0,39.0,1048478.0,349492.6667,584364.9797,1024259.0,11634.0,0.0,0.0,168.0,144.0,0.985354285,0.788283428,0.0,935.0,129.8,305.0525638,93057.06667,0.0,0.0,0.0,0.0,1.0,0.0,0.0,0.0,0.0,144.2222222,187.0,90.75,5.0,935.0,4.0,363.0,219.0,211.0,1.0,32.0,0.0,0.0,0.0,0.0,0.0,0.0,0.0,0.0,Benign
53716.0,6.0,2018-02-16 01:45:36,5529258.0,4.0,5.0,935.0,349.0,935.0,0.0,233.75,467.5,349.0,0.0,69.8,156.0775448,232.2192236,1.627704839,691157.25,1881192.615,5345877.0,8.0,5505843.0,1835281.0,3040446.465,5345885.0,47431.0,183381.0,45845.25,48347.54988,112266.0,261.0,0.0,0.0,136.0,168.0,0.723424373,0.904280466,0.0,935.0,128.4,303.8933292,92351.15556,0.0,0.0,0.0,0.0,1.0,0.0,0.0,0.0,1.0,142.6666667,233.75,69.8,4.0,935.0,5.0,349.0,219.0,225.0,1.0,32.0,0.0,0.0,0.0,0.0,5345877.0,0.0,5345877.0,5345877.0,Benign
49068.0,6.0,2018-02-16 01:47:40,4185837.0,5.0,3.0,935.0,410.0,935.0,0.0,187.0,418.1447118,410.0,0.0,136.6666667,236.7136104,321.3216377,1.911206767,597976.7143,1533301.005,4073909.0,4.0,4185837.0,1046459.25,2018985.094,4073915.0,28.0,111477.0,55738.5,78464.10397,111221.0,256.0,0.0,0.0,168.0,104.0,1.194504229,0.716702538,0.0,935.0,149.4444444,324.2919638,105165.2778,0.0,0.0,0.0,0.0,1.0,0.0,0.0,0.0,0.0,168.125,187.0,136.6666667,5.0,935.0,3.0,410.0,237.0,211.0,1.0,32.0,0.0,0.0,0.0,0.0,0.0,0.0,0.0,0.0,Benign
35300.0,6.0,2018-02-16 01:48:04,4429856.0,5.0,3.0,935.0,347.0,935.0,0.0,187.0,418.1447118,347.0,0.0,115.6666667,200.3405434,289.3999263,1.805927777,632836.5714,1645908.606,4365287.0,9.0,4429856.0,1107464.0,2171942.711,4365296.0,46.0,28994.0,14497.0,7310.069904,19666.0,9328.0,0.0,0.0,168.0,104.0,1.128704861,0.677222917,0.0,935.0,142.4444444,318.5946135,101502.5278,0.0,0.0,0.0,0.0,1.0,0.0,0.0,0.0,0.0,160.25,187.0,115.6666667,5.0,935.0,3.0,347.0,219.0,211.0,1.0,32.0,0.0,0.0,0.0,0.0,0.0,0.0,0.0,0.0,Benign
43712.0,6.0,2018-02-16 01:47:13,4137784.0,5.0,3.0,935.0,345.0,935.0,0.0,187.0,418.1447118,345.0,0.0,115.0,199.1858429,309.3443254,1.933402034,591112.0,1525571.977,4050504.0,7.0,4137784.0,1034446.0,2010815.614,4050512.0,46.0,44231.0,22115.5,26534.18196,40878.0,3353.0,0.0,0.0,168.0,104.0,1.208376271,0.725025763,0.0,935.0,142.2222222,318.434757,101400.6944,0.0,0.0,0.0,0.0,1.0,0.0,0.0,0.0,0.0,160.0,187.0,115.0,5.0,935.0,3.0,345.0,219.0,211.0,1.0,32.0,0.0,0.0,0.0,0.0,0.0,0.0,0.0,0.0,Benign
51502.0,6.0,2018-02-16 01:47:36,4153095.0,5.0,3.0,935.0,353.0,935.0,0.0,187.0,418.1447118,353.0,0.0,117.6666667,203.804645,310.1301559,1.926274261,593299.2857,1538479.533,4082079.0,8.0,4153095.0,1038273.75,2029339.836,4082087.0,21.0,54938.0,27469.0,20211.94023,41761.0,13177.0,0.0,0.0,168.0,104.0,1.203921413,0.722352848,0.0,935.0,143.1111111,319.0820602,101813.3611,0.0,0.0,0.0,0.0,1.0,0.0,0.0,0.0,0.0,161.0,187.0,117.6666667,5.0,935.0,3.0,353.0,237.0,211.0,1.0,32.0,0.0,0.0,0.0,0.0,0.0,0.0,0.0,0.0,Benign
41686.0,6.0,2018-02-16 01:48:00,4426428.0,5.0,3.0,935.0,360.0,935.0,0.0,187.0,418.1447118,360.0,0.0,120.0,207.8460969,292.5609543,1.807326359,632346.8571,1638736.027,4348466.0,7.0,4426428.0,1106607.0,2161363.901,4348473.0,47.0,55470.0,27735.0,23962.4346,44679.0,10791.0,0.0,0.0,168.0,104.0,1.129578974,0.677747385,0.0,935.0,143.8888889,319.6656239,102186.1111,0.0,0.0,0.0,0.0,1.0,0.0,0.0,0.0,0.0,161.875,187.0,120.0,5.0,935.0,3.0,360.0,237.0,211.0,1.0,32.0,0.0,0.0,0.0,0.0,0.0,0.0,0.0,0.0,Benign
39090.0,6.0,2018-02-16 01:48:09,4206381.0,5.0,3.0,935.0,336.0,935.0,0.0,187.0,418.1447118,336.0,0.0,112.0,193.9896904,302.1599803,1.901872417,600911.5714,1553709.43,4124149.0,8.0,4206381.0,1051595.25,2048468.617,4124157.0,24.0,37104.0,18552.0,20361.84687,32950.0,4154.0,0.0,0.0,168.0,104.0,1.188670261,0.713202156,0.0,935.0,141.2222222,317.7317177,100953.4444,0.0,0.0,0.0,0.0,1.0,0.0,0.0,0.0,0.0,158.875,187.0,112.0,5.0,935.0,3.0,336.0,219.0,211.0,1.0,32.0,0.0,0.0,0.0,0.0,0.0,0.0,0.0,0.0,Benign
42158.0,6.0,2018-02-16 01:48:35,4201697.0,5.0,3.0,935.0,353.0,935.0,0.0,187.0,418.1447118,353.0,0.0,117.6666667,203.804645,306.5428088,1.903992601,600242.4286,1525880.114,4059372.0,6.0,4201697.0,1050424.25,2006527.766,4059379.0,30.0,112039.0,56019.5,78772.40253,111720.0,319.0,0.0,0.0,168.0,104.0,1.189995376,0.713997225,0.0,935.0,143.1111111,319.0820602,101813.3611,0.0,0.0,0.0,0.0,1.0,0.0,0.0,0.0,0.0,161.0,187.0,117.6666667,5.0,935.0,3.0,353.0,237.0,211.0,1.0,32.0,0.0,0.0,0.0,0.0,0.0,0.0,0.0,0.0,Benign
58432.0,6.0,2018-02-16 01:47:03,4259539.0,5.0,3.0,935.0,374.0,935.0,0.0,187.0,418.1447118,374.0,0.0,124.6666667,215.9290007,307.3102512,1.878137517,608505.5714,1579207.285,4189708.0,5.0,4259539.0,1064884.75,2083326.301,4189715.0,23.0,50960.0,25480.0,4558.010312,28703.0,22257.0,0.0,0.0,168.0,104.0,1.173835948,0.704301569,0.0,935.0,145.4444444,320.8804727,102964.2778,0.0,0.0,0.0,0.0,1.0,0.0,0.0,0.0,0.0,163.625,187.0,124.6666667,5.0,935.0,3.0,374.0,219.0,211.0,1.0,32.0,0.0,0.0,0.0,0.0,0.0,0.0,0.0,0.0,Benign
53746.0,6.0,2018-02-16 01:46:59,3296826.0,5.0,3.0,935.0,380.0,935.0,0.0,187.0,418.1447118,380.0,0.0,126.6666667,219.3931023,398.8684874,2.426576349,470975.1429,1201415.255,3195299.0,5.0,3296826.0,824206.5,1580734.731,3195306.0,30587.0,34948.0,17474.0,18390.43317,30478.0,4470.0,0.0,0.0,168.0,104.0,1.516610218,0.909966131,0.0,935.0,146.1111111,321.4204585,103311.1111,0.0,0.0,0.0,0.0,1.0,0.0,0.0,0.0,0.0,164.375,187.0,126.6666667,5.0,935.0,3.0,380.0,237.0,211.0,1.0,32.0,0.0,0.0,0.0,0.0,0.0,0.0,0.0,0.0,Benign
46630.0,6.0,2018-02-16 01:47:56,4614533.0,5.0,3.0,935.0,307.0,935.0,0.0,187.0,418.1447118,307.0,0.0,102.3333333,177.2465326,269.1496626,1.733653221,659219.0,1665612.882,4434967.0,4.0,4614533.0,1153633.25,2188196.812,4434971.0,22.0,128554.0,64277.0,88268.1395,126692.0,1862.0,0.0,0.0,168.0,104.0,1.083533263,0.650119958,0.0,935.0,138.0,315.6497268,99634.75,0.0,0.0,0.0,0.0,1.0,0.0,0.0,0.0,0.0,155.25,187.0,102.3333333,5.0,935.0,3.0,307.0,237.0,211.0,1.0,32.0,0.0,0.0,0.0,0.0,0.0,0.0,0.0,0.0,Benign
48152.0,6.0,2018-02-16 01:46:13,4330282.0,5.0,3.0,935.0,340.0,935.0,0.0,187.0,418.1447118,340.0,0.0,113.3333333,196.2990915,294.438099,1.847454739,618611.7143,1593565.732,4231815.0,5.0,4330282.0,1082570.5,2099820.535,4231822.0,27.0,83949.0,41974.5,59007.35378,83699.0,250.0,0.0,0.0,168.0,104.0,1.154659212,0.692795527,0.0,935.0,141.6666667,318.0408779,101150.0,0.0,0.0,0.0,0.0,1.0,0.0,0.0,0.0,0.0,159.375,187.0,113.3333333,5.0,935.0,3.0,340.0,219.0,211.0,1.0,32.0,0.0,0.0,0.0,0.0,0.0,0.0,0.0,0.0,Benign
43380.0,6.0,2018-02-16 01:48:00,4482156.0,5.0,3.0,935.0,321.0,935.0,0.0,187.0,418.1447118,321.0,0.0,107.0,185.3294364,280.2222859,1.784855324,640308.0,1653162.944,4389033.0,8.0,4482156.0,1120539.0,2179115.951,4389041.0,36.0,51869.0,25934.5,31517.87056,48221.0,3648.0,0.0,0.0,168.0,104.0,1.115534578,0.669320747,0.0,935.0,139.5555556,316.6196895,100248.0278,0.0,0.0,0.0,0.0,1.0,0.0,0.0,0.0,0.0,157.0,187.0,107.0,5.0,935.0,3.0,321.0,237.0,211.0,1.0,32.0,0.0,0.0,0.0,0.0,0.0,0.0,0.0,0.0,Benign
33632.0,6.0,2018-02-16 01:45:37,12757743.0,5.0,6.0,935.0,414.0,935.0,0.0,187.0,418.1447118,414.0,0.0,69.0,169.0147923,105.7397065,0.862221476,1275774.3,1986457.637,5349207.0,3.0,12800000.0,3189435.75,6297986.22,12600000.0,32.0,7386049.0,1477209.8,1751061.313,4249884.0,27632.0,0.0,0.0,168.0,224.0,0.391918853,0.470302623,0.0,935.0,112.4166667,285.0790826,81270.08333,0.0,0.0,0.0,0.0,1.0,0.0,0.0,0.0,1.0,122.6363636,187.0,69.0,5.0,935.0,6.0,414.0,237.0,211.0,1.0,32.0,0.0,0.0,0.0,0.0,5349207.0,0.0,5349207.0,5349207.0,Benign
54178.0,6.0,2018-02-16 01:46:44,4492854.0,5.0,3.0,935.0,347.0,935.0,0.0,187.0,418.1447118,347.0,0.0,115.6666667,200.3405434,285.342012,1.780605379,641836.2857,1662730.016,4411985.0,6.0,4492854.0,1123213.5,2192818.697,4411991.0,41.0,78258.0,39129.0,54981.79488,78007.0,251.0,0.0,0.0,168.0,104.0,1.112878362,0.667727017,0.0,935.0,142.4444444,318.5946135,101502.5278,0.0,0.0,0.0,0.0,1.0,0.0,0.0,0.0,0.0,160.25,187.0,115.6666667,5.0,935.0,3.0,347.0,219.0,211.0,1.0,32.0,0.0,0.0,0.0,0.0,0.0,0.0,0.0,0.0,Benign
42140.0,6.0,2018-02-16 01:47:38,4225224.0,5.0,3.0,935.0,343.0,935.0,0.0,187.0,418.1447118,343.0,0.0,114.3333333,198.0311423,302.4691709,1.893390741,603603.4286,1571922.971,4168259.0,5.0,4225224.0,1056306.0,2074805.085,4168264.0,23.0,56145.0,28072.5,7143.89981,33124.0,23021.0,0.0,0.0,168.0,104.0,1.183369213,0.710021528,0.0,935.0,142.0,318.2762165,101299.75,0.0,0.0,0.0,0.0,1.0,0.0,0.0,0.0,0.0,159.75,187.0,114.3333333,5.0,935.0,3.0,343.0,219.0,211.0,1.0,32.0,0.0,0.0,0.0,0.0,0.0,0.0,0.0,0.0,Benign
56902.0,6.0,2018-02-16 01:48:28,4229831.0,5.0,3.0,935.0,358.0,935.0,0.0,187.0,418.1447118,358.0,0.0,119.3333333,206.6913964,305.6859719,1.891328519,604261.5714,1568858.428,4162005.0,7.0,4229831.0,1057457.75,2069777.176,4162012.0,33.0,42792.0,21396.0,176.7766953,21521.0,21271.0,0.0,0.0,168.0,104.0,1.182080324,0.709248195,0.0,935.0,143.6666667,319.4972613,102078.5,0.0,0.0,0.0,0.0,1.0,0.0,0.0,0.0,0.0,161.625,187.0,119.3333333,5.0,935.0,3.0,358.0,219.0,211.0,1.0,32.0,0.0,0.0,0.0,0.0,0.0,0.0,0.0,0.0,Benign
50774.0,6.0,2018-02-16 01:48:06,4336349.0,5.0,3.0,935.0,395.0,935.0,0.0,187.0,418.1447118,395.0,0.0,131.6666667,228.0533563,306.7096306,1.844869959,619478.4286,1613313.288,4278043.0,5.0,4336349.0,1084087.25,2129378.578,4278051.0,26.0,41825.0,20912.5,12500.94078,29752.0,12073.0,0.0,0.0,168.0,104.0,1.153043724,0.691826234,0.0,935.0,147.7777778,322.8206847,104213.1944,0.0,0.0,0.0,0.0,1.0,0.0,0.0,0.0,0.0,166.25,187.0,131.6666667,5.0,935.0,3.0,395.0,219.0,211.0,1.0,32.0,0.0,0.0,0.0,0.0,0.0,0.0,0.0,0.0,Benign
54870.0,6.0,2018-02-16 01:46:06,4066121.0,5.0,3.0,935.0,376.0,935.0,0.0,187.0,418.1447118,376.0,0.0,125.3333333,217.0837012,322.4203116,1.967477111,580874.4286,1504280.36,3992065.0,3.0,4066121.0,1016530.25,1983776.906,3992068.0,25.0,29908.0,14954.0,9335.223725,21555.0,8353.0,0.0,0.0,168.0,104.0,1.229673195,0.737803917,0.0,935.0,145.6666667,321.0591846,103079.0,0.0,0.0,0.0,0.0,1.0,0.0,0.0,0.0,0.0,163.875,187.0,125.3333333,5.0,935.0,3.0,376.0,219.0,211.0,1.0,32.0,0.0,0.0,0.0,0.0,0.0,0.0,0.0,0.0,Benign
34984.0,6.0,2018-02-16 01:45:58,4561033.0,5.0,3.0,935.0,411.0,935.0,0.0,187.0,418.1447118,411.0,0.0,137.0,237.2909606,295.1085861,1.753988625,651576.1429,1686902.523,4476790.0,7.0,4561033.0,1140258.25,2224703.294,4476797.0,23.0,83412.0,41706.0,23942.63561,58636.0,24776.0,0.0,0.0,168.0,104.0,1.096242891,0.657745734,0.0,935.0,149.5555556,324.392552,105230.5278,0.0,0.0,0.0,0.0,1.0,0.0,0.0,0.0,0.0,168.25,187.0,137.0,5.0,935.0,3.0,411.0,219.0,211.0,1.0,32.0,0.0,0.0,0.0,0.0,0.0,0.0,0.0,0.0,Benign
59482.0,6.0,2018-02-16 01:46:11,4201401.0,5.0,3.0,935.0,306.0,935.0,0.0,187.0,418.1447118,306.0,0.0,102.0,176.6691824,295.3776609,1.904126742,600200.1429,1551644.408,4118720.0,7.0,4201401.0,1050350.25,2045679.844,4118727.0,25.0,37253.0,18626.5,25974.15339,36993.0,260.0,0.0,0.0,168.0,104.0,1.190079214,0.714047528,0.0,935.0,137.8888889,315.5829702,99592.61111,0.0,0.0,0.0,0.0,1.0,0.0,0.0,0.0,0.0,155.125,187.0,102.0,5.0,935.0,3.0,306.0,219.0,211.0,1.0,32.0,0.0,0.0,0.0,0.0,0.0,0.0,0.0,0.0,Benign
54632.0,6.0,2018-02-16 01:47:49,4368344.0,5.0,3.0,935.0,362.0,935.0,0.0,187.0,418.1447118,362.0,0.0,120.6666667,209.0007974,296.9088515,1.831357604,624049.1429,1601609.729,4255864.0,5.0,4368344.0,1092086.0,2109368.542,4255871.0,40.0,65042.0,32521.0,15638.37357,43579.0,21463.0,0.0,0.0,168.0,104.0,1.144598502,0.686759101,0.0,935.0,144.1111111,319.8352875,102294.6111,0.0,0.0,0.0,0.0,1.0,0.0,0.0,0.0,0.0,162.125,187.0,120.6666667,5.0,935.0,3.0,362.0,237.0,211.0,1.0,32.0,0.0,0.0,0.0,0.0,0.0,0.0,0.0,0.0,Benign
41538.0,6.0,2018-02-16 01:45:39,5419830.0,5.0,3.0,935.0,367.0,935.0,0.0,187.0,418.1447118,367.0,0.0,122.3333333,211.8875488,240.2289371,1.476061057,774261.4286,2022259.012,5360204.0,5.0,5419830.0,1354957.5,2670204.949,5360209.0,47.0,27828.0,13914.0,19304.01513,27564.0,264.0,0.0,0.0,168.0,104.0,0.922538161,0.553522896,0.0,935.0,144.6666667,320.2651245,102569.75,0.0,0.0,0.0,0.0,1.0,0.0,0.0,0.0,0.0,162.75,187.0,122.3333333,5.0,935.0,3.0,367.0,219.0,211.0,1.0,32.0,0.0,0.0,0.0,0.0,5360204.0,0.0,5360204.0,5360204.0,Benign
49936.0,6.0,2018-02-16 01:48:06,5310064.0,5.0,4.0,935.0,344.0,935.0,0.0,187.0,418.1447118,344.0,0.0,86.0,172.0,240.863387,1.694894826,663758.0,1484409.453,4234383.0,4.0,5310064.0,1327516.0,2609657.809,5241712.0,25.0,1075083.0,358361.0,562863.1815,1007325.0,3069.0,0.0,0.0,168.0,144.0,0.941608237,0.753286589,0.0,935.0,127.9,303.4938952,92108.54444,0.0,0.0,0.0,0.0,1.0,0.0,0.0,0.0,0.0,142.1111111,187.0,86.0,5.0,935.0,4.0,344.0,219.0,211.0,1.0,32.0,0.0,0.0,0.0,0.0,0.0,0.0,0.0,0.0,Benign
43988.0,6.0,2018-02-16 01:46:56,4323735.0,5.0,3.0,935.0,419.0,935.0,0.0,187.0,418.1447118,419.0,0.0,139.6666667,241.9097628,313.1551772,1.850252155,617676.4286,1613039.26,4275654.0,7.0,4323735.0,1080933.75,2129848.622,4275661.0,53.0,25816.0,12908.0,107.4802307,12984.0,12832.0,0.0,0.0,168.0,104.0,1.156407597,0.693844558,0.0,935.0,150.4444444,325.2084374,105760.5278,0.0,0.0,0.0,0.0,1.0,0.0,0.0,0.0,0.0,169.25,187.0,139.6666667,5.0,935.0,3.0,419.0,219.0,211.0,1.0,32.0,0.0,0.0,0.0,0.0,0.0,0.0,0.0,0.0,Benign
55060.0,6.0,2018-02-16 01:46:46,3379887.0,5.0,3.0,935.0,356.0,935.0,0.0,187.0,418.1447118,356.0,0.0,118.6666667,205.5366958,381.9654326,2.366943037,482841.0,1197565.808,3195609.0,6.0,3379887.0,844971.75,1568562.301,3195616.0,36.0,155912.0,77956.0,109808.0263,155602.0,310.0,0.0,0.0,168.0,104.0,1.479339398,0.887603639,0.0,935.0,143.4444444,319.3302018,101971.7778,0.0,0.0,0.0,0.0,1.0,0.0,0.0,0.0,0.0,161.375,187.0,118.6666667,5.0,935.0,3.0,356.0,237.0,211.0,1.0,32.0,0.0,0.0,0.0,0.0,0.0,0.0,0.0,0.0,Benign
40116.0,6.0,2018-02-16 01:48:39,4216133.0,5.0,3.0,935.0,341.0,935.0,0.0,187.0,418.1447118,341.0,0.0,113.6666667,196.8764418,302.646999,1.897473348,602304.7143,1554602.805,4127121.0,6.0,4216133.0,1054033.25,2049088.54,4127127.0,34.0,83860.0,41930.0,58872.29639,83559.0,301.0,0.0,0.0,168.0,104.0,1.185920843,0.711552506,0.0,935.0,141.7777778,318.1189942,101199.6944,0.0,0.0,0.0,0.0,1.0,0.0,0.0,0.0,0.0,159.5,187.0,113.6666667,5.0,935.0,3.0,341.0,219.0,211.0,1.0,32.0,0.0,0.0,0.0,0.0,0.0,0.0,0.0,0.0,Benign
40438.0,6.0,2018-02-16 01:48:26,4312646.0,5.0,3.0,935.0,390.0,935.0,0.0,187.0,418.1447118,390.0,0.0,130.0,225.166605,307.2359753,1.855009662,616092.2857,1586440.383,4212866.0,8.0,4312646.0,1078161.5,2090308.045,4212874.0,36.0,97884.0,48942.0,68647.34053,97483.0,401.0,0.0,0.0,168.0,104.0,1.159381039,0.695628623,0.0,935.0,147.2222222,322.3460011,103906.9444,0.0,0.0,0.0,0.0,1.0,0.0,0.0,0.0,0.0,165.625,187.0,130.0,5.0,935.0,3.0,390.0,219.0,211.0,1.0,32.0,0.0,0.0,0.0,0.0,0.0,0.0,0.0,0.0,Benign
45546.0,6.0,2018-02-16 01:47:48,4350901.0,5.0,3.0,935.0,362.0,935.0,0.0,187.0,418.1447118,362.0,0.0,120.6666667,209.0007974,298.0991753,1.838699616,621557.2857,1606965.487,4265537.0,7.0,4350901.0,1087725.25,2118660.512,4265555.0,35.0,33905.0,16952.5,18396.79713,29961.0,3944.0,0.0,0.0,168.0,104.0,1.14918726,0.689512356,0.0,935.0,144.1111111,319.8352875,102294.6111,0.0,0.0,0.0,0.0,1.0,0.0,0.0,0.0,0.0,162.125,187.0,120.6666667,5.0,935.0,3.0,362.0,219.0,211.0,1.0,32.0,0.0,0.0,0.0,0.0,0.0,0.0,0.0,0.0,Benign
43314.0,6.0,2018-02-16 01:46:51,4572704.0,5.0,3.0,935.0,316.0,935.0,0.0,187.0,418.1447118,316.0,0.0,105.3333333,182.4426851,273.5799212,1.749511886,653243.4286,1660410.914,4418122.0,5.0,4572704.0,1143176.0,2183614.973,4418130.0,52.0,84922.0,42461.0,24963.6978,60113.0,24809.0,0.0,0.0,168.0,104.0,1.093444929,0.656066957,0.0,935.0,139.0,316.2657111,100024.0,0.0,0.0,0.0,0.0,1.0,0.0,0.0,0.0,0.0,156.375,187.0,105.3333333,5.0,935.0,3.0,316.0,219.0,211.0,1.0,32.0,0.0,0.0,0.0,0.0,0.0,0.0,0.0,0.0,Benign
42984.0,6.0,2018-02-16 01:45:45,5677653.0,5.0,5.0,935.0,1254.0,935.0,0.0,187.0,418.1447118,418.0,0.0,250.8,228.948029,385.5466334,1.761291153,630850.3333,1663942.571,5058512.0,5.0,5677653.0,1419413.25,2441022.54,5058520.0,21.0,587439.0,146859.75,136101.3051,266607.0,24341.0,0.0,0.0,168.0,168.0,0.880645577,0.880645577,0.0,935.0,199.0,310.2879308,96278.6,0.0,0.0,0.0,0.0,1.0,0.0,0.0,0.0,1.0,218.9,187.0,250.8,5.0,935.0,5.0,1254.0,219.0,211.0,1.0,32.0,0.0,0.0,0.0,0.0,5058512.0,0.0,5058512.0,5058512.0,Benign
48998.0,6.0,2018-02-16 01:47:44,4514757.0,5.0,4.0,935.0,704.0,935.0,0.0,187.0,418.1447118,352.0,0.0,176.0,203.2272948,363.0317202,1.993462771,564344.625,1473474.827,4205556.0,8.0,4514757.0,1128689.25,2054450.629,4205573.0,25.0,262815.0,87605.0,130196.7357,237272.0,482.0,0.0,0.0,168.0,136.0,1.107479317,0.885983454,0.0,935.0,163.9,307.9323338,94822.32222,0.0,0.0,0.0,0.0,1.0,0.0,0.0,0.0,0.0,182.1111111,187.0,176.0,5.0,935.0,4.0,704.0,219.0,211.0,1.0,32.0,0.0,0.0,0.0,0.0,0.0,0.0,0.0,0.0,Benign
35472.0,6.0,2018-02-16 01:48:25,4341542.0,5.0,3.0,935.0,331.0,935.0,0.0,187.0,418.1447118,331.0,0.0,110.3333333,191.1029391,291.6014633,1.842663275,620220.2857,1572170.376,4184298.0,8.0,4341542.0,1085385.5,2066479.941,4184318.0,22.0,113192.0,56596.0,79603.253,112884.0,308.0,0.0,0.0,168.0,104.0,1.151664547,0.690998728,0.0,935.0,140.6666667,317.3527217,100712.75,0.0,0.0,0.0,0.0,1.0,0.0,0.0,0.0,0.0,158.25,187.0,110.3333333,5.0,935.0,3.0,331.0,219.0,211.0,1.0,32.0,0.0,0.0,0.0,0.0,0.0,0.0,0.0,0.0,Benign
43572.0,6.0,2018-02-16 01:47:00,4467022.0,5.0,3.0,935.0,327.0,935.0,0.0,187.0,418.1447118,327.0,0.0,109.0,188.793538,282.5148387,1.790902306,638146.0,1642374.278,4362462.0,8.0,4467022.0,1116755.5,2163965.8,4362470.0,26.0,62459.0,31229.5,13321.18465,40649.0,21810.0,0.0,0.0,168.0,104.0,1.119313941,0.671588365,0.0,935.0,140.2222222,317.0555069,100524.1944,0.0,0.0,0.0,0.0,1.0,0.0,0.0,0.0,0.0,157.75,187.0,109.0,5.0,935.0,3.0,327.0,219.0,211.0,1.0,32.0,0.0,0.0,0.0,0.0,0.0,0.0,0.0,0.0,Benign
41644.0,6.0,2018-02-16 01:46:38,4609873.0,5.0,4.0,935.0,672.0,935.0,0.0,187.0,418.1447118,336.0,0.0,168.0,193.9896904,348.5996252,1.952331442,576234.125,1486484.264,4250145.0,5.0,4609873.0,1152468.25,2070749.624,4250152.0,25.0,335191.0,111730.3333,104953.0572,208731.0,315.0,0.0,0.0,168.0,136.0,1.084628579,0.867702863,0.0,935.0,160.7,305.8271298,93530.23333,0.0,0.0,0.0,0.0,1.0,0.0,0.0,0.0,0.0,178.5555556,187.0,168.0,5.0,935.0,4.0,672.0,237.0,211.0,1.0,32.0,0.0,0.0,0.0,0.0,0.0,0.0,0.0,0.0,Benign
48870.0,6.0,2018-02-16 01:45:29,5285115.0,5.0,3.0,935.0,288.0,935.0,0.0,187.0,418.1447118,288.0,0.0,96.0,166.2768775,231.4046147,1.513685133,755016.4286,1970008.799,5222394.0,6.0,5285115.0,1321278.75,2600832.072,5222400.0,22.0,13102.0,6551.0,3573.717672,9078.0,4024.0,0.0,0.0,168.0,104.0,0.946053208,0.567631925,0.0,935.0,135.8888889,314.43936,98872.11111,0.0,0.0,0.0,0.0,1.0,0.0,0.0,0.0,0.0,152.875,187.0,96.0,5.0,935.0,3.0,288.0,219.0,211.0,1.0,32.0,0.0,0.0,0.0,0.0,5222394.0,0.0,5222394.0,5222394.0,Benign
44030.0,6.0,2018-02-16 01:46:01,5340.0,1.0,2.0,0.0,0.0,0.0,0.0,0.0,0.0,0.0,0.0,0.0,0.0,0.0,561.7977528,2670.0,878.2266222,3291.0,2049.0,0.0,0.0,0.0,0.0,0.0,2049.0,2049.0,0.0,2049.0,2049.0,0.0,0.0,32.0,64.0,187.2659176,374.5318352,0.0,0.0,0.0,0.0,0.0,0.0,0.0,0.0,0.0,1.0,1.0,0.0,0.0,2.0,0.0,0.0,0.0,1.0,0.0,2.0,0.0,219.0,225.0,0.0,32.0,0.0,0.0,0.0,0.0,0.0,0.0,0.0,0.0,Benign
45720.0,6.0,2018-02-16 01:48:01,4447875.0,5.0,3.0,935.0,348.0,935.0,0.0,187.0,418.1447118,348.0,0.0,116.0,200.9178937,288.4523508,1.798611697,635410.7143,1652904.19,4383734.0,5.0,4447875.0,1111968.75,2181235.22,4383741.0,26.0,28959.0,14479.5,1581.79787,15598.0,13361.0,0.0,0.0,168.0,104.0,1.12413231,0.674479386,0.0,935.0,142.5555556,318.6750348,101553.7778,0.0,0.0,0.0,0.0,1.0,0.0,0.0,0.0,0.0,160.375,187.0,116.0,5.0,935.0,3.0,348.0,219.0,211.0,1.0,32.0,0.0,0.0,0.0,0.0,0.0,0.0,0.0,0.0,Benign
58164.0,6.0,2018-02-16 01:45:37,6885014.0,5.0,6.0,935.0,1143.0,935.0,0.0,187.0,418.1447118,381.0,0.0,190.5,208.6822944,301.8149273,1.597672859,688501.4,1669712.428,5358564.0,6.0,6885014.0,1721253.5,3102977.393,6364079.0,26.0,1488546.0,297709.2,410183.5249,1005508.0,6511.0,0.0,0.0,168.0,208.0,0.726214936,0.871457923,0.0,935.0,173.1666667,293.8564378,86351.60606,0.0,0.0,0.0,0.0,1.0,0.0,0.0,0.0,1.0,188.9090909,187.0,190.5,5.0,935.0,6.0,1143.0,237.0,211.0,1.0,32.0,0.0,0.0,0.0,0.0,5358564.0,0.0,5358564.0,5358564.0,Benign
32924.0,6.0,2018-02-16 01:45:53,4826319.0,5.0,3.0,935.0,326.0,935.0,0.0,187.0,418.1447118,326.0,0.0,108.6666667,188.2161878,261.2757259,1.65757796,689474.1429,1787186.371,4742199.0,4.0,4826319.0,1206579.75,2357385.067,4742205.0,30.0,81341.0,40670.5,8139.506158,46426.0,34915.0,0.0,0.0,168.0,104.0,1.035986225,0.621591735,0.0,935.0,140.1111111,316.9820359,100477.6111,0.0,0.0,0.0,0.0,1.0,0.0,0.0,0.0,0.0,157.625,187.0,108.6666667,5.0,935.0,3.0,326.0,237.0,211.0,1.0,32.0,0.0,0.0,0.0,0.0,0.0,0.0,0.0,0.0,Benign
39344.0,6.0,2018-02-16 01:45:33,64557955.0,5.0,4.0,935.0,334.0,935.0,0.0,187.0,418.1447118,334.0,0.0,83.5,167.0,19.65675648,0.13940962,8069744.375,22800000.0,64500000.0,10.0,64600000.0,16100000.0,32200000.0,64500000.0,31.0,64500000.0,21500000.0,37200000.0,64500000.0,3568.0,0.0,0.0,168.0,136.0,0.077449789,0.061959831,0.0,935.0,126.9,302.7182225,91638.32222,0.0,0.0,0.0,0.0,1.0,1.0,0.0,0.0,0.0,141.0,187.0,83.5,5.0,935.0,4.0,334.0,219.0,211.0,1.0,32.0,319.0,0.0,319.0,319.0,64500000.0,0.0,64500000.0,64500000.0,Benign
56674.0,6.0,2018-02-16 01:47:32,4143.0,1.0,2.0,0.0,0.0,0.0,0.0,0.0,0.0,0.0,0.0,0.0,0.0,0.0,724.1129616,2071.5,1871.71165,3395.0,748.0,0.0,0.0,0.0,0.0,0.0,748.0,748.0,0.0,748.0,748.0,0.0,0.0,32.0,64.0,241.3709872,482.7419744,0.0,0.0,0.0,0.0,0.0,0.0,0.0,0.0,0.0,1.0,1.0,0.0,0.0,2.0,0.0,0.0,0.0,1.0,0.0,2.0,0.0,237.0,225.0,0.0,32.0,0.0,0.0,0.0,0.0,0.0,0.0,0.0,0.0,Benign
49044.0,6.0,2018-02-16 01:46:35,4407630.0,5.0,4.0,935.0,722.0,935.0,0.0,187.0,418.1447118,361.0,0.0,180.5,208.4234472,375.9389967,2.041913682,550953.75,1461363.781,4163021.0,7.0,4407630.0,1101907.5,2043514.827,4163028.0,37.0,231712.0,77237.33333,119756.8463,215330.0,1905.0,0.0,0.0,168.0,136.0,1.13439649,0.907517192,0.0,935.0,165.7,309.1749056,95589.12222,0.0,0.0,0.0,0.0,1.0,0.0,0.0,0.0,0.0,184.1111111,187.0,180.5,5.0,935.0,4.0,722.0,237.0,211.0,1.0,32.0,0.0,0.0,0.0,0.0,0.0,0.0,0.0,0.0,Benign
37042.0,6.0,2018-02-16 01:47:38,4282492.0,5.0,3.0,935.0,333.0,935.0,0.0,187.0,418.1447118,333.0,0.0,111.0,192.2576396,296.0892863,1.868071207,611784.5714,1554043.387,4135469.0,7.0,4282492.0,1070623.0,2043816.399,4135476.0,22.0,115481.0,57740.5,22437.20527,73606.0,41875.0,0.0,0.0,168.0,104.0,1.167544504,0.700526703,0.0,935.0,140.8888889,317.5033246,100808.3611,0.0,0.0,0.0,0.0,1.0,0.0,0.0,0.0,0.0,158.5,187.0,111.0,5.0,935.0,3.0,333.0,219.0,211.0,1.0,32.0,0.0,0.0,0.0,0.0,0.0,0.0,0.0,0.0,Benign
59082.0,6.0,2018-02-16 01:48:12,4274816.0,5.0,3.0,935.0,409.0,935.0,0.0,187.0,418.1447118,409.0,0.0,136.3333333,236.1362601,314.399497,1.871425577,610688.0,1582680.905,4199656.0,5.0,4274816.0,1068704.0,2087381.489,4199661.0,21.0,34226.0,17113.0,21959.9082,32641.0,1585.0,0.0,0.0,168.0,104.0,1.169640986,0.701784591,0.0,935.0,149.3333333,324.1916871,105100.25,0.0,0.0,0.0,0.0,1.0,0.0,0.0,0.0,0.0,168.0,187.0,136.3333333,5.0,935.0,3.0,409.0,237.0,211.0,1.0,32.0,0.0,0.0,0.0,0.0,0.0,0.0,0.0,0.0,Benign
46258.0,6.0,2018-02-16 01:48:05,4358171.0,5.0,3.0,935.0,349.0,935.0,0.0,187.0,418.1447118,349.0,0.0,116.3333333,201.4952439,294.6190042,1.835632425,622595.8571,1613940.802,4282409.0,8.0,4358171.0,1089542.75,2128715.157,4282418.0,22.0,56929.0,28464.5,34767.73332,53049.0,3880.0,0.0,0.0,168.0,104.0,1.147270265,0.688362159,0.0,935.0,142.6666667,318.7557843,101605.25,0.0,0.0,0.0,0.0,1.0,0.0,0.0,0.0,0.0,160.5,187.0,116.3333333,5.0,935.0,3.0,349.0,237.0,211.0,1.0,32.0,0.0,0.0,0.0,0.0,0.0,0.0,0.0,0.0,Benign
59528.0,6.0,2018-02-16 01:48:37,4275439.0,5.0,3.0,935.0,317.0,935.0,0.0,187.0,418.1447118,317.0,0.0,105.6666667,183.0200353,292.8354258,1.87115288,610777.0,1590492.813,4217544.0,4.0,4275439.0,1068859.75,2099172.49,4217551.0,27.0,31136.0,15568.0,21624.73958,30859.0,277.0,0.0,0.0,168.0,104.0,1.16947055,0.70168233,0.0,935.0,139.1111111,316.335836,100068.3611,0.0,0.0,0.0,0.0,1.0,0.0,0.0,0.0,0.0,156.5,187.0,105.6666667,5.0,935.0,3.0,317.0,219.0,211.0,1.0,32.0,0.0,0.0,0.0,0.0,0.0,0.0,0.0,0.0,Benign
38266.0,6.0,2018-02-16 01:45:54,5086045.0,5.0,4.0,935.0,804.0,935.0,0.0,187.0,418.1447118,402.0,0.0,201.0,232.0948082,341.9159681,1.769547851,635755.625,1657002.023,4732255.0,5.0,5086045.0,1271511.25,2312066.063,4732263.0,22.0,330222.0,110074.0,104716.8447,208852.0,288.0,0.0,0.0,168.0,136.0,0.983082139,0.786465712,0.0,935.0,173.9,315.3518141,99446.76667,0.0,0.0,0.0,0.0,1.0,0.0,0.0,0.0,0.0,193.2222222,187.0,201.0,5.0,935.0,4.0,804.0,219.0,211.0,1.0,32.0,0.0,0.0,0.0,0.0,0.0,0.0,0.0,0.0,Benign
59636.0,6.0,2018-02-16 01:47:54,4267034.0,5.0,3.0,935.0,296.0,935.0,0.0,187.0,418.1447118,296.0,0.0,98.66666667,170.8956797,288.4907877,1.874838588,609576.2857,1587141.083,4208767.0,9.0,4267034.0,1066758.5,2094723.851,4208777.0,34.0,29224.0,14612.0,14016.27062,24523.0,4701.0,0.0,0.0,168.0,104.0,1.171774118,0.703064471,0.0,935.0,136.7777778,314.9340319,99183.44444,0.0,0.0,0.0,0.0,1.0,0.0,0.0,0.0,0.0,153.875,187.0,98.66666667,5.0,935.0,3.0,296.0,219.0,211.0,1.0,32.0,0.0,0.0,0.0,0.0,0.0,0.0,0.0,0.0,Benign
53418.0,6.0,2018-02-16 01:48:11,4350041.0,5.0,3.0,935.0,328.0,935.0,0.0,187.0,418.1447118,328.0,0.0,109.3333333,189.3708883,290.342091,1.839063126,621434.4286,1598989.134,4246721.0,6.0,4350041.0,1087510.25,2106598.987,4246727.0,63.0,96181.0,48090.5,67440.30926,95778.0,403.0,0.0,0.0,168.0,104.0,1.149414454,0.689648672,0.0,935.0,140.3333333,317.1293112,100571.0,0.0,0.0,0.0,0.0,1.0,0.0,0.0,0.0,0.0,157.875,187.0,109.3333333,5.0,935.0,3.0,328.0,219.0,211.0,1.0,32.0,0.0,0.0,0.0,0.0,0.0,0.0,0.0,0.0,Benign
51490.0,6.0,2018-02-16 01:46:14,4007913.0,5.0,3.0,935.0,304.0,935.0,0.0,187.0,418.1447118,304.0,0.0,101.3333333,175.5144818,309.1384469,1.996051311,572559.0,1483593.638,3936791.0,3.0,4007913.0,1001978.25,1956656.148,3936799.0,36.0,50361.0,25180.5,32357.91341,48061.0,2300.0,0.0,0.0,168.0,104.0,1.24753207,0.748519242,0.0,935.0,137.6666667,315.4504715,99509.0,0.0,0.0,0.0,0.0,1.0,0.0,0.0,0.0,0.0,154.875,187.0,101.3333333,5.0,935.0,3.0,304.0,219.0,211.0,1.0,32.0,0.0,0.0,0.0,0.0,0.0,0.0,0.0,0.0,Benign
54008.0,6.0,2018-02-16 01:46:02,4373821.0,5.0,3.0,935.0,356.0,935.0,0.0,187.0,418.1447118,356.0,0.0,118.6666667,205.5366958,295.1652571,1.829064335,624831.5714,1596170.303,4242962.0,4.0,4373821.0,1093455.25,2100555.985,4242969.0,20.0,129604.0,64802.0,91283.24281,129349.0,255.0,0.0,0.0,168.0,104.0,1.14316521,0.685899126,0.0,935.0,143.4444444,319.3302018,101971.7778,0.0,0.0,0.0,0.0,1.0,0.0,0.0,0.0,0.0,161.375,187.0,118.6666667,5.0,935.0,3.0,356.0,237.0,211.0,1.0,32.0,0.0,0.0,0.0,0.0,0.0,0.0,0.0,0.0,Benign
38836.0,6.0,2018-02-16 01:45:33,5530341.0,5.0,3.0,935.0,365.0,935.0,0.0,187.0,418.1447118,365.0,0.0,121.6666667,210.7328483,235.0668792,1.446565411,790048.7143,2048545.456,5435255.0,6.0,5530341.0,1382585.25,2702000.795,5435263.0,53.0,79090.0,39545.0,55598.39199,78859.0,231.0,0.0,0.0,168.0,104.0,0.904103382,0.542462029,0.0,935.0,144.4444444,320.0922176,102459.0278,0.0,0.0,0.0,0.0,1.0,0.0,0.0,0.0,0.0,162.5,187.0,121.6666667,5.0,935.0,3.0,365.0,219.0,211.0,1.0,32.0,0.0,0.0,0.0,0.0,5435255.0,0.0,5435255.0,5435255.0,Benign
52206.0,6.0,2018-02-16 01:48:28,4489681.0,5.0,4.0,935.0,714.0,935.0,0.0,187.0,418.1447118,357.0,0.0,178.5,206.1140461,367.2866736,2.004596763,561210.125,1464533.222,4180340.0,7.0,4489681.0,1122420.25,2042063.892,4180350.0,11414.0,270514.0,90171.33333,128727.2185,238281.0,5238.0,0.0,0.0,168.0,136.0,1.113664868,0.890931895,0.0,935.0,164.9,308.6175087,95244.76667,0.0,0.0,0.0,0.0,1.0,0.0,0.0,0.0,0.0,183.2222222,187.0,178.5,5.0,935.0,4.0,714.0,219.0,211.0,1.0,32.0,0.0,0.0,0.0,0.0,0.0,0.0,0.0,0.0,Benign
39596.0,6.0,2018-02-16 01:46:04,4279805.0,5.0,3.0,935.0,320.0,935.0,0.0,187.0,418.1447118,320.0,0.0,106.6666667,184.7520861,293.2376592,1.869244043,611400.7143,1576792.638,4186794.0,6.0,4279805.0,1069951.25,2078079.072,4186801.0,38.0,66442.0,33221.0,46595.50845,66169.0,273.0,0.0,0.0,168.0,104.0,1.168277527,0.700966516,0.0,935.0,139.4444444,316.5482235,100202.7778,0.0,0.0,0.0,0.0,1.0,0.0,0.0,0.0,0.0,156.875,187.0,106.6666667,5.0,935.0,3.0,320.0,237.0,211.0,1.0,32.0,0.0,0.0,0.0,0.0,0.0,0.0,0.0,0.0,Benign
45636.0,6.0,2018-02-16 01:47:26,4195544.0,5.0,3.0,935.0,300.0,935.0,0.0,187.0,418.1447118,300.0,0.0,100.0,173.2050808,294.3599209,1.906784913,599363.4286,1543967.856,4100266.0,5.0,4195544.0,1048886.0,2034464.744,4100273.0,26.0,70133.0,35066.5,49038.56238,69742.0,391.0,0.0,0.0,168.0,104.0,1.19174057,0.715044342,0.0,935.0,137.2222222,315.1895373,99344.44444,0.0,0.0,0.0,0.0,1.0,0.0,0.0,0.0,0.0,154.375,187.0,100.0,5.0,935.0,3.0,300.0,219.0,211.0,1.0,32.0,0.0,0.0,0.0,0.0,0.0,0.0,0.0,0.0,Benign
40732.0,6.0,2018-02-16 01:46:12,4287364.0,5.0,3.0,935.0,350.0,935.0,0.0,187.0,418.1447118,350.0,0.0,116.6666667,202.0725942,299.7179619,1.865948401,612480.5714,1574861.524,4183487.0,3.0,4287364.0,1071841.0,2074597.459,4183495.0,20.0,62265.0,31132.5,42772.18209,61377.0,888.0,0.0,0.0,168.0,104.0,1.166217751,0.69973065,0.0,935.0,142.7777778,318.8368618,101656.9444,0.0,0.0,0.0,0.0,1.0,0.0,0.0,0.0,0.0,160.625,187.0,116.6666667,5.0,935.0,3.0,350.0,219.0,211.0,1.0,32.0,0.0,0.0,0.0,0.0,0.0,0.0,0.0,0.0,Benign
43372.0,6.0,2018-02-16 01:46:43,4482729.0,5.0,3.0,935.0,410.0,935.0,0.0,187.0,418.1447118,410.0,0.0,136.6666667,236.7136104,300.0404441,1.784627177,640389.8571,1662663.822,4410774.0,9.0,4482729.0,1120682.25,2193473.022,4410783.0,34.0,29094.0,14547.0,14719.13476,24955.0,4139.0,0.0,0.0,168.0,104.0,1.115391986,0.669235191,0.0,935.0,149.4444444,324.2919638,105165.2778,0.0,0.0,0.0,0.0,1.0,0.0,0.0,0.0,0.0,168.125,187.0,136.6666667,5.0,935.0,3.0,410.0,237.0,211.0,1.0,32.0,0.0,0.0,0.0,0.0,0.0,0.0,0.0,0.0,Benign
46320.0,6.0,2018-02-16 01:45:51,4969950.0,5.0,3.0,935.0,361.0,935.0,0.0,187.0,418.1447118,361.0,0.0,120.3333333,208.4234472,260.7672109,1.609674142,709992.8571,1845602.003,4895288.0,7.0,4969950.0,1242487.5,2435360.47,4895297.0,51.0,63063.0,31531.5,11998.89497,40016.0,23047.0,0.0,0.0,168.0,104.0,1.006046338,0.603627803,0.0,935.0,144.0,319.7502932,102240.25,0.0,0.0,0.0,0.0,1.0,0.0,0.0,0.0,0.0,162.0,187.0,120.3333333,5.0,935.0,3.0,361.0,237.0,211.0,1.0,32.0,0.0,0.0,0.0,0.0,0.0,0.0,0.0,0.0,Benign
52692.0,6.0,2018-02-16 01:46:44,64671534.0,5.0,4.0,935.0,339.0,935.0,0.0,187.0,418.1447118,339.0,0.0,84.75,169.5,19.69954818,0.139164783,8083941.75,22800000.0,64600000.0,7.0,64700000.0,16200000.0,32300000.0,64600000.0,39.0,64600000.0,21500000.0,37300000.0,64600000.0,11560.0,0.0,0.0,168.0,136.0,0.077313768,0.061851015,0.0,935.0,127.4,303.102183,91870.93333,0.0,0.0,0.0,0.0,1.0,1.0,0.0,0.0,0.0,141.5555556,187.0,84.75,5.0,935.0,4.0,339.0,237.0,211.0,1.0,32.0,583.0,0.0,583.0,583.0,64600000.0,0.0,64600000.0,64600000.0,Benign
36328.0,6.0,2018-02-16 01:47:04,4364760.0,5.0,3.0,935.0,334.0,935.0,0.0,187.0,418.1447118,334.0,0.0,111.3333333,192.8349899,290.7376351,1.832861372,623537.1429,1603286.375,4259087.0,8.0,4364760.0,1091190.0,2112125.729,4259095.0,38.0,69230.0,34615.0,34786.82521,59213.0,10017.0,0.0,0.0,168.0,104.0,1.145538357,0.687323014,0.0,935.0,141.0,317.579124,100856.5,0.0,0.0,0.0,0.0,1.0,0.0,0.0,0.0,0.0,158.625,187.0,111.3333333,5.0,935.0,3.0,334.0,237.0,211.0,1.0,32.0,0.0,0.0,0.0,0.0,0.0,0.0,0.0,0.0,Benign
37086.0,6.0,2018-02-16 01:47:12,4174935.0,5.0,3.0,935.0,339.0,935.0,0.0,187.0,418.1447118,339.0,0.0,113.0,195.7217413,305.1544515,1.916197498,596419.2857,1546859.349,4103864.0,6.0,4174935.0,1043733.75,2040361.112,4103870.0,37.0,70652.0,35326.0,49589.39856,70391.0,261.0,0.0,0.0,168.0,104.0,1.197623436,0.718574062,0.0,935.0,141.5555556,317.9630918,101100.5278,0.0,0.0,0.0,0.0,1.0,0.0,0.0,0.0,0.0,159.25,187.0,113.0,5.0,935.0,3.0,339.0,237.0,211.0,1.0,32.0,0.0,0.0,0.0,0.0,0.0,0.0,0.0,0.0,Benign
40272.0,6.0,2018-02-16 01:45:49,4920573.0,5.0,3.0,935.0,330.0,935.0,0.0,187.0,418.1447118,330.0,0.0,110.0,190.5255888,257.0838803,1.625826911,702939.0,1829709.299,4851933.0,7.0,4920573.0,1230143.25,2414744.773,4851940.0,23.0,68297.0,34148.5,47887.39254,68010.0,287.0,0.0,0.0,168.0,104.0,1.016141819,0.609685092,0.0,935.0,140.5555556,317.2779188,100665.2778,0.0,0.0,0.0,0.0,1.0,0.0,0.0,0.0,0.0,158.125,187.0,110.0,5.0,935.0,3.0,330.0,219.0,211.0,1.0,32.0,0.0,0.0,0.0,0.0,0.0,0.0,0.0,0.0,Benign
59822.0,6.0,2018-02-16 01:46:07,4013710.0,5.0,3.0,935.0,353.0,935.0,0.0,187.0,418.1447118,353.0,0.0,117.6666667,203.804645,320.9001149,1.993168415,573387.1429,1489808.433,3951796.0,5.0,4013710.0,1003427.5,1965650.996,3951801.0,17.0,21668.0,10834.0,6383.760021,15348.0,6320.0,0.0,0.0,168.0,104.0,1.24573026,0.747438156,0.0,935.0,143.1111111,319.0820602,101813.3611,0.0,0.0,0.0,0.0,1.0,0.0,0.0,0.0,0.0,161.0,187.0,117.6666667,5.0,935.0,3.0,353.0,219.0,211.0,1.0,32.0,0.0,0.0,0.0,0.0,0.0,0.0,0.0,0.0,Benign
54552.0,6.0,2018-02-16 01:46:40,4233994.0,5.0,3.0,935.0,291.0,935.0,0.0,187.0,418.1447118,291.0,0.0,97.0,168.0089283,289.5611094,1.889468903,604856.2857,1585991.104,4201451.0,4.0,4233994.0,1058498.5,2095355.83,4201455.0,46.0,31615.0,15807.5,21761.21119,31195.0,420.0,0.0,0.0,168.0,104.0,1.180918065,0.708550839,0.0,935.0,136.2222222,314.6223044,98987.19444,0.0,0.0,0.0,0.0,1.0,0.0,0.0,0.0,0.0,153.25,187.0,97.0,5.0,935.0,3.0,291.0,219.0,211.0,1.0,32.0,0.0,0.0,0.0,0.0,0.0,0.0,0.0,0.0,Benign
51064.0,6.0,2018-02-16 01:46:48,4405380.0,5.0,3.0,935.0,325.0,935.0,0.0,187.0,418.1447118,325.0,0.0,108.3333333,187.6388375,286.0139193,1.815961393,629340.0,1648551.799,4367774.0,5.0,4405380.0,1101345.0,2177693.261,4367779.0,43.0,37331.0,18665.5,25951.52598,37016.0,315.0,0.0,0.0,168.0,104.0,1.13497587,0.680985522,0.0,935.0,140.0,316.9088986,100431.25,0.0,0.0,0.0,0.0,1.0,0.0,0.0,0.0,0.0,157.5,187.0,108.3333333,5.0,935.0,3.0,325.0,219.0,211.0,1.0,32.0,0.0,0.0,0.0,0.0,0.0,0.0,0.0,0.0,Benign
59744.0,6.0,2018-02-16 01:47:12,4259041.0,5.0,3.0,935.0,373.0,935.0,0.0,187.0,418.1447118,373.0,0.0,124.3333333,215.3516504,307.1113896,1.878357123,608434.4286,1584669.364,4201984.0,6.0,4259041.0,1064760.25,2091540.793,4201991.0,22.0,36632.0,18316.0,25546.35379,36380.0,252.0,0.0,0.0,168.0,104.0,1.173973202,0.704383921,0.0,935.0,145.3333333,320.791599,102907.25,0.0,0.0,0.0,0.0,1.0,0.0,0.0,0.0,0.0,163.5,187.0,124.3333333,5.0,935.0,3.0,373.0,237.0,211.0,1.0,32.0,0.0,0.0,0.0,0.0,0.0,0.0,0.0,0.0,Benign
56632.0,6.0,2018-02-16 01:47:54,4388898.0,5.0,3.0,935.0,327.0,935.0,0.0,187.0,418.1447118,327.0,0.0,109.0,188.793538,287.5437069,1.822781026,626985.4286,1622786.067,4306848.0,6.0,4388898.0,1097224.5,2140098.566,4306856.0,48.0,81631.0,40815.5,10580.43877,48297.0,33334.0,0.0,0.0,168.0,104.0,1.139238141,0.683542885,0.0,935.0,140.2222222,317.0555069,100524.1944,0.0,0.0,0.0,0.0,1.0,0.0,0.0,0.0,0.0,157.75,187.0,109.0,5.0,935.0,3.0,327.0,237.0,211.0,1.0,32.0,0.0,0.0,0.0,0.0,0.0,0.0,0.0,0.0,Benign
39602.0,6.0,2018-02-16 01:47:34,4272455.0,4.0,6.0,935.0,350.0,935.0,0.0,233.75,467.5,350.0,0.0,58.33333333,142.8869017,300.7638465,2.340574681,474717.2222,1387514.323,4174477.0,8.0,4268872.0,1422957.333,2394150.243,4187467.0,32329.0,4259473.0,851894.6,1857485.862,4174477.0,1886.0,0.0,0.0,136.0,212.0,0.936229873,1.404344809,0.0,935.0,116.8181818,290.9662586,84661.36364,0.0,0.0,0.0,0.0,1.0,0.0,0.0,0.0,1.0,128.5,233.75,58.33333333,4.0,935.0,6.0,350.0,237.0,225.0,1.0,32.0,0.0,0.0,0.0,0.0,0.0,0.0,0.0,0.0,Benign
37868.0,6.0,2018-02-16 01:45:54,4642218.0,5.0,3.0,935.0,415.0,935.0,0.0,187.0,418.1447118,415.0,0.0,138.3333333,239.6003617,290.809264,1.723314157,663174.0,1706855.123,4533666.0,6.0,4642218.0,1160554.5,2248896.108,4533672.0,48.0,60589.0,30294.5,21604.23349,45571.0,15018.0,0.0,0.0,168.0,104.0,1.077071348,0.646242809,0.0,935.0,150.0,324.7980142,105493.75,0.0,0.0,0.0,0.0,1.0,0.0,0.0,0.0,0.0,168.75,187.0,138.3333333,5.0,935.0,3.0,415.0,219.0,211.0,1.0,32.0,0.0,0.0,0.0,0.0,0.0,0.0,0.0,0.0,Benign
58470.0,6.0,2018-02-16 01:46:40,4449104.0,5.0,3.0,935.0,326.0,935.0,0.0,187.0,418.1447118,326.0,0.0,108.6666667,188.2161878,283.4278542,1.798114856,635586.2857,1645029.38,4365927.0,8.0,4449104.0,1112276.0,2169202.238,4365935.0,25.0,48699.0,24349.5,28805.40895,44718.0,3981.0,0.0,0.0,168.0,104.0,1.123821785,0.674293071,0.0,935.0,140.1111111,316.9820359,100477.6111,0.0,0.0,0.0,0.0,1.0,0.0,0.0,0.0,0.0,157.625,187.0,108.6666667,5.0,935.0,3.0,326.0,219.0,211.0,1.0,32.0,0.0,0.0,0.0,0.0,0.0,0.0,0.0,0.0,Benign
58398.0,6.0,2018-02-16 01:45:48,5122391.0,5.0,3.0,935.0,327.0,935.0,0.0,187.0,418.1447118,327.0,0.0,109.0,188.793538,246.3693225,1.561770665,731770.1429,1907096.425,5056580.0,8.0,5122391.0,1280597.75,2517381.811,5056589.0,23.0,39968.0,19984.0,6899.947971,24863.0,15105.0,0.0,0.0,168.0,104.0,0.976106666,0.585663999,0.0,935.0,140.2222222,317.0555069,100524.1944,0.0,0.0,0.0,0.0,1.0,0.0,0.0,0.0,0.0,157.75,187.0,109.0,5.0,935.0,3.0,327.0,219.0,211.0,1.0,32.0,0.0,0.0,0.0,0.0,5056580.0,0.0,5056580.0,5056580.0,Benign
47680.0,6.0,2018-02-16 01:45:46,65916747.0,5.0,4.0,935.0,393.0,935.0,0.0,187.0,418.1447118,393.0,0.0,98.25,196.5,20.14662526,0.136535864,8239593.375,23200000.0,65700000.0,6.0,65900000.0,16500000.0,32800000.0,65700000.0,27.0,65900000.0,22000000.0,37900000.0,65700000.0,320.0,0.0,0.0,168.0,136.0,0.075853258,0.060682606,0.0,935.0,132.8,307.7364673,94701.73333,0.0,0.0,0.0,0.0,1.0,1.0,0.0,0.0,0.0,147.5555556,187.0,98.25,5.0,935.0,4.0,393.0,237.0,211.0,1.0,32.0,293.0,0.0,293.0,293.0,65700000.0,0.0,65700000.0,65700000.0,Benign
53488.0,6.0,2018-02-16 01:48:07,4326842.0,5.0,3.0,935.0,346.0,935.0,0.0,187.0,418.1447118,346.0,0.0,115.3333333,199.7631931,296.0588808,1.848923534,618120.2857,1576284.702,4192387.0,7.0,4326842.0,1081710.5,2074073.576,4192396.0,42.0,83291.0,41645.5,18983.69575,55069.0,28222.0,0.0,0.0,168.0,104.0,1.155577209,0.693346325,0.0,935.0,142.3333333,318.5145209,101451.5,0.0,0.0,0.0,0.0,1.0,0.0,0.0,0.0,0.0,160.125,187.0,115.3333333,5.0,935.0,3.0,346.0,237.0,211.0,1.0,32.0,0.0,0.0,0.0,0.0,0.0,0.0,0.0,0.0,Benign
49156.0,6.0,2018-02-16 01:47:23,4071863.0,5.0,3.0,935.0,392.0,935.0,0.0,187.0,418.1447118,392.0,0.0,130.6666667,226.3213055,325.895051,1.964702643,581694.7143,1490987.922,3962656.0,8.0,4071863.0,1017965.75,1963316.909,3962664.0,56.0,64440.0,32220.0,11595.137,40419.0,24021.0,0.0,0.0,168.0,104.0,1.227939152,0.736763491,0.0,935.0,147.4444444,322.5349249,104028.7778,0.0,0.0,0.0,0.0,1.0,0.0,0.0,0.0,0.0,165.875,187.0,130.6666667,5.0,935.0,3.0,392.0,219.0,211.0,1.0,32.0,0.0,0.0,0.0,0.0,0.0,0.0,0.0,0.0,Benign
55406.0,6.0,2018-02-16 01:46:19,36611.0,1.0,2.0,0.0,0.0,0.0,0.0,0.0,0.0,0.0,0.0,0.0,0.0,0.0,81.94258556,18305.5,9852.118782,25272.0,11339.0,0.0,0.0,0.0,0.0,0.0,25272.0,25272.0,0.0,25272.0,25272.0,0.0,0.0,32.0,64.0,27.31419519,54.62839037,0.0,0.0,0.0,0.0,0.0,0.0,0.0,0.0,0.0,1.0,1.0,0.0,0.0,2.0,0.0,0.0,0.0,1.0,0.0,2.0,0.0,219.0,225.0,0.0,32.0,0.0,0.0,0.0,0.0,0.0,0.0,0.0,0.0,Benign
59864.0,6.0,2018-02-16 01:46:41,4482360.0,5.0,3.0,935.0,344.0,935.0,0.0,187.0,418.1447118,344.0,0.0,114.6666667,198.6084926,285.340758,1.784774092,640337.1429,1654997.248,4393266.0,6.0,4482360.0,1120590.0,2181891.03,4393274.0,48.0,41984.0,20992.0,20875.20639,35753.0,6231.0,0.0,0.0,168.0,104.0,1.115483808,0.669290285,0.0,935.0,142.1111111,318.3553221,101350.1111,0.0,0.0,0.0,0.0,1.0,0.0,0.0,0.0,0.0,159.875,187.0,114.6666667,5.0,935.0,3.0,344.0,237.0,211.0,1.0,32.0,0.0,0.0,0.0,0.0,0.0,0.0,0.0,0.0,Benign
51376.0,6.0,2018-02-16 01:47:36,4137748.0,5.0,3.0,935.0,307.0,935.0,0.0,187.0,418.1447118,307.0,0.0,102.3333333,177.2465326,300.1632772,1.933418855,591106.8571,1532096.45,4065460.0,5.0,4137748.0,1034437.0,2020812.936,4065466.0,43.0,54442.0,27221.0,2228.800574,28797.0,25645.0,0.0,0.0,168.0,104.0,1.208386784,0.725032071,0.0,935.0,138.0,315.6497268,99634.75,0.0,0.0,0.0,0.0,1.0,0.0,0.0,0.0,0.0,155.25,187.0,102.3333333,5.0,935.0,3.0,307.0,237.0,211.0,1.0,32.0,0.0,0.0,0.0,0.0,0.0,0.0,0.0,0.0,Benign
50572.0,6.0,2018-02-16 01:48:02,4303596.0,5.0,3.0,935.0,350.0,935.0,0.0,187.0,418.1447118,350.0,0.0,116.6666667,202.0725942,298.5875068,1.858910548,614799.4286,1590315.309,4220727.0,6.0,4303596.0,1075899.0,2096849.179,4220734.0,17.0,77039.0,38519.5,54105.68958,76778.0,261.0,0.0,0.0,168.0,104.0,1.161819093,0.697091456,0.0,935.0,142.7777778,318.8368618,101656.9444,0.0,0.0,0.0,0.0,1.0,0.0,0.0,0.0,0.0,160.625,187.0,116.6666667,5.0,935.0,3.0,350.0,219.0,211.0,1.0,32.0,0.0,0.0,0.0,0.0,0.0,0.0,0.0,0.0,Benign
46210.0,6.0,2018-02-16 01:47:31,4201774.0,5.0,4.0,935.0,341.0,935.0,0.0,187.0,418.1447118,341.0,0.0,85.25,170.5,303.6812546,2.141952423,525221.75,1418422.801,4033521.0,6.0,4201774.0,1050443.5,1989696.02,4033528.0,4627.0,163950.0,54650.0,77944.0317,143953.0,303.0,0.0,0.0,168.0,136.0,1.189973568,0.951978855,0.0,935.0,127.6,303.2579393,91965.37778,0.0,0.0,0.0,0.0,1.0,0.0,0.0,0.0,0.0,141.7777778,187.0,85.25,5.0,935.0,4.0,341.0,237.0,225.0,1.0,32.0,0.0,0.0,0.0,0.0,0.0,0.0,0.0,0.0,Benign
54912.0,6.0,2018-02-16 01:48:07,4590212.0,5.0,4.0,935.0,642.0,935.0,0.0,187.0,418.1447118,321.0,0.0,160.5,185.3294364,343.5571168,1.960693754,573776.5,1484334.291,4239471.0,4.0,4590212.0,1147553.0,2067724.316,4239476.0,53.0,347559.0,115853.0,146806.7865,283216.0,8838.0,0.0,0.0,168.0,136.0,1.089274308,0.871419446,0.0,935.0,157.7,303.97626,92401.56667,0.0,0.0,0.0,0.0,1.0,0.0,0.0,0.0,0.0,175.2222222,187.0,160.5,5.0,935.0,4.0,642.0,219.0,211.0,1.0,32.0,0.0,0.0,0.0,0.0,0.0,0.0,0.0,0.0,Benign
41924.0,6.0,2018-02-16 01:48:40,3194526.0,5.0,3.0,935.0,325.0,935.0,0.0,187.0,418.1447118,325.0,0.0,108.3333333,187.6388375,394.4247128,2.504283891,456360.8571,1169860.934,3108948.0,4.0,3194526.0,798631.5,1540365.563,3108952.0,24.0,33141.0,16570.5,21253.50852,31599.0,1542.0,0.0,0.0,168.0,104.0,1.565177432,0.939106459,0.0,935.0,140.0,316.9088986,100431.25,0.0,0.0,0.0,0.0,1.0,0.0,0.0,0.0,0.0,157.5,187.0,108.3333333,5.0,935.0,3.0,325.0,237.0,211.0,1.0,32.0,0.0,0.0,0.0,0.0,0.0,0.0,0.0,0.0,Benign
55436.0,6.0,2018-02-16 01:46:36,4266721.0,5.0,3.0,935.0,358.0,935.0,0.0,187.0,418.1447118,358.0,0.0,119.3333333,206.6913964,303.0430159,1.874976123,609531.5714,1586909.065,4208147.0,4.0,4266721.0,1066680.25,2094375.42,4208151.0,22.0,19185.0,9592.5,12213.85543,18229.0,956.0,0.0,0.0,168.0,104.0,1.171860077,0.703116046,0.0,935.0,143.6666667,319.4972613,102078.5,0.0,0.0,0.0,0.0,1.0,0.0,0.0,0.0,0.0,161.625,187.0,119.3333333,5.0,935.0,3.0,358.0,237.0,211.0,1.0,32.0,0.0,0.0,0.0,0.0,0.0,0.0,0.0,0.0,Benign
48976.0,6.0,2018-02-16 01:46:35,4157541.0,5.0,3.0,935.0,351.0,935.0,0.0,187.0,418.1447118,351.0,0.0,117.0,202.6499445,309.3174547,1.924214337,593934.4286,1543449.841,4093980.0,6.0,4157541.0,1039385.25,2036468.714,4093986.0,25.0,22765.0,11382.5,11774.03501,19708.0,3057.0,0.0,0.0,168.0,104.0,1.202633961,0.721580376,0.0,935.0,142.8888889,318.9182671,101708.8611,0.0,0.0,0.0,0.0,1.0,0.0,0.0,0.0,0.0,160.75,187.0,117.0,5.0,935.0,3.0,351.0,219.0,211.0,1.0,32.0,0.0,0.0,0.0,0.0,0.0,0.0,0.0,0.0,Benign
44316.0,6.0,2018-02-16 01:47:05,4226736.0,5.0,3.0,935.0,344.0,935.0,0.0,187.0,418.1447118,344.0,0.0,114.6666667,198.6084926,302.5975599,1.892713432,603819.4286,1555047.945,4129990.0,5.0,4226736.0,1056684.0,2049003.738,4129998.0,24.0,50908.0,25454.0,31923.04274,48027.0,2881.0,0.0,0.0,168.0,104.0,1.182945895,0.709767537,0.0,935.0,142.1111111,318.3553221,101350.1111,0.0,0.0,0.0,0.0,1.0,0.0,0.0,0.0,0.0,159.875,187.0,114.6666667,5.0,935.0,3.0,344.0,219.0,211.0,1.0,32.0,0.0,0.0,0.0,0.0,0.0,0.0,0.0,0.0,Benign
52010.0,6.0,2018-02-16 01:47:44,4231482.0,5.0,3.0,935.0,296.0,935.0,0.0,187.0,418.1447118,296.0,0.0,98.66666667,170.8956797,290.9146252,1.890590578,604497.4286,1562948.376,4148580.0,8.0,4231482.0,1057870.5,2060623.676,4148588.0,34.0,59517.0,29758.5,41639.39702,59202.0,315.0,0.0,0.0,168.0,104.0,1.181619111,0.708971467,0.0,935.0,136.7777778,314.9340319,99183.44444,0.0,0.0,0.0,0.0,1.0,0.0,0.0,0.0,0.0,153.875,187.0,98.66666667,5.0,935.0,3.0,296.0,219.0,211.0,1.0,32.0,0.0,0.0,0.0,0.0,0.0,0.0,0.0,0.0,Benign
60048.0,6.0,2018-02-16 01:46:50,4427687.0,5.0,3.0,935.0,398.0,935.0,0.0,187.0,418.1447118,398.0,0.0,132.6666667,229.7854071,301.0601246,1.806812451,632526.7143,1627047.33,4321875.0,10.0,4427687.0,1106921.75,2143470.772,4321890.0,35.0,62318.0,31159.0,43535.1503,61943.0,375.0,0.0,0.0,168.0,104.0,1.129257782,0.677554669,0.0,935.0,148.1111111,323.1092866,104399.6111,0.0,0.0,0.0,0.0,1.0,0.0,0.0,0.0,0.0,166.625,187.0,132.6666667,5.0,935.0,3.0,398.0,237.0,211.0,1.0,32.0,0.0,0.0,0.0,0.0,0.0,0.0,0.0,0.0,Benign
49110.0,6.0,2018-02-16 01:46:53,4384423.0,5.0,3.0,935.0,318.0,935.0,0.0,187.0,418.1447118,318.0,0.0,106.0,183.5973856,285.7844692,1.824641464,626346.1429,1628348.928,4318907.0,6.0,4384423.0,1096105.75,2148609.579,4318914.0,24.0,22785.0,11392.5,15722.51928,22510.0,275.0,0.0,0.0,168.0,104.0,1.140400915,0.684240549,0.0,935.0,139.2222222,316.4062965,100112.9444,0.0,0.0,0.0,0.0,1.0,0.0,0.0,0.0,0.0,156.625,187.0,106.0,5.0,935.0,3.0,318.0,219.0,211.0,1.0,32.0,0.0,0.0,0.0,0.0,0.0,0.0,0.0,0.0,Benign
36374.0,6.0,2018-02-16 01:45:32,5520679.0,5.0,3.0,935.0,331.0,935.0,0.0,187.0,418.1447118,331.0,0.0,110.3333333,191.1029391,229.3196181,1.449097113,788668.4286,2062001.74,5464704.0,5.0,5520679.0,1380169.75,2723093.046,5464710.0,1178.0,9739.0,4869.5,4898.128673,8333.0,1406.0,0.0,0.0,168.0,104.0,0.905685696,0.543411417,0.0,935.0,140.6666667,317.3527217,100712.75,0.0,0.0,0.0,0.0,1.0,0.0,0.0,0.0,0.0,158.25,187.0,110.3333333,5.0,935.0,3.0,331.0,237.0,211.0,1.0,32.0,0.0,0.0,0.0,0.0,5464704.0,0.0,5464704.0,5464704.0,Benign
37094.0,6.0,2018-02-16 01:45:59,4597821.0,5.0,3.0,935.0,332.0,935.0,0.0,187.0,418.1447118,332.0,0.0,110.6666667,191.6802894,275.5653167,1.739954644,656831.5714,1673767.846,4451776.0,7.0,4597821.0,1149455.25,2201825.41,4451783.0,26.0,78628.0,39314.0,55188.27006,78338.0,290.0,0.0,0.0,168.0,104.0,1.087471652,0.652482991,0.0,935.0,140.7777778,317.4278571,100760.4444,0.0,0.0,0.0,0.0,1.0,0.0,0.0,0.0,0.0,158.375,187.0,110.6666667,5.0,935.0,3.0,332.0,219.0,211.0,1.0,32.0,0.0,0.0,0.0,0.0,0.0,0.0,0.0,0.0,Benign
33888.0,6.0,2018-02-16 01:48:25,4229595.0,5.0,3.0,935.0,309.0,935.0,0.0,187.0,418.1447118,309.0,0.0,103.0,178.4012332,294.1179947,1.89143405,604227.8571,1533878.477,4080519.0,4.0,4229595.0,1057398.75,2016619.933,4080523.0,27.0,148212.0,74106.0,103531.7465,147314.0,898.0,0.0,0.0,168.0,104.0,1.182146281,0.709287769,0.0,935.0,138.2222222,315.784253,99719.69444,0.0,0.0,0.0,0.0,1.0,0.0,0.0,0.0,0.0,155.5,187.0,103.0,5.0,935.0,3.0,309.0,237.0,211.0,1.0,32.0,0.0,0.0,0.0,0.0,0.0,0.0,0.0,0.0,Benign
44410.0,6.0,2018-02-16 01:46:47,4477543.0,5.0,3.0,935.0,363.0,935.0,0.0,187.0,418.1447118,363.0,0.0,121.0,209.5781477,289.89113,1.786694176,639649.0,1628866.069,4332366.0,3.0,4477543.0,1119385.75,2142537.912,4332369.0,49.0,114703.0,57351.5,79906.60181,113854.0,849.0,0.0,0.0,168.0,104.0,1.11668386,0.670010316,0.0,935.0,144.2222222,319.9206065,102349.1944,0.0,0.0,0.0,0.0,1.0,0.0,0.0,0.0,0.0,162.25,187.0,121.0,5.0,935.0,3.0,363.0,237.0,211.0,1.0,32.0,0.0,0.0,0.0,0.0,0.0,0.0,0.0,0.0,Benign
42542.0,6.0,2018-02-16 01:47:43,4193392.0,5.0,3.0,935.0,367.0,935.0,0.0,187.0,418.1447118,367.0,0.0,122.3333333,211.8875488,310.4885019,1.907763453,599056.0,1542468.29,4096578.0,5.0,4193392.0,1048348.0,2032346.571,4096586.0,47.0,67538.0,33769.0,47340.799,67244.0,294.0,0.0,0.0,168.0,104.0,1.192352158,0.715411295,0.0,935.0,144.6666667,320.2651245,102569.75,0.0,0.0,0.0,0.0,1.0,0.0,0.0,0.0,0.0,162.75,187.0,122.3333333,5.0,935.0,3.0,367.0,237.0,211.0,1.0,32.0,0.0,0.0,0.0,0.0,0.0,0.0,0.0,0.0,Benign
50724.0,6.0,2018-02-16 01:45:41,5563993.0,5.0,3.0,935.0,317.0,935.0,0.0,187.0,418.1447118,317.0,0.0,105.6666667,183.0200353,225.0182558,1.437816331,794856.1429,2073750.289,5497355.0,6.0,5563993.0,1390998.25,2737749.136,5497361.0,38.0,65856.0,32928.0,46200.94287,65597.0,259.0,0.0,0.0,168.0,104.0,0.898635207,0.539181124,0.0,935.0,139.1111111,316.335836,100068.3611,0.0,0.0,0.0,0.0,1.0,0.0,0.0,0.0,0.0,156.5,187.0,105.6666667,5.0,935.0,3.0,317.0,237.0,211.0,1.0,32.0,0.0,0.0,0.0,0.0,5497355.0,0.0,5497355.0,5497355.0,Benign
52442.0,6.0,2018-02-16 01:47:23,4106861.0,5.0,3.0,935.0,362.0,935.0,0.0,187.0,418.1447118,362.0,0.0,120.6666667,209.0007974,315.8129774,1.947959768,586694.4286,1515540.163,4023413.0,7.0,4106861.0,1026715.25,1997895.889,4023420.0,1042.0,36932.0,18466.0,6511.039241,23070.0,13862.0,0.0,0.0,168.0,104.0,1.217474855,0.730484913,0.0,935.0,144.1111111,319.8352875,102294.6111,0.0,0.0,0.0,0.0,1.0,0.0,0.0,0.0,0.0,162.125,187.0,120.6666667,5.0,935.0,3.0,362.0,219.0,211.0,1.0,32.0,0.0,0.0,0.0,0.0,0.0,0.0,0.0,0.0,Benign
39824.0,6.0,2018-02-16 01:47:26,4189773.0,4.0,5.0,935.0,331.0,935.0,0.0,233.75,467.5,331.0,0.0,66.2,148.0277001,302.1643416,2.148087736,523721.625,1436919.37,4079592.0,6.0,4187525.0,1395841.667,2324202.067,4079599.0,53539.0,110181.0,27545.25,21280.69733,53804.0,1989.0,0.0,0.0,136.0,168.0,0.954705661,1.193382076,0.0,935.0,126.6,302.4915793,91501.15556,0.0,0.0,0.0,0.0,1.0,0.0,0.0,0.0,1.0,140.6666667,233.75,66.2,4.0,935.0,5.0,331.0,219.0,225.0,1.0,32.0,0.0,0.0,0.0,0.0,0.0,0.0,0.0,0.0,Benign
51918.0,6.0,2018-02-16 01:48:32,4361667.0,5.0,4.0,935.0,708.0,935.0,0.0,187.0,418.1447118,354.0,0.0,177.0,204.3819953,376.6908386,2.063431252,545208.375,1422817.697,4060059.0,6.0,4361667.0,1090416.75,1984466.383,4060065.0,28.0,293533.0,97844.33333,134210.6518,251236.0,2024.0,0.0,0.0,168.0,136.0,1.146350696,0.917080557,0.0,935.0,164.3,308.2048561,94990.23333,0.0,0.0,0.0,0.0,1.0,0.0,0.0,0.0,0.0,182.5555556,187.0,177.0,5.0,935.0,4.0,708.0,219.0,211.0,1.0,32.0,0.0,0.0,0.0,0.0,0.0,0.0,0.0,0.0,Benign
41088.0,6.0,2018-02-16 01:46:12,4300040.0,5.0,4.0,935.0,319.0,935.0,0.0,187.0,418.1447118,319.0,0.0,79.75,159.5,291.6251942,2.093003786,537505.0,1473361.161,4183412.0,10.0,4300040.0,1075010.0,2076217.196,4189089.0,25.0,4238340.0,1412780.0,2399566.208,4183412.0,2630.0,0.0,0.0,168.0,136.0,1.162779881,0.930223905,0.0,935.0,125.4,301.6131444,90970.48889,0.0,0.0,0.0,0.0,1.0,1.0,0.0,0.0,0.0,139.3333333,187.0,79.75,5.0,935.0,4.0,319.0,237.0,211.0,1.0,32.0,0.0,0.0,0.0,0.0,0.0,0.0,0.0,0.0,Benign
53462.0,6.0,2018-02-16 01:47:19,4233581.0,5.0,4.0,935.0,304.0,935.0,0.0,187.0,418.1447118,304.0,0.0,76.0,152.0,292.6600436,2.125859881,529197.625,1455347.125,4130487.0,5.0,4233581.0,1058395.25,2048895.292,4131460.0,24.0,4198025.0,1399341.667,2365478.976,4130487.0,233.0,0.0,0.0,168.0,136.0,1.181033267,0.944826614,0.0,935.0,123.9,300.5788674,90347.65556,0.0,0.0,0.0,0.0,1.0,0.0,0.0,0.0,0.0,137.6666667,187.0,76.0,5.0,935.0,4.0,304.0,237.0,211.0,1.0,32.0,0.0,0.0,0.0,0.0,0.0,0.0,0.0,0.0,Benign
35292.0,6.0,2018-02-16 01:45:43,5502270.0,5.0,3.0,935.0,393.0,935.0,0.0,187.0,418.1447118,393.0,0.0,131.0,226.8986558,241.3549317,1.453945372,786038.5714,2014606.42,5353982.0,10.0,5502270.0,1375567.5,2652573.32,5354008.0,37.0,94034.0,47017.0,65937.70735,93642.0,392.0,0.0,0.0,168.0,104.0,0.908715857,0.545229514,0.0,935.0,147.5555556,322.6298619,104090.0278,0.0,0.0,0.0,0.0,1.0,0.0,0.0,0.0,0.0,166.0,187.0,131.0,5.0,935.0,3.0,393.0,237.0,211.0,1.0,32.0,0.0,0.0,0.0,0.0,5353982.0,0.0,5353982.0,5353982.0,Benign
50790.0,6.0,2018-02-16 01:46:22,4373088.0,5.0,3.0,935.0,301.0,935.0,0.0,187.0,418.1447118,301.0,0.0,100.3333333,173.782431,282.6378065,1.829370916,624726.8571,1550555.338,4138080.0,8.0,4373088.0,1093272.0,2031134.496,4138089.0,20.0,172756.0,86378.0,121722.7755,172449.0,307.0,0.0,0.0,168.0,104.0,1.143356822,0.686014093,0.0,935.0,137.3333333,315.2542625,99385.25,0.0,0.0,0.0,0.0,1.0,0.0,0.0,0.0,0.0,154.5,187.0,100.3333333,5.0,935.0,3.0,301.0,219.0,211.0,1.0,32.0,0.0,0.0,0.0,0.0,0.0,0.0,0.0,0.0,Benign
55814.0,6.0,2018-02-16 01:46:02,4305102.0,5.0,3.0,935.0,330.0,935.0,0.0,187.0,418.1447118,330.0,0.0,110.0,190.5255888,293.837405,1.858260269,615014.5714,1595327.811,4232459.0,4.0,4305102.0,1076275.5,2104341.246,4232467.0,43.0,66469.0,33234.5,46579.245,66171.0,298.0,0.0,0.0,168.0,104.0,1.161412668,0.696847601,0.0,935.0,140.5555556,317.2779188,100665.2778,0.0,0.0,0.0,0.0,1.0,0.0,0.0,0.0,0.0,158.125,187.0,110.0,5.0,935.0,3.0,330.0,219.0,211.0,1.0,32.0,0.0,0.0,0.0,0.0,0.0,0.0,0.0,0.0,Benign
41460.0,6.0,2018-02-16 01:47:05,4287350.0,5.0,3.0,935.0,309.0,935.0,0.0,187.0,418.1447118,309.0,0.0,103.0,178.4012332,290.1559238,1.865954494,612478.5714,1557838.212,4144058.0,9.0,4287350.0,1071837.5,2048731.657,4144067.0,47.0,114613.0,57306.5,80407.23341,114163.0,450.0,0.0,0.0,168.0,104.0,1.166221559,0.699732935,0.0,935.0,138.2222222,315.784253,99719.69444,0.0,0.0,0.0,0.0,1.0,0.0,0.0,0.0,0.0,155.5,187.0,103.0,5.0,935.0,3.0,309.0,237.0,211.0,1.0,32.0,0.0,0.0,0.0,0.0,0.0,0.0,0.0,0.0,Benign
50822.0,6.0,2018-02-16 01:48:19,4190808.0,5.0,3.0,935.0,368.0,935.0,0.0,187.0,418.1447118,368.0,0.0,122.6666667,212.4648991,310.9185627,1.908939756,598686.8571,1548855.877,4110949.0,6.0,4190808.0,1047702.0,2042261.589,4110957.0,24.0,45460.0,22730.0,24357.00018,39953.0,5507.0,0.0,0.0,168.0,104.0,1.193087347,0.715852408,0.0,935.0,144.7777778,320.3520633,102625.4444,0.0,0.0,0.0,0.0,1.0,0.0,0.0,0.0,0.0,162.875,187.0,122.6666667,5.0,935.0,3.0,368.0,219.0,211.0,1.0,32.0,0.0,0.0,0.0,0.0,0.0,0.0,0.0,0.0,Benign
44190.0,6.0,2018-02-16 01:47:56,5523798.0,6.0,5.0,935.0,373.0,935.0,0.0,155.8333333,381.7121516,373.0,0.0,74.6,166.8106711,236.7935974,1.991383465,552379.8,1406471.295,4454327.0,4.0,5523798.0,1104759.6,2434811.843,5460201.0,21.0,5470703.0,1367675.75,2111143.957,4454332.0,1308.0,0.0,0.0,188.0,188.0,1.086209163,0.905174302,0.0,935.0,109.0,281.3574239,79162.0,0.0,0.0,0.0,0.0,1.0,0.0,0.0,0.0,0.0,118.9090909,155.8333333,74.6,6.0,935.0,5.0,373.0,237.0,211.0,1.0,20.0,0.0,0.0,0.0,0.0,0.0,0.0,0.0,0.0,Benign
54772.0,6.0,2018-02-16 01:47:53,4548408.0,5.0,4.0,935.0,748.0,935.0,0.0,187.0,418.1447118,374.0,0.0,187.0,215.9290007,370.0195761,1.978714311,568551.0,1487002.728,4242087.0,4.0,4548408.0,1137102.0,2073698.507,4242091.0,33.0,276509.0,92169.66667,145889.4709,260512.0,2578.0,0.0,0.0,168.0,136.0,1.099285728,0.879428582,0.0,935.0,168.3,311.0427088,96747.56667,0.0,0.0,0.0,0.0,1.0,0.0,0.0,0.0,0.0,187.0,187.0,187.0,5.0,935.0,4.0,748.0,219.0,211.0,1.0,32.0,0.0,0.0,0.0,0.0,0.0,0.0,0.0,0.0,Benign
34586.0,6.0,2018-02-16 01:47:21,4168937.0,5.0,3.0,935.0,288.0,935.0,0.0,187.0,418.1447118,288.0,0.0,96.0,166.2768775,293.3601539,1.9189544,595562.4286,1543221.822,4094916.0,7.0,4168937.0,1042234.25,2035283.819,4094923.0,41.0,59560.0,29780.0,41777.28285,59321.0,239.0,0.0,0.0,168.0,104.0,1.1993465,0.7196079,0.0,935.0,135.8888889,314.43936,98872.11111,0.0,0.0,0.0,0.0,1.0,0.0,0.0,0.0,0.0,152.875,187.0,96.0,5.0,935.0,3.0,288.0,219.0,211.0,1.0,32.0,0.0,0.0,0.0,0.0,0.0,0.0,0.0,0.0,Benign
45298.0,6.0,2018-02-16 01:46:09,3995096.0,5.0,3.0,935.0,330.0,935.0,0.0,187.0,418.1447118,330.0,0.0,110.0,190.5255888,316.6381984,2.00245501,570728.0,1480260.21,3927443.0,5.0,3995096.0,998774.0,1952534.722,3927451.0,26.0,44205.0,22102.5,28313.26263,42123.0,2082.0,0.0,0.0,168.0,104.0,1.251534381,0.750920629,0.0,935.0,140.5555556,317.2779188,100665.2778,0.0,0.0,0.0,0.0,1.0,0.0,0.0,0.0,0.0,158.125,187.0,110.0,5.0,935.0,3.0,330.0,237.0,211.0,1.0,32.0,0.0,0.0,0.0,0.0,0.0,0.0,0.0,0.0,Benign
38436.0,6.0,2018-02-16 01:46:42,4369215.0,5.0,3.0,935.0,368.0,935.0,0.0,187.0,418.1447118,368.0,0.0,122.6666667,212.4648991,298.2229073,1.830992524,624173.5714,1627596.645,4315122.0,2.0,4369215.0,1092303.75,2148594.122,4315129.0,24.0,33376.0,16688.0,17635.24312,29158.0,4218.0,0.0,0.0,168.0,104.0,1.144370327,0.686622196,0.0,935.0,144.7777778,320.3520633,102625.4444,0.0,0.0,0.0,0.0,1.0,0.0,0.0,0.0,0.0,162.875,187.0,122.6666667,5.0,935.0,3.0,368.0,219.0,211.0,1.0,32.0,0.0,0.0,0.0,0.0,0.0,0.0,0.0,0.0,Benign
57418.0,6.0,2018-02-16 01:46:06,4002751.0,5.0,3.0,935.0,355.0,935.0,0.0,187.0,418.1447118,355.0,0.0,118.3333333,204.9593456,322.2783531,1.998625445,571821.5714,1481879.233,3932164.0,3.0,4002751.0,1000687.75,1954416.64,3932169.0,19.0,23149.0,11574.5,15033.79727,22205.0,944.0,0.0,0.0,168.0,104.0,1.249140903,0.749484542,0.0,935.0,143.3333333,319.2471613,101918.75,0.0,0.0,0.0,0.0,1.0,0.0,0.0,0.0,0.0,161.25,187.0,118.3333333,5.0,935.0,3.0,355.0,219.0,211.0,1.0,32.0,0.0,0.0,0.0,0.0,0.0,0.0,0.0,0.0,Benign
48826.0,6.0,2018-02-16 01:47:49,4168192.0,5.0,4.0,935.0,682.0,935.0,0.0,187.0,418.1447118,341.0,0.0,170.5,196.8764418,387.9379837,2.159209557,521024.0,1328637.772,3800554.0,6.0,4168192.0,1042048.0,1844637.731,3800560.0,25.0,324689.0,108229.6667,154083.0627,284895.0,1632.0,0.0,0.0,168.0,136.0,1.199560865,0.959648692,0.0,935.0,161.7,306.4706076,93924.23333,0.0,0.0,0.0,0.0,1.0,0.0,0.0,0.0,0.0,179.6666667,187.0,170.5,5.0,935.0,4.0,682.0,237.0,211.0,1.0,32.0,0.0,0.0,0.0,0.0,0.0,0.0,0.0,0.0,Benign
52508.0,6.0,2018-02-16 01:47:36,4303594.0,5.0,3.0,935.0,350.0,935.0,0.0,187.0,418.1447118,350.0,0.0,116.6666667,202.0725942,298.5876456,1.858911412,614799.1429,1566086.031,4165546.0,6.0,4303594.0,1075898.5,2060055.148,4165554.0,24.0,82194.0,41097.0,57714.05548,81907.0,287.0,0.0,0.0,168.0,104.0,1.161819633,0.69709178,0.0,935.0,142.7777778,318.8368618,101656.9444,0.0,0.0,0.0,0.0,1.0,0.0,0.0,0.0,0.0,160.625,187.0,116.6666667,5.0,935.0,3.0,350.0,219.0,211.0,1.0,32.0,0.0,0.0,0.0,0.0,0.0,0.0,0.0,0.0,Benign
51824.0,6.0,2018-02-16 01:48:28,4191214.0,5.0,4.0,935.0,648.0,935.0,0.0,187.0,418.1447118,324.0,0.0,162.0,187.0614872,377.6948636,2.147349193,523901.75,1348194.959,3855536.0,6.0,4191214.0,1047803.5,1876422.397,3855542.0,35.0,296115.0,98705.0,107805.9838,213948.0,323.0,0.0,0.0,168.0,136.0,1.192971774,0.954377419,0.0,935.0,158.3,304.33682,92620.9,0.0,0.0,0.0,0.0,1.0,0.0,0.0,0.0,0.0,175.8888889,187.0,162.0,5.0,935.0,4.0,648.0,219.0,211.0,1.0,32.0,0.0,0.0,0.0,0.0,0.0,0.0,0.0,0.0,Benign
35114.0,6.0,2018-02-16 01:47:25,4270572.0,5.0,4.0,935.0,347.0,935.0,0.0,187.0,418.1447118,347.0,0.0,86.75,173.5,300.1939787,2.107446028,533821.5,1430177.434,4071306.0,6.0,4270572.0,1067643.0,2003186.941,4071313.0,26111.0,169803.0,56601.0,76089.16617,143154.0,248.0,0.0,0.0,168.0,136.0,1.170803349,0.936642679,0.0,935.0,128.2,303.732631,92253.51111,0.0,0.0,0.0,0.0,1.0,0.0,0.0,0.0,0.0,142.4444444,187.0,86.75,5.0,935.0,4.0,347.0,219.0,225.0,1.0,32.0,0.0,0.0,0.0,0.0,0.0,0.0,0.0,0.0,Benign
60436.0,6.0,2018-02-16 01:47:03,64662177.0,5.0,4.0,935.0,374.0,935.0,0.0,187.0,418.1447118,374.0,0.0,93.5,187.0,20.24367352,0.139184921,8082772.125,22800000.0,64500000.0,6.0,64700000.0,16200000.0,32200000.0,64500000.0,26.0,64600000.0,21500000.0,37200000.0,64500000.0,417.0,0.0,0.0,168.0,136.0,0.077324956,0.061859965,0.0,935.0,130.9,306.0052469,93639.21111,0.0,0.0,0.0,0.0,1.0,1.0,0.0,0.0,0.0,145.4444444,187.0,93.5,5.0,935.0,4.0,374.0,237.0,211.0,1.0,32.0,375.0,0.0,375.0,375.0,64500000.0,0.0,64500000.0,64500000.0,Benign
56930.0,6.0,2018-02-16 01:46:16,3233760.0,5.0,3.0,935.0,314.0,935.0,0.0,187.0,418.1447118,314.0,0.0,104.6666667,181.2879845,386.2376923,2.473900351,461965.7143,1170312.57,3115272.0,8.0,3233760.0,808440.0,1538157.723,3115281.0,27.0,52251.0,26125.5,31761.11529,48584.0,3667.0,0.0,0.0,168.0,104.0,1.54618772,0.927712632,0.0,935.0,138.7777778,316.1264691,99935.94444,0.0,0.0,0.0,0.0,1.0,0.0,0.0,0.0,0.0,156.125,187.0,104.6666667,5.0,935.0,3.0,314.0,237.0,211.0,1.0,32.0,0.0,0.0,0.0,0.0,0.0,0.0,0.0,0.0,Benign
55648.0,6.0,2018-02-16 01:47:15,4253855.0,5.0,3.0,935.0,334.0,935.0,0.0,187.0,418.1447118,334.0,0.0,111.3333333,192.8349899,298.3176436,1.880647084,607693.5714,1546716.27,4114278.0,6.0,4253855.0,1063463.75,2034315.148,4114284.0,25.0,101909.0,50954.5,71658.90831,101625.0,284.0,0.0,0.0,168.0,104.0,1.175404427,0.705242656,0.0,935.0,141.0,317.579124,100856.5,0.0,0.0,0.0,0.0,1.0,0.0,0.0,0.0,0.0,158.625,187.0,111.3333333,5.0,935.0,3.0,334.0,219.0,211.0,1.0,32.0,0.0,0.0,0.0,0.0,0.0,0.0,0.0,0.0,Benign
51040.0,6.0,2018-02-16 01:47:27,4239053.0,5.0,3.0,935.0,393.0,935.0,0.0,187.0,418.1447118,393.0,0.0,131.0,226.8986558,313.2775174,1.88721396,605579.0,1553262.226,4127376.0,6.0,4239053.0,1059763.25,2045367.24,4127389.0,25.0,82307.0,41153.5,57810.92911,82032.0,275.0,0.0,0.0,168.0,104.0,1.179508725,0.707705235,0.0,935.0,147.5555556,322.6298619,104090.0278,0.0,0.0,0.0,0.0,1.0,0.0,0.0,0.0,0.0,166.0,187.0,131.0,5.0,935.0,3.0,393.0,237.0,211.0,1.0,32.0,0.0,0.0,0.0,0.0,0.0,0.0,0.0,0.0,Benign
33958.0,6.0,2018-02-16 01:45:59,4380916.0,5.0,3.0,935.0,349.0,935.0,0.0,187.0,418.1447118,349.0,0.0,116.3333333,201.4952439,293.0893904,1.826102121,625845.1429,1573050.106,4190913.0,8.0,4380916.0,1095229.0,2064851.941,4190921.0,23.0,154497.0,77248.5,108397.3482,153897.0,600.0,0.0,0.0,168.0,104.0,1.141313826,0.684788295,0.0,935.0,142.6666667,318.7557843,101605.25,0.0,0.0,0.0,0.0,1.0,0.0,0.0,0.0,0.0,160.5,187.0,116.3333333,5.0,935.0,3.0,349.0,219.0,211.0,1.0,32.0,0.0,0.0,0.0,0.0,0.0,0.0,0.0,0.0,Benign
48856.0,6.0,2018-02-16 01:45:46,5459184.0,5.0,4.0,935.0,708.0,935.0,0.0,187.0,418.1447118,354.0,0.0,177.0,204.3819953,300.9607297,1.648598032,682398.0,1805959.562,5148550.0,5.0,5459184.0,1364796.0,2525257.078,5148557.0,31.0,268367.0,89455.66667,105849.692,206419.0,252.0,0.0,0.0,168.0,136.0,0.915887796,0.732710237,0.0,935.0,164.3,308.2048561,94990.23333,0.0,0.0,0.0,0.0,1.0,0.0,0.0,0.0,0.0,182.5555556,187.0,177.0,5.0,935.0,4.0,708.0,237.0,211.0,1.0,32.0,0.0,0.0,0.0,0.0,5148550.0,0.0,5148550.0,5148550.0,Benign
44524.0,6.0,2018-02-16 01:46:00,4447411.0,5.0,3.0,935.0,335.0,935.0,0.0,187.0,418.1447118,335.0,0.0,111.6666667,193.4123402,285.5593962,1.798799346,635344.4286,1641427.118,4357447.0,6.0,4447411.0,1111852.75,2163839.729,4357453.0,36.0,49061.0,24530.5,33441.201,48177.0,884.0,0.0,0.0,168.0,104.0,1.124249592,0.674549755,0.0,935.0,141.1111111,317.6552551,100904.8611,0.0,0.0,0.0,0.0,1.0,0.0,0.0,0.0,0.0,158.75,187.0,111.6666667,5.0,935.0,3.0,335.0,237.0,211.0,1.0,32.0,0.0,0.0,0.0,0.0,0.0,0.0,0.0,0.0,Benign
55236.0,6.0,2018-02-16 01:48:16,4139935.0,5.0,3.0,935.0,418.0,935.0,0.0,187.0,418.1447118,418.0,0.0,139.3333333,241.3324125,326.8167254,1.932397489,591419.2857,1522311.091,4043446.0,5.0,4139935.0,1034983.75,2005774.417,4043451.0,22.0,50468.0,25234.0,13403.91614,34712.0,15756.0,0.0,0.0,168.0,104.0,1.207748431,0.724649058,0.0,935.0,150.3333333,325.1053675,105693.5,0.0,0.0,0.0,0.0,1.0,0.0,0.0,0.0,0.0,169.125,187.0,139.3333333,5.0,935.0,3.0,418.0,219.0,211.0,1.0,32.0,0.0,0.0,0.0,0.0,0.0,0.0,0.0,0.0,Benign
37050.0,6.0,2018-02-16 01:47:52,3299420.0,5.0,3.0,935.0,302.0,935.0,0.0,187.0,418.1447118,302.0,0.0,100.6666667,174.3597813,374.9143789,2.424668578,471345.7143,1218778.453,3235132.0,6.0,3299420.0,824855.0,1606928.541,3235140.0,58.0,34118.0,17059.0,11221.78462,24994.0,9124.0,0.0,0.0,168.0,104.0,1.515417861,0.909250717,0.0,935.0,137.4444444,315.3193267,99426.27778,0.0,0.0,0.0,0.0,1.0,0.0,0.0,0.0,0.0,154.625,187.0,100.6666667,5.0,935.0,3.0,302.0,237.0,211.0,1.0,32.0,0.0,0.0,0.0,0.0,0.0,0.0,0.0,0.0,Benign
58712.0,6.0,2018-02-16 01:47:37,4241263.0,5.0,3.0,935.0,326.0,935.0,0.0,187.0,418.1447118,326.0,0.0,108.6666667,188.2161878,297.3170963,1.886230587,605894.7143,1563794.418,4151779.0,5.0,4241263.0,1060315.75,2061187.055,4151784.0,28.0,69655.0,34827.5,48888.65574,69397.0,258.0,0.0,0.0,168.0,104.0,1.178894117,0.70733647,0.0,935.0,140.1111111,316.9820359,100477.6111,0.0,0.0,0.0,0.0,1.0,0.0,0.0,0.0,0.0,157.625,187.0,108.6666667,5.0,935.0,3.0,326.0,237.0,211.0,1.0,32.0,0.0,0.0,0.0,0.0,0.0,0.0,0.0,0.0,Benign
42960.0,6.0,2018-02-16 01:48:39,4235937.0,5.0,3.0,935.0,362.0,935.0,0.0,187.0,418.1447118,362.0,0.0,120.6666667,209.0007974,306.1896341,1.888602215,605133.8571,1579333.607,4186545.0,7.0,4235937.0,1058984.25,2085141.278,4186560.0,22.0,43796.0,21898.0,30457.91749,43435.0,361.0,0.0,0.0,168.0,104.0,1.180376384,0.708225831,0.0,935.0,144.1111111,319.8352875,102294.6111,0.0,0.0,0.0,0.0,1.0,0.0,0.0,0.0,0.0,162.125,187.0,120.6666667,5.0,935.0,3.0,362.0,219.0,211.0,1.0,32.0,0.0,0.0,0.0,0.0,0.0,0.0,0.0,0.0,Benign
59148.0,6.0,2018-02-16 01:48:08,4109123.0,5.0,3.0,935.0,343.0,935.0,0.0,187.0,418.1447118,343.0,0.0,114.3333333,198.0311423,311.0152702,1.94688745,587017.5714,1534533.654,4066911.0,6.0,4109123.0,1027280.75,2026481.184,4066917.0,25.0,35179.0,17589.5,21359.57454,32693.0,2486.0,0.0,0.0,168.0,104.0,1.216804656,0.730082794,0.0,935.0,142.0,318.2762165,101299.75,0.0,0.0,0.0,0.0,1.0,0.0,0.0,0.0,0.0,159.75,187.0,114.3333333,5.0,935.0,3.0,343.0,237.0,211.0,1.0,32.0,0.0,0.0,0.0,0.0,0.0,0.0,0.0,0.0,Benign
33196.0,6.0,2018-02-16 01:48:29,4184218.0,5.0,3.0,935.0,365.0,935.0,0.0,187.0,418.1447118,365.0,0.0,121.6666667,210.7328483,310.691269,1.91194627,597745.4286,1561083.197,4137853.0,6.0,4184218.0,1046054.5,2061247.967,4137862.0,42.0,13801.0,6900.5,1338.553137,7847.0,5954.0,0.0,0.0,168.0,104.0,1.194966419,0.716979851,0.0,935.0,144.4444444,320.0922176,102459.0278,0.0,0.0,0.0,0.0,1.0,0.0,0.0,0.0,0.0,162.5,187.0,121.6666667,5.0,935.0,3.0,365.0,237.0,211.0,1.0,32.0,0.0,0.0,0.0,0.0,0.0,0.0,0.0,0.0,Benign
56146.0,6.0,2018-02-16 01:48:28,4293183.0,5.0,3.0,935.0,314.0,935.0,0.0,187.0,418.1447118,314.0,0.0,104.6666667,181.2879845,290.926336,1.863419286,613311.8571,1551733.724,4130861.0,6.0,4293183.0,1073295.75,2039002.646,4130869.0,22.0,121163.0,60581.5,85327.28239,120917.0,246.0,0.0,0.0,168.0,104.0,1.164637054,0.698782232,0.0,935.0,138.7777778,316.1264691,99935.94444,0.0,0.0,0.0,0.0,1.0,0.0,0.0,0.0,0.0,156.125,187.0,104.6666667,5.0,935.0,3.0,314.0,237.0,211.0,1.0,32.0,0.0,0.0,0.0,0.0,0.0,0.0,0.0,0.0,Benign
43078.0,6.0,2018-02-16 01:46:47,4206965.0,5.0,3.0,935.0,305.0,935.0,0.0,187.0,418.1447118,305.0,0.0,101.6666667,176.0918321,294.7493026,1.901608404,600995.0,1557380.187,4132614.0,7.0,4206965.0,1051741.25,2054168.376,4132621.0,35.0,69892.0,34946.0,1832.820777,36242.0,33650.0,0.0,0.0,168.0,104.0,1.188505253,0.713103152,0.0,935.0,137.7777778,315.5165518,99550.69444,0.0,0.0,0.0,0.0,1.0,0.0,0.0,0.0,0.0,155.0,187.0,101.6666667,5.0,935.0,3.0,305.0,237.0,211.0,1.0,32.0,0.0,0.0,0.0,0.0,0.0,0.0,0.0,0.0,Benign
60768.0,6.0,2018-02-16 01:47:59,4546245.0,5.0,3.0,935.0,302.0,935.0,0.0,187.0,418.1447118,302.0,0.0,100.6666667,174.3597813,272.0926831,1.759693989,649463.5714,1685608.234,4471938.0,8.0,4546245.0,1136561.25,2223661.812,4471946.0,30.0,41742.0,20871.0,10636.3002,28392.0,13350.0,0.0,0.0,168.0,104.0,1.099808743,0.659885246,0.0,935.0,137.4444444,315.3193267,99426.27778,0.0,0.0,0.0,0.0,1.0,0.0,0.0,0.0,0.0,154.625,187.0,100.6666667,5.0,935.0,3.0,302.0,237.0,211.0,1.0,32.0,0.0,0.0,0.0,0.0,0.0,0.0,0.0,0.0,Benign
54768.0,6.0,2018-02-16 01:48:29,3810056.0,5.0,3.0,935.0,334.0,935.0,0.0,187.0,418.1447118,334.0,0.0,111.3333333,192.8349899,333.0659707,2.099706671,544293.7143,1394685.228,3706525.0,8.0,3810056.0,952514.0,1836267.927,3706533.0,25.0,74427.0,37213.5,52234.68503,74149.0,278.0,0.0,0.0,168.0,104.0,1.312316669,0.787390002,0.0,935.0,141.0,317.579124,100856.5,0.0,0.0,0.0,0.0,1.0,0.0,0.0,0.0,0.0,158.625,187.0,111.3333333,5.0,935.0,3.0,334.0,219.0,211.0,1.0,32.0,0.0,0.0,0.0,0.0,0.0,0.0,0.0,0.0,Benign
42198.0,6.0,2018-02-16 01:47:00,4491496.0,5.0,3.0,935.0,324.0,935.0,0.0,187.0,418.1447118,324.0,0.0,108.0,187.0614872,280.3074967,1.781143744,641642.2857,1667754.316,4423628.0,8.0,4491496.0,1122874.0,2200567.852,4423636.0,51.0,30283.0,15141.5,3085.106886,17323.0,12960.0,0.0,0.0,168.0,104.0,1.11321484,0.667928904,0.0,935.0,139.8888889,316.836095,100385.1111,0.0,0.0,0.0,0.0,1.0,0.0,0.0,0.0,0.0,157.375,187.0,108.0,5.0,935.0,3.0,324.0,219.0,211.0,1.0,32.0,0.0,0.0,0.0,0.0,0.0,0.0,0.0,0.0,Benign
45136.0,6.0,2018-02-16 01:46:17,4380380.0,5.0,3.0,935.0,323.0,935.0,0.0,187.0,418.1447118,323.0,0.0,107.6666667,186.4841369,287.1896959,1.82632557,625768.5714,1578461.967,4204055.0,4.0,4380380.0,1095095.0,2073190.893,4204059.0,42.0,116807.0,58403.5,76946.65282,112813.0,3994.0,0.0,0.0,168.0,104.0,1.141453481,0.684872089,0.0,935.0,139.7777778,316.7636255,100339.1944,0.0,0.0,0.0,0.0,1.0,0.0,0.0,0.0,0.0,157.25,187.0,107.6666667,5.0,935.0,3.0,323.0,237.0,211.0,1.0,32.0,0.0,0.0,0.0,0.0,0.0,0.0,0.0,0.0,Benign
36474.0,6.0,2018-02-16 01:47:17,4207803.0,5.0,3.0,935.0,351.0,935.0,0.0,187.0,418.1447118,351.0,0.0,117.0,202.6499445,305.6226729,1.901229692,601114.7143,1540296.459,4093812.0,7.0,4207803.0,1051950.75,2028126.896,4093820.0,30.0,71857.0,35928.5,28303.36313,55942.0,15915.0,0.0,0.0,168.0,104.0,1.188268557,0.712961134,0.0,935.0,142.8888889,318.9182671,101708.8611,0.0,0.0,0.0,0.0,1.0,0.0,0.0,0.0,0.0,160.75,187.0,117.0,5.0,935.0,3.0,351.0,219.0,211.0,1.0,32.0,0.0,0.0,0.0,0.0,0.0,0.0,0.0,0.0,Benign
34314.0,6.0,2018-02-16 01:47:33,4089432.0,5.0,3.0,935.0,311.0,935.0,0.0,187.0,418.1447118,311.0,0.0,103.6666667,179.5559337,304.6877904,1.956261897,584204.5714,1501461.107,3988246.0,5.0,4089432.0,1022358.0,1977762.101,3988253.0,37.0,96483.0,48241.5,67788.20579,96175.0,308.0,0.0,0.0,168.0,104.0,1.222663685,0.733598211,0.0,935.0,138.4444444,315.9201288,99805.52778,0.0,0.0,0.0,0.0,1.0,0.0,0.0,0.0,0.0,155.75,187.0,103.6666667,5.0,935.0,3.0,311.0,219.0,211.0,1.0,32.0,0.0,0.0,0.0,0.0,0.0,0.0,0.0,0.0,Benign
57654.0,6.0,2018-02-16 01:47:24,4166872.0,5.0,3.0,935.0,361.0,935.0,0.0,187.0,418.1447118,361.0,0.0,120.3333333,208.4234472,311.0246727,1.919905387,595267.4286,1542194.865,4092444.0,5.0,4166872.0,1041718.0,2033897.994,4092451.0,44.0,39134.0,19567.0,22087.18742,35185.0,3949.0,0.0,0.0,168.0,104.0,1.199940867,0.71996452,0.0,935.0,144.0,319.7502932,102240.25,0.0,0.0,0.0,0.0,1.0,0.0,0.0,0.0,0.0,162.0,187.0,120.3333333,5.0,935.0,3.0,361.0,219.0,211.0,1.0,32.0,0.0,0.0,0.0,0.0,0.0,0.0,0.0,0.0,Benign
46626.0,6.0,2018-02-16 01:48:06,4387157.0,5.0,3.0,935.0,342.0,935.0,0.0,187.0,418.1447118,342.0,0.0,114.0,197.4537921,291.0768865,1.823504379,626736.7143,1603817.236,4263550.0,7.0,4387157.0,1096789.25,2111452.683,4263558.0,28.0,83260.0,41630.0,4644.277339,44914.0,38346.0,0.0,0.0,168.0,104.0,1.139690237,0.683814142,0.0,935.0,141.8888889,318.1974405,101249.6111,0.0,0.0,0.0,0.0,1.0,0.0,0.0,0.0,0.0,159.625,187.0,114.0,5.0,935.0,3.0,342.0,237.0,211.0,1.0,32.0,0.0,0.0,0.0,0.0,0.0,0.0,0.0,0.0,Benign
42632.0,6.0,2018-02-16 01:46:08,4039606.0,5.0,3.0,935.0,318.0,935.0,0.0,187.0,418.1447118,318.0,0.0,106.0,183.5973856,310.178765,1.980391157,577086.5714,1476814.034,3924886.0,5.0,4039606.0,1009901.5,1944015.588,3924891.0,103.0,111418.0,55709.0,78314.90444,111086.0,332.0,0.0,0.0,168.0,104.0,1.237744473,0.742646684,0.0,935.0,139.2222222,316.4062965,100112.9444,0.0,0.0,0.0,0.0,1.0,0.0,0.0,0.0,0.0,156.625,187.0,106.0,5.0,935.0,3.0,318.0,237.0,211.0,1.0,32.0,0.0,0.0,0.0,0.0,0.0,0.0,0.0,0.0,Benign
41396.0,6.0,2018-02-16 01:48:14,3204377.0,5.0,4.0,935.0,376.0,935.0,0.0,187.0,418.1447118,376.0,0.0,94.0,188.0,409.1278898,2.808658282,400547.125,1104438.089,3133731.0,3.0,3204377.0,801094.25,1555104.809,3133739.0,18881.0,49808.0,16602.66667,15427.83732,30922.0,265.0,0.0,0.0,168.0,136.0,1.560365712,1.24829257,0.0,935.0,131.1,306.1823894,93747.65556,0.0,0.0,0.0,0.0,1.0,0.0,0.0,0.0,0.0,145.6666667,187.0,94.0,5.0,935.0,4.0,376.0,237.0,225.0,1.0,32.0,0.0,0.0,0.0,0.0,0.0,0.0,0.0,0.0,Benign
38790.0,6.0,2018-02-16 01:45:38,5365203.0,4.0,5.0,935.0,362.0,935.0,0.0,233.75,467.5,362.0,0.0,72.4,161.8913216,241.7429499,1.677476137,670650.375,1864888.206,5285938.0,8.0,5335737.0,1778579.0,3037469.653,5285946.0,22789.0,79265.0,19816.25,15696.4041,38458.0,292.0,0.0,0.0,136.0,168.0,0.74554495,0.931931187,0.0,935.0,129.7,304.9677761,93005.34444,0.0,0.0,0.0,0.0,1.0,0.0,0.0,0.0,1.0,144.1111111,233.75,72.4,4.0,935.0,5.0,362.0,219.0,225.0,1.0,32.0,0.0,0.0,0.0,0.0,5285938.0,0.0,5285938.0,5285938.0,Benign
38748.0,6.0,2018-02-16 01:47:39,3237389.0,5.0,3.0,935.0,361.0,935.0,0.0,187.0,418.1447118,361.0,0.0,120.3333333,208.4234472,400.3226057,2.471127195,462484.1429,1188813.633,3157899.0,5.0,3237389.0,809347.25,1565982.846,3157904.0,39.0,67693.0,33846.5,46399.63987,66656.0,1037.0,0.0,0.0,168.0,104.0,1.544454497,0.926672698,0.0,935.0,144.0,319.7502932,102240.25,0.0,0.0,0.0,0.0,1.0,0.0,0.0,0.0,0.0,162.0,187.0,120.3333333,5.0,935.0,3.0,361.0,219.0,211.0,1.0,32.0,0.0,0.0,0.0,0.0,0.0,0.0,0.0,0.0,Benign
53852.0,6.0,2018-02-16 01:45:30,5325439.0,5.0,3.0,935.0,369.0,935.0,0.0,187.0,418.1447118,369.0,0.0,123.0,213.0422493,244.8624423,1.502223573,760777.0,1985950.31,5264321.0,8.0,5325439.0,1331359.75,2622053.708,5264329.0,35.0,13995.0,6997.5,8582.155003,13066.0,929.0,0.0,0.0,168.0,104.0,0.938889733,0.56333384,0.0,935.0,144.8888889,320.4393252,102681.3611,0.0,0.0,0.0,0.0,1.0,0.0,0.0,0.0,0.0,163.0,187.0,123.0,5.0,935.0,3.0,369.0,219.0,211.0,1.0,32.0,0.0,0.0,0.0,0.0,5264321.0,0.0,5264321.0,5264321.0,Benign
56008.0,6.0,2018-02-16 01:45:52,4957070.0,5.0,4.0,935.0,634.0,935.0,0.0,187.0,418.1447118,317.0,0.0,158.5,183.0200353,316.5176203,1.815588644,619633.75,1658019.407,4718871.0,7.0,4957070.0,1239267.5,2322352.015,4718879.0,49.0,235084.0,78361.33333,119566.4766,216006.0,233.0,0.0,0.0,168.0,136.0,1.008660358,0.806928286,0.0,935.0,156.9,303.5030478,92114.1,0.0,0.0,0.0,0.0,1.0,0.0,0.0,0.0,0.0,174.3333333,187.0,158.5,5.0,935.0,4.0,634.0,237.0,211.0,1.0,32.0,0.0,0.0,0.0,0.0,0.0,0.0,0.0,0.0,Benign
49842.0,6.0,2018-02-16 01:45:52,4436360.0,5.0,4.0,935.0,392.0,935.0,0.0,187.0,418.1447118,392.0,0.0,98.0,196.0,299.1190976,2.028690187,554545.0,1524845.908,4328190.0,6.0,4436360.0,1109090.0,2146129.046,4328197.0,19804.0,78393.0,26131.0,8129.848769,35507.0,21040.0,0.0,0.0,168.0,136.0,1.127050104,0.901640083,0.0,935.0,132.7,307.6426679,94644.01111,0.0,0.0,0.0,0.0,1.0,0.0,0.0,0.0,0.0,147.4444444,187.0,98.0,5.0,935.0,4.0,392.0,219.0,225.0,1.0,32.0,0.0,0.0,0.0,0.0,0.0,0.0,0.0,0.0,Benign
51906.0,6.0,2018-02-16 01:46:06,5145916.0,5.0,6.0,935.0,1348.0,935.0,0.0,187.0,418.1447118,337.0,0.0,224.6666667,174.0260517,443.6527918,2.137617482,514591.6,1261197.754,4077504.0,7.0,5145916.0,1286479.0,1919976.061,4077511.0,21.0,1025218.0,205043.6,177134.7864,471448.0,7839.0,0.0,0.0,168.0,200.0,0.97164431,1.165973172,0.0,935.0,190.25,285.1092693,81287.29545,0.0,0.0,0.0,0.0,1.0,0.0,0.0,0.0,1.0,207.5454545,187.0,224.6666667,5.0,935.0,6.0,1348.0,237.0,211.0,1.0,32.0,0.0,0.0,0.0,0.0,0.0,0.0,0.0,0.0,Benign
34522.0,6.0,2018-02-16 01:45:32,5492496.0,5.0,3.0,935.0,375.0,935.0,0.0,187.0,418.1447118,375.0,0.0,125.0,216.5063509,238.5072288,1.456532695,784642.2857,2049914.869,5433299.0,4.0,5492496.0,1373124.0,2706827.485,5433304.0,29.0,35934.0,17967.0,25042.89376,35675.0,259.0,0.0,0.0,168.0,104.0,0.910332934,0.546199761,0.0,935.0,145.5555556,320.969668,103021.5278,0.0,0.0,0.0,0.0,1.0,0.0,0.0,0.0,0.0,163.75,187.0,125.0,5.0,935.0,3.0,375.0,219.0,211.0,1.0,32.0,0.0,0.0,0.0,0.0,5433299.0,0.0,5433299.0,5433299.0,Benign
38210.0,6.0,2018-02-16 01:47:08,4456684.0,5.0,4.0,935.0,722.0,935.0,0.0,187.0,418.1447118,361.0,0.0,180.5,208.4234472,371.801097,2.019438668,557085.5,1462030.479,4171012.0,6.0,4456684.0,1114171.0,2041929.352,4171020.0,26.0,276485.0,92161.66667,106253.5959,208496.0,237.0,0.0,0.0,168.0,136.0,1.121910371,0.897528297,0.0,935.0,165.7,309.1749056,95589.12222,0.0,0.0,0.0,0.0,1.0,0.0,0.0,0.0,0.0,184.1111111,187.0,180.5,5.0,935.0,4.0,722.0,219.0,211.0,1.0,32.0,0.0,0.0,0.0,0.0,0.0,0.0,0.0,0.0,Benign
47012.0,6.0,2018-02-16 01:47:57,4485098.0,5.0,3.0,935.0,398.0,935.0,0.0,187.0,418.1447118,398.0,0.0,132.6666667,229.7854071,297.2064379,1.783684548,640728.2857,1654619.622,4392486.0,7.0,4485098.0,1121274.5,2181086.753,4392493.0,21.0,79182.0,39591.0,55479.59805,78821.0,361.0,0.0,0.0,168.0,104.0,1.114802843,0.668881706,0.0,935.0,148.1111111,323.1092866,104399.6111,0.0,0.0,0.0,0.0,1.0,0.0,0.0,0.0,0.0,166.625,187.0,132.6666667,5.0,935.0,3.0,398.0,219.0,211.0,1.0,32.0,0.0,0.0,0.0,0.0,0.0,0.0,0.0,0.0,Benign
44086.0,6.0,2018-02-16 01:46:47,5030915.0,5.0,5.0,935.0,1146.0,935.0,0.0,187.0,418.1447118,382.0,0.0,229.2,209.230017,413.6424487,1.987709989,558990.5556,1440844.555,4389660.0,6.0,5030915.0,1257728.75,2105137.589,4389666.0,24.0,592262.0,148065.5,142936.9969,279353.0,1094.0,0.0,0.0,168.0,168.0,0.993854995,0.993854995,0.0,935.0,189.1818182,303.0362415,91830.96364,0.0,0.0,0.0,0.0,1.0,0.0,0.0,0.0,1.0,208.1,187.0,229.2,5.0,935.0,5.0,1146.0,237.0,211.0,1.0,32.0,0.0,0.0,0.0,0.0,0.0,0.0,0.0,0.0,Benign
36436.0,6.0,2018-02-16 01:45:49,5115031.0,4.0,5.0,935.0,351.0,935.0,0.0,233.75,467.5,351.0,0.0,70.2,156.971972,251.4158761,1.759520128,639378.875,1777950.086,5039418.0,7.0,5109155.0,1703051.667,2889385.304,5039425.0,32187.0,75613.0,18903.25,18671.02158,37246.0,283.0,0.0,0.0,136.0,168.0,0.782008946,0.977511182,0.0,935.0,128.6,304.0552581,92449.6,0.0,0.0,0.0,0.0,1.0,0.0,0.0,0.0,1.0,142.8888889,233.75,70.2,4.0,935.0,5.0,351.0,219.0,225.0,1.0,32.0,0.0,0.0,0.0,0.0,5039418.0,0.0,5039418.0,5039418.0,Benign
52612.0,6.0,2018-02-16 01:46:58,3543864.0,5.0,3.0,935.0,417.0,935.0,0.0,187.0,418.1447118,417.0,0.0,139.0,240.7550623,381.5044821,2.257422971,506266.2857,1310642.521,3478332.0,6.0,3543864.0,885966.0,1728320.752,3478339.0,55.0,28522.0,14261.0,16632.56571,26022.0,2500.0,0.0,0.0,168.0,104.0,1.410889357,0.846533614,0.0,935.0,150.2222222,325.0026068,105626.6944,0.0,0.0,0.0,0.0,1.0,0.0,0.0,0.0,0.0,169.0,187.0,139.0,5.0,935.0,3.0,417.0,237.0,211.0,1.0,32.0,0.0,0.0,0.0,0.0,0.0,0.0,0.0,0.0,Benign
44712.0,6.0,2018-02-16 01:45:55,4594788.0,5.0,3.0,935.0,380.0,935.0,0.0,187.0,418.1447118,380.0,0.0,126.6666667,219.3931023,286.1938353,1.74110318,656398.2857,1710995.235,4536441.0,3.0,4594788.0,1148697.0,2258545.076,4536446.0,30.0,23947.0,11973.5,16563.97635,23686.0,261.0,0.0,0.0,168.0,104.0,1.088189488,0.652913693,0.0,935.0,146.1111111,321.4204585,103311.1111,0.0,0.0,0.0,0.0,1.0,0.0,0.0,0.0,0.0,164.375,187.0,126.6666667,5.0,935.0,3.0,380.0,237.0,211.0,1.0,32.0,0.0,0.0,0.0,0.0,0.0,0.0,0.0,0.0,Benign
57306.0,6.0,2018-02-16 01:46:23,4272992.0,5.0,3.0,935.0,306.0,935.0,0.0,187.0,418.1447118,306.0,0.0,102.0,176.6691824,290.4288143,1.872224427,610427.4286,1536875.061,4094121.0,9.0,4272992.0,1068248.0,2017907.604,4094130.0,32.0,125317.0,62658.5,87855.89624,124782.0,535.0,0.0,0.0,168.0,104.0,1.170140267,0.70208416,0.0,935.0,137.8888889,315.5829702,99592.61111,0.0,0.0,0.0,0.0,1.0,0.0,0.0,0.0,0.0,155.125,187.0,102.0,5.0,935.0,3.0,306.0,219.0,211.0,1.0,32.0,0.0,0.0,0.0,0.0,0.0,0.0,0.0,0.0,Benign
56012.0,6.0,2018-02-16 01:47:07,4290072.0,5.0,3.0,935.0,309.0,935.0,0.0,187.0,418.1447118,309.0,0.0,103.0,178.4012332,289.9718233,1.864770568,612867.4286,1593584.963,4226611.0,6.0,4290072.0,1072518.0,2102805.26,4226617.0,39.0,20588.0,10294.0,6093.84624,14603.0,5985.0,0.0,0.0,168.0,104.0,1.165481605,0.699288963,0.0,935.0,138.2222222,315.784253,99719.69444,0.0,0.0,0.0,0.0,1.0,0.0,0.0,0.0,0.0,155.5,187.0,103.0,5.0,935.0,3.0,309.0,237.0,211.0,1.0,32.0,0.0,0.0,0.0,0.0,0.0,0.0,0.0,0.0,Benign
41748.0,6.0,2018-02-16 01:46:33,4373991.0,5.0,3.0,935.0,359.0,935.0,0.0,187.0,418.1447118,359.0,0.0,119.6666667,207.2687466,295.8396576,1.828993247,624855.8571,1603586.742,4260645.0,7.0,4373991.0,1093497.75,2111819.719,4260652.0,30.0,93546.0,46773.0,64766.73852,92570.0,976.0,0.0,0.0,168.0,104.0,1.143120779,0.685872468,0.0,935.0,143.7777778,319.5812799,102132.1944,0.0,0.0,0.0,0.0,1.0,0.0,0.0,0.0,0.0,161.75,187.0,119.6666667,5.0,935.0,3.0,359.0,237.0,211.0,1.0,32.0,0.0,0.0,0.0,0.0,0.0,0.0,0.0,0.0,Benign
60210.0,6.0,2018-02-16 01:46:54,5148783.0,5.0,4.0,935.0,322.0,935.0,0.0,187.0,418.1447118,322.0,0.0,80.5,161.0,244.1353617,1.747985883,643597.875,1438851.602,4099191.0,3.0,5148783.0,1287195.75,2541757.217,5099725.0,25.0,1043536.0,347845.3333,565425.0909,1000529.0,7062.0,0.0,0.0,168.0,144.0,0.971103268,0.776882615,0.0,935.0,125.7,301.8285201,91100.45556,0.0,0.0,0.0,0.0,1.0,0.0,0.0,0.0,0.0,139.6666667,187.0,80.5,5.0,935.0,4.0,322.0,219.0,211.0,1.0,32.0,0.0,0.0,0.0,0.0,0.0,0.0,0.0,0.0,Benign
41586.0,6.0,2018-02-16 01:46:42,4474585.0,5.0,3.0,935.0,330.0,935.0,0.0,187.0,418.1447118,330.0,0.0,110.0,190.5255888,282.7077818,1.7878753,639226.4286,1674907.426,4437509.0,8.0,4474585.0,1118646.25,2212646.755,4437517.0,27.0,36569.0,18284.5,2764.080408,20239.0,16330.0,0.0,0.0,168.0,104.0,1.117422063,0.670453238,0.0,935.0,140.5555556,317.2779188,100665.2778,0.0,0.0,0.0,0.0,1.0,0.0,0.0,0.0,0.0,158.125,187.0,110.0,5.0,935.0,3.0,330.0,219.0,211.0,1.0,32.0,0.0,0.0,0.0,0.0,0.0,0.0,0.0,0.0,Benign
45910.0,6.0,2018-02-16 01:45:51,4758411.0,5.0,3.0,935.0,310.0,935.0,0.0,187.0,418.1447118,310.0,0.0,103.3333333,178.9785834,261.6419641,1.681233504,679773.0,1759942.148,4670720.0,5.0,4758411.0,1189602.75,2321041.046,4670727.0,64.0,81122.0,40561.0,7758.375603,46047.0,35075.0,0.0,0.0,168.0,104.0,1.05077094,0.630462564,0.0,935.0,138.3333333,315.8520223,99762.5,0.0,0.0,0.0,0.0,1.0,0.0,0.0,0.0,0.0,155.625,187.0,103.3333333,5.0,935.0,3.0,310.0,237.0,211.0,1.0,32.0,0.0,0.0,0.0,0.0,0.0,0.0,0.0,0.0,Benign
44280.0,6.0,2018-02-16 01:48:01,4347745.0,5.0,3.0,935.0,301.0,935.0,0.0,187.0,418.1447118,301.0,0.0,100.3333333,173.782431,284.2853019,1.840034317,621106.4286,1608100.698,4267688.0,4.0,4347745.0,1086936.25,2120841.911,4267702.0,17.0,79712.0,39856.0,1636.245092,41013.0,38699.0,0.0,0.0,168.0,104.0,1.150021448,0.690012869,0.0,935.0,137.3333333,315.2542625,99385.25,0.0,0.0,0.0,0.0,1.0,0.0,0.0,0.0,0.0,154.5,187.0,100.3333333,5.0,935.0,3.0,301.0,219.0,211.0,1.0,32.0,0.0,0.0,0.0,0.0,0.0,0.0,0.0,0.0,Benign
38350.0,6.0,2018-02-16 01:47:29,4047607.0,4.0,5.0,935.0,325.0,935.0,0.0,233.75,467.5,325.0,0.0,65.0,145.3444185,311.2950442,2.22353603,505950.875,1396001.37,3960634.0,6.0,4037793.0,1345931.0,2264406.152,3960642.0,38467.0,86973.0,21743.25,21257.99436,41578.0,307.0,0.0,0.0,136.0,168.0,0.988238236,1.235297794,0.0,935.0,126.0,302.0467219,91232.22222,0.0,0.0,0.0,0.0,1.0,0.0,0.0,0.0,1.0,140.0,233.75,65.0,4.0,935.0,5.0,325.0,219.0,225.0,1.0,32.0,0.0,0.0,0.0,0.0,0.0,0.0,0.0,0.0,Benign
37880.0,6.0,2018-02-16 01:46:04,4257158.0,5.0,3.0,935.0,362.0,935.0,0.0,187.0,418.1447118,362.0,0.0,120.6666667,209.0007974,304.6633458,1.879187947,608165.4286,1563350.688,4153077.0,8.0,4257158.0,1064289.5,2059344.875,4153085.0,43.0,55644.0,27822.0,38869.65976,55307.0,337.0,0.0,0.0,168.0,104.0,1.174492467,0.70469548,0.0,935.0,144.1111111,319.8352875,102294.6111,0.0,0.0,0.0,0.0,1.0,0.0,0.0,0.0,0.0,162.125,187.0,120.6666667,5.0,935.0,3.0,362.0,219.0,211.0,1.0,32.0,0.0,0.0,0.0,0.0,0.0,0.0,0.0,0.0,Benign
51756.0,6.0,2018-02-16 01:46:27,4108698.0,5.0,3.0,935.0,355.0,935.0,0.0,187.0,418.1447118,355.0,0.0,118.3333333,204.9593456,313.9680746,1.947088834,586956.8571,1524135.275,4043239.0,3.0,4108698.0,1027174.5,2010885.334,4043247.0,21.0,58628.0,29314.0,3525.634411,31807.0,26821.0,0.0,0.0,168.0,104.0,1.216930522,0.730158313,0.0,935.0,143.3333333,319.2471613,101918.75,0.0,0.0,0.0,0.0,1.0,0.0,0.0,0.0,0.0,161.25,187.0,118.3333333,5.0,935.0,3.0,355.0,237.0,211.0,1.0,32.0,0.0,0.0,0.0,0.0,0.0,0.0,0.0,0.0,Benign
48950.0,6.0,2018-02-16 01:45:46,5027953.0,5.0,3.0,935.0,358.0,935.0,0.0,187.0,418.1447118,358.0,0.0,119.3333333,206.6913964,257.1623084,1.59110477,718279.0,1869237.677,4957201.0,2.0,5027953.0,1256988.25,2466871.717,4957208.0,22.0,39491.0,19745.5,13148.6506,29043.0,10448.0,0.0,0.0,168.0,104.0,0.994440481,0.596664289,0.0,935.0,143.6666667,319.4972613,102078.5,0.0,0.0,0.0,0.0,1.0,0.0,0.0,0.0,0.0,161.625,187.0,119.3333333,5.0,935.0,3.0,358.0,237.0,211.0,1.0,32.0,0.0,0.0,0.0,0.0,0.0,0.0,0.0,0.0,Benign
59392.0,6.0,2018-02-16 01:47:58,4744619.0,5.0,4.0,935.0,644.0,935.0,0.0,187.0,418.1447118,322.0,0.0,161.0,185.9067867,332.7980603,1.896885714,593077.375,1566936.262,4466648.0,7.0,4744619.0,1186154.75,2189443.893,4466655.0,39.0,236984.0,78994.66667,121676.798,219185.0,822.0,0.0,0.0,168.0,136.0,1.053825397,0.843060317,0.0,935.0,157.9,304.0959096,92474.32222,0.0,0.0,0.0,0.0,1.0,0.0,0.0,0.0,0.0,175.4444444,187.0,161.0,5.0,935.0,4.0,644.0,219.0,211.0,1.0,32.0,0.0,0.0,0.0,0.0,0.0,0.0,0.0,0.0,Benign
45540.0,6.0,2018-02-16 01:48:35,4253626.0,5.0,3.0,935.0,377.0,935.0,0.0,187.0,418.1447118,377.0,0.0,125.6666667,217.6610515,308.4427263,1.880748331,607660.8571,1562067.647,4149696.0,5.0,4253626.0,1063406.5,2057675.976,4149702.0,23.0,51499.0,25749.5,32335.286,48614.0,2885.0,0.0,0.0,168.0,104.0,1.175467707,0.705280624,0.0,935.0,145.7777778,321.1490222,103136.6944,0.0,0.0,0.0,0.0,1.0,0.0,0.0,0.0,0.0,164.0,187.0,125.6666667,5.0,935.0,3.0,377.0,219.0,211.0,1.0,32.0,0.0,0.0,0.0,0.0,0.0,0.0,0.0,0.0,Benign
58396.0,6.0,2018-02-16 01:46:15,4307049.0,5.0,3.0,935.0,366.0,935.0,0.0,187.0,418.1447118,366.0,0.0,122.0,211.3101985,302.062967,1.857420243,615292.7143,1579983.005,4198083.0,3.0,4307049.0,1076762.25,2081056.654,4198086.0,43.0,64463.0,32231.5,14808.93732,42703.0,21760.0,0.0,0.0,168.0,104.0,1.160887652,0.696532591,0.0,935.0,144.5555556,320.1785092,102514.2778,0.0,0.0,0.0,0.0,1.0,0.0,0.0,0.0,0.0,162.625,187.0,122.0,5.0,935.0,3.0,366.0,219.0,211.0,1.0,32.0,0.0,0.0,0.0,0.0,0.0,0.0,0.0,0.0,Benign
40870.0,6.0,2018-02-16 01:48:17,4262242.0,5.0,3.0,935.0,309.0,935.0,0.0,187.0,418.1447118,309.0,0.0,103.0,178.4012332,291.8651733,1.876946452,608891.7143,1571385.568,4172061.0,3.0,4262242.0,1065560.5,2071166.081,4172068.0,18.0,63083.0,31541.5,44095.88598,62722.0,361.0,0.0,0.0,168.0,104.0,1.173091533,0.70385492,0.0,935.0,138.2222222,315.784253,99719.69444,0.0,0.0,0.0,0.0,1.0,0.0,0.0,0.0,0.0,155.5,187.0,103.0,5.0,935.0,3.0,309.0,237.0,211.0,1.0,32.0,0.0,0.0,0.0,0.0,0.0,0.0,0.0,0.0,Benign
49852.0,6.0,2018-02-16 01:45:46,5239834.0,5.0,3.0,935.0,411.0,935.0,0.0,187.0,418.1447118,411.0,0.0,137.0,237.2909606,256.8783668,1.526765924,748547.7143,1960517.97,5194515.0,5.0,5239834.0,1309958.5,2589732.993,5194520.0,42.0,17474.0,8737.0,11780.39897,17067.0,407.0,0.0,0.0,168.0,104.0,0.954228703,0.572537222,0.0,935.0,149.5555556,324.392552,105230.5278,0.0,0.0,0.0,0.0,1.0,0.0,0.0,0.0,0.0,168.25,187.0,137.0,5.0,935.0,3.0,411.0,219.0,211.0,1.0,32.0,0.0,0.0,0.0,0.0,5194515.0,0.0,5194515.0,5194515.0,Benign
56784.0,6.0,2018-02-16 01:46:10,4240618.0,5.0,3.0,935.0,374.0,935.0,0.0,187.0,418.1447118,374.0,0.0,124.6666667,215.9290007,308.6814233,1.886517484,605802.5714,1537664.002,4091102.0,7.0,4240618.0,1060154.5,2021539.102,4091109.0,50.0,134852.0,67426.0,94970.09757,134580.0,272.0,0.0,0.0,168.0,104.0,1.179073428,0.707444057,0.0,935.0,145.4444444,320.8804727,102964.2778,0.0,0.0,0.0,0.0,1.0,0.0,0.0,0.0,0.0,163.625,187.0,124.6666667,5.0,935.0,3.0,374.0,219.0,211.0,1.0,32.0,0.0,0.0,0.0,0.0,0.0,0.0,0.0,0.0,Benign
35256.0,6.0,2018-02-16 01:45:32,5496586.0,5.0,3.0,935.0,319.0,935.0,0.0,187.0,418.1447118,319.0,0.0,106.3333333,184.1747359,228.1416137,1.455448891,785226.5714,2061334.595,5459799.0,6.0,5496586.0,1374146.5,2723822.668,5459806.0,59.0,1209.0,604.5,470.2260095,937.0,272.0,0.0,0.0,168.0,104.0,0.909655557,0.545793334,0.0,935.0,139.3333333,316.4770924,100157.75,0.0,0.0,0.0,0.0,1.0,0.0,0.0,0.0,0.0,156.75,187.0,106.3333333,5.0,935.0,3.0,319.0,219.0,211.0,1.0,32.0,0.0,0.0,0.0,0.0,5459799.0,0.0,5459799.0,5459799.0,Benign
56184.0,6.0,2018-02-16 01:46:40,5222838.0,5.0,6.0,935.0,1508.0,935.0,0.0,187.0,418.1447118,377.0,0.0,251.3333333,194.6819629,467.7533556,2.106134634,522283.8,1321169.409,4259120.0,7.0,5222838.0,1305709.5,2020527.647,4259127.0,20.0,962778.0,192555.6,167114.4003,445273.0,4513.0,0.0,0.0,168.0,200.0,0.957333925,1.148800709,0.0,935.0,203.5833333,293.1625234,85944.26515,0.0,0.0,0.0,0.0,1.0,0.0,0.0,0.0,1.0,222.0909091,187.0,251.3333333,5.0,935.0,6.0,1508.0,237.0,211.0,1.0,32.0,0.0,0.0,0.0,0.0,0.0,0.0,0.0,0.0,Benign
39694.0,6.0,2018-02-16 01:48:00,4477220.0,5.0,3.0,935.0,305.0,935.0,0.0,187.0,418.1447118,305.0,0.0,101.6666667,176.0918321,276.9575764,1.786823073,639602.8571,1641160.855,4361105.0,9.0,4477220.0,1119305.0,2161439.926,4361114.0,24.0,77910.0,38955.0,19182.39276,52519.0,25391.0,0.0,0.0,168.0,104.0,1.116764421,0.670058652,0.0,935.0,137.7777778,315.5165518,99550.69444,0.0,0.0,0.0,0.0,1.0,0.0,0.0,0.0,0.0,155.0,187.0,101.6666667,5.0,935.0,3.0,305.0,237.0,211.0,1.0,32.0,0.0,0.0,0.0,0.0,0.0,0.0,0.0,0.0,Benign
53150.0,6.0,2018-02-16 01:47:36,4385273.0,5.0,3.0,935.0,325.0,935.0,0.0,187.0,418.1447118,325.0,0.0,108.3333333,187.6388375,287.3253273,1.824287792,626467.5714,1582655.113,4214435.0,6.0,4385273.0,1096318.25,2079141.012,4214443.0,22.0,88519.0,44259.5,62149.73632,88206.0,313.0,0.0,0.0,168.0,104.0,1.14017987,0.684107922,0.0,935.0,140.0,316.9088986,100431.25,0.0,0.0,0.0,0.0,1.0,0.0,0.0,0.0,0.0,157.5,187.0,108.3333333,5.0,935.0,3.0,325.0,237.0,211.0,1.0,32.0,0.0,0.0,0.0,0.0,0.0,0.0,0.0,0.0,Benign
45978.0,6.0,2018-02-16 01:46:09,4173001.0,4.0,5.0,935.0,382.0,935.0,0.0,233.75,467.5,382.0,0.0,76.4,170.8355935,315.6002119,2.156721266,521625.125,1420075.391,4035352.0,5.0,4147787.0,1382595.667,2297614.699,4035357.0,21918.0,137649.0,34412.25,38869.60443,90039.0,473.0,0.0,0.0,136.0,168.0,0.958542785,1.198178481,0.0,935.0,131.7,306.7210278,94077.78889,0.0,0.0,0.0,0.0,1.0,0.0,0.0,0.0,1.0,146.3333333,233.75,76.4,4.0,935.0,5.0,382.0,237.0,225.0,1.0,32.0,0.0,0.0,0.0,0.0,0.0,0.0,0.0,0.0,Benign
34730.0,6.0,2018-02-16 01:47:21,4143812.0,5.0,3.0,935.0,325.0,935.0,0.0,187.0,418.1447118,325.0,0.0,108.3333333,187.6388375,304.0678486,1.930589515,591973.1429,1537802.694,4079213.0,5.0,4143812.0,1035953.0,2028901.561,4079219.0,24.0,34140.0,17070.0,23679.59189,33814.0,326.0,0.0,0.0,168.0,104.0,1.206618447,0.723971068,0.0,935.0,140.0,316.9088986,100431.25,0.0,0.0,0.0,0.0,1.0,0.0,0.0,0.0,0.0,157.5,187.0,108.3333333,5.0,935.0,3.0,325.0,237.0,211.0,1.0,32.0,0.0,0.0,0.0,0.0,0.0,0.0,0.0,0.0,Benign
54870.0,6.0,2018-02-16 01:48:32,4474084.0,5.0,4.0,935.0,588.0,935.0,0.0,187.0,418.1447118,294.0,0.0,147.0,169.7409791,340.4048739,2.011584941,559260.5,1436137.906,4109154.0,5.0,4474084.0,1118521.0,1997288.621,4109161.0,24.0,282608.0,94202.66667,102669.1307,203792.0,247.0,0.0,0.0,168.0,136.0,1.11754719,0.894037752,0.0,935.0,152.3,300.9511034,90571.56667,0.0,0.0,0.0,0.0,1.0,0.0,0.0,0.0,0.0,169.2222222,187.0,147.0,5.0,935.0,4.0,588.0,219.0,211.0,1.0,32.0,0.0,0.0,0.0,0.0,0.0,0.0,0.0,0.0,Benign
55896.0,6.0,2018-02-16 01:45:52,4629398.0,5.0,3.0,935.0,356.0,935.0,0.0,187.0,418.1447118,356.0,0.0,118.6666667,205.5366958,278.8699524,1.72808646,661342.5714,1728968.904,4582192.0,5.0,4629398.0,1157349.5,2283262.895,4582199.0,23.0,28025.0,14012.5,19383.91819,27719.0,306.0,0.0,0.0,168.0,104.0,1.080054037,0.648032422,0.0,935.0,143.4444444,319.3302018,101971.7778,0.0,0.0,0.0,0.0,1.0,0.0,0.0,0.0,0.0,161.375,187.0,118.6666667,5.0,935.0,3.0,356.0,237.0,211.0,1.0,32.0,0.0,0.0,0.0,0.0,0.0,0.0,0.0,0.0,Benign
39226.0,6.0,2018-02-16 01:47:21,4061864.0,5.0,3.0,935.0,335.0,935.0,0.0,187.0,418.1447118,335.0,0.0,111.6666667,193.4123402,312.6643334,1.969539108,580266.2857,1510836.893,4006409.0,8.0,4061864.0,1015466.0,1994012.08,4006418.0,28.0,24834.0,12417.0,13227.13945,21770.0,3064.0,0.0,0.0,168.0,104.0,1.230961943,0.738577166,0.0,935.0,141.1111111,317.6552551,100904.8611,0.0,0.0,0.0,0.0,1.0,0.0,0.0,0.0,0.0,158.75,187.0,111.6666667,5.0,935.0,3.0,335.0,237.0,211.0,1.0,32.0,0.0,0.0,0.0,0.0,0.0,0.0,0.0,0.0,Benign
60110.0,6.0,2018-02-16 01:47:46,4205197.0,5.0,3.0,935.0,373.0,935.0,0.0,187.0,418.1447118,373.0,0.0,124.3333333,215.3516504,311.0436919,1.902407901,600742.4286,1581158.113,4186455.0,5.0,4205197.0,1051299.25,2090114.033,4186460.0,44.0,5574.0,2787.0,3618.972506,5346.0,228.0,0.0,0.0,168.0,104.0,1.189004938,0.713402963,0.0,935.0,145.3333333,320.791599,102907.25,0.0,0.0,0.0,0.0,1.0,0.0,0.0,0.0,0.0,163.5,187.0,124.3333333,5.0,935.0,3.0,373.0,219.0,211.0,1.0,32.0,0.0,0.0,0.0,0.0,0.0,0.0,0.0,0.0,Benign
60762.0,6.0,2018-02-16 01:46:36,4298950.0,5.0,4.0,935.0,358.0,935.0,0.0,187.0,418.1447118,358.0,0.0,89.5,179.0,300.7711185,2.093534468,537368.75,1477047.596,4192658.0,4.0,4298950.0,1074737.5,2088250.26,4206854.0,24.0,4258074.0,1419358.0,2401787.434,4192658.0,18989.0,0.0,0.0,168.0,136.0,1.163074704,0.930459763,0.0,935.0,129.3,304.631672,92800.45556,0.0,0.0,0.0,0.0,1.0,1.0,0.0,0.0,0.0,143.6666667,187.0,89.5,5.0,935.0,4.0,358.0,237.0,211.0,1.0,32.0,0.0,0.0,0.0,0.0,0.0,0.0,0.0,0.0,Benign
54492.0,6.0,2018-02-16 01:47:19,4137323.0,5.0,3.0,935.0,372.0,935.0,0.0,187.0,418.1447118,372.0,0.0,124.0,214.7743001,315.9047529,1.933617462,591046.1429,1542104.438,4088075.0,7.0,4137323.0,1034330.75,2035893.314,4088082.0,26.0,37249.0,18624.5,25909.09957,36945.0,304.0,0.0,0.0,168.0,104.0,1.208510914,0.725106548,0.0,935.0,145.2222222,320.7030471,102850.4444,0.0,0.0,0.0,0.0,1.0,0.0,0.0,0.0,0.0,163.375,187.0,124.0,5.0,935.0,3.0,372.0,237.0,211.0,1.0,32.0,0.0,0.0,0.0,0.0,0.0,0.0,0.0,0.0,Benign
48834.0,6.0,2018-02-16 01:47:27,4195693.0,5.0,3.0,935.0,369.0,935.0,0.0,187.0,418.1447118,369.0,0.0,123.0,213.0422493,310.7949032,1.906717198,599384.7143,1541450.918,4094549.0,5.0,4195693.0,1048923.25,2030632.674,4094557.0,22.0,71273.0,35636.5,49977.60019,70976.0,297.0,0.0,0.0,168.0,104.0,1.191698249,0.715018949,0.0,935.0,144.8888889,320.4393252,102681.3611,0.0,0.0,0.0,0.0,1.0,0.0,0.0,0.0,0.0,163.0,187.0,123.0,5.0,935.0,3.0,369.0,237.0,211.0,1.0,32.0,0.0,0.0,0.0,0.0,0.0,0.0,0.0,0.0,Benign
43256.0,6.0,2018-02-16 01:46:00,4835789.0,5.0,5.0,935.0,1029.0,935.0,0.0,187.0,418.1447118,343.0,0.0,205.8,187.8688372,406.1384812,2.067914874,537309.8889,1406228.142,4279217.0,6.0,4835789.0,1208947.25,2059111.876,4279223.0,21.0,501227.0,125306.75,116294.3708,228366.0,14469.0,0.0,0.0,168.0,168.0,1.033957437,1.033957437,0.0,935.0,178.5454545,296.0589008,87650.87273,0.0,0.0,0.0,0.0,1.0,0.0,0.0,0.0,1.0,196.4,187.0,205.8,5.0,935.0,5.0,1029.0,219.0,211.0,1.0,32.0,0.0,0.0,0.0,0.0,0.0,0.0,0.0,0.0,Benign
46538.0,6.0,2018-02-16 01:45:40,5550890.0,5.0,3.0,935.0,355.0,935.0,0.0,187.0,418.1447118,355.0,0.0,118.3333333,204.9593456,232.3951655,1.441210328,792984.2857,2054514.231,5451991.0,6.0,5550890.0,1387722.5,2709623.785,5451997.0,47.0,57214.0,28607.0,19122.99579,42129.0,15085.0,0.0,0.0,168.0,104.0,0.900756455,0.540453873,0.0,935.0,143.3333333,319.2471613,101918.75,0.0,0.0,0.0,0.0,1.0,0.0,0.0,0.0,0.0,161.25,187.0,118.3333333,5.0,935.0,3.0,355.0,219.0,211.0,1.0,32.0,0.0,0.0,0.0,0.0,5451991.0,0.0,5451991.0,5451991.0,Benign
40942.0,6.0,2018-02-16 01:45:50,4864052.0,5.0,3.0,935.0,340.0,935.0,0.0,187.0,418.1447118,340.0,0.0,113.3333333,196.2990915,262.1271319,1.644719259,694864.5714,1827027.693,4838121.0,8.0,4864052.0,1216013.0,2414771.615,4838129.0,35.0,923.0,461.5,272.2361108,654.0,269.0,0.0,0.0,168.0,104.0,1.027949537,0.616769722,0.0,935.0,141.6666667,318.0408779,101150.0,0.0,0.0,0.0,0.0,1.0,0.0,0.0,0.0,0.0,159.375,187.0,113.3333333,5.0,935.0,3.0,340.0,219.0,211.0,1.0,32.0,0.0,0.0,0.0,0.0,0.0,0.0,0.0,0.0,Benign
38940.0,6.0,2018-02-16 01:48:13,4238531.0,5.0,3.0,935.0,322.0,935.0,0.0,187.0,418.1447118,322.0,0.0,107.3333333,185.9067867,296.5650127,1.887446382,605504.4286,1554943.898,4131534.0,7.0,4238531.0,1059632.75,2048114.601,4131541.0,26.0,64767.0,32383.5,10093.9493,39521.0,25246.0,0.0,0.0,168.0,104.0,1.179653989,0.707792393,0.0,935.0,139.6666667,316.6914903,100293.5,0.0,0.0,0.0,0.0,1.0,0.0,0.0,0.0,0.0,157.125,187.0,107.3333333,5.0,935.0,3.0,322.0,219.0,211.0,1.0,32.0,0.0,0.0,0.0,0.0,0.0,0.0,0.0,0.0,Benign
57504.0,6.0,2018-02-16 01:47:07,4297385.0,5.0,3.0,935.0,366.0,935.0,0.0,187.0,418.1447118,366.0,0.0,122.0,211.3101985,302.7422491,1.861597227,613912.1429,1572902.76,4180034.0,5.0,4297385.0,1074346.25,2070900.6,4180039.0,18.0,98399.0,49199.5,66871.7954,96485.0,1914.0,0.0,0.0,168.0,104.0,1.163498267,0.69809896,0.0,935.0,144.5555556,320.1785092,102514.2778,0.0,0.0,0.0,0.0,1.0,0.0,0.0,0.0,0.0,162.625,187.0,122.0,5.0,935.0,3.0,366.0,219.0,211.0,1.0,32.0,0.0,0.0,0.0,0.0,0.0,0.0,0.0,0.0,Benign
34474.0,6.0,2018-02-16 01:46:41,4521031.0,5.0,3.0,935.0,375.0,935.0,0.0,187.0,418.1447118,375.0,0.0,125.0,216.5063509,289.7569161,1.769507884,645861.5714,1637883.76,4359385.0,7.0,4521031.0,1130257.75,2153594.43,4359392.0,30.0,137725.0,68862.5,40594.2932,97567.0,40158.0,0.0,0.0,168.0,104.0,1.105942428,0.663565457,0.0,935.0,145.5555556,320.969668,103021.5278,0.0,0.0,0.0,0.0,1.0,0.0,0.0,0.0,0.0,163.75,187.0,125.0,5.0,935.0,3.0,375.0,237.0,211.0,1.0,32.0,0.0,0.0,0.0,0.0,0.0,0.0,0.0,0.0,Benign
59268.0,6.0,2018-02-16 01:47:03,4474736.0,5.0,3.0,935.0,357.0,935.0,0.0,187.0,418.1447118,357.0,0.0,119.0,206.1140461,288.7321174,1.787814968,639248.0,1633432.823,4343118.0,7.0,4474736.0,1118684.0,2149909.357,4343126.0,26.0,85102.0,42551.0,25058.45011,60270.0,24832.0,0.0,0.0,168.0,104.0,1.117384355,0.670430613,0.0,935.0,143.5555556,319.4135686,102025.0278,0.0,0.0,0.0,0.0,1.0,0.0,0.0,0.0,0.0,161.5,187.0,119.0,5.0,935.0,3.0,357.0,237.0,211.0,1.0,32.0,0.0,0.0,0.0,0.0,0.0,0.0,0.0,0.0,Benign
53162.0,6.0,2018-02-16 01:45:36,5440115.0,4.0,5.0,935.0,379.0,935.0,0.0,233.75,467.5,379.0,0.0,75.8,169.4939527,241.5390116,1.654376792,680014.375,1878878.005,5329521.0,5.0,5437913.0,1812637.667,3045800.16,5329529.0,31717.0,110594.0,27648.5,35905.40232,76365.0,305.0,0.0,0.0,136.0,168.0,0.735278574,0.919098218,0.0,935.0,131.4,306.4503585,93911.82222,0.0,0.0,0.0,0.0,1.0,0.0,0.0,0.0,1.0,146.0,233.75,75.8,4.0,935.0,5.0,379.0,219.0,225.0,1.0,32.0,0.0,0.0,0.0,0.0,5329521.0,0.0,5329521.0,5329521.0,Benign
55914.0,6.0,2018-02-16 01:48:16,4205157.0,5.0,3.0,935.0,371.0,935.0,0.0,187.0,418.1447118,371.0,0.0,123.6666667,214.1969499,310.5710441,1.902425997,600736.7143,1545573.017,4105345.0,5.0,4205157.0,1051289.25,2036189.71,4105350.0,25.0,58974.0,29487.0,41307.76394,58696.0,278.0,0.0,0.0,168.0,104.0,1.189016248,0.713409749,0.0,935.0,145.1111111,320.6148174,102793.8611,0.0,0.0,0.0,0.0,1.0,0.0,0.0,0.0,0.0,163.25,187.0,123.6666667,5.0,935.0,3.0,371.0,237.0,211.0,1.0,32.0,0.0,0.0,0.0,0.0,0.0,0.0,0.0,0.0,Benign
47284.0,6.0,2018-02-16 01:48:06,4451045.0,5.0,4.0,935.0,322.0,935.0,0.0,187.0,418.1447118,322.0,0.0,80.5,161.0,282.4055924,2.021997082,556380.625,1497806.641,4261838.0,8.0,4451045.0,1112761.25,2099811.527,4261846.0,5074.0,184422.0,61474.0,54193.09724,103358.0,268.0,0.0,0.0,168.0,136.0,1.123331712,0.89866537,0.0,935.0,125.7,301.8285201,91100.45556,0.0,0.0,0.0,0.0,1.0,0.0,0.0,0.0,0.0,139.6666667,187.0,80.5,5.0,935.0,4.0,322.0,219.0,225.0,1.0,32.0,0.0,0.0,0.0,0.0,0.0,0.0,0.0,0.0,Benign
48188.0,6.0,2018-02-16 01:46:13,4261388.0,5.0,3.0,935.0,416.0,935.0,0.0,187.0,418.1447118,416.0,0.0,138.6666667,240.177712,317.0328541,1.8773226,608769.7143,1560059.199,4145970.0,6.0,4261388.0,1065347.0,2054033.496,4145976.0,22.0,82625.0,41312.5,57949.52204,82289.0,336.0,0.0,0.0,168.0,104.0,1.173326625,0.703995975,0.0,935.0,150.1111111,324.9001556,105560.1111,0.0,0.0,0.0,0.0,1.0,0.0,0.0,0.0,0.0,168.875,187.0,138.6666667,5.0,935.0,3.0,416.0,219.0,211.0,1.0,32.0,0.0,0.0,0.0,0.0,0.0,0.0,0.0,0.0,Benign
52668.0,6.0,2018-02-16 01:46:27,4229479.0,5.0,3.0,935.0,319.0,935.0,0.0,187.0,418.1447118,319.0,0.0,106.3333333,184.1747359,296.4904188,1.891485925,604211.2857,1526885.277,4065512.0,5.0,4229479.0,1057369.75,2005996.788,4065517.0,21.0,116069.0,58034.5,79721.33983,114406.0,1663.0,0.0,0.0,168.0,104.0,1.182178703,0.709307222,0.0,935.0,139.3333333,316.4770924,100157.75,0.0,0.0,0.0,0.0,1.0,0.0,0.0,0.0,0.0,156.75,187.0,106.3333333,5.0,935.0,3.0,319.0,237.0,211.0,1.0,32.0,0.0,0.0,0.0,0.0,0.0,0.0,0.0,0.0,Benign
38330.0,6.0,2018-02-16 01:47:08,4242487.0,5.0,3.0,935.0,331.0,935.0,0.0,187.0,418.1447118,331.0,0.0,110.3333333,191.1029391,298.4098714,1.885686391,606069.5714,1564391.62,4153569.0,9.0,4242487.0,1060621.75,2062081.432,4153578.0,56.0,49711.0,24855.5,16316.48898,36393.0,13318.0,0.0,0.0,168.0,104.0,1.178553994,0.707132397,0.0,935.0,140.6666667,317.3527217,100712.75,0.0,0.0,0.0,0.0,1.0,0.0,0.0,0.0,0.0,158.25,187.0,110.3333333,5.0,935.0,3.0,331.0,219.0,211.0,1.0,32.0,0.0,0.0,0.0,0.0,0.0,0.0,0.0,0.0,Benign
36150.0,6.0,2018-02-16 01:45:49,5113659.0,5.0,3.0,935.0,322.0,935.0,0.0,187.0,418.1447118,322.0,0.0,107.3333333,185.9067867,245.8122452,1.564437519,730522.7143,1916517.963,5076748.0,5.0,5113659.0,1278414.75,2532241.046,5076754.0,33.0,18061.0,9030.5,1883.025358,10362.0,7699.0,0.0,0.0,168.0,104.0,0.97777345,0.58666407,0.0,935.0,139.6666667,316.6914903,100293.5,0.0,0.0,0.0,0.0,1.0,0.0,0.0,0.0,0.0,157.125,187.0,107.3333333,5.0,935.0,3.0,322.0,219.0,211.0,1.0,32.0,0.0,0.0,0.0,0.0,5076748.0,0.0,5076748.0,5076748.0,Benign
50706.0,6.0,2018-02-16 01:46:39,4356309.0,5.0,3.0,935.0,340.0,935.0,0.0,187.0,418.1447118,340.0,0.0,113.3333333,196.2990915,292.6789629,1.836417022,622329.8571,1599183.324,4248669.0,3.0,4356309.0,1089077.25,2106550.66,4248672.0,24.0,56965.0,28482.5,3127.533293,30694.0,26271.0,0.0,0.0,168.0,104.0,1.147760639,0.688656383,0.0,935.0,141.6666667,318.0408779,101150.0,0.0,0.0,0.0,0.0,1.0,0.0,0.0,0.0,0.0,159.375,187.0,113.3333333,5.0,935.0,3.0,340.0,237.0,211.0,1.0,32.0,0.0,0.0,0.0,0.0,0.0,0.0,0.0,0.0,Benign
46662.0,6.0,2018-02-16 01:48:10,4216750.0,5.0,3.0,935.0,347.0,935.0,0.0,187.0,418.1447118,347.0,0.0,115.6666667,200.3405434,304.0256121,1.897195708,602392.8571,1562347.57,4145259.0,7.0,4216750.0,1054187.5,2060972.922,4145267.0,17.0,69506.0,34753.0,11336.33592,42769.0,26737.0,0.0,0.0,168.0,104.0,1.185747317,0.71144839,0.0,935.0,142.4444444,318.5946135,101502.5278,0.0,0.0,0.0,0.0,1.0,0.0,0.0,0.0,0.0,160.25,187.0,115.6666667,5.0,935.0,3.0,347.0,219.0,211.0,1.0,32.0,0.0,0.0,0.0,0.0,0.0,0.0,0.0,0.0,Benign
41186.0,6.0,2018-02-16 01:46:25,4046998.0,5.0,3.0,935.0,378.0,935.0,0.0,187.0,418.1447118,378.0,0.0,126.0,218.2384018,324.4380155,1.976773895,578142.5714,1505127.062,3991138.0,5.0,4046998.0,1011749.5,1986430.813,3991143.0,22.0,55204.0,27602.0,38470.85154,54805.0,399.0,0.0,0.0,168.0,104.0,1.235483684,0.741290211,0.0,935.0,145.8888889,321.2391805,103194.6111,0.0,0.0,0.0,0.0,1.0,0.0,0.0,0.0,0.0,164.125,187.0,126.0,5.0,935.0,3.0,378.0,219.0,211.0,1.0,32.0,0.0,0.0,0.0,0.0,0.0,0.0,0.0,0.0,Benign
45516.0,6.0,2018-02-16 01:46:26,5087726.0,5.0,4.0,935.0,353.0,935.0,0.0,187.0,418.1447118,353.0,0.0,88.25,176.5,253.1582872,1.768963187,635965.75,1411801.978,4021382.0,5.0,5087726.0,1271931.5,2504535.387,5028668.0,16.0,1043384.0,347794.6667,571397.6253,1007281.0,628.0,0.0,0.0,168.0,144.0,0.982757326,0.786205861,0.0,935.0,128.8,304.2184157,92548.84444,0.0,0.0,0.0,0.0,1.0,0.0,0.0,0.0,0.0,143.1111111,187.0,88.25,5.0,935.0,4.0,353.0,219.0,211.0,1.0,32.0,0.0,0.0,0.0,0.0,0.0,0.0,0.0,0.0,Benign
33314.0,6.0,2018-02-16 01:47:08,4172554.0,5.0,3.0,935.0,356.0,935.0,0.0,187.0,418.1447118,356.0,0.0,118.6666667,205.5366958,309.4028262,1.917290945,596079.1429,1559928.455,4133564.0,5.0,4172554.0,1043138.5,2060336.384,4133571.0,26.0,32552.0,16276.0,22603.37537,32259.0,293.0,0.0,0.0,168.0,104.0,1.19830684,0.718984104,0.0,935.0,143.4444444,319.3302018,101971.7778,0.0,0.0,0.0,0.0,1.0,0.0,0.0,0.0,0.0,161.375,187.0,118.6666667,5.0,935.0,3.0,356.0,237.0,211.0,1.0,32.0,0.0,0.0,0.0,0.0,0.0,0.0,0.0,0.0,Benign
59412.0,6.0,2018-02-16 01:47:28,4197981.0,5.0,3.0,935.0,370.0,935.0,0.0,187.0,418.1447118,370.0,0.0,123.3333333,213.6195996,310.8637223,1.905677991,599711.5714,1541913.749,4096198.0,5.0,4197981.0,1049495.25,2031306.191,4096205.0,26.0,63200.0,31600.0,15642.61621,42661.0,20539.0,0.0,0.0,168.0,104.0,1.191048745,0.714629247,0.0,935.0,145.0,320.5269099,102737.5,0.0,0.0,0.0,0.0,1.0,0.0,0.0,0.0,0.0,163.125,187.0,123.3333333,5.0,935.0,3.0,370.0,219.0,211.0,1.0,32.0,0.0,0.0,0.0,0.0,0.0,0.0,0.0,0.0,Benign
38768.0,6.0,2018-02-16 01:48:09,4234201.0,5.0,3.0,935.0,326.0,935.0,0.0,187.0,418.1447118,326.0,0.0,108.6666667,188.2161878,297.8129758,1.889376532,604885.8571,1564703.068,4152808.0,6.0,4234201.0,1058550.25,2063084.82,4152814.0,23.0,71481.0,35740.5,50157.20531,71207.0,274.0,0.0,0.0,168.0,104.0,1.180860332,0.708516199,0.0,935.0,140.1111111,316.9820359,100477.6111,0.0,0.0,0.0,0.0,1.0,0.0,0.0,0.0,0.0,157.625,187.0,108.6666667,5.0,935.0,3.0,326.0,237.0,211.0,1.0,32.0,0.0,0.0,0.0,0.0,0.0,0.0,0.0,0.0,Benign
57016.0,6.0,2018-02-16 01:46:23,4162263.0,5.0,3.0,935.0,351.0,935.0,0.0,187.0,418.1447118,351.0,0.0,117.0,202.6499445,308.9665406,1.922031357,594609.0,1531452.179,4067329.0,4.0,4162263.0,1040565.75,2017975.199,4067336.0,17.0,52651.0,26325.5,25631.91371,44450.0,8201.0,0.0,0.0,168.0,104.0,1.201269598,0.720761759,0.0,935.0,142.8888889,318.9182671,101708.8611,0.0,0.0,0.0,0.0,1.0,0.0,0.0,0.0,0.0,160.75,187.0,117.0,5.0,935.0,3.0,351.0,237.0,211.0,1.0,32.0,0.0,0.0,0.0,0.0,0.0,0.0,0.0,0.0,Benign
48576.0,6.0,2018-02-16 01:48:27,4184622.0,5.0,3.0,935.0,347.0,935.0,0.0,187.0,418.1447118,347.0,0.0,115.6666667,200.3405434,306.3598098,1.911761684,597803.1429,1556885.272,4128378.0,5.0,4184622.0,1046155.5,2054866.527,4128385.0,44.0,22945.0,11472.5,7563.921238,16821.0,6124.0,0.0,0.0,168.0,104.0,1.194851052,0.716910631,0.0,935.0,142.4444444,318.5946135,101502.5278,0.0,0.0,0.0,0.0,1.0,0.0,0.0,0.0,0.0,160.25,187.0,115.6666667,5.0,935.0,3.0,347.0,237.0,211.0,1.0,32.0,0.0,0.0,0.0,0.0,0.0,0.0,0.0,0.0,Benign
47200.0,6.0,2018-02-16 01:47:10,4245796.0,5.0,3.0,935.0,324.0,935.0,0.0,187.0,418.1447118,324.0,0.0,108.0,187.0614872,296.5286132,1.884216764,606542.2857,1537994.181,4092339.0,5.0,4245796.0,1061449.0,2021657.389,4092344.0,46.0,143580.0,71790.0,100840.4981,143095.0,485.0,0.0,0.0,168.0,104.0,1.177635478,0.706581287,0.0,935.0,139.8888889,316.836095,100385.1111,0.0,0.0,0.0,0.0,1.0,0.0,0.0,0.0,0.0,157.375,187.0,108.0,5.0,935.0,3.0,324.0,237.0,211.0,1.0,32.0,0.0,0.0,0.0,0.0,0.0,0.0,0.0,0.0,Benign
59314.0,6.0,2018-02-16 01:46:36,4478029.0,5.0,4.0,935.0,676.0,935.0,0.0,187.0,418.1447118,338.0,0.0,169.0,195.144391,359.7564911,2.009812799,559753.625,1462737.994,4175476.0,5.0,4478029.0,1119507.25,2040741.705,4175482.0,27.0,266710.0,88903.33333,110037.2013,212085.0,333.0,0.0,0.0,168.0,136.0,1.116562666,0.893250133,0.0,935.0,161.1,306.0829408,93686.76667,0.0,0.0,0.0,0.0,1.0,0.0,0.0,0.0,0.0,179.0,187.0,169.0,5.0,935.0,4.0,676.0,219.0,211.0,1.0,32.0,0.0,0.0,0.0,0.0,0.0,0.0,0.0,0.0,Benign
54024.0,6.0,2018-02-16 01:46:10,4075220.0,5.0,3.0,935.0,340.0,935.0,0.0,187.0,418.1447118,340.0,0.0,113.3333333,196.2990915,312.8665446,1.963084202,582174.2857,1505864.588,3996977.0,3.0,4075220.0,1018805.0,1985537.593,3996983.0,21.0,39865.0,19932.5,12915.30536,29065.0,10800.0,0.0,0.0,168.0,104.0,1.226927626,0.736156576,0.0,935.0,141.6666667,318.0408779,101150.0,0.0,0.0,0.0,0.0,1.0,0.0,0.0,0.0,0.0,159.375,187.0,113.3333333,5.0,935.0,3.0,340.0,237.0,211.0,1.0,32.0,0.0,0.0,0.0,0.0,0.0,0.0,0.0,0.0,Benign
52924.0,6.0,2018-02-16 01:45:52,4908891.0,5.0,3.0,935.0,351.0,935.0,0.0,187.0,418.1447118,351.0,0.0,117.0,202.6499445,261.9736311,1.629695994,701270.1429,1825916.171,4841906.0,7.0,4908891.0,1227222.75,2409859.409,4841914.0,61.0,23465.0,11732.5,7814.237039,17258.0,6207.0,0.0,0.0,168.0,104.0,1.018559997,0.611135998,0.0,935.0,142.8888889,318.9182671,101708.8611,0.0,0.0,0.0,0.0,1.0,0.0,0.0,0.0,0.0,160.75,187.0,117.0,5.0,935.0,3.0,351.0,237.0,211.0,1.0,32.0,0.0,0.0,0.0,0.0,0.0,0.0,0.0,0.0,Benign
52482.0,6.0,2018-02-16 01:46:06,4103385.0,5.0,3.0,935.0,355.0,935.0,0.0,187.0,418.1447118,355.0,0.0,118.3333333,204.9593456,314.3745956,1.949609895,586197.8571,1519079.983,4030911.0,8.0,4103385.0,1025846.25,2003666.323,4030919.0,26.0,71903.0,35951.5,13823.23047,45726.0,26177.0,0.0,0.0,168.0,104.0,1.218506185,0.731103711,0.0,935.0,143.3333333,319.2471613,101918.75,0.0,0.0,0.0,0.0,1.0,0.0,0.0,0.0,0.0,161.25,187.0,118.3333333,5.0,935.0,3.0,355.0,219.0,211.0,1.0,32.0,0.0,0.0,0.0,0.0,0.0,0.0,0.0,0.0,Benign
39700.0,6.0,2018-02-16 01:48:09,4254527.0,5.0,3.0,935.0,338.0,935.0,0.0,187.0,418.1447118,338.0,0.0,112.6666667,195.144391,299.2106996,1.880350037,607789.5714,1552676.079,4128320.0,6.0,4254527.0,1063631.75,2043391.391,4128327.0,34.0,46465.0,23232.5,14745.29771,33659.0,12806.0,0.0,0.0,168.0,104.0,1.175218773,0.705131264,0.0,935.0,141.4444444,317.8856363,101051.2778,0.0,0.0,0.0,0.0,1.0,0.0,0.0,0.0,0.0,159.125,187.0,112.6666667,5.0,935.0,3.0,338.0,237.0,211.0,1.0,32.0,0.0,0.0,0.0,0.0,0.0,0.0,0.0,0.0,Benign
36132.0,6.0,2018-02-16 01:46:16,4092237.0,4.0,5.0,935.0,329.0,935.0,0.0,233.75,467.5,329.0,0.0,65.8,147.1332729,308.8775161,2.199286112,511529.625,1417822.617,4020309.0,6.0,4082366.0,1360788.667,2303217.406,4020315.0,30600.0,71928.0,17982.0,15769.9725,32664.0,649.0,0.0,0.0,136.0,168.0,0.977460494,1.221825618,0.0,935.0,126.4,302.3420432,91410.71111,0.0,0.0,0.0,0.0,1.0,0.0,0.0,0.0,1.0,140.4444444,233.75,65.8,4.0,935.0,5.0,329.0,219.0,225.0,1.0,32.0,0.0,0.0,0.0,0.0,0.0,0.0,0.0,0.0,Benign
55722.0,6.0,2018-02-16 01:48:33,3923977.0,5.0,3.0,935.0,298.0,935.0,0.0,187.0,418.1447118,298.0,0.0,99.33333333,172.0503802,314.2220253,2.038747934,560568.1429,1431418.119,3806112.0,7.0,3923977.0,980994.25,1883621.789,3806119.0,19.0,60808.0,30404.0,42589.04143,60519.0,289.0,0.0,0.0,168.0,104.0,1.274217458,0.764530475,0.0,935.0,137.0,315.0611052,99263.5,0.0,0.0,0.0,0.0,1.0,0.0,0.0,0.0,0.0,154.125,187.0,99.33333333,5.0,935.0,3.0,298.0,219.0,211.0,1.0,32.0,0.0,0.0,0.0,0.0,0.0,0.0,0.0,0.0,Benign
52128.0,6.0,2018-02-16 01:47:10,4300635.0,5.0,4.0,935.0,289.0,935.0,0.0,187.0,418.1447118,289.0,0.0,72.25,144.5,284.6091333,2.092714215,537579.375,1464351.525,4160417.0,5.0,4300635.0,1075158.75,2057382.494,4160422.0,9647.0,123460.0,41153.33333,62408.4876,112989.0,281.0,0.0,0.0,168.0,136.0,1.162619009,0.930095207,0.0,935.0,122.4,299.6161248,89769.82222,0.0,0.0,0.0,0.0,1.0,0.0,0.0,0.0,0.0,136.0,187.0,72.25,5.0,935.0,4.0,289.0,237.0,225.0,1.0,32.0,0.0,0.0,0.0,0.0,0.0,0.0,0.0,0.0,Benign
37982.0,6.0,2018-02-16 01:46:12,4270908.0,5.0,3.0,935.0,374.0,935.0,0.0,187.0,418.1447118,374.0,0.0,124.6666667,215.9290007,306.4922026,1.873137984,610129.7143,1571246.159,4173049.0,8.0,4270908.0,1067727.0,2070355.153,4173057.0,47.0,55521.0,27760.5,32070.82806,50438.0,5083.0,0.0,0.0,168.0,104.0,1.17071124,0.702426744,0.0,935.0,145.4444444,320.8804727,102964.2778,0.0,0.0,0.0,0.0,1.0,0.0,0.0,0.0,0.0,163.625,187.0,124.6666667,5.0,935.0,3.0,374.0,219.0,211.0,1.0,32.0,0.0,0.0,0.0,0.0,0.0,0.0,0.0,0.0,Benign
35936.0,6.0,2018-02-16 01:46:28,4193212.0,5.0,4.0,935.0,397.0,935.0,0.0,187.0,418.1447118,397.0,0.0,99.25,198.5,317.6562501,2.146326015,524151.5,1437412.944,4081416.0,5.0,4193212.0,1048303.0,2022142.903,4081424.0,24576.0,92722.0,30907.33333,6648.117052,36192.0,23443.0,0.0,0.0,168.0,136.0,1.192403341,0.953922673,0.0,935.0,133.2,308.1146251,94934.62222,0.0,0.0,0.0,0.0,1.0,0.0,0.0,0.0,0.0,148.0,187.0,99.25,5.0,935.0,4.0,397.0,219.0,225.0,1.0,32.0,0.0,0.0,0.0,0.0,0.0,0.0,0.0,0.0,Benign
36510.0,6.0,2018-02-16 01:45:32,5514034.0,5.0,3.0,935.0,321.0,935.0,0.0,187.0,418.1447118,321.0,0.0,107.0,185.3294364,227.7824185,1.45084343,787719.1429,2058492.336,5455829.0,9.0,5514034.0,1378508.5,2718267.833,5455838.0,19.0,18546.0,9273.0,6485.583397,13859.0,4687.0,0.0,0.0,168.0,104.0,0.906777144,0.544066286,0.0,935.0,139.5555556,316.6196895,100248.0278,0.0,0.0,0.0,0.0,1.0,0.0,0.0,0.0,0.0,157.0,187.0,107.0,5.0,935.0,3.0,321.0,219.0,211.0,1.0,32.0,0.0,0.0,0.0,0.0,5455829.0,0.0,5455829.0,5455829.0,Benign
53778.0,6.0,2018-02-16 01:48:02,4309450.0,5.0,3.0,935.0,379.0,935.0,0.0,187.0,418.1447118,379.0,0.0,126.3333333,218.815752,304.9112996,1.856385386,615635.7143,1604423.122,4254005.0,6.0,4309450.0,1077362.5,2117807.171,4254011.0,49.0,30682.0,15341.0,21282.4999,30390.0,292.0,0.0,0.0,168.0,104.0,1.160240866,0.69614452,0.0,935.0,146.0,321.3296594,103252.75,0.0,0.0,0.0,0.0,1.0,0.0,0.0,0.0,0.0,164.25,187.0,126.3333333,5.0,935.0,3.0,379.0,219.0,211.0,1.0,32.0,0.0,0.0,0.0,0.0,0.0,0.0,0.0,0.0,Benign
56458.0,6.0,2018-02-16 01:46:23,4182790.0,5.0,3.0,935.0,347.0,935.0,0.0,187.0,418.1447118,347.0,0.0,115.6666667,200.3405434,306.4939909,1.912599007,597541.4286,1555644.746,4125256.0,5.0,4182790.0,1045697.5,2053203.068,4125263.0,31.0,55338.0,27669.0,17362.29991,39946.0,15392.0,0.0,0.0,168.0,104.0,1.195374379,0.717224628,0.0,935.0,142.4444444,318.5946135,101502.5278,0.0,0.0,0.0,0.0,1.0,0.0,0.0,0.0,0.0,160.25,187.0,115.6666667,5.0,935.0,3.0,347.0,237.0,211.0,1.0,32.0,0.0,0.0,0.0,0.0,0.0,0.0,0.0,0.0,Benign
46246.0,6.0,2018-02-16 01:45:56,4715088.0,5.0,3.0,935.0,368.0,935.0,0.0,187.0,418.1447118,368.0,0.0,122.6666667,212.4648991,276.3469102,1.696680953,673584.0,1722050.361,4577968.0,5.0,4715088.0,1178772.0,2266484.207,4577974.0,31.0,97037.0,48518.5,68188.42823,96735.0,302.0,0.0,0.0,168.0,104.0,1.060425595,0.636255357,0.0,935.0,144.7777778,320.3520633,102625.4444,0.0,0.0,0.0,0.0,1.0,0.0,0.0,0.0,0.0,162.875,187.0,122.6666667,5.0,935.0,3.0,368.0,219.0,211.0,1.0,32.0,0.0,0.0,0.0,0.0,0.0,0.0,0.0,0.0,Benign
45312.0,6.0,2018-02-16 01:45:34,5659754.0,5.0,4.0,935.0,732.0,935.0,0.0,187.0,418.1447118,366.0,0.0,183.0,211.3101985,294.5357696,1.590175121,707469.25,1871615.992,5335671.0,8.0,5659754.0,1414938.5,2616525.206,5335679.0,52.0,273479.0,91159.66667,118019.5123,226968.0,13474.0,0.0,0.0,168.0,136.0,0.883430623,0.706744498,0.0,935.0,166.7,309.88315,96027.56667,0.0,0.0,0.0,0.0,1.0,0.0,0.0,0.0,0.0,185.2222222,187.0,183.0,5.0,935.0,4.0,732.0,219.0,211.0,1.0,32.0,0.0,0.0,0.0,0.0,5335671.0,0.0,5335671.0,5335671.0,Benign
53484.0,6.0,2018-02-16 01:48:24,4303883.0,5.0,3.0,935.0,370.0,935.0,0.0,187.0,418.1447118,370.0,0.0,123.3333333,213.6195996,303.2145623,1.858786589,614840.4286,1579778.432,4197116.0,5.0,4303883.0,1075970.75,2080922.022,4197124.0,32.0,56231.0,28115.5,22079.40924,43728.0,12503.0,0.0,0.0,168.0,104.0,1.161741618,0.697044971,0.0,935.0,145.0,320.5269099,102737.5,0.0,0.0,0.0,0.0,1.0,0.0,0.0,0.0,0.0,163.125,187.0,123.3333333,5.0,935.0,3.0,370.0,237.0,211.0,1.0,32.0,0.0,0.0,0.0,0.0,0.0,0.0,0.0,0.0,Benign
48690.0,6.0,2018-02-16 01:45:46,5239608.0,5.0,3.0,935.0,420.0,935.0,0.0,187.0,418.1447118,420.0,0.0,140.0,242.4871131,258.6071324,1.526831778,748515.4286,1933449.096,5132460.0,7.0,5239608.0,1309902.0,2548726.645,5132467.0,35.0,95039.0,47519.5,66876.03804,94808.0,231.0,0.0,0.0,168.0,104.0,0.954269861,0.572561917,0.0,935.0,150.5555556,325.3118162,105827.7778,0.0,0.0,0.0,0.0,1.0,0.0,0.0,0.0,0.0,169.375,187.0,140.0,5.0,935.0,3.0,420.0,219.0,211.0,1.0,32.0,0.0,0.0,0.0,0.0,5132460.0,0.0,5132460.0,5132460.0,Benign
60712.0,6.0,2018-02-16 01:47:50,4473304.0,5.0,3.0,935.0,356.0,935.0,0.0,187.0,418.1447118,356.0,0.0,118.6666667,205.5366958,288.6009983,1.788387286,639043.4286,1594156.052,4251931.0,5.0,4473304.0,1118326.0,2089989.491,4251936.0,17.0,151430.0,75715.0,106609.0752,151099.0,331.0,0.0,0.0,168.0,104.0,1.117742054,0.670645232,0.0,935.0,143.4444444,319.3302018,101971.7778,0.0,0.0,0.0,0.0,1.0,0.0,0.0,0.0,0.0,161.375,187.0,118.6666667,5.0,935.0,3.0,356.0,219.0,211.0,1.0,32.0,0.0,0.0,0.0,0.0,0.0,0.0,0.0,0.0,Benign
57404.0,6.0,2018-02-16 01:47:54,4324925.0,5.0,3.0,935.0,367.0,935.0,0.0,187.0,418.1447118,367.0,0.0,122.3333333,211.8875488,301.0456829,1.849743059,617846.4286,1594964.775,4234645.0,4.0,4324925.0,1081231.25,2102413.728,4234653.0,26.0,57703.0,28851.5,25954.3544,47204.0,10499.0,0.0,0.0,168.0,104.0,1.156089412,0.693653647,0.0,935.0,144.6666667,320.2651245,102569.75,0.0,0.0,0.0,0.0,1.0,0.0,0.0,0.0,0.0,162.75,187.0,122.3333333,5.0,935.0,3.0,367.0,219.0,211.0,1.0,32.0,0.0,0.0,0.0,0.0,0.0,0.0,0.0,0.0,Benign
53010.0,6.0,2018-02-16 01:47:15,4263699.0,4.0,5.0,935.0,335.0,935.0,0.0,233.75,467.5,335.0,0.0,67.0,149.8165545,297.863428,2.11084319,532962.375,1434565.528,4081872.0,8.0,4248751.0,1416250.333,2308781.496,4081885.0,47854.0,181827.0,45456.75,53265.22525,118759.0,258.0,0.0,0.0,136.0,168.0,0.938152529,1.172690661,0.0,935.0,127.0,302.794393,91684.44444,0.0,0.0,0.0,0.0,1.0,0.0,0.0,0.0,1.0,141.1111111,233.75,67.0,4.0,935.0,5.0,335.0,237.0,225.0,1.0,32.0,0.0,0.0,0.0,0.0,0.0,0.0,0.0,0.0,Benign
39242.0,6.0,2018-02-16 01:45:49,61586141.0,5.0,4.0,935.0,287.0,935.0,0.0,187.0,418.1447118,287.0,0.0,71.75,143.5,19.84212649,0.146136775,7698267.625,21700000.0,61500000.0,6.0,61600000.0,15400000.0,30700000.0,61500000.0,23.0,61500000.0,20500000.0,35500000.0,61500000.0,307.0,0.0,0.0,168.0,136.0,0.081187097,0.064949678,0.0,935.0,122.2,299.4932016,89696.17778,0.0,0.0,0.0,0.0,1.0,1.0,0.0,0.0,0.0,135.7777778,187.0,71.75,5.0,935.0,4.0,287.0,219.0,211.0,1.0,32.0,41188.0,0.0,41188.0,41188.0,61500000.0,0.0,61500000.0,61500000.0,Benign
54632.0,6.0,2018-02-16 01:46:06,3865046.0,5.0,3.0,935.0,383.0,935.0,0.0,187.0,418.1447118,383.0,0.0,127.6666667,221.1251531,341.0049971,2.069833063,552149.4286,1440301.877,3818365.0,5.0,3865046.0,966261.5,1901437.648,3818370.0,21.0,22158.0,11079.0,11968.48938,19542.0,2616.0,0.0,0.0,168.0,104.0,1.293645664,0.776187399,0.0,935.0,146.4444444,321.6947742,103487.5278,0.0,0.0,0.0,0.0,1.0,0.0,0.0,0.0,0.0,164.75,187.0,127.6666667,5.0,935.0,3.0,383.0,219.0,211.0,1.0,32.0,0.0,0.0,0.0,0.0,0.0,0.0,0.0,0.0,Benign
41234.0,6.0,2018-02-16 01:45:33,9096978.0,5.0,8.0,935.0,1974.0,935.0,0.0,187.0,418.1447118,329.0,0.0,246.75,152.2974064,319.7765236,1.429045997,758081.5,1551600.47,5374385.0,8.0,9096978.0,2274244.5,2699418.426,5374393.0,30.0,3696558.0,528079.7143,650844.0849,1818969.0,2892.0,0.0,0.0,168.0,264.0,0.549633076,0.879412922,0.0,935.0,207.7857143,265.9124143,70709.41209,0.0,0.0,0.0,0.0,1.0,0.0,0.0,0.0,1.0,223.7692308,187.0,246.75,5.0,935.0,8.0,1974.0,219.0,211.0,1.0,32.0,0.0,0.0,0.0,0.0,5374385.0,0.0,5374385.0,5374385.0,Benign
39580.0,6.0,2018-02-16 01:47:30,4037182.0,5.0,3.0,935.0,348.0,935.0,0.0,187.0,418.1447118,348.0,0.0,116.0,200.9178937,317.795928,1.981580221,576740.2857,1506577.606,3993204.0,7.0,4037182.0,1009295.5,1989381.771,3993211.0,29.0,43530.0,21765.0,20887.93432,36535.0,6995.0,0.0,0.0,168.0,104.0,1.238487638,0.743092583,0.0,935.0,142.5555556,318.6750348,101553.7778,0.0,0.0,0.0,0.0,1.0,0.0,0.0,0.0,0.0,160.375,187.0,116.0,5.0,935.0,3.0,348.0,237.0,211.0,1.0,32.0,0.0,0.0,0.0,0.0,0.0,0.0,0.0,0.0,Benign
56132.0,6.0,2018-02-16 01:47:11,4097326.0,5.0,3.0,935.0,375.0,935.0,0.0,187.0,418.1447118,375.0,0.0,125.0,216.5063509,319.7207154,1.952492919,585332.2857,1496674.177,3978261.0,5.0,4097326.0,1024331.5,1969905.393,3978266.0,46.0,109102.0,54551.0,76735.22789,108811.0,291.0,0.0,0.0,168.0,104.0,1.220308074,0.732184844,0.0,935.0,145.5555556,320.969668,103021.5278,0.0,0.0,0.0,0.0,1.0,0.0,0.0,0.0,0.0,163.75,187.0,125.0,5.0,935.0,3.0,375.0,219.0,211.0,1.0,32.0,0.0,0.0,0.0,0.0,0.0,0.0,0.0,0.0,Benign
36494.0,6.0,2018-02-16 01:46:16,4343532.0,5.0,3.0,935.0,327.0,935.0,0.0,187.0,418.1447118,327.0,0.0,109.0,188.793538,290.5469558,1.841819054,620504.5714,1609584.062,4270422.0,4.0,4343532.0,1085883.0,2123146.74,4270426.0,26.0,54077.0,27038.5,37673.94219,53678.0,399.0,0.0,0.0,168.0,104.0,1.151136909,0.690682145,0.0,935.0,140.2222222,317.0555069,100524.1944,0.0,0.0,0.0,0.0,1.0,0.0,0.0,0.0,0.0,157.75,187.0,109.0,5.0,935.0,3.0,327.0,219.0,211.0,1.0,32.0,0.0,0.0,0.0,0.0,0.0,0.0,0.0,0.0,Benign
47704.0,6.0,2018-02-16 01:47:06,4226831.0,5.0,3.0,935.0,371.0,935.0,0.0,187.0,418.1447118,371.0,0.0,123.6666667,214.1969499,308.9785232,1.892670892,603833.0,1570632.628,4165532.0,7.0,4226831.0,1056707.75,2072703.297,4165539.0,22.0,55432.0,27716.0,19851.31578,41753.0,13679.0,0.0,0.0,168.0,104.0,1.182919308,0.709751585,0.0,935.0,145.1111111,320.6148174,102793.8611,0.0,0.0,0.0,0.0,1.0,0.0,0.0,0.0,0.0,163.25,187.0,123.6666667,5.0,935.0,3.0,371.0,219.0,211.0,1.0,32.0,0.0,0.0,0.0,0.0,0.0,0.0,0.0,0.0,Benign
33880.0,6.0,2018-02-16 01:46:29,3632722.0,5.0,3.0,935.0,377.0,935.0,0.0,187.0,418.1447118,377.0,0.0,125.6666667,217.6610515,361.1616854,2.202205399,518960.2857,1348213.199,3576132.0,6.0,3632722.0,908180.5,1778783.483,3576138.0,25.0,50826.0,25413.0,35592.92694,50581.0,245.0,0.0,0.0,168.0,104.0,1.376378374,0.825827024,0.0,935.0,145.7777778,321.1490222,103136.6944,0.0,0.0,0.0,0.0,1.0,0.0,0.0,0.0,0.0,164.0,187.0,125.6666667,5.0,935.0,3.0,377.0,219.0,211.0,1.0,32.0,0.0,0.0,0.0,0.0,0.0,0.0,0.0,0.0,Benign
34896.0,6.0,2018-02-16 01:46:12,4065966.0,5.0,3.0,935.0,382.0,935.0,0.0,187.0,418.1447118,382.0,0.0,127.3333333,220.5478028,323.9082668,1.967552114,580852.2857,1505168.059,3994032.0,8.0,4065966.0,1016491.5,1985131.25,3994040.0,30.0,48559.0,24279.5,29941.02244,45451.0,3108.0,0.0,0.0,168.0,104.0,1.229720071,0.737832043,0.0,935.0,146.3333333,321.6030162,103428.5,0.0,0.0,0.0,0.0,1.0,0.0,0.0,0.0,0.0,164.625,187.0,127.3333333,5.0,935.0,3.0,382.0,219.0,211.0,1.0,32.0,0.0,0.0,0.0,0.0,0.0,0.0,0.0,0.0,Benign
52588.0,6.0,2018-02-16 01:46:58,4158421.0,5.0,3.0,935.0,363.0,935.0,0.0,187.0,418.1447118,363.0,0.0,121.0,209.5781477,312.137708,1.923807137,594060.1429,1541179.179,4088926.0,4.0,4158421.0,1039605.25,2032956.347,4088930.0,21.0,28051.0,14025.5,18096.98385,26822.0,1229.0,0.0,0.0,168.0,104.0,1.202379461,0.721427677,0.0,935.0,144.2222222,319.9206065,102349.1944,0.0,0.0,0.0,0.0,1.0,0.0,0.0,0.0,0.0,162.25,187.0,121.0,5.0,935.0,3.0,363.0,219.0,211.0,1.0,32.0,0.0,0.0,0.0,0.0,0.0,0.0,0.0,0.0,Benign
40500.0,6.0,2018-02-16 01:46:21,4161350.0,5.0,4.0,935.0,338.0,935.0,0.0,187.0,418.1447118,338.0,0.0,84.5,169.0,305.9103416,2.162759681,520168.75,1430543.709,4059985.0,6.0,4161350.0,1040337.5,2013514.627,4060243.0,21.0,4135521.0,1378507.0,2322530.296,4059985.0,301.0,0.0,0.0,168.0,136.0,1.201533156,0.961226525,0.0,935.0,127.3,303.0247698,91824.01111,0.0,0.0,0.0,0.0,1.0,1.0,0.0,0.0,0.0,141.4444444,187.0,84.5,5.0,935.0,4.0,338.0,237.0,211.0,1.0,32.0,0.0,0.0,0.0,0.0,0.0,0.0,0.0,0.0,Benign
40378.0,6.0,2018-02-16 01:46:38,5133483.0,5.0,4.0,935.0,300.0,935.0,0.0,187.0,418.1447118,300.0,0.0,75.0,150.0,240.5774013,1.753195637,641685.375,1412508.76,4023657.0,6.0,5133483.0,1283370.75,2515894.993,5057050.0,41.0,1089916.0,363305.3333,580588.5022,1033387.0,10211.0,0.0,0.0,168.0,144.0,0.973997576,0.779198061,0.0,935.0,123.5,300.3151123,90189.16667,0.0,0.0,0.0,0.0,1.0,0.0,0.0,0.0,0.0,137.2222222,187.0,75.0,5.0,935.0,4.0,300.0,237.0,211.0,1.0,32.0,0.0,0.0,0.0,0.0,0.0,0.0,0.0,0.0,Benign
56318.0,6.0,2018-02-16 01:46:45,4426454.0,5.0,3.0,935.0,351.0,935.0,0.0,187.0,418.1447118,351.0,0.0,117.0,202.6499445,290.5260057,1.807315743,632350.5714,1639947.815,4351149.0,7.0,4426454.0,1106613.5,2163129.02,4351157.0,33.0,50968.0,25484.0,35452.9198,50553.0,415.0,0.0,0.0,168.0,104.0,1.129572339,0.677743404,0.0,935.0,142.8888889,318.9182671,101708.8611,0.0,0.0,0.0,0.0,1.0,0.0,0.0,0.0,0.0,160.75,187.0,117.0,5.0,935.0,3.0,351.0,237.0,211.0,1.0,32.0,0.0,0.0,0.0,0.0,0.0,0.0,0.0,0.0,Benign
44030.0,6.0,2018-02-16 01:47:05,4184709.0,5.0,3.0,935.0,347.0,935.0,0.0,187.0,418.1447118,347.0,0.0,115.6666667,200.3405434,306.3534406,1.911721938,597815.5714,1538503.715,4086500.0,8.0,4184709.0,1046177.25,2027026.24,4086508.0,21.0,55652.0,27826.0,28422.86418,47924.0,7728.0,0.0,0.0,168.0,104.0,1.194826211,0.716895727,0.0,935.0,142.4444444,318.5946135,101502.5278,0.0,0.0,0.0,0.0,1.0,0.0,0.0,0.0,0.0,160.25,187.0,115.6666667,5.0,935.0,3.0,347.0,237.0,211.0,1.0,32.0,0.0,0.0,0.0,0.0,0.0,0.0,0.0,0.0,Benign
48098.0,6.0,2018-02-16 01:48:36,4205855.0,5.0,3.0,935.0,346.0,935.0,0.0,187.0,418.1447118,346.0,0.0,115.3333333,199.7631931,304.5754074,1.902110272,600836.4286,1556148.305,4129594.0,8.0,4205855.0,1051463.75,2052186.791,4129603.0,42.0,47879.0,23939.5,33476.55634,47611.0,268.0,0.0,0.0,168.0,104.0,1.18881892,0.713291352,0.0,935.0,142.3333333,318.5145209,101451.5,0.0,0.0,0.0,0.0,1.0,0.0,0.0,0.0,0.0,160.125,187.0,115.3333333,5.0,935.0,3.0,346.0,219.0,211.0,1.0,32.0,0.0,0.0,0.0,0.0,0.0,0.0,0.0,0.0,Benign
44756.0,6.0,2018-02-16 01:48:18,4316603.0,5.0,3.0,935.0,297.0,935.0,0.0,187.0,418.1447118,297.0,0.0,99.0,171.4730299,285.4096149,1.853309188,616657.5714,1563730.198,4161899.0,4.0,4316603.0,1079150.75,2055529.007,4161903.0,22.0,92578.0,46289.0,61919.92661,90073.0,2505.0,0.0,0.0,168.0,104.0,1.158318242,0.694990945,0.0,935.0,136.8888889,314.9973986,99223.36111,0.0,0.0,0.0,0.0,1.0,0.0,0.0,0.0,0.0,154.0,187.0,99.0,5.0,935.0,3.0,297.0,237.0,211.0,1.0,32.0,0.0,0.0,0.0,0.0,0.0,0.0,0.0,0.0,Benign
59824.0,6.0,2018-02-16 01:48:25,3897655.0,5.0,3.0,935.0,290.0,935.0,0.0,187.0,418.1447118,290.0,0.0,96.66666667,167.4315781,314.291542,2.052516192,556807.8571,1434017.628,3808500.0,6.0,3897655.0,974413.75,1889516.833,3808506.0,35.0,39004.0,19502.0,27215.12579,38746.0,258.0,0.0,0.0,168.0,104.0,1.28282262,0.769693572,0.0,935.0,136.1111111,314.5609815,98948.61111,0.0,0.0,0.0,0.0,1.0,0.0,0.0,0.0,0.0,153.125,187.0,96.66666667,5.0,935.0,3.0,290.0,219.0,211.0,1.0,32.0,0.0,0.0,0.0,0.0,0.0,0.0,0.0,0.0,Benign
46190.0,6.0,2018-02-16 01:45:51,5018959.0,5.0,3.0,935.0,333.0,935.0,0.0,187.0,418.1447118,333.0,0.0,111.0,192.2576396,252.6420319,1.593956037,716994.1429,1850731.429,4913530.0,4.0,5018959.0,1254739.75,2439435.257,4913539.0,23.0,80994.0,40497.0,56145.69264,80198.0,796.0,0.0,0.0,168.0,104.0,0.996222523,0.597733514,0.0,935.0,140.8888889,317.5033246,100808.3611,0.0,0.0,0.0,0.0,1.0,0.0,0.0,0.0,0.0,158.5,187.0,111.0,5.0,935.0,3.0,333.0,237.0,211.0,1.0,32.0,0.0,0.0,0.0,0.0,0.0,0.0,0.0,0.0,Benign
57432.0,6.0,2018-02-16 01:48:37,4372414.0,5.0,3.0,935.0,301.0,935.0,0.0,187.0,418.1447118,301.0,0.0,100.3333333,173.782431,282.6813746,1.82965291,624630.5714,1592342.905,4235261.0,6.0,4372414.0,1093103.5,2095073.086,4235269.0,21.0,85736.0,42868.0,26970.46685,61939.0,23797.0,0.0,0.0,168.0,104.0,1.143533069,0.686119841,0.0,935.0,137.3333333,315.2542625,99385.25,0.0,0.0,0.0,0.0,1.0,0.0,0.0,0.0,0.0,154.5,187.0,100.3333333,5.0,935.0,3.0,301.0,219.0,211.0,1.0,32.0,0.0,0.0,0.0,0.0,0.0,0.0,0.0,0.0,Benign
53242.0,6.0,2018-02-16 01:45:36,5452387.0,5.0,4.0,935.0,362.0,935.0,0.0,187.0,418.1447118,362.0,0.0,90.5,181.0,237.8774654,1.650653191,681548.375,1880665.092,5335808.0,5.0,5452387.0,1363096.75,2648513.994,5335813.0,25395.0,91580.0,30526.66667,8156.518211,36716.0,21284.0,0.0,0.0,168.0,136.0,0.917029551,0.73362364,0.0,935.0,129.7,304.9677761,93005.34444,0.0,0.0,0.0,0.0,1.0,0.0,0.0,0.0,0.0,144.1111111,187.0,90.5,5.0,935.0,4.0,362.0,219.0,225.0,1.0,32.0,0.0,0.0,0.0,0.0,5335808.0,0.0,5335808.0,5335808.0,Benign
46572.0,6.0,2018-02-16 01:46:26,3864741.0,5.0,3.0,935.0,336.0,935.0,0.0,187.0,418.1447118,336.0,0.0,112.0,193.9896904,328.8706798,2.069996411,552105.8571,1396203.672,3717374.0,9.0,3864741.0,966185.25,1834496.056,3717384.0,18.0,87543.0,43771.5,61459.6001,87230.0,313.0,0.0,0.0,168.0,104.0,1.293747757,0.776248654,0.0,935.0,141.2222222,317.7317177,100953.4444,0.0,0.0,0.0,0.0,1.0,0.0,0.0,0.0,0.0,158.875,187.0,112.0,5.0,935.0,3.0,336.0,237.0,211.0,1.0,32.0,0.0,0.0,0.0,0.0,0.0,0.0,0.0,0.0,Benign
41798.0,6.0,2018-02-16 01:46:47,4440502.0,5.0,3.0,935.0,409.0,935.0,0.0,187.0,418.1447118,409.0,0.0,136.3333333,236.1362601,302.6684821,1.801598108,634357.4286,1644789.706,4364147.0,4.0,4440502.0,1110125.5,2169446.997,4364154.0,52.0,26648.0,13324.0,16294.56867,24846.0,1802.0,0.0,0.0,168.0,104.0,1.125998817,0.67559929,0.0,935.0,149.3333333,324.1916871,105100.25,0.0,0.0,0.0,0.0,1.0,0.0,0.0,0.0,0.0,168.0,187.0,136.3333333,5.0,935.0,3.0,409.0,219.0,211.0,1.0,32.0,0.0,0.0,0.0,0.0,0.0,0.0,0.0,0.0,Benign
47186.0,6.0,2018-02-16 01:48:01,4355957.0,5.0,3.0,935.0,324.0,935.0,0.0,187.0,418.1447118,324.0,0.0,108.0,187.0614872,289.0294831,1.836565421,622279.5714,1615381.244,4285521.0,8.0,4355957.0,1088989.25,2131120.262,4285530.0,23.0,48718.0,24359.0,3941.413198,27146.0,21572.0,0.0,0.0,168.0,104.0,1.147853388,0.688712033,0.0,935.0,139.8888889,316.836095,100385.1111,0.0,0.0,0.0,0.0,1.0,0.0,0.0,0.0,0.0,157.375,187.0,108.0,5.0,935.0,3.0,324.0,237.0,211.0,1.0,32.0,0.0,0.0,0.0,0.0,0.0,0.0,0.0,0.0,Benign
45860.0,6.0,2018-02-16 01:47:14,5169892.0,5.0,4.0,935.0,407.0,935.0,0.0,187.0,418.1447118,407.0,0.0,101.75,203.5,259.5798906,1.740848745,646236.5,1450290.247,4130399.0,4.0,5169892.0,1292473.0,2559608.775,5131799.0,41.0,1002363.0,334121.0,577877.1204,1001396.0,335.0,0.0,0.0,168.0,144.0,0.967138192,0.773710553,0.0,935.0,134.2,309.0806439,95530.84444,0.0,0.0,0.0,0.0,1.0,0.0,0.0,0.0,0.0,149.1111111,187.0,101.75,5.0,935.0,4.0,407.0,237.0,211.0,1.0,32.0,0.0,0.0,0.0,0.0,0.0,0.0,0.0,0.0,Benign
56778.0,6.0,2018-02-16 01:47:20,4143682.0,5.0,3.0,935.0,334.0,935.0,0.0,187.0,418.1447118,334.0,0.0,111.3333333,192.8349899,306.2493695,1.930650084,591954.5714,1502302.853,3997886.0,8.0,4143682.0,1035920.5,1975010.534,3997894.0,51.0,92219.0,46109.5,64388.43639,91639.0,580.0,0.0,0.0,168.0,104.0,1.206656302,0.723993781,0.0,935.0,141.0,317.579124,100856.5,0.0,0.0,0.0,0.0,1.0,0.0,0.0,0.0,0.0,158.625,187.0,111.3333333,5.0,935.0,3.0,334.0,219.0,211.0,1.0,32.0,0.0,0.0,0.0,0.0,0.0,0.0,0.0,0.0,Benign
42722.0,6.0,2018-02-16 01:47:43,4224967.0,5.0,3.0,935.0,314.0,935.0,0.0,187.0,418.1447118,314.0,0.0,104.6666667,181.2879845,295.6236108,1.893505914,603566.7143,1549219.304,4116391.0,7.0,4224967.0,1056241.75,2040267.264,4116402.0,25.0,53233.0,26616.5,37163.4111,52895.0,338.0,0.0,0.0,168.0,104.0,1.183441196,0.710064718,0.0,935.0,138.7777778,316.1264691,99935.94444,0.0,0.0,0.0,0.0,1.0,0.0,0.0,0.0,0.0,156.125,187.0,104.6666667,5.0,935.0,3.0,314.0,219.0,211.0,1.0,32.0,0.0,0.0,0.0,0.0,0.0,0.0,0.0,0.0,Benign
37384.0,6.0,2018-02-16 01:46:29,4131642.0,5.0,3.0,935.0,373.0,935.0,0.0,187.0,418.1447118,373.0,0.0,124.3333333,215.3516504,316.5811559,1.936276183,590234.5714,1541176.562,4085095.0,6.0,4131642.0,1032910.5,2034901.305,4085101.0,59.0,45101.0,22550.5,31128.96183,44562.0,539.0,0.0,0.0,168.0,104.0,1.210172614,0.726103569,0.0,935.0,145.3333333,320.791599,102907.25,0.0,0.0,0.0,0.0,1.0,0.0,0.0,0.0,0.0,163.5,187.0,124.3333333,5.0,935.0,3.0,373.0,219.0,211.0,1.0,32.0,0.0,0.0,0.0,0.0,0.0,0.0,0.0,0.0,Benign
43334.0,6.0,2018-02-16 01:48:39,4262443.0,5.0,3.0,935.0,339.0,935.0,0.0,187.0,418.1447118,339.0,0.0,113.0,195.7217413,298.8896274,1.876857943,608920.4286,1579869.597,4191549.0,6.0,4262443.0,1065610.75,2084034.993,4191556.0,45.0,29961.0,14980.5,14599.63371,25304.0,4657.0,0.0,0.0,168.0,104.0,1.173036214,0.703821729,0.0,935.0,141.5555556,317.9630918,101100.5278,0.0,0.0,0.0,0.0,1.0,0.0,0.0,0.0,0.0,159.25,187.0,113.0,5.0,935.0,3.0,339.0,237.0,211.0,1.0,32.0,0.0,0.0,0.0,0.0,0.0,0.0,0.0,0.0,Benign
39748.0,6.0,2018-02-16 01:46:21,4200983.0,5.0,3.0,935.0,341.0,935.0,0.0,187.0,418.1447118,341.0,0.0,113.6666667,196.8764418,303.7384346,1.904316204,600140.4286,1526333.973,4060712.0,5.0,4200983.0,1050245.75,2007269.526,4060720.0,36.0,79568.0,39784.0,55899.61948,79311.0,257.0,0.0,0.0,168.0,104.0,1.190197628,0.714118577,0.0,935.0,141.7777778,318.1189942,101199.6944,0.0,0.0,0.0,0.0,1.0,0.0,0.0,0.0,0.0,159.5,187.0,113.6666667,5.0,935.0,3.0,341.0,219.0,211.0,1.0,32.0,0.0,0.0,0.0,0.0,0.0,0.0,0.0,0.0,Benign
37532.0,6.0,2018-02-16 01:47:59,4423801.0,5.0,3.0,935.0,355.0,935.0,0.0,187.0,418.1447118,355.0,0.0,118.3333333,204.9593456,291.604437,1.808399609,631971.5714,1637361.134,4345010.0,4.0,4423801.0,1105950.25,2159494.832,4345017.0,21.0,54926.0,27463.0,15402.19991,38354.0,16572.0,0.0,0.0,168.0,104.0,1.130249756,0.678149853,0.0,935.0,143.3333333,319.2471613,101918.75,0.0,0.0,0.0,0.0,1.0,0.0,0.0,0.0,0.0,161.25,187.0,118.3333333,5.0,935.0,3.0,355.0,237.0,211.0,1.0,32.0,0.0,0.0,0.0,0.0,0.0,0.0,0.0,0.0,Benign
46462.0,6.0,2018-02-16 01:47:39,4109230.0,5.0,3.0,935.0,307.0,935.0,0.0,187.0,418.1447118,307.0,0.0,102.3333333,177.2465326,302.2464063,1.946836755,587032.8571,1519040.886,4031720.0,5.0,4109230.0,1027307.5,2003147.265,4031727.0,24.0,65346.0,32673.0,10789.03527,40302.0,25044.0,0.0,0.0,168.0,104.0,1.216772972,0.730063783,0.0,935.0,138.0,315.6497268,99634.75,0.0,0.0,0.0,0.0,1.0,0.0,0.0,0.0,0.0,155.25,187.0,102.3333333,5.0,935.0,3.0,307.0,219.0,211.0,1.0,32.0,0.0,0.0,0.0,0.0,0.0,0.0,0.0,0.0,Benign
55138.0,6.0,2018-02-16 01:46:53,4364291.0,5.0,3.0,935.0,360.0,935.0,0.0,187.0,418.1447118,360.0,0.0,120.0,207.8460969,296.7263182,1.833058336,623470.1429,1626753.747,4312444.0,8.0,4364291.0,1091072.75,2147659.568,4312452.0,33.0,10096.0,5048.0,2811.456562,7036.0,3060.0,0.0,0.0,168.0,104.0,1.14566146,0.687396876,0.0,935.0,143.8888889,319.6656239,102186.1111,0.0,0.0,0.0,0.0,1.0,0.0,0.0,0.0,0.0,161.875,187.0,120.0,5.0,935.0,3.0,360.0,219.0,211.0,1.0,32.0,0.0,0.0,0.0,0.0,0.0,0.0,0.0,0.0,Benign
47086.0,6.0,2018-02-16 01:47:01,4388956.0,5.0,3.0,935.0,333.0,935.0,0.0,187.0,418.1447118,333.0,0.0,111.0,192.2576396,288.9069747,1.822756938,626993.7143,1617749.092,4295474.0,4.0,4388956.0,1097239.0,2132283.271,4295478.0,25.0,54837.0,27418.5,20718.9358,42069.0,12768.0,0.0,0.0,168.0,104.0,1.139223086,0.683533852,0.0,935.0,140.8888889,317.5033246,100808.3611,0.0,0.0,0.0,0.0,1.0,0.0,0.0,0.0,0.0,158.5,187.0,111.0,5.0,935.0,3.0,333.0,219.0,211.0,1.0,32.0,0.0,0.0,0.0,0.0,0.0,0.0,0.0,0.0,Benign
46322.0,6.0,2018-02-16 01:47:02,3456887.0,5.0,3.0,935.0,305.0,935.0,0.0,187.0,418.1447118,305.0,0.0,101.6666667,176.0918321,358.704233,2.314220858,493841.0,1262927.276,3357414.0,8.0,3456887.0,864221.75,1662381.743,3357422.0,25.0,70084.0,35042.0,38962.99786,62593.0,7491.0,0.0,0.0,168.0,104.0,1.446388036,0.867832822,0.0,935.0,137.7777778,315.5165518,99550.69444,0.0,0.0,0.0,0.0,1.0,0.0,0.0,0.0,0.0,155.0,187.0,101.6666667,5.0,935.0,3.0,305.0,237.0,211.0,1.0,32.0,0.0,0.0,0.0,0.0,0.0,0.0,0.0,0.0,Benign
36100.0,6.0,2018-02-16 01:46:59,4458734.0,4.0,5.0,935.0,302.0,935.0,0.0,233.75,467.5,302.0,0.0,60.4,135.0585058,277.4330113,2.018510187,557341.75,1509707.517,4292729.0,7.0,4435375.0,1478458.333,2437381.012,4292737.0,44807.0,166005.0,41501.25,41565.13191,97467.0,365.0,0.0,0.0,136.0,168.0,0.897115639,1.121394548,0.0,935.0,123.7,300.4463531,90268.01111,0.0,0.0,0.0,0.0,1.0,0.0,0.0,0.0,1.0,137.4444444,233.75,60.4,4.0,935.0,5.0,302.0,237.0,225.0,1.0,32.0,0.0,0.0,0.0,0.0,0.0,0.0,0.0,0.0,Benign
58854.0,6.0,2018-02-16 01:48:25,4115160.0,5.0,3.0,935.0,332.0,935.0,0.0,187.0,418.1447118,332.0,0.0,110.6666667,191.6802894,307.8859631,1.944031338,587880.0,1514353.612,4021396.0,5.0,4115160.0,1028790.0,1995435.988,4021401.0,21.0,84752.0,42376.0,59358.78585,84349.0,403.0,0.0,0.0,168.0,104.0,1.215019586,0.729011752,0.0,935.0,140.7777778,317.4278571,100760.4444,0.0,0.0,0.0,0.0,1.0,0.0,0.0,0.0,0.0,158.375,187.0,110.6666667,5.0,935.0,3.0,332.0,237.0,211.0,1.0,32.0,0.0,0.0,0.0,0.0,0.0,0.0,0.0,0.0,Benign
47002.0,6.0,2018-02-16 01:46:48,4438088.0,5.0,3.0,935.0,302.0,935.0,0.0,187.0,418.1447118,302.0,0.0,100.6666667,174.3597813,278.7236305,1.802578047,634012.5714,1637405.188,4346971.0,7.0,4438088.0,1109522.0,2158424.611,4346978.0,35.0,55061.0,27530.5,37543.83455,54078.0,983.0,0.0,0.0,168.0,104.0,1.126611279,0.675966768,0.0,935.0,137.4444444,315.3193267,99426.27778,0.0,0.0,0.0,0.0,1.0,0.0,0.0,0.0,0.0,154.625,187.0,100.6666667,5.0,935.0,3.0,302.0,237.0,211.0,1.0,32.0,0.0,0.0,0.0,0.0,0.0,0.0,0.0,0.0,Benign
48564.0,6.0,2018-02-16 01:46:57,4645385.0,5.0,4.0,935.0,698.0,935.0,0.0,187.0,418.1447118,349.0,0.0,174.5,201.4952439,351.5316814,1.937406695,580673.125,1509195.153,4310378.0,5.0,4645385.0,1161346.25,2103261.165,4310383.0,19.0,291008.0,97002.66667,125738.3553,239799.0,2866.0,0.0,0.0,168.0,136.0,1.076337053,0.861069642,0.0,935.0,163.3,307.5274333,94573.12222,0.0,0.0,0.0,0.0,1.0,0.0,0.0,0.0,0.0,181.4444444,187.0,174.5,5.0,935.0,4.0,698.0,219.0,211.0,1.0,32.0,0.0,0.0,0.0,0.0,0.0,0.0,0.0,0.0,Benign
38258.0,6.0,2018-02-16 01:45:44,5420463.0,5.0,3.0,935.0,368.0,935.0,0.0,187.0,418.1447118,368.0,0.0,122.6666667,212.4648991,240.3853693,1.475888683,774351.8571,2021648.114,5358922.0,6.0,5420463.0,1355115.75,2669249.666,5358928.0,28.0,34951.0,17475.5,18750.35052,30734.0,4217.0,0.0,0.0,168.0,104.0,0.922430427,0.553458256,0.0,935.0,144.7777778,320.3520633,102625.4444,0.0,0.0,0.0,0.0,1.0,0.0,0.0,0.0,0.0,162.875,187.0,122.6666667,5.0,935.0,3.0,368.0,219.0,211.0,1.0,32.0,0.0,0.0,0.0,0.0,5358922.0,0.0,5358922.0,5358922.0,Benign
44858.0,6.0,2018-02-16 01:48:05,4396513.0,5.0,3.0,935.0,341.0,935.0,0.0,187.0,418.1447118,341.0,0.0,113.6666667,196.8764418,290.2300073,1.81962387,628073.2857,1590462.105,4234292.0,6.0,4396513.0,1099128.25,2090658.56,4234302.0,43.0,115935.0,57967.5,25774.74928,76193.0,39742.0,0.0,0.0,168.0,104.0,1.137264919,0.682358951,0.0,935.0,141.7777778,318.1189942,101199.6944,0.0,0.0,0.0,0.0,1.0,0.0,0.0,0.0,0.0,159.5,187.0,113.6666667,5.0,935.0,3.0,341.0,237.0,211.0,1.0,32.0,0.0,0.0,0.0,0.0,0.0,0.0,0.0,0.0,Benign
40424.0,6.0,2018-02-16 01:48:13,4344927.0,5.0,3.0,935.0,353.0,935.0,0.0,187.0,418.1447118,353.0,0.0,117.6666667,203.804645,296.4376617,1.841227712,620703.8571,1569025.716,4177440.0,8.0,4344927.0,1086231.75,2061432.316,4177448.0,29.0,122553.0,61276.5,86215.40851,122240.0,313.0,0.0,0.0,168.0,104.0,1.15076732,0.690460392,0.0,935.0,143.1111111,319.0820602,101813.3611,0.0,0.0,0.0,0.0,1.0,0.0,0.0,0.0,0.0,161.0,187.0,117.6666667,5.0,935.0,3.0,353.0,237.0,211.0,1.0,32.0,0.0,0.0,0.0,0.0,0.0,0.0,0.0,0.0,Benign
48688.0,6.0,2018-02-16 01:46:09,4043478.0,5.0,4.0,935.0,377.0,935.0,0.0,187.0,418.1447118,377.0,0.0,94.25,188.5,324.4731392,2.225806595,505434.75,1392057.573,3950232.0,8.0,4043478.0,1010869.5,1959710.033,3950240.0,374.0,93155.0,31051.66667,25404.19419,54165.0,3852.0,0.0,0.0,168.0,136.0,1.23655922,0.989247376,0.0,935.0,131.2,306.2714119,93802.17778,0.0,0.0,0.0,0.0,1.0,0.0,0.0,0.0,0.0,145.7777778,187.0,94.25,5.0,935.0,4.0,377.0,219.0,225.0,1.0,32.0,0.0,0.0,0.0,0.0,0.0,0.0,0.0,0.0,Benign
46572.0,6.0,2018-02-16 01:47:14,4196718.0,5.0,4.0,935.0,368.0,935.0,0.0,187.0,418.1447118,368.0,0.0,92.0,184.0,310.4807137,2.144532942,524589.75,1450059.412,4113234.0,7.0,4196718.0,1049179.5,2042713.604,4113242.0,23140.0,72677.0,24225.66667,12974.53692,38529.0,13214.0,0.0,0.0,168.0,136.0,1.19140719,0.953125752,0.0,935.0,130.3,305.4810596,93318.67778,0.0,0.0,0.0,0.0,1.0,0.0,0.0,0.0,0.0,144.7777778,187.0,92.0,5.0,935.0,4.0,368.0,219.0,225.0,1.0,32.0,0.0,0.0,0.0,0.0,0.0,0.0,0.0,0.0,Benign
51040.0,6.0,2018-02-16 01:46:53,4183553.0,5.0,3.0,935.0,351.0,935.0,0.0,187.0,418.1447118,351.0,0.0,117.0,202.6499445,307.3942173,1.912250185,597650.4286,1529377.725,4065562.0,7.0,4183553.0,1045888.25,2013356.167,4065569.0,65.0,75305.0,37652.5,28880.36226,58074.0,17231.0,0.0,0.0,168.0,104.0,1.195156366,0.71709382,0.0,935.0,142.8888889,318.9182671,101708.8611,0.0,0.0,0.0,0.0,1.0,0.0,0.0,0.0,0.0,160.75,187.0,117.0,5.0,935.0,3.0,351.0,219.0,211.0,1.0,32.0,0.0,0.0,0.0,0.0,0.0,0.0,0.0,0.0,Benign
53118.0,6.0,2018-02-16 01:47:49,4867579.0,5.0,5.0,935.0,942.0,935.0,0.0,187.0,418.1447118,314.0,0.0,188.4,171.9848831,385.6126423,2.054409389,540842.1111,1393981.951,4246336.0,6.0,4867579.0,1216894.75,2037944.213,4246342.0,21.0,592212.0,148053.0,139270.164,269926.0,7293.0,0.0,0.0,168.0,168.0,1.027204695,1.027204695,0.0,935.0,170.6363636,291.501037,84972.85455,0.0,0.0,0.0,0.0,1.0,0.0,0.0,0.0,1.0,187.7,187.0,188.4,5.0,935.0,5.0,942.0,219.0,211.0,1.0,32.0,0.0,0.0,0.0,0.0,0.0,0.0,0.0,0.0,Benign
50738.0,6.0,2018-02-16 01:45:46,61942390.0,5.0,4.0,935.0,316.0,935.0,0.0,187.0,418.1447118,316.0,0.0,79.0,158.0,20.19618552,0.145296299,7742798.75,21900000.0,61900000.0,5.0,61900000.0,15500000.0,30900000.0,61900000.0,43.0,61900000.0,20600000.0,35700000.0,61900000.0,6381.0,0.0,0.0,168.0,136.0,0.080720166,0.064576133,0.0,935.0,125.1,301.4006009,90842.32222,0.0,0.0,0.0,0.0,1.0,1.0,0.0,0.0,0.0,139.0,187.0,79.0,5.0,935.0,4.0,316.0,237.0,211.0,1.0,32.0,264.0,0.0,264.0,264.0,61900000.0,0.0,61900000.0,61900000.0,Benign
38750.0,6.0,2018-02-16 01:46:51,5421379.0,5.0,6.0,935.0,1416.0,935.0,0.0,187.0,418.1447118,354.0,0.0,236.0,182.8048139,433.653504,2.02900406,542137.9,1379344.604,4443923.0,6.0,5421379.0,1355344.75,2104388.749,4443929.0,46.0,939827.0,187965.4,184350.6257,453669.0,992.0,0.0,0.0,168.0,200.0,0.922274573,1.106729487,0.0,935.0,195.9166667,288.3950757,83171.7197,0.0,0.0,0.0,0.0,1.0,0.0,0.0,0.0,1.0,213.7272727,187.0,236.0,5.0,935.0,6.0,1416.0,237.0,211.0,1.0,32.0,0.0,0.0,0.0,0.0,0.0,0.0,0.0,0.0,Benign
37640.0,6.0,2018-02-16 01:47:12,4314964.0,5.0,3.0,935.0,356.0,935.0,0.0,187.0,418.1447118,356.0,0.0,118.6666667,205.5366958,299.1913722,1.854013151,616423.4286,1539688.566,4105549.0,8.0,4314964.0,1078741.0,2019008.645,4105557.0,25.0,161247.0,80623.5,113315.983,160750.0,497.0,0.0,0.0,168.0,104.0,1.158758219,0.695254931,0.0,935.0,143.4444444,319.3302018,101971.7778,0.0,0.0,0.0,0.0,1.0,0.0,0.0,0.0,0.0,161.375,187.0,118.6666667,5.0,935.0,3.0,356.0,237.0,211.0,1.0,32.0,0.0,0.0,0.0,0.0,0.0,0.0,0.0,0.0,Benign
44516.0,6.0,2018-02-16 01:46:09,4003170.0,5.0,3.0,935.0,345.0,935.0,0.0,187.0,418.1447118,345.0,0.0,115.0,199.1858429,319.7466008,1.998416255,571881.4286,1485504.87,3940412.0,6.0,4003170.0,1000792.5,1959884.29,3940418.0,32.0,9902.0,4951.0,1213.395237,5809.0,4093.0,0.0,0.0,168.0,104.0,1.249010159,0.749406096,0.0,935.0,142.2222222,318.434757,101400.6944,0.0,0.0,0.0,0.0,1.0,0.0,0.0,0.0,0.0,160.0,187.0,115.0,5.0,935.0,3.0,345.0,237.0,211.0,1.0,32.0,0.0,0.0,0.0,0.0,0.0,0.0,0.0,0.0,Benign
57332.0,6.0,2018-02-16 01:46:28,3957074.0,5.0,3.0,935.0,312.0,935.0,0.0,187.0,418.1447118,312.0,0.0,104.0,180.133284,315.1318373,2.021695829,565296.2857,1457077.597,3869213.0,7.0,3957074.0,989268.5,1920143.558,3869220.0,21.0,63175.0,31587.5,44240.13576,62870.0,305.0,0.0,0.0,168.0,104.0,1.263559893,0.758135936,0.0,935.0,138.5555556,315.9885722,99848.77778,0.0,0.0,0.0,0.0,1.0,0.0,0.0,0.0,0.0,155.875,187.0,104.0,5.0,935.0,3.0,312.0,219.0,211.0,1.0,32.0,0.0,0.0,0.0,0.0,0.0,0.0,0.0,0.0,Benign
58860.0,6.0,2018-02-16 01:47:11,4467751.0,5.0,3.0,935.0,314.0,935.0,0.0,187.0,418.1447118,314.0,0.0,104.6666667,181.2879845,279.5589996,1.790610085,638250.1429,1597970.797,4259046.0,7.0,4467751.0,1116937.75,2096234.491,4259053.0,22.0,180137.0,90068.5,126865.5631,179776.0,361.0,0.0,0.0,168.0,104.0,1.119131303,0.671478782,0.0,935.0,138.7777778,316.1264691,99935.94444,0.0,0.0,0.0,0.0,1.0,0.0,0.0,0.0,0.0,156.125,187.0,104.6666667,5.0,935.0,3.0,314.0,237.0,211.0,1.0,32.0,0.0,0.0,0.0,0.0,0.0,0.0,0.0,0.0,Benign
55102.0,6.0,2018-02-16 01:45:47,5230625.0,5.0,3.0,935.0,349.0,935.0,0.0,187.0,418.1447118,349.0,0.0,116.3333333,201.4952439,245.4773569,1.529453937,747232.1429,1944324.804,5156394.0,4.0,5230625.0,1307656.25,2565887.489,5156398.0,20.0,36202.0,18101.0,19656.1543,32000.0,4202.0,0.0,0.0,168.0,104.0,0.955908711,0.573545226,0.0,935.0,142.6666667,318.7557843,101605.25,0.0,0.0,0.0,0.0,1.0,0.0,0.0,0.0,0.0,160.5,187.0,116.3333333,5.0,935.0,3.0,349.0,237.0,211.0,1.0,32.0,0.0,0.0,0.0,0.0,5156394.0,0.0,5156394.0,5156394.0,Benign
57588.0,6.0,2018-02-16 01:47:12,3241247.0,5.0,3.0,935.0,302.0,935.0,0.0,187.0,418.1447118,302.0,0.0,100.6666667,174.3597813,381.6432379,2.468185856,463035.2857,1162503.935,3097806.0,7.0,3241247.0,810311.75,1525667.977,3097813.0,37.0,108319.0,54159.5,76191.46278,108035.0,284.0,0.0,0.0,168.0,104.0,1.54261616,0.925569696,0.0,935.0,137.4444444,315.3193267,99426.27778,0.0,0.0,0.0,0.0,1.0,0.0,0.0,0.0,0.0,154.625,187.0,100.6666667,5.0,935.0,3.0,302.0,237.0,211.0,1.0,32.0,0.0,0.0,0.0,0.0,0.0,0.0,0.0,0.0,Benign
57090.0,6.0,2018-02-16 01:46:45,4485671.0,4.0,5.0,935.0,360.0,935.0,0.0,233.75,467.5,360.0,0.0,72.0,160.9968944,288.6970534,2.006388788,560708.875,1541615.467,4375745.0,5.0,4455534.0,1485178.0,2503309.819,4375751.0,38969.0,109926.0,27481.5,18783.51301,41064.0,246.0,0.0,0.0,136.0,168.0,0.89172835,1.114660438,0.0,935.0,129.5,304.7991142,92902.5,0.0,0.0,0.0,0.0,1.0,0.0,0.0,0.0,1.0,143.8888889,233.75,72.0,4.0,935.0,5.0,360.0,219.0,225.0,1.0,32.0,0.0,0.0,0.0,0.0,0.0,0.0,0.0,0.0,Benign
48494.0,6.0,2018-02-16 01:45:35,5419009.0,5.0,3.0,935.0,414.0,935.0,0.0,187.0,418.1447118,414.0,0.0,138.0,239.0230114,248.9385052,1.476284686,774144.1429,2012065.47,5336875.0,8.0,5419009.0,1354752.25,2654825.104,5336883.0,41.0,38348.0,19174.0,25622.72132,37292.0,1056.0,0.0,0.0,168.0,104.0,0.922677929,0.553606757,0.0,935.0,149.8888889,324.6961828,105427.6111,0.0,0.0,0.0,0.0,1.0,0.0,0.0,0.0,0.0,168.625,187.0,138.0,5.0,935.0,3.0,414.0,219.0,211.0,1.0,32.0,0.0,0.0,0.0,0.0,5336875.0,0.0,5336875.0,5336875.0,Benign
48228.0,6.0,2018-02-16 01:46:48,4680898.0,5.0,4.0,935.0,744.0,935.0,0.0,187.0,418.1447118,372.0,0.0,186.0,214.7743001,358.6918578,1.922707993,585112.25,1528259.79,4362988.0,6.0,4680898.0,1170224.5,2132003.208,4362999.0,21.0,276696.0,92232.0,111838.679,216720.0,240.0,0.0,0.0,168.0,136.0,1.068171107,0.854536886,0.0,935.0,167.9,310.7497922,96565.43333,0.0,0.0,0.0,0.0,1.0,0.0,0.0,0.0,0.0,186.5555556,187.0,186.0,5.0,935.0,4.0,744.0,219.0,211.0,1.0,32.0,0.0,0.0,0.0,0.0,0.0,0.0,0.0,0.0,Benign
48552.0,6.0,2018-02-16 01:45:40,5565629.0,5.0,3.0,935.0,351.0,935.0,0.0,187.0,418.1447118,351.0,0.0,117.0,202.6499445,231.0610355,1.437393689,795089.8571,2055579.775,5456089.0,5.0,5565629.0,1391407.25,2710085.639,5456096.0,20.0,91967.0,45983.5,64655.72275,91702.0,265.0,0.0,0.0,168.0,104.0,0.898371056,0.539022633,0.0,935.0,142.8888889,318.9182671,101708.8611,0.0,0.0,0.0,0.0,1.0,0.0,0.0,0.0,0.0,160.75,187.0,117.0,5.0,935.0,3.0,351.0,219.0,211.0,1.0,32.0,0.0,0.0,0.0,0.0,5456089.0,0.0,5456089.0,5456089.0,Benign
35260.0,6.0,2018-02-16 01:48:29,4129774.0,5.0,3.0,935.0,356.0,935.0,0.0,187.0,418.1447118,356.0,0.0,118.6666667,205.5366958,312.6079054,1.937152009,589967.7143,1529695.344,4058768.0,7.0,4129774.0,1032443.5,2017635.269,4058775.0,26.0,27076.0,13538.0,18687.41801,26752.0,324.0,0.0,0.0,168.0,104.0,1.210720006,0.726432003,0.0,935.0,143.4444444,319.3302018,101971.7778,0.0,0.0,0.0,0.0,1.0,0.0,0.0,0.0,0.0,161.375,187.0,118.6666667,5.0,935.0,3.0,356.0,219.0,211.0,1.0,32.0,0.0,0.0,0.0,0.0,0.0,0.0,0.0,0.0,Benign
37912.0,6.0,2018-02-16 01:48:00,4663487.0,5.0,4.0,935.0,744.0,935.0,0.0,187.0,418.1447118,372.0,0.0,186.0,214.7743001,360.031024,1.92988637,582935.875,1506555.221,4307132.0,4.0,4663487.0,1165871.75,2098622.22,4307136.0,20.0,310011.0,103337.0,102242.8349,204795.0,327.0,0.0,0.0,168.0,136.0,1.072159095,0.857727276,0.0,935.0,167.9,310.7497922,96565.43333,0.0,0.0,0.0,0.0,1.0,0.0,0.0,0.0,0.0,186.5555556,187.0,186.0,5.0,935.0,4.0,744.0,219.0,211.0,1.0,32.0,0.0,0.0,0.0,0.0,0.0,0.0,0.0,0.0,Benign
58646.0,6.0,2018-02-16 01:46:02,4496974.0,5.0,5.0,935.0,684.0,935.0,0.0,187.0,418.1447118,342.0,0.0,136.8,187.3211147,360.0198711,2.223717549,499663.7778,1390525.128,4201589.0,7.0,4496974.0,1124243.5,2056133.319,4201596.0,1159.0,294526.0,73631.5,116075.7121,245470.0,2410.0,0.0,0.0,168.0,168.0,1.111858774,1.111858774,0.0,935.0,147.1818182,294.9348464,86986.56364,0.0,0.0,0.0,0.0,1.0,0.0,0.0,0.0,1.0,161.9,187.0,136.8,5.0,935.0,5.0,684.0,219.0,225.0,1.0,32.0,0.0,0.0,0.0,0.0,0.0,0.0,0.0,0.0,Benign
45828.0,6.0,2018-02-16 01:47:48,4454536.0,5.0,3.0,935.0,373.0,935.0,0.0,187.0,418.1447118,373.0,0.0,124.3333333,215.3516504,293.6332763,1.795922179,636362.2857,1622981.658,4316060.0,7.0,4454536.0,1113634.0,2135299.301,4316067.0,23.0,93860.0,46930.0,65946.19263,93561.0,299.0,0.0,0.0,168.0,104.0,1.122451362,0.673470817,0.0,935.0,145.3333333,320.791599,102907.25,0.0,0.0,0.0,0.0,1.0,0.0,0.0,0.0,0.0,163.5,187.0,124.3333333,5.0,935.0,3.0,373.0,219.0,211.0,1.0,32.0,0.0,0.0,0.0,0.0,0.0,0.0,0.0,0.0,Benign
40592.0,6.0,2018-02-16 01:47:34,4225154.0,5.0,3.0,935.0,396.0,935.0,0.0,187.0,418.1447118,396.0,0.0,132.0,228.6307066,315.0181035,1.89342211,603593.4286,1567666.499,4158434.0,5.0,4225154.0,1056288.5,2068314.365,4158442.0,24.0,64096.0,32048.0,33325.9426,55613.0,8483.0,0.0,0.0,168.0,104.0,1.183388818,0.710033291,0.0,935.0,147.8888889,322.9165699,104275.1111,0.0,0.0,0.0,0.0,1.0,0.0,0.0,0.0,0.0,166.375,187.0,132.0,5.0,935.0,3.0,396.0,219.0,211.0,1.0,32.0,0.0,0.0,0.0,0.0,0.0,0.0,0.0,0.0,Benign
42766.0,6.0,2018-02-16 01:45:50,4910022.0,5.0,3.0,935.0,344.0,935.0,0.0,187.0,418.1447118,344.0,0.0,114.6666667,198.6084926,260.4876312,1.629320602,701431.7143,1818105.227,4824035.0,9.0,4910022.0,1227505.5,2397932.854,4824056.0,30.0,75508.0,37754.0,53023.10909,75247.0,261.0,0.0,0.0,168.0,104.0,1.018325376,0.610995226,0.0,935.0,142.1111111,318.3553221,101350.1111,0.0,0.0,0.0,0.0,1.0,0.0,0.0,0.0,0.0,159.875,187.0,114.6666667,5.0,935.0,3.0,344.0,219.0,211.0,1.0,32.0,0.0,0.0,0.0,0.0,0.0,0.0,0.0,0.0,Benign
39560.0,6.0,2018-02-16 01:47:25,4223125.0,5.0,3.0,935.0,328.0,935.0,0.0,187.0,418.1447118,328.0,0.0,109.3333333,189.3708883,299.0676336,1.894331804,603303.5714,1544159.731,4104390.0,7.0,4223125.0,1055781.25,2032716.541,4104397.0,20.0,85671.0,42835.5,60196.70739,85401.0,270.0,0.0,0.0,168.0,104.0,1.183957378,0.710374427,0.0,935.0,140.3333333,317.1293112,100571.0,0.0,0.0,0.0,0.0,1.0,0.0,0.0,0.0,0.0,157.875,187.0,109.3333333,5.0,935.0,3.0,328.0,219.0,211.0,1.0,32.0,0.0,0.0,0.0,0.0,0.0,0.0,0.0,0.0,Benign
33544.0,6.0,2018-02-16 01:45:32,5543259.0,5.0,3.0,935.0,369.0,935.0,0.0,187.0,418.1447118,369.0,0.0,123.0,213.0422493,235.240677,1.443194337,791894.1429,2040157.459,5417339.0,6.0,5543259.0,1385814.75,2688330.496,5417345.0,30.0,125160.0,62580.0,87944.28459,124766.0,394.0,0.0,0.0,168.0,104.0,0.901996461,0.541197877,0.0,935.0,144.8888889,320.4393252,102681.3611,0.0,0.0,0.0,0.0,1.0,0.0,0.0,0.0,0.0,163.0,187.0,123.0,5.0,935.0,3.0,369.0,219.0,211.0,1.0,32.0,0.0,0.0,0.0,0.0,5417339.0,0.0,5417339.0,5417339.0,Benign
42662.0,6.0,2018-02-16 01:46:25,4142837.0,5.0,3.0,935.0,349.0,935.0,0.0,187.0,418.1447118,349.0,0.0,116.3333333,201.4952439,309.9325414,1.931043872,591833.8571,1515725.147,4027831.0,7.0,4142837.0,1035709.25,1995475.164,4027838.0,25.0,114273.0,57136.5,80345.00801,113949.0,324.0,0.0,0.0,168.0,104.0,1.20690242,0.724141452,0.0,935.0,142.6666667,318.7557843,101605.25,0.0,0.0,0.0,0.0,1.0,0.0,0.0,0.0,0.0,160.5,187.0,116.3333333,5.0,935.0,3.0,349.0,219.0,211.0,1.0,32.0,0.0,0.0,0.0,0.0,0.0,0.0,0.0,0.0,Benign
35510.0,6.0,2018-02-16 01:46:37,4066455.0,5.0,3.0,935.0,334.0,935.0,0.0,187.0,418.1447118,334.0,0.0,111.3333333,192.8349899,312.0654231,1.967315512,580922.1429,1495693.258,3972468.0,6.0,4066455.0,1016613.75,1971057.115,3972475.0,23.0,93028.0,46514.0,7368.05266,51724.0,41304.0,0.0,0.0,168.0,104.0,1.229572195,0.737743317,0.0,935.0,141.0,317.579124,100856.5,0.0,0.0,0.0,0.0,1.0,0.0,0.0,0.0,0.0,158.625,187.0,111.3333333,5.0,935.0,3.0,334.0,219.0,211.0,1.0,32.0,0.0,0.0,0.0,0.0,0.0,0.0,0.0,0.0,Benign
46810.0,6.0,2018-02-16 01:46:27,3175719.0,4.0,5.0,935.0,349.0,935.0,0.0,233.75,467.5,349.0,0.0,69.8,156.0775448,404.3178883,2.83400389,396964.875,1096846.201,3111134.0,5.0,3172374.0,1057458.0,1778700.528,3111139.0,6715.0,64585.0,16146.25,25668.21502,54263.0,257.0,0.0,0.0,136.0,168.0,1.259557285,1.574446606,0.0,935.0,128.4,303.8933292,92351.15556,0.0,0.0,0.0,0.0,1.0,0.0,0.0,0.0,1.0,142.6666667,233.75,69.8,4.0,935.0,5.0,349.0,237.0,225.0,1.0,32.0,0.0,0.0,0.0,0.0,0.0,0.0,0.0,0.0,Benign
47776.0,6.0,2018-02-16 01:46:13,4471233.0,5.0,4.0,935.0,588.0,935.0,0.0,187.0,418.1447118,294.0,0.0,147.0,169.7409791,340.6219269,2.012867592,558904.125,1469298.811,4190139.0,5.0,4471233.0,1117808.25,2051910.601,4190147.0,20.0,267346.0,89115.33333,121626.6536,229539.0,16919.0,0.0,0.0,168.0,136.0,1.118259773,0.894607818,0.0,935.0,152.3,300.9511034,90571.56667,0.0,0.0,0.0,0.0,1.0,0.0,0.0,0.0,0.0,169.2222222,187.0,147.0,5.0,935.0,4.0,588.0,219.0,211.0,1.0,32.0,0.0,0.0,0.0,0.0,0.0,0.0,0.0,0.0,Benign
45750.0,6.0,2018-02-16 01:48:27,4270503.0,5.0,3.0,935.0,314.0,935.0,0.0,187.0,418.1447118,314.0,0.0,104.6666667,181.2879845,292.4714021,1.873315626,610071.8571,1588221.428,4211701.0,7.0,4270503.0,1067625.75,2096106.695,4211708.0,22.0,23164.0,11582.0,6024.549776,15842.0,7322.0,0.0,0.0,168.0,104.0,1.170822266,0.70249336,0.0,935.0,138.7777778,316.1264691,99935.94444,0.0,0.0,0.0,0.0,1.0,0.0,0.0,0.0,0.0,156.125,187.0,104.6666667,5.0,935.0,3.0,314.0,237.0,211.0,1.0,32.0,0.0,0.0,0.0,0.0,0.0,0.0,0.0,0.0,Benign
41320.0,6.0,2018-02-16 01:46:38,4270729.0,5.0,3.0,935.0,372.0,935.0,0.0,187.0,418.1447118,372.0,0.0,124.0,214.7743001,306.0367445,1.873216493,610104.1429,1584190.779,4202487.0,6.0,4270729.0,1067682.25,2089969.524,4202493.0,25.0,19514.0,9757.0,9685.948689,16606.0,2908.0,0.0,0.0,168.0,104.0,1.170760308,0.702456185,0.0,935.0,145.2222222,320.7030471,102850.4444,0.0,0.0,0.0,0.0,1.0,0.0,0.0,0.0,0.0,163.375,187.0,124.0,5.0,935.0,3.0,372.0,237.0,211.0,1.0,32.0,0.0,0.0,0.0,0.0,0.0,0.0,0.0,0.0,Benign
35326.0,6.0,2018-02-16 01:48:08,4300420.0,5.0,3.0,935.0,302.0,935.0,0.0,187.0,418.1447118,302.0,0.0,100.6666667,174.3597813,287.6463229,1.860283414,614345.7143,1586889.01,4212916.0,6.0,4300420.0,1075105.0,2091995.07,4212922.0,33.0,53636.0,26818.0,1233.194226,27690.0,25946.0,0.0,0.0,168.0,104.0,1.162677134,0.69760628,0.0,935.0,137.4444444,315.3193267,99426.27778,0.0,0.0,0.0,0.0,1.0,0.0,0.0,0.0,0.0,154.625,187.0,100.6666667,5.0,935.0,3.0,302.0,219.0,211.0,1.0,32.0,0.0,0.0,0.0,0.0,0.0,0.0,0.0,0.0,Benign
54290.0,6.0,2018-02-16 01:45:30,5374862.0,5.0,3.0,935.0,323.0,935.0,0.0,187.0,418.1447118,323.0,0.0,107.6666667,186.4841369,234.0525208,1.488410307,767837.4286,2013145.625,5333178.0,3.0,5374862.0,1343715.5,2659661.831,5333181.0,28.0,21686.0,10843.0,11431.08822,18926.0,2760.0,0.0,0.0,168.0,104.0,0.930256442,0.558153865,0.0,935.0,139.7777778,316.7636255,100339.1944,0.0,0.0,0.0,0.0,1.0,0.0,0.0,0.0,0.0,157.25,187.0,107.6666667,5.0,935.0,3.0,323.0,219.0,211.0,1.0,32.0,0.0,0.0,0.0,0.0,5333178.0,0.0,5333178.0,5333178.0,Benign
44192.0,6.0,2018-02-16 01:47:18,4128691.0,5.0,3.0,935.0,336.0,935.0,0.0,187.0,418.1447118,336.0,0.0,112.0,193.9896904,307.8457555,1.937660145,589813.0,1519800.49,4036082.0,8.0,4128691.0,1032172.75,2002737.581,4036090.0,24.0,52924.0,26462.0,31413.92586,48675.0,4249.0,0.0,0.0,168.0,104.0,1.21103759,0.726622554,0.0,935.0,141.2222222,317.7317177,100953.4444,0.0,0.0,0.0,0.0,1.0,0.0,0.0,0.0,0.0,158.875,187.0,112.0,5.0,935.0,3.0,336.0,219.0,211.0,1.0,32.0,0.0,0.0,0.0,0.0,0.0,0.0,0.0,0.0,Benign
35608.0,6.0,2018-02-16 01:47:04,4322530.0,5.0,3.0,935.0,300.0,935.0,0.0,187.0,418.1447118,300.0,0.0,100.0,173.2050808,285.7123027,1.850767953,617504.2857,1592721.602,4229143.0,7.0,4322530.0,1080632.5,2099130.806,4229150.0,23.0,51644.0,25822.0,32095.5768,48517.0,3127.0,0.0,0.0,168.0,104.0,1.156729971,0.694037982,0.0,935.0,137.2222222,315.1895373,99344.44444,0.0,0.0,0.0,0.0,1.0,0.0,0.0,0.0,0.0,154.375,187.0,100.0,5.0,935.0,3.0,300.0,237.0,211.0,1.0,32.0,0.0,0.0,0.0,0.0,0.0,0.0,0.0,0.0,Benign
58892.0,6.0,2018-02-16 01:47:38,3192133.0,5.0,3.0,935.0,412.0,935.0,0.0,187.0,418.1447118,412.0,0.0,137.3333333,237.8683109,421.9748989,2.506161241,456019.0,1177699.318,3126555.0,5.0,3192133.0,798033.25,1552434.757,3126562.0,26.0,37838.0,18919.0,26411.85249,37595.0,243.0,0.0,0.0,168.0,104.0,1.566350775,0.939810465,0.0,935.0,149.6666667,324.4934514,105296.0,0.0,0.0,0.0,0.0,1.0,0.0,0.0,0.0,0.0,168.375,187.0,137.3333333,5.0,935.0,3.0,412.0,237.0,211.0,1.0,32.0,0.0,0.0,0.0,0.0,0.0,0.0,0.0,0.0,Benign
46464.0,6.0,2018-02-16 01:48:10,4212007.0,5.0,3.0,935.0,328.0,935.0,0.0,187.0,418.1447118,328.0,0.0,109.3333333,189.3708883,299.8570515,1.899332076,601715.2857,1565324.878,4151211.0,7.0,4212007.0,1053001.75,2065649.399,4151218.0,21.0,57912.0,28956.0,40534.18912,57618.0,294.0,0.0,0.0,168.0,104.0,1.187082548,0.712249529,0.0,935.0,140.3333333,317.1293112,100571.0,0.0,0.0,0.0,0.0,1.0,0.0,0.0,0.0,0.0,157.875,187.0,109.3333333,5.0,935.0,3.0,328.0,219.0,211.0,1.0,32.0,0.0,0.0,0.0,0.0,0.0,0.0,0.0,0.0,Benign
34578.0,6.0,2018-02-16 01:47:21,4206497.0,5.0,3.0,935.0,365.0,935.0,0.0,187.0,418.1447118,365.0,0.0,121.6666667,210.7328483,309.0457452,1.90181997,600928.1429,1543679.002,4101195.0,7.0,4206497.0,1051624.25,2033216.218,4101202.0,23.0,61576.0,30788.0,43198.56748,61334.0,242.0,0.0,0.0,168.0,104.0,1.188637481,0.713182489,0.0,935.0,144.4444444,320.0922176,102459.0278,0.0,0.0,0.0,0.0,1.0,0.0,0.0,0.0,0.0,162.5,187.0,121.6666667,5.0,935.0,3.0,365.0,219.0,211.0,1.0,32.0,0.0,0.0,0.0,0.0,0.0,0.0,0.0,0.0,Benign
38786.0,6.0,2018-02-16 01:47:42,417716.0,5.0,3.0,935.0,318.0,935.0,0.0,187.0,418.1447118,318.0,0.0,106.0,183.5973856,2999.645692,19.15176819,59673.71429,129646.2871,349789.0,7.0,417716.0,104429.0,165522.9972,349798.0,48.0,57952.0,28976.0,40566.71604,57661.0,291.0,0.0,0.0,168.0,104.0,11.96985512,7.18191307,0.0,935.0,139.2222222,316.4062965,100112.9444,0.0,0.0,0.0,0.0,1.0,0.0,0.0,0.0,0.0,156.625,187.0,106.0,5.0,935.0,3.0,318.0,219.0,211.0,1.0,32.0,0.0,0.0,0.0,0.0,0.0,0.0,0.0,0.0,Benign
60056.0,6.0,2018-02-16 01:48:33,4116822.0,5.0,3.0,935.0,298.0,935.0,0.0,187.0,418.1447118,298.0,0.0,99.33333333,172.0503802,299.502869,1.943246514,588117.4286,1527792.846,4052717.0,5.0,4116822.0,1029205.5,2015742.071,4052724.0,25.0,38349.0,19174.5,12983.18761,28355.0,9994.0,0.0,0.0,168.0,104.0,1.214529071,0.728717443,0.0,935.0,137.0,315.0611052,99263.5,0.0,0.0,0.0,0.0,1.0,0.0,0.0,0.0,0.0,154.125,187.0,99.33333333,5.0,935.0,3.0,298.0,219.0,211.0,1.0,32.0,0.0,0.0,0.0,0.0,0.0,0.0,0.0,0.0,Benign
57182.0,6.0,2018-02-16 01:46:10,4222008.0,5.0,4.0,935.0,337.0,935.0,0.0,187.0,418.1447118,337.0,0.0,84.25,168.5,301.2784438,2.131687102,527751.0,1440813.883,4092868.0,8.0,4222008.0,1055502.0,2025408.104,4093274.0,51.0,4156934.0,1385644.667,2344735.862,4092868.0,527.0,0.0,0.0,168.0,136.0,1.184270612,0.94741649,0.0,935.0,127.2,302.9476669,91777.28889,0.0,0.0,0.0,0.0,1.0,1.0,0.0,0.0,0.0,141.3333333,187.0,84.25,5.0,935.0,4.0,337.0,237.0,211.0,1.0,32.0,0.0,0.0,0.0,0.0,0.0,0.0,0.0,0.0,Benign
47880.0,6.0,2018-02-16 01:46:52,4326183.0,5.0,3.0,935.0,307.0,935.0,0.0,187.0,418.1447118,307.0,0.0,102.3333333,177.2465326,287.0891037,1.849205177,618026.1429,1612692.944,4275062.0,9.0,4326183.0,1081545.75,2129135.428,4275091.0,21.0,4217.0,2108.5,2102.22846,3595.0,622.0,0.0,0.0,168.0,104.0,1.155753236,0.693451941,0.0,935.0,138.0,315.6497268,99634.75,0.0,0.0,0.0,0.0,1.0,0.0,0.0,0.0,0.0,155.25,187.0,102.3333333,5.0,935.0,3.0,307.0,219.0,211.0,1.0,32.0,0.0,0.0,0.0,0.0,0.0,0.0,0.0,0.0,Benign
32776.0,6.0,2018-02-16 01:46:20,4050966.0,5.0,4.0,935.0,355.0,935.0,0.0,187.0,418.1447118,355.0,0.0,88.75,177.5,318.4425641,2.221692307,506370.75,1382559.015,3927794.0,8.0,4050966.0,1012741.5,1959950.557,3952389.0,25.0,3993876.0,1331292.0,2248655.53,3927794.0,23837.0,0.0,0.0,168.0,136.0,1.234273504,0.987418803,0.0,935.0,129.0,304.3827999,92648.88889,0.0,0.0,0.0,0.0,1.0,0.0,0.0,0.0,0.0,143.3333333,187.0,88.75,5.0,935.0,4.0,355.0,219.0,211.0,1.0,32.0,0.0,0.0,0.0,0.0,0.0,0.0,0.0,0.0,Benign
54596.0,6.0,2018-02-16 01:47:58,4790322.0,5.0,4.0,935.0,706.0,935.0,0.0,187.0,418.1447118,353.0,0.0,176.5,203.804645,342.5656981,1.878788107,598790.25,1556758.205,4445347.0,5.0,4790322.0,1197580.5,2169212.037,4445352.0,36.0,300127.0,100042.3333,140940.2532,261432.0,1204.0,0.0,0.0,168.0,136.0,1.04377117,0.835016936,0.0,935.0,164.1,308.0683366,94906.1,0.0,0.0,0.0,0.0,1.0,0.0,0.0,0.0,0.0,182.3333333,187.0,176.5,5.0,935.0,4.0,706.0,237.0,211.0,1.0,32.0,0.0,0.0,0.0,0.0,0.0,0.0,0.0,0.0,Benign
52676.0,6.0,2018-02-16 01:48:15,4225297.0,5.0,4.0,935.0,342.0,935.0,0.0,187.0,418.1447118,342.0,0.0,85.5,171.0,302.2272754,2.130027783,528162.125,1421213.562,4043770.0,6.0,4225297.0,1056324.25,1992474.763,4043967.0,23.0,4095405.0,1365135.0,2319804.024,4043770.0,12528.0,0.0,0.0,168.0,136.0,1.183348768,0.946679015,0.0,935.0,127.7,303.336282,92012.9,0.0,0.0,0.0,0.0,1.0,0.0,0.0,0.0,0.0,141.8888889,187.0,85.5,5.0,935.0,4.0,342.0,219.0,211.0,1.0,32.0,0.0,0.0,0.0,0.0,0.0,0.0,0.0,0.0,Benign
40102.0,6.0,2018-02-16 01:46:09,3018816.0,5.0,3.0,935.0,389.0,935.0,0.0,187.0,418.1447118,389.0,0.0,129.6666667,224.5892547,438.5825436,2.650045581,431259.4286,1112849.256,2954654.0,6.0,3018816.0,754704.0,1466771.182,2954660.0,35.0,47779.0,23889.5,33240.38268,47394.0,385.0,0.0,0.0,168.0,104.0,1.656278488,0.993767093,0.0,935.0,147.1111111,322.2520149,103846.3611,0.0,0.0,0.0,0.0,1.0,0.0,0.0,0.0,0.0,165.5,187.0,129.6666667,5.0,935.0,3.0,389.0,237.0,211.0,1.0,32.0,0.0,0.0,0.0,0.0,0.0,0.0,0.0,0.0,Benign
48136.0,6.0,2018-02-16 01:45:40,5555881.0,5.0,3.0,935.0,328.0,935.0,0.0,187.0,418.1447118,328.0,0.0,109.3333333,189.3708883,227.3266832,1.43991565,793697.2857,2044349.232,5429558.0,4.0,5555881.0,1388970.25,2694051.505,5429562.0,19.0,99026.0,49513.0,11128.44652,57382.0,41644.0,0.0,0.0,168.0,104.0,0.899947281,0.539968369,0.0,935.0,140.3333333,317.1293112,100571.0,0.0,0.0,0.0,0.0,1.0,0.0,0.0,0.0,0.0,157.875,187.0,109.3333333,5.0,935.0,3.0,328.0,219.0,211.0,1.0,32.0,0.0,0.0,0.0,0.0,5429558.0,0.0,5429558.0,5429558.0,Benign
33394.0,6.0,2018-02-16 01:46:54,4248193.0,5.0,3.0,935.0,380.0,935.0,0.0,187.0,418.1447118,380.0,0.0,126.6666667,219.3931023,309.5433753,1.883153614,606884.7143,1570646.42,4168553.0,6.0,4248193.0,1062048.25,2071094.065,4168561.0,25.0,41851.0,20925.5,24688.63327,38383.0,3468.0,0.0,0.0,168.0,104.0,1.176971009,0.706182605,0.0,935.0,146.1111111,321.4204585,103311.1111,0.0,0.0,0.0,0.0,1.0,0.0,0.0,0.0,0.0,164.375,187.0,126.6666667,5.0,935.0,3.0,380.0,237.0,211.0,1.0,32.0,0.0,0.0,0.0,0.0,0.0,0.0,0.0,0.0,Benign
45506.0,6.0,2018-02-16 01:46:26,4066660.0,5.0,3.0,935.0,312.0,935.0,0.0,187.0,418.1447118,312.0,0.0,104.0,180.133284,306.639847,1.96721634,580951.4286,1509783.657,4004677.0,8.0,4066660.0,1016665.0,1992076.381,4004685.0,26.0,23381.0,11690.5,3780.899959,14364.0,9017.0,0.0,0.0,168.0,104.0,1.229510212,0.737706127,0.0,935.0,138.5555556,315.9885722,99848.77778,0.0,0.0,0.0,0.0,1.0,0.0,0.0,0.0,0.0,155.875,187.0,104.0,5.0,935.0,3.0,312.0,219.0,211.0,1.0,32.0,0.0,0.0,0.0,0.0,0.0,0.0,0.0,0.0,Benign
54904.0,6.0,2018-02-16 01:46:23,4203806.0,5.0,3.0,935.0,378.0,935.0,0.0,187.0,418.1447118,378.0,0.0,126.0,218.2384018,312.3360117,1.90303739,600543.7143,1533088.829,4075595.0,6.0,4203806.0,1050951.5,2017331.392,4075601.0,94.0,127868.0,63934.0,89931.25464,127525.0,343.0,0.0,0.0,168.0,104.0,1.189398369,0.713639021,0.0,935.0,145.8888889,321.2391805,103194.6111,0.0,0.0,0.0,0.0,1.0,0.0,0.0,0.0,0.0,164.125,187.0,126.0,5.0,935.0,3.0,378.0,219.0,211.0,1.0,32.0,0.0,0.0,0.0,0.0,0.0,0.0,0.0,0.0,Benign
41432.0,6.0,2018-02-16 01:48:05,4761207.0,5.0,5.0,935.0,1023.0,935.0,0.0,187.0,418.1447118,341.0,0.0,204.6,186.7733921,411.240259,2.100307758,529023.0,1384404.789,4211028.0,7.0,4761207.0,1190301.75,2027190.296,4211035.0,22.0,511321.0,127830.25,131370.5904,243287.0,1728.0,0.0,0.0,168.0,168.0,1.050153879,1.050153879,0.0,935.0,178.0,295.726901,87454.4,0.0,0.0,0.0,0.0,1.0,0.0,0.0,0.0,1.0,195.8,187.0,204.6,5.0,935.0,5.0,1023.0,237.0,211.0,1.0,32.0,0.0,0.0,0.0,0.0,0.0,0.0,0.0,0.0,Benign
59668.0,6.0,2018-02-16 01:45:42,5516969.0,5.0,3.0,935.0,374.0,935.0,0.0,187.0,418.1447118,374.0,0.0,124.6666667,215.9290007,237.2679636,1.450071588,788138.4286,2030751.472,5392515.0,5.0,5516969.0,1379242.25,2675990.884,5392523.0,40.0,112084.0,56042.0,78696.74211,111689.0,395.0,0.0,0.0,168.0,104.0,0.906294743,0.543776846,0.0,935.0,145.4444444,320.8804727,102964.2778,0.0,0.0,0.0,0.0,1.0,0.0,0.0,0.0,0.0,163.625,187.0,124.6666667,5.0,935.0,3.0,374.0,237.0,211.0,1.0,32.0,0.0,0.0,0.0,0.0,5392515.0,0.0,5392515.0,5392515.0,Benign
33844.0,6.0,2018-02-16 01:48:16,4200597.0,5.0,3.0,935.0,374.0,935.0,0.0,187.0,418.1447118,374.0,0.0,124.6666667,215.9290007,311.6223718,1.904491195,600085.2857,1565306.982,4149761.0,4.0,4200597.0,1050149.25,2066536.349,4149767.0,32.0,49011.0,24505.5,10570.53927,31980.0,17031.0,0.0,0.0,168.0,104.0,1.190306997,0.714184198,0.0,935.0,145.4444444,320.8804727,102964.2778,0.0,0.0,0.0,0.0,1.0,0.0,0.0,0.0,0.0,163.625,187.0,124.6666667,5.0,935.0,3.0,374.0,237.0,211.0,1.0,32.0,0.0,0.0,0.0,0.0,0.0,0.0,0.0,0.0,Benign
59768.0,6.0,2018-02-16 01:47:37,4120503.0,5.0,3.0,935.0,390.0,935.0,0.0,187.0,418.1447118,390.0,0.0,130.0,225.166605,321.562683,1.941510539,588643.2857,1524804.867,4046023.0,6.0,4120503.0,1030125.75,2010898.359,4046029.0,21.0,73629.0,36814.5,51694.45545,73368.0,261.0,0.0,0.0,168.0,104.0,1.213444087,0.728066452,0.0,935.0,147.2222222,322.3460011,103906.9444,0.0,0.0,0.0,0.0,1.0,0.0,0.0,0.0,0.0,165.625,187.0,130.0,5.0,935.0,3.0,390.0,219.0,211.0,1.0,32.0,0.0,0.0,0.0,0.0,0.0,0.0,0.0,0.0,Benign
34884.0,6.0,2018-02-16 01:46:46,4376174.0,5.0,3.0,935.0,356.0,935.0,0.0,187.0,418.1447118,356.0,0.0,118.6666667,205.5366958,295.0065514,1.828080876,625167.7143,1622236.97,4303725.0,6.0,4376174.0,1094043.5,2140024.46,4303733.0,41.0,68607.0,34303.5,36644.39472,60215.0,8392.0,0.0,0.0,168.0,104.0,1.142550548,0.685530329,0.0,935.0,143.4444444,319.3302018,101971.7778,0.0,0.0,0.0,0.0,1.0,0.0,0.0,0.0,0.0,161.375,187.0,118.6666667,5.0,935.0,3.0,356.0,219.0,211.0,1.0,32.0,0.0,0.0,0.0,0.0,0.0,0.0,0.0,0.0,Benign
39630.0,6.0,2018-02-16 01:48:09,4254204.0,5.0,3.0,935.0,356.0,935.0,0.0,187.0,418.1447118,356.0,0.0,118.6666667,205.5366958,303.4645259,1.880492802,607743.4286,1578008.569,4186180.0,5.0,4254204.0,1063551.0,2081936.061,4186186.0,43.0,61124.0,30562.0,10632.05756,38080.0,23044.0,0.0,0.0,168.0,104.0,1.175308001,0.705184801,0.0,935.0,143.4444444,319.3302018,101971.7778,0.0,0.0,0.0,0.0,1.0,0.0,0.0,0.0,0.0,161.375,187.0,118.6666667,5.0,935.0,3.0,356.0,237.0,211.0,1.0,32.0,0.0,0.0,0.0,0.0,0.0,0.0,0.0,0.0,Benign
36620.0,6.0,2018-02-16 01:46:12,4279881.0,5.0,3.0,935.0,349.0,935.0,0.0,187.0,418.1447118,349.0,0.0,116.3333333,201.4952439,300.0083414,1.86921085,611411.5714,1573337.052,4179149.0,8.0,4279881.0,1069970.25,2072947.117,4179157.0,33.0,61570.0,30785.0,19854.1442,44824.0,16746.0,0.0,0.0,168.0,104.0,1.168256781,0.700954069,0.0,935.0,142.6666667,318.7557843,101605.25,0.0,0.0,0.0,0.0,1.0,0.0,0.0,0.0,0.0,160.5,187.0,116.3333333,5.0,935.0,3.0,349.0,237.0,211.0,1.0,32.0,0.0,0.0,0.0,0.0,0.0,0.0,0.0,0.0,Benign
57924.0,6.0,2018-02-16 01:46:19,4100499.0,5.0,3.0,935.0,335.0,935.0,0.0,187.0,418.1447118,335.0,0.0,111.6666667,193.4123402,309.7184026,1.950982063,585785.5714,1520049.505,4032828.0,6.0,4100499.0,1025124.75,2005205.241,4032834.0,27.0,37670.0,18835.0,2657.307284,20714.0,16956.0,0.0,0.0,168.0,104.0,1.21936379,0.731618274,0.0,935.0,141.1111111,317.6552551,100904.8611,0.0,0.0,0.0,0.0,1.0,0.0,0.0,0.0,0.0,158.75,187.0,111.6666667,5.0,935.0,3.0,335.0,219.0,211.0,1.0,32.0,0.0,0.0,0.0,0.0,0.0,0.0,0.0,0.0,Benign
53028.0,6.0,2018-02-16 01:48:20,3234951.0,5.0,3.0,935.0,306.0,935.0,0.0,187.0,418.1447118,306.0,0.0,102.0,176.6691824,383.6225031,2.472989545,462135.8571,1160960.758,3093547.0,7.0,3234951.0,808737.75,1523792.975,3093554.0,28.0,102252.0,51126.0,71939.6297,101995.0,257.0,0.0,0.0,168.0,104.0,1.545618465,0.927371079,0.0,935.0,137.8888889,315.5829702,99592.61111,0.0,0.0,0.0,0.0,1.0,0.0,0.0,0.0,0.0,155.125,187.0,102.0,5.0,935.0,3.0,306.0,237.0,211.0,1.0,32.0,0.0,0.0,0.0,0.0,0.0,0.0,0.0,0.0,Benign
58652.0,6.0,2018-02-16 01:48:03,4277601.0,5.0,4.0,935.0,357.0,935.0,0.0,187.0,418.1447118,357.0,0.0,89.25,178.5,302.0384557,2.10398305,534700.125,1477587.798,4191357.0,7.0,4277601.0,1069400.25,2081433.188,4191364.0,421.0,56952.0,18984.0,18461.71679,37806.0,905.0,0.0,0.0,168.0,136.0,1.168879472,0.935103578,0.0,935.0,129.2,304.5484089,92749.73333,0.0,0.0,0.0,0.0,1.0,0.0,0.0,0.0,0.0,143.5555556,187.0,89.25,5.0,935.0,4.0,357.0,219.0,225.0,1.0,32.0,0.0,0.0,0.0,0.0,0.0,0.0,0.0,0.0,Benign
48668.0,6.0,2018-02-16 01:46:05,4157734.0,5.0,3.0,935.0,322.0,935.0,0.0,187.0,418.1447118,322.0,0.0,107.3333333,185.9067867,302.3281432,1.924125016,593962.0,1509262.434,4015864.0,6.0,4157734.0,1039433.5,1984647.088,4015870.0,37.0,92017.0,46008.5,53820.01844,84065.0,7952.0,0.0,0.0,168.0,104.0,1.202578135,0.721546881,0.0,935.0,139.6666667,316.6914903,100293.5,0.0,0.0,0.0,0.0,1.0,0.0,0.0,0.0,0.0,157.125,187.0,107.3333333,5.0,935.0,3.0,322.0,219.0,211.0,1.0,32.0,0.0,0.0,0.0,0.0,0.0,0.0,0.0,0.0,Benign
59334.0,6.0,2018-02-16 01:46:24,4334470.0,5.0,4.0,935.0,684.0,935.0,0.0,187.0,418.1447118,342.0,0.0,171.0,197.4537921,373.5174081,2.076378427,541808.75,1421842.317,4055200.0,7.0,4334470.0,1083617.5,1984749.325,4055207.0,25.0,263930.0,87976.66667,126099.4772,232603.0,1052.0,0.0,0.0,168.0,136.0,1.15354357,0.922834856,0.0,935.0,161.9,306.6008806,94004.1,0.0,0.0,0.0,0.0,1.0,0.0,0.0,0.0,0.0,179.8888889,187.0,171.0,5.0,935.0,4.0,684.0,219.0,211.0,1.0,32.0,0.0,0.0,0.0,0.0,0.0,0.0,0.0,0.0,Benign
54232.0,6.0,2018-02-16 01:45:30,5396575.0,5.0,3.0,935.0,372.0,935.0,0.0,187.0,418.1447118,372.0,0.0,124.0,214.7743001,242.1906487,1.482421721,770939.2857,2006434.649,5320954.0,4.0,5396575.0,1349143.75,2647945.894,5320962.0,26.0,30231.0,15115.5,6773.375857,19905.0,10326.0,0.0,0.0,168.0,104.0,0.926513576,0.555908145,0.0,935.0,145.2222222,320.7030471,102850.4444,0.0,0.0,0.0,0.0,1.0,0.0,0.0,0.0,0.0,163.375,187.0,124.0,5.0,935.0,3.0,372.0,219.0,211.0,1.0,32.0,0.0,0.0,0.0,0.0,5320954.0,0.0,5320954.0,5320954.0,Benign
41936.0,6.0,2018-02-16 01:47:05,4236247.0,5.0,3.0,935.0,385.0,935.0,0.0,187.0,418.1447118,385.0,0.0,128.3333333,222.2798536,311.5965618,1.888464011,605178.1429,1575359.94,4177428.0,4.0,4236247.0,1059061.75,2079093.279,4177435.0,28.0,58055.0,29027.5,40587.22213,57727.0,328.0,0.0,0.0,168.0,104.0,1.180290007,0.708174004,0.0,935.0,146.6666667,321.8792475,103606.25,0.0,0.0,0.0,0.0,1.0,0.0,0.0,0.0,0.0,165.0,187.0,128.3333333,5.0,935.0,3.0,385.0,219.0,211.0,1.0,32.0,0.0,0.0,0.0,0.0,0.0,0.0,0.0,0.0,Benign
60536.0,6.0,2018-02-16 01:45:37,5252131.0,5.0,4.0,935.0,646.0,935.0,0.0,187.0,418.1447118,323.0,0.0,161.5,186.4841369,301.0206714,1.71359016,656516.375,1726472.078,4925717.0,5.0,5252131.0,1313032.75,2411861.179,4925724.0,28.0,288540.0,96180.0,102905.7309,204878.0,260.0,0.0,0.0,168.0,136.0,0.951994533,0.761595627,0.0,935.0,158.1,304.2160964,92547.43333,0.0,0.0,0.0,0.0,1.0,0.0,0.0,0.0,0.0,175.6666667,187.0,161.5,5.0,935.0,4.0,646.0,219.0,211.0,1.0,32.0,0.0,0.0,0.0,0.0,0.0,0.0,0.0,0.0,Benign
44824.0,6.0,2018-02-16 01:47:05,5211818.0,5.0,4.0,935.0,340.0,935.0,0.0,187.0,418.1447118,340.0,0.0,85.0,170.0,244.6363246,1.726844644,651477.25,1449682.521,4131642.0,8.0,5211818.0,1302954.5,2563742.897,5148489.0,23.0,1039779.0,346593.0,580500.4983,1016839.0,3818.0,0.0,0.0,168.0,144.0,0.959358136,0.767486509,0.0,935.0,127.5,303.1799063,91918.05556,0.0,0.0,0.0,0.0,1.0,0.0,0.0,0.0,0.0,141.6666667,187.0,85.0,5.0,935.0,4.0,340.0,219.0,211.0,1.0,32.0,0.0,0.0,0.0,0.0,0.0,0.0,0.0,0.0,Benign
58414.0,6.0,2018-02-16 01:48:24,5121829.0,5.0,4.0,935.0,372.0,935.0,0.0,187.0,418.1447118,372.0,0.0,93.0,186.0,255.1822796,1.757184787,640228.625,1421322.168,4046797.0,6.0,5121829.0,1280457.25,2524949.372,5067765.0,2168.0,1066881.0,355627.0,576290.0958,1020962.0,12602.0,0.0,0.0,168.0,144.0,0.976213771,0.780971016,0.0,935.0,130.7,305.8293097,93531.56667,0.0,0.0,0.0,0.0,1.0,0.0,0.0,0.0,0.0,145.2222222,187.0,93.0,5.0,935.0,4.0,372.0,219.0,211.0,1.0,32.0,0.0,0.0,0.0,0.0,0.0,0.0,0.0,0.0,Benign
42042.0,6.0,2018-02-16 01:46:33,4355689.0,5.0,3.0,935.0,309.0,935.0,0.0,187.0,418.1447118,309.0,0.0,103.0,178.4012332,285.6034946,1.836678422,622241.2857,1608535.711,4269781.0,3.0,4355689.0,1088922.25,2120680.697,4269788.0,21.0,49625.0,24812.5,32205.17835,47585.0,2040.0,0.0,0.0,168.0,104.0,1.147924014,0.688754408,0.0,935.0,138.2222222,315.784253,99719.69444,0.0,0.0,0.0,0.0,1.0,0.0,0.0,0.0,0.0,155.5,187.0,103.0,5.0,935.0,3.0,309.0,237.0,211.0,1.0,32.0,0.0,0.0,0.0,0.0,0.0,0.0,0.0,0.0,Benign
41708.0,6.0,2018-02-16 01:46:04,4274986.0,5.0,3.0,935.0,365.0,935.0,0.0,187.0,418.1447118,365.0,0.0,121.6666667,210.7328483,304.0945631,1.871351158,610712.2857,1581322.719,4196688.0,6.0,4274986.0,1068746.5,2085407.764,4196694.0,26.0,52355.0,26177.5,6626.297646,30863.0,21492.0,0.0,0.0,168.0,104.0,1.169594474,0.701756684,0.0,935.0,144.4444444,320.0922176,102459.0278,0.0,0.0,0.0,0.0,1.0,0.0,0.0,0.0,0.0,162.5,187.0,121.6666667,5.0,935.0,3.0,365.0,219.0,211.0,1.0,32.0,0.0,0.0,0.0,0.0,0.0,0.0,0.0,0.0,Benign
45038.0,6.0,2018-02-16 01:46:05,4274878.0,5.0,3.0,935.0,334.0,935.0,0.0,187.0,418.1447118,334.0,0.0,111.3333333,192.8349899,296.8505768,1.871398435,610696.8571,1560578.206,4148948.0,6.0,4274878.0,1068719.5,2053824.316,4148954.0,22.0,90185.0,45092.5,62998.26446,89639.0,546.0,0.0,0.0,168.0,104.0,1.169624022,0.701774413,0.0,935.0,141.0,317.579124,100856.5,0.0,0.0,0.0,0.0,1.0,0.0,0.0,0.0,0.0,158.625,187.0,111.3333333,5.0,935.0,3.0,334.0,237.0,211.0,1.0,32.0,0.0,0.0,0.0,0.0,0.0,0.0,0.0,0.0,Benign
41622.0,6.0,2018-02-16 01:48:18,4216544.0,5.0,4.0,935.0,331.0,935.0,0.0,187.0,418.1447118,331.0,0.0,82.75,165.5,300.2458886,2.134449445,527068.0,1451662.746,4119542.0,6.0,4216544.0,1054136.0,2043794.926,4119550.0,475.0,95743.0,31914.33333,3328.458101,33851.0,28071.0,0.0,0.0,168.0,136.0,1.185805247,0.948644198,0.0,935.0,126.6,302.4915793,91501.15556,0.0,0.0,0.0,0.0,1.0,0.0,0.0,0.0,0.0,140.6666667,187.0,82.75,5.0,935.0,4.0,331.0,219.0,225.0,1.0,32.0,0.0,0.0,0.0,0.0,0.0,0.0,0.0,0.0,Benign
57772.0,6.0,2018-02-16 01:47:11,4185826.0,5.0,3.0,935.0,354.0,935.0,0.0,187.0,418.1447118,354.0,0.0,118.0,204.3819953,307.9439996,1.91121179,597975.1429,1546770.816,4105536.0,7.0,4185826.0,1046456.5,2039626.116,4105543.0,32.0,70170.0,35085.0,5550.788232,39010.0,31160.0,0.0,0.0,168.0,104.0,1.194507368,0.716704421,0.0,935.0,143.2222222,319.1644473,101865.9444,0.0,0.0,0.0,0.0,1.0,0.0,0.0,0.0,0.0,161.125,187.0,118.0,5.0,935.0,3.0,354.0,219.0,211.0,1.0,32.0,0.0,0.0,0.0,0.0,0.0,0.0,0.0,0.0,Benign
46354.0,6.0,2018-02-16 01:47:39,4206825.0,5.0,3.0,935.0,296.0,935.0,0.0,187.0,418.1447118,296.0,0.0,98.66666667,170.8956797,292.619731,1.901671688,600975.0,1566462.066,4153288.0,8.0,4206825.0,1051706.25,2067768.83,4153296.0,19.0,31686.0,15843.0,15416.34204,26744.0,4942.0,0.0,0.0,168.0,104.0,1.188544805,0.713126883,0.0,935.0,136.7777778,314.9340319,99183.44444,0.0,0.0,0.0,0.0,1.0,0.0,0.0,0.0,0.0,153.875,187.0,98.66666667,5.0,935.0,3.0,296.0,237.0,211.0,1.0,32.0,0.0,0.0,0.0,0.0,0.0,0.0,0.0,0.0,Benign
41214.0,6.0,2018-02-16 01:45:50,5735808.0,5.0,6.0,935.0,1496.0,935.0,0.0,187.0,418.1447118,374.0,0.0,249.3333333,193.1327695,423.8286916,1.917776885,573580.8,1460726.561,4711683.0,8.0,5735808.0,1433952.0,2234662.691,4711691.0,52.0,1002763.0,200552.6,151600.6704,426212.0,260.0,0.0,0.0,168.0,200.0,0.871716766,1.046060119,0.0,935.0,202.5833333,292.5202272,85568.08333,0.0,0.0,0.0,0.0,1.0,0.0,0.0,0.0,1.0,221.0,187.0,249.3333333,5.0,935.0,6.0,1496.0,219.0,211.0,1.0,32.0,0.0,0.0,0.0,0.0,0.0,0.0,0.0,0.0,Benign
56266.0,6.0,2018-02-16 01:47:24,4230797.0,5.0,3.0,935.0,369.0,935.0,0.0,187.0,418.1447118,369.0,0.0,123.0,213.0422493,308.2161588,1.89089668,604399.5714,1539939.014,4095405.0,5.0,4230797.0,1057699.25,2025732.703,4095413.0,26.0,113076.0,56538.0,79580.62558,112810.0,266.0,0.0,0.0,168.0,104.0,1.181810425,0.709086255,0.0,935.0,144.8888889,320.4393252,102681.3611,0.0,0.0,0.0,0.0,1.0,0.0,0.0,0.0,0.0,163.0,187.0,123.0,5.0,935.0,3.0,369.0,237.0,211.0,1.0,32.0,0.0,0.0,0.0,0.0,0.0,0.0,0.0,0.0,Benign
37934.0,6.0,2018-02-16 01:45:54,4891525.0,5.0,3.0,935.0,413.0,935.0,0.0,187.0,418.1447118,413.0,0.0,137.6666667,238.4456612,275.5786795,1.635481777,698789.2857,1783822.71,4742263.0,4.0,4891525.0,1222881.25,2347267.945,4742267.0,28.0,147144.0,73572.0,101969.0405,145675.0,1469.0,0.0,0.0,168.0,104.0,1.022176111,0.613305666,0.0,935.0,149.7777778,324.5946618,105361.6944,0.0,0.0,0.0,0.0,1.0,0.0,0.0,0.0,0.0,168.5,187.0,137.6666667,5.0,935.0,3.0,413.0,219.0,211.0,1.0,32.0,0.0,0.0,0.0,0.0,0.0,0.0,0.0,0.0,Benign
36372.0,6.0,2018-02-16 01:46:55,4375880.0,5.0,3.0,935.0,296.0,935.0,0.0,187.0,418.1447118,296.0,0.0,98.66666667,170.8956797,281.3148441,1.828203698,625125.7143,1603953.588,4262015.0,5.0,4375880.0,1093970.0,2112225.372,4262023.0,35.0,45695.0,22847.5,31940.72041,45433.0,262.0,0.0,0.0,168.0,104.0,1.142627312,0.685576387,0.0,935.0,136.7777778,314.9340319,99183.44444,0.0,0.0,0.0,0.0,1.0,0.0,0.0,0.0,0.0,153.875,187.0,98.66666667,5.0,935.0,3.0,296.0,219.0,211.0,1.0,32.0,0.0,0.0,0.0,0.0,0.0,0.0,0.0,0.0,Benign
35380.0,6.0,2018-02-16 01:45:54,4848501.0,5.0,3.0,935.0,357.0,935.0,0.0,187.0,418.1447118,357.0,0.0,119.0,206.1140461,266.4741123,1.649994503,692643.0,1784918.151,4740157.0,6.0,4848501.0,1212125.25,2352415.463,4740163.0,23.0,96313.0,48156.5,2693.36973,50061.0,46252.0,0.0,0.0,168.0,104.0,1.031246565,0.618747939,0.0,935.0,143.5555556,319.4135686,102025.0278,0.0,0.0,0.0,0.0,1.0,0.0,0.0,0.0,0.0,161.5,187.0,119.0,5.0,935.0,3.0,357.0,237.0,211.0,1.0,32.0,0.0,0.0,0.0,0.0,0.0,0.0,0.0,0.0,Benign
45844.0,6.0,2018-02-16 01:47:43,4220482.0,5.0,3.0,935.0,308.0,935.0,0.0,187.0,418.1447118,308.0,0.0,102.6666667,177.8238829,294.516124,1.895518095,602926.0,1564630.358,4151077.0,8.0,4220482.0,1055120.5,2064025.619,4151085.0,8427.0,42442.0,21221.0,17106.32725,33317.0,9125.0,0.0,0.0,168.0,104.0,1.184698809,0.710819286,0.0,935.0,138.1111111,315.7168211,99677.11111,0.0,0.0,0.0,0.0,1.0,0.0,0.0,0.0,0.0,155.375,187.0,102.6666667,5.0,935.0,3.0,308.0,219.0,211.0,1.0,32.0,0.0,0.0,0.0,0.0,0.0,0.0,0.0,0.0,Benign
49116.0,6.0,2018-02-16 01:47:14,4331151.0,5.0,3.0,935.0,345.0,935.0,0.0,187.0,418.1447118,345.0,0.0,115.0,199.1858429,295.5334506,1.847084066,618735.8571,1588081.3,4219565.0,5.0,4331151.0,1082787.75,2091430.364,4219573.0,29.0,77483.0,38741.5,54409.74549,77215.0,268.0,0.0,0.0,168.0,104.0,1.154427541,0.692656525,0.0,935.0,142.2222222,318.434757,101400.6944,0.0,0.0,0.0,0.0,1.0,0.0,0.0,0.0,0.0,160.0,187.0,115.0,5.0,935.0,3.0,345.0,237.0,211.0,1.0,32.0,0.0,0.0,0.0,0.0,0.0,0.0,0.0,0.0,Benign
40276.0,6.0,2018-02-16 01:47:09,4255867.0,5.0,4.0,935.0,313.0,935.0,0.0,187.0,418.1447118,313.0,0.0,78.25,156.5,293.2422465,2.114727739,531983.375,1464309.876,4155813.0,7.0,4255867.0,1063966.75,2061257.173,4155822.0,21234.0,72733.0,24244.33333,20796.01155,37289.0,262.0,0.0,0.0,168.0,136.0,1.174848744,0.939878995,0.0,935.0,124.8,301.1908955,90715.95556,0.0,0.0,0.0,0.0,1.0,0.0,0.0,0.0,0.0,138.6666667,187.0,78.25,5.0,935.0,4.0,313.0,237.0,225.0,1.0,32.0,0.0,0.0,0.0,0.0,0.0,0.0,0.0,0.0,Benign
48072.0,6.0,2018-02-16 01:47:06,3777612.0,5.0,4.0,935.0,347.0,935.0,0.0,187.0,418.1447118,347.0,0.0,86.75,173.5,339.3678334,2.382457489,472201.5,1297098.084,3681981.0,6.0,3777612.0,944403.0,1825816.36,3682920.0,24.0,3725883.0,1241961.0,2113180.015,3681981.0,5933.0,0.0,0.0,168.0,136.0,1.323587494,1.058869995,0.0,935.0,128.2,303.732631,92253.51111,0.0,0.0,0.0,0.0,1.0,1.0,0.0,0.0,0.0,142.4444444,187.0,86.75,5.0,935.0,4.0,347.0,219.0,211.0,1.0,32.0,0.0,0.0,0.0,0.0,0.0,0.0,0.0,0.0,Benign
48874.0,6.0,2018-02-16 01:48:19,4267493.0,4.0,5.0,935.0,344.0,935.0,0.0,233.75,467.5,344.0,0.0,68.8,153.8414769,299.7075801,2.108966552,533436.625,1468190.998,4166813.0,6.0,4255273.0,1418424.333,2380181.209,4166820.0,42347.0,100680.0,25170.0,21949.31436,54554.0,3778.0,0.0,0.0,136.0,168.0,0.937318468,1.171648085,0.0,935.0,127.9,303.4938952,92108.54444,0.0,0.0,0.0,0.0,1.0,0.0,0.0,0.0,1.0,142.1111111,233.75,68.8,4.0,935.0,5.0,344.0,219.0,225.0,1.0,32.0,0.0,0.0,0.0,0.0,0.0,0.0,0.0,0.0,Benign
45434.0,6.0,2018-02-16 01:48:01,4416513.0,5.0,3.0,935.0,357.0,935.0,0.0,187.0,418.1447118,357.0,0.0,119.0,206.1140461,292.53848,1.811383777,630930.4286,1649137.179,4370688.0,4.0,4416513.0,1104128.25,2177774.191,4370695.0,26.0,7491.0,3745.5,4919.341877,7224.0,267.0,0.0,0.0,168.0,104.0,1.132114861,0.679268916,0.0,935.0,143.5555556,319.4135686,102025.0278,0.0,0.0,0.0,0.0,1.0,0.0,0.0,0.0,0.0,161.5,187.0,119.0,5.0,935.0,3.0,357.0,219.0,211.0,1.0,32.0,0.0,0.0,0.0,0.0,0.0,0.0,0.0,0.0,Benign
42848.0,6.0,2018-02-16 01:48:35,4101954.0,5.0,3.0,935.0,347.0,935.0,0.0,187.0,418.1447118,347.0,0.0,115.6666667,200.3405434,312.5339777,1.950290033,585993.4286,1519695.276,4032096.0,8.0,4101954.0,1025488.5,2004513.281,4032104.0,25.0,20291.0,10145.5,10228.29959,17378.0,2913.0,0.0,0.0,168.0,104.0,1.21893127,0.731358762,0.0,935.0,142.4444444,318.5946135,101502.5278,0.0,0.0,0.0,0.0,1.0,0.0,0.0,0.0,0.0,160.25,187.0,115.6666667,5.0,935.0,3.0,347.0,237.0,211.0,1.0,32.0,0.0,0.0,0.0,0.0,0.0,0.0,0.0,0.0,Benign
51404.0,6.0,2018-02-16 01:48:23,4209786.0,5.0,3.0,935.0,394.0,935.0,0.0,187.0,418.1447118,394.0,0.0,131.3333333,227.4760061,315.6930067,1.900334126,601398.0,1550786.735,4118034.0,4.0,4209786.0,1052446.5,2043934.848,4118041.0,56.0,69495.0,34747.5,16812.87794,46636.0,22859.0,0.0,0.0,168.0,104.0,1.187708829,0.712625297,0.0,935.0,147.6666667,322.7251152,104151.5,0.0,0.0,0.0,0.0,1.0,0.0,0.0,0.0,0.0,166.125,187.0,131.3333333,5.0,935.0,3.0,394.0,219.0,211.0,1.0,32.0,0.0,0.0,0.0,0.0,0.0,0.0,0.0,0.0,Benign
48122.0,6.0,2018-02-16 01:47:06,4199194.0,5.0,3.0,935.0,341.0,935.0,0.0,187.0,418.1447118,341.0,0.0,113.6666667,196.8764418,303.8678375,1.905127508,599884.8571,1545411.507,4104276.0,7.0,4199194.0,1049798.5,2036448.272,4104283.0,20.0,43497.0,21748.5,12039.90716,30262.0,13235.0,0.0,0.0,168.0,104.0,1.190704692,0.714422815,0.0,935.0,141.7777778,318.1189942,101199.6944,0.0,0.0,0.0,0.0,1.0,0.0,0.0,0.0,0.0,159.5,187.0,113.6666667,5.0,935.0,3.0,341.0,237.0,211.0,1.0,32.0,0.0,0.0,0.0,0.0,0.0,0.0,0.0,0.0,Benign
48974.0,6.0,2018-02-16 01:47:36,3730321.0,5.0,3.0,935.0,333.0,935.0,0.0,187.0,418.1447118,333.0,0.0,111.0,192.2576396,339.9171278,2.144587557,532903.0,1390224.912,3685569.0,3.0,3730321.0,932580.25,1835373.826,3685577.0,15.0,30639.0,15319.5,12829.03833,24391.0,6248.0,0.0,0.0,168.0,104.0,1.340367223,0.804220334,0.0,935.0,140.8888889,317.5033246,100808.3611,0.0,0.0,0.0,0.0,1.0,0.0,0.0,0.0,0.0,158.5,187.0,111.0,5.0,935.0,3.0,333.0,237.0,211.0,1.0,32.0,0.0,0.0,0.0,0.0,0.0,0.0,0.0,0.0,Benign
56746.0,6.0,2018-02-16 01:47:49,4271582.0,5.0,3.0,935.0,362.0,935.0,0.0,187.0,418.1447118,362.0,0.0,120.6666667,209.0007974,303.6345785,1.872842427,610226.0,1588500.289,4212493.0,5.0,4271582.0,1067895.5,2096451.603,4212501.0,21.0,26183.0,13091.5,10420.63263,20460.0,5723.0,0.0,0.0,168.0,104.0,1.170526517,0.70231591,0.0,935.0,144.1111111,319.8352875,102294.6111,0.0,0.0,0.0,0.0,1.0,0.0,0.0,0.0,0.0,162.125,187.0,120.6666667,5.0,935.0,3.0,362.0,237.0,211.0,1.0,32.0,0.0,0.0,0.0,0.0,0.0,0.0,0.0,0.0,Benign
33834.0,6.0,2018-02-16 01:47:55,4047347.0,5.0,3.0,935.0,306.0,935.0,0.0,187.0,418.1447118,306.0,0.0,102.0,176.6691824,306.6206085,1.976603439,578192.4286,1490117.901,3957165.0,8.0,4047347.0,1011836.75,1963790.377,3957173.0,31.0,71447.0,35723.5,28232.65245,55687.0,15760.0,0.0,0.0,168.0,104.0,1.23537715,0.74122629,0.0,935.0,137.8888889,315.5829702,99592.61111,0.0,0.0,0.0,0.0,1.0,0.0,0.0,0.0,0.0,155.125,187.0,102.0,5.0,935.0,3.0,306.0,219.0,211.0,1.0,32.0,0.0,0.0,0.0,0.0,0.0,0.0,0.0,0.0,Benign
37668.0,6.0,2018-02-16 01:46:59,4366663.0,5.0,3.0,935.0,416.0,935.0,0.0,187.0,418.1447118,416.0,0.0,138.6666667,240.177712,309.3895728,1.832062607,623809.0,1597035.866,4244676.0,5.0,4366663.0,1091665.75,2102461.822,4244681.0,27.0,101102.0,50551.0,65461.11738,96839.0,4263.0,0.0,0.0,168.0,104.0,1.145039129,0.687023478,0.0,935.0,150.1111111,324.9001556,105560.1111,0.0,0.0,0.0,0.0,1.0,0.0,0.0,0.0,0.0,168.875,187.0,138.6666667,5.0,935.0,3.0,416.0,237.0,211.0,1.0,32.0,0.0,0.0,0.0,0.0,0.0,0.0,0.0,0.0,Benign
60982.0,6.0,2018-02-16 01:47:41,4312764.0,5.0,3.0,935.0,372.0,935.0,0.0,187.0,418.1447118,372.0,0.0,124.0,214.7743001,303.0539116,1.854958908,616109.1429,1591178.699,4224286.0,3.0,4312764.0,1078191.0,2097505.649,4224293.0,21.0,41980.0,20990.0,24465.89463,38290.0,3690.0,0.0,0.0,168.0,104.0,1.159349318,0.695609591,0.0,935.0,145.2222222,320.7030471,102850.4444,0.0,0.0,0.0,0.0,1.0,0.0,0.0,0.0,0.0,163.375,187.0,124.0,5.0,935.0,3.0,372.0,237.0,211.0,1.0,32.0,0.0,0.0,0.0,0.0,0.0,0.0,0.0,0.0,Benign
39112.0,6.0,2018-02-16 01:45:28,5324689.0,5.0,3.0,935.0,353.0,935.0,0.0,187.0,418.1447118,353.0,0.0,117.6666667,203.804645,241.8920617,1.502435166,760669.8571,1913641.938,5096283.0,4.0,5324689.0,1331172.25,2512273.558,5096287.0,55.0,224672.0,112336.0,158526.2693,224431.0,241.0,0.0,0.0,168.0,104.0,0.939021979,0.563413187,0.0,935.0,143.1111111,319.0820602,101813.3611,0.0,0.0,0.0,0.0,1.0,0.0,0.0,0.0,0.0,161.0,187.0,117.6666667,5.0,935.0,3.0,353.0,219.0,211.0,1.0,32.0,0.0,0.0,0.0,0.0,5096283.0,0.0,5096283.0,5096283.0,Benign
55968.0,6.0,2018-02-16 01:45:37,4484757.0,5.0,3.0,935.0,367.0,935.0,0.0,187.0,418.1447118,367.0,0.0,122.3333333,211.8875488,290.3167329,1.783820171,640679.5714,1649513.377,4380557.0,7.0,4484757.0,1121189.25,2173362.252,4380564.0,48.0,96837.0,48418.5,68093.67592,96568.0,269.0,0.0,0.0,168.0,104.0,1.114887607,0.668932564,0.0,935.0,144.6666667,320.2651245,102569.75,0.0,0.0,0.0,0.0,1.0,0.0,0.0,0.0,0.0,162.75,187.0,122.3333333,5.0,935.0,3.0,367.0,237.0,211.0,1.0,32.0,0.0,0.0,0.0,0.0,0.0,0.0,0.0,0.0,Benign
53374.0,6.0,2018-02-16 01:46:27,5054172.0,5.0,7.0,935.0,1316.0,935.0,0.0,187.0,418.1447118,329.0,0.0,188.0,175.8578972,445.3746331,2.374276143,459470.1818,1191444.645,4017697.0,3.0,5054172.0,1263543.0,1899396.48,4018034.0,24.0,5049522.0,841587.0,1566398.059,4017697.0,702.0,0.0,0.0,168.0,232.0,0.989281726,1.384994416,0.0,935.0,173.1538462,276.4988988,76451.64103,0.0,0.0,0.0,0.0,1.0,1.0,0.0,0.0,1.0,187.5833333,187.0,188.0,5.0,935.0,7.0,1316.0,237.0,211.0,1.0,32.0,0.0,0.0,0.0,0.0,0.0,0.0,0.0,0.0,Benign
60414.0,6.0,2018-02-16 01:46:03,4296997.0,5.0,3.0,935.0,368.0,935.0,0.0,187.0,418.1447118,368.0,0.0,122.6666667,212.4648991,303.2350267,1.861765321,613856.7143,1592506.26,4225107.0,5.0,4296997.0,1074249.25,2100653.51,4225114.0,23.0,43384.0,21692.0,30271.2413,43097.0,287.0,0.0,0.0,168.0,104.0,1.163603326,0.698161995,0.0,935.0,144.7777778,320.3520633,102625.4444,0.0,0.0,0.0,0.0,1.0,0.0,0.0,0.0,0.0,162.875,187.0,122.6666667,5.0,935.0,3.0,368.0,237.0,211.0,1.0,32.0,0.0,0.0,0.0,0.0,0.0,0.0,0.0,0.0,Benign
47306.0,6.0,2018-02-16 01:45:45,5309028.0,5.0,3.0,935.0,375.0,935.0,0.0,187.0,418.1447118,375.0,0.0,125.0,216.5063509,246.7494992,1.50686717,758432.5714,1962301.975,5208217.0,3.0,5309028.0,1327257.0,2587423.465,5208226.0,22.0,46604.0,23302.0,27727.0711,42908.0,3696.0,0.0,0.0,168.0,104.0,0.941791982,0.565075189,0.0,935.0,145.5555556,320.969668,103021.5278,0.0,0.0,0.0,0.0,1.0,0.0,0.0,0.0,0.0,163.75,187.0,125.0,5.0,935.0,3.0,375.0,237.0,211.0,1.0,32.0,0.0,0.0,0.0,0.0,5208217.0,0.0,5208217.0,5208217.0,Benign
36474.0,6.0,2018-02-16 01:47:33,4352781.0,4.0,5.0,935.0,350.0,935.0,0.0,233.75,467.5,350.0,0.0,70.0,156.5247584,295.2135658,2.067643651,544097.625,1497495.569,4249817.0,6.0,4345258.0,1448419.333,2426118.157,4249824.0,35542.0,102964.0,25741.0,28977.00552,59592.0,301.0,0.0,0.0,136.0,168.0,0.918952734,1.148690917,0.0,935.0,128.5,303.97414,92400.27778,0.0,0.0,0.0,0.0,1.0,0.0,0.0,0.0,1.0,142.7777778,233.75,70.0,4.0,935.0,5.0,350.0,219.0,225.0,1.0,32.0,0.0,0.0,0.0,0.0,0.0,0.0,0.0,0.0,Benign
47884.0,6.0,2018-02-16 01:45:40,5498936.0,5.0,3.0,935.0,358.0,935.0,0.0,187.0,418.1447118,358.0,0.0,119.3333333,206.6913964,235.1363973,1.454826897,785562.2857,2052283.279,5439596.0,5.0,5498936.0,1374734.0,2709949.554,5439603.0,52.0,32482.0,16241.0,22498.72356,32150.0,332.0,0.0,0.0,168.0,104.0,0.909266811,0.545560087,0.0,935.0,143.6666667,319.4972613,102078.5,0.0,0.0,0.0,0.0,1.0,0.0,0.0,0.0,0.0,161.625,187.0,119.3333333,5.0,935.0,3.0,358.0,219.0,211.0,1.0,32.0,0.0,0.0,0.0,0.0,5439596.0,0.0,5439596.0,5439596.0,Benign
50724.0,6.0,2018-02-16 01:48:36,4312188.0,5.0,3.0,935.0,305.0,935.0,0.0,187.0,418.1447118,305.0,0.0,101.6666667,176.0918321,287.557036,1.855206684,616026.8571,1576325.164,4190164.0,6.0,4312188.0,1078047.0,2074976.021,4190170.0,27.0,74267.0,37133.5,52154.07486,74012.0,255.0,0.0,0.0,168.0,104.0,1.159504177,0.695702506,0.0,935.0,137.7777778,315.5165518,99550.69444,0.0,0.0,0.0,0.0,1.0,0.0,0.0,0.0,0.0,155.0,187.0,101.6666667,5.0,935.0,3.0,305.0,237.0,211.0,1.0,32.0,0.0,0.0,0.0,0.0,0.0,0.0,0.0,0.0,Benign
53622.0,6.0,2018-02-16 01:46:06,4075787.0,4.0,5.0,935.0,307.0,935.0,0.0,233.75,467.5,307.0,0.0,61.4,137.2945738,304.7264246,2.208162497,509473.375,1416635.591,4015316.0,5.0,4074436.0,1358145.333,2301182.129,4015321.0,28041.0,60471.0,15117.75,16773.4779,31413.0,285.0,0.0,0.0,136.0,168.0,0.981405554,1.226756943,0.0,935.0,124.2,300.780023,90468.62222,0.0,0.0,0.0,0.0,1.0,0.0,0.0,0.0,1.0,138.0,233.75,61.4,4.0,935.0,5.0,307.0,219.0,225.0,1.0,32.0,0.0,0.0,0.0,0.0,0.0,0.0,0.0,0.0,Benign
53270.0,6.0,2018-02-16 01:47:19,4200619.0,5.0,4.0,935.0,360.0,935.0,0.0,187.0,418.1447118,360.0,0.0,90.0,180.0,308.2878976,2.142541373,525077.375,1433022.132,4070776.0,7.0,4200619.0,1050154.75,2014265.911,4071084.0,25.0,4157781.0,1385927.0,2325546.097,4070776.0,444.0,0.0,0.0,168.0,136.0,1.190300763,0.95224061,0.0,935.0,129.5,304.7991142,92902.5,0.0,0.0,0.0,0.0,1.0,1.0,0.0,0.0,0.0,143.8888889,187.0,90.0,5.0,935.0,4.0,360.0,237.0,211.0,1.0,32.0,0.0,0.0,0.0,0.0,0.0,0.0,0.0,0.0,Benign
36200.0,6.0,2018-02-16 01:46:46,4713452.0,5.0,4.0,935.0,760.0,935.0,0.0,187.0,418.1447118,380.0,0.0,190.0,219.3931023,359.6090509,1.909428589,589181.5,1539605.597,4394014.0,7.0,4713452.0,1178363.0,2147227.536,4394021.0,44.0,276932.0,92310.66667,132385.5973,244564.0,4346.0,0.0,0.0,168.0,136.0,1.06079366,0.848634928,0.0,935.0,169.5,311.9334865,97302.5,0.0,0.0,0.0,0.0,1.0,0.0,0.0,0.0,0.0,188.3333333,187.0,190.0,5.0,935.0,4.0,760.0,237.0,211.0,1.0,32.0,0.0,0.0,0.0,0.0,0.0,0.0,0.0,0.0,Benign
57308.0,6.0,2018-02-16 01:46:45,4427881.0,5.0,3.0,935.0,402.0,935.0,0.0,187.0,418.1447118,402.0,0.0,134.0,232.0948082,301.9503008,1.806733288,632554.4286,1626931.377,4321786.0,7.0,4427881.0,1106970.25,2143406.351,4321793.0,24.0,70139.0,35069.5,26938.64704,54118.0,16021.0,0.0,0.0,168.0,104.0,1.129208305,0.677524983,0.0,935.0,148.5555556,323.4984973,104651.2778,0.0,0.0,0.0,0.0,1.0,0.0,0.0,0.0,0.0,167.125,187.0,134.0,5.0,935.0,3.0,402.0,219.0,211.0,1.0,32.0,0.0,0.0,0.0,0.0,0.0,0.0,0.0,0.0,Benign
54996.0,6.0,2018-02-16 01:46:02,64834592.0,5.0,4.0,935.0,329.0,935.0,0.0,187.0,418.1447118,329.0,0.0,82.25,164.5,19.49576547,0.138814786,8104324.0,22900000.0,64800000.0,3.0,64800000.0,16200000.0,32400000.0,64800000.0,25.0,64800000.0,21600000.0,37400000.0,64800000.0,2492.0,0.0,0.0,168.0,136.0,0.077119325,0.06169546,0.0,935.0,126.4,302.3420432,91410.71111,0.0,0.0,0.0,0.0,1.0,0.0,0.0,0.0,0.0,140.4444444,187.0,82.25,5.0,935.0,4.0,329.0,237.0,211.0,1.0,32.0,1378.0,0.0,1378.0,1378.0,64800000.0,0.0,64800000.0,64800000.0,Benign
38192.0,6.0,2018-02-16 01:46:51,4288344.0,5.0,4.0,935.0,336.0,935.0,0.0,187.0,418.1447118,336.0,0.0,84.0,168.0,296.384805,2.09871223,536043.0,1483420.178,4207136.0,8.0,4288344.0,1072086.0,2090082.657,4207144.0,14178.0,75582.0,25194.0,31504.05885,61406.0,4084.0,0.0,0.0,168.0,136.0,1.165951239,0.932760991,0.0,935.0,127.1,302.8708746,91730.76667,0.0,0.0,0.0,0.0,1.0,0.0,0.0,0.0,0.0,141.2222222,187.0,84.0,5.0,935.0,4.0,336.0,219.0,225.0,1.0,32.0,0.0,0.0,0.0,0.0,0.0,0.0,0.0,0.0,Benign
37538.0,6.0,2018-02-16 01:47:12,4399109.0,5.0,3.0,935.0,354.0,935.0,0.0,187.0,418.1447118,354.0,0.0,118.0,204.3819953,293.0138808,1.818550075,628444.1429,1562170.302,4168237.0,5.0,4399109.0,1099777.25,2046863.489,4168242.0,22.0,170666.0,85333.0,120276.0351,170381.0,285.0,0.0,0.0,168.0,104.0,1.136593797,0.681956278,0.0,935.0,143.2222222,319.1644473,101865.9444,0.0,0.0,0.0,0.0,1.0,0.0,0.0,0.0,0.0,161.125,187.0,118.0,5.0,935.0,3.0,354.0,237.0,211.0,1.0,32.0,0.0,0.0,0.0,0.0,0.0,0.0,0.0,0.0,Benign
40002.0,6.0,2018-02-16 01:47:09,4051250.0,5.0,3.0,935.0,394.0,935.0,0.0,187.0,418.1447118,394.0,0.0,131.3333333,227.4760061,328.0468991,1.974699167,578750.0,1494866.098,3968594.0,5.0,4051250.0,1012812.5,1970714.6,3968599.0,43.0,64912.0,32456.0,15836.36347,43654.0,21258.0,0.0,0.0,168.0,104.0,1.234186979,0.740512188,0.0,935.0,147.6666667,322.7251152,104151.5,0.0,0.0,0.0,0.0,1.0,0.0,0.0,0.0,0.0,166.125,187.0,131.3333333,5.0,935.0,3.0,394.0,237.0,211.0,1.0,32.0,0.0,0.0,0.0,0.0,0.0,0.0,0.0,0.0,Benign
46962.0,6.0,2018-02-16 01:47:22,4184554.0,4.0,5.0,935.0,328.0,935.0,0.0,233.75,467.5,328.0,0.0,65.6,146.6860593,301.8242804,2.150766844,523069.25,1444014.373,4096724.0,5.0,4154058.0,1384686.0,2348821.557,4096730.0,4670.0,87830.0,21957.5,7285.350987,26515.0,11155.0,0.0,0.0,136.0,168.0,0.955896375,1.194870469,0.0,935.0,126.3,302.2677437,91365.78889,0.0,0.0,0.0,0.0,1.0,0.0,0.0,0.0,1.0,140.3333333,233.75,65.6,4.0,935.0,5.0,328.0,237.0,225.0,1.0,32.0,0.0,0.0,0.0,0.0,0.0,0.0,0.0,0.0,Benign
58290.0,6.0,2018-02-16 01:47:03,4413007.0,5.0,3.0,935.0,310.0,935.0,0.0,187.0,418.1447118,310.0,0.0,103.3333333,178.9785834,282.1205586,1.812822867,630429.5714,1630385.227,4327438.0,6.0,4413007.0,1103251.75,2149610.193,4327444.0,70.0,61500.0,30750.0,42891.68313,61079.0,421.0,0.0,0.0,168.0,104.0,1.133014292,0.679808575,0.0,935.0,138.3333333,315.8520223,99762.5,0.0,0.0,0.0,0.0,1.0,0.0,0.0,0.0,0.0,155.625,187.0,103.3333333,5.0,935.0,3.0,310.0,237.0,211.0,1.0,32.0,0.0,0.0,0.0,0.0,0.0,0.0,0.0,0.0,Benign
57108.0,6.0,2018-02-16 01:46:23,4223418.0,5.0,3.0,935.0,319.0,935.0,0.0,187.0,418.1447118,319.0,0.0,106.3333333,184.1747359,296.9159103,1.894200385,603345.4286,1546544.302,4110269.0,6.0,4223418.0,1055854.5,2036575.275,4110279.0,26.0,83400.0,41700.0,17437.25322,54030.0,29370.0,0.0,0.0,168.0,104.0,1.18387524,0.710325144,0.0,935.0,139.3333333,316.4770924,100157.75,0.0,0.0,0.0,0.0,1.0,0.0,0.0,0.0,0.0,156.75,187.0,106.3333333,5.0,935.0,3.0,319.0,219.0,211.0,1.0,32.0,0.0,0.0,0.0,0.0,0.0,0.0,0.0,0.0,Benign
36144.0,6.0,2018-02-16 01:45:32,5498950.0,5.0,3.0,935.0,353.0,935.0,0.0,187.0,418.1447118,353.0,0.0,117.6666667,203.804645,234.2265342,1.454823194,785564.2857,2054218.172,5443969.0,4.0,5498950.0,1374737.5,2712879.139,5443973.0,27.0,13320.0,6660.0,5696.452229,10688.0,2632.0,0.0,0.0,168.0,104.0,0.909264496,0.545558698,0.0,935.0,143.1111111,319.0820602,101813.3611,0.0,0.0,0.0,0.0,1.0,0.0,0.0,0.0,0.0,161.0,187.0,117.6666667,5.0,935.0,3.0,353.0,219.0,211.0,1.0,32.0,0.0,0.0,0.0,0.0,5443969.0,0.0,5443969.0,5443969.0,Benign
47748.0,6.0,2018-02-16 01:48:10,4398780.0,5.0,3.0,935.0,306.0,935.0,0.0,187.0,418.1447118,306.0,0.0,102.0,176.6691824,282.1236797,1.81868609,628397.1429,1607445.344,4272289.0,4.0,4398780.0,1099695.0,2115857.128,4272293.0,21.0,124003.0,62001.5,85535.17179,122484.0,1519.0,0.0,0.0,168.0,104.0,1.136678806,0.682007284,0.0,935.0,137.8888889,315.5829702,99592.61111,0.0,0.0,0.0,0.0,1.0,0.0,0.0,0.0,0.0,155.125,187.0,102.0,5.0,935.0,3.0,306.0,237.0,211.0,1.0,32.0,0.0,0.0,0.0,0.0,0.0,0.0,0.0,0.0,Benign
37530.0,6.0,2018-02-16 01:46:42,4403541.0,5.0,3.0,935.0,337.0,935.0,0.0,187.0,418.1447118,337.0,0.0,112.3333333,194.5670407,288.8584437,1.816719772,629077.2857,1652858.942,4377376.0,6.0,4403541.0,1100885.25,2184345.95,4377383.0,25.0,19052.0,9526.0,13092.78916,18784.0,268.0,0.0,0.0,168.0,104.0,1.135449857,0.681269914,0.0,935.0,141.3333333,317.8085115,101002.25,0.0,0.0,0.0,0.0,1.0,0.0,0.0,0.0,0.0,159.0,187.0,112.3333333,5.0,935.0,3.0,337.0,237.0,211.0,1.0,32.0,0.0,0.0,0.0,0.0,0.0,0.0,0.0,0.0,Benign
39648.0,6.0,2018-02-16 01:48:30,4446603.0,5.0,4.0,935.0,722.0,935.0,0.0,187.0,418.1447118,361.0,0.0,180.5,208.4234472,372.6440161,2.024016986,555825.375,1433083.654,4097278.0,8.0,4446603.0,1111650.75,1996531.118,4097286.0,28.0,337009.0,112336.3333,104737.6911,208084.0,476.0,0.0,0.0,168.0,136.0,1.124453881,0.899563105,0.0,935.0,165.7,309.1749056,95589.12222,0.0,0.0,0.0,0.0,1.0,0.0,0.0,0.0,0.0,184.1111111,187.0,180.5,5.0,935.0,4.0,722.0,219.0,211.0,1.0,32.0,0.0,0.0,0.0,0.0,0.0,0.0,0.0,0.0,Benign
57784.0,6.0,2018-02-16 01:48:12,4345497.0,5.0,3.0,935.0,347.0,935.0,0.0,187.0,418.1447118,347.0,0.0,115.6666667,200.3405434,295.0180382,1.840986198,620785.2857,1606271.07,4262836.0,8.0,4345497.0,1086374.25,2117981.666,4262844.0,26.0,80826.0,40413.0,56750.97604,80542.0,284.0,0.0,0.0,168.0,104.0,1.150616374,0.690369824,0.0,935.0,142.4444444,318.5946135,101502.5278,0.0,0.0,0.0,0.0,1.0,0.0,0.0,0.0,0.0,160.25,187.0,115.6666667,5.0,935.0,3.0,347.0,237.0,211.0,1.0,32.0,0.0,0.0,0.0,0.0,0.0,0.0,0.0,0.0,Benign
53046.0,6.0,2018-02-16 01:48:15,5018056.0,5.0,4.0,935.0,351.0,935.0,0.0,187.0,418.1447118,351.0,0.0,87.75,175.5,256.2745414,1.793523229,627257.0,1404177.623,3990616.0,4.0,5018056.0,1254514.0,2498855.133,5002792.0,44.0,1017684.0,339228.0,582785.1939,1012170.0,2140.0,0.0,0.0,168.0,144.0,0.996401794,0.797121435,0.0,935.0,128.6,304.0552581,92449.6,0.0,0.0,0.0,0.0,1.0,0.0,0.0,0.0,0.0,142.8888889,187.0,87.75,5.0,935.0,4.0,351.0,237.0,211.0,1.0,32.0,0.0,0.0,0.0,0.0,0.0,0.0,0.0,0.0,Benign
34294.0,6.0,2018-02-16 01:46:07,4072291.0,5.0,4.0,935.0,404.0,935.0,0.0,187.0,418.1447118,404.0,0.0,101.0,202.0,328.8075435,2.210058171,509036.375,1397932.996,3968089.0,6.0,4072291.0,1018072.75,1967138.226,3968376.0,43.0,4046320.0,1348773.333,2268726.012,3968089.0,298.0,0.0,0.0,168.0,136.0,1.227810095,0.982248076,0.0,935.0,133.9,308.7877552,95349.87778,0.0,0.0,0.0,0.0,1.0,1.0,0.0,0.0,0.0,148.7777778,187.0,101.0,5.0,935.0,4.0,404.0,219.0,211.0,1.0,32.0,0.0,0.0,0.0,0.0,0.0,0.0,0.0,0.0,Benign
47914.0,6.0,2018-02-16 01:48:27,4247458.0,5.0,3.0,935.0,375.0,935.0,0.0,187.0,418.1447118,375.0,0.0,125.0,216.5063509,308.4197654,1.883479483,606779.7143,1579438.302,4188424.0,6.0,4247458.0,1061864.5,2084463.204,4188430.0,55.0,45308.0,22654.0,30244.37124,44040.0,1268.0,0.0,0.0,168.0,104.0,1.177174677,0.706304806,0.0,935.0,145.5555556,320.969668,103021.5278,0.0,0.0,0.0,0.0,1.0,0.0,0.0,0.0,0.0,163.75,187.0,125.0,5.0,935.0,3.0,375.0,237.0,211.0,1.0,32.0,0.0,0.0,0.0,0.0,0.0,0.0,0.0,0.0,Benign
41664.0,6.0,2018-02-16 01:46:38,4614474.0,5.0,4.0,935.0,688.0,935.0,0.0,187.0,418.1447118,344.0,0.0,172.0,198.6084926,351.7193942,1.950384811,576809.25,1492432.689,4265622.0,5.0,4614474.0,1153618.5,2080066.687,4265629.0,16.0,327621.0,109207.0,103438.8573,206282.0,404.0,0.0,0.0,168.0,136.0,1.083547117,0.866837694,0.0,935.0,162.3,306.8629987,94164.9,0.0,0.0,0.0,0.0,1.0,0.0,0.0,0.0,0.0,180.3333333,187.0,172.0,5.0,935.0,4.0,688.0,219.0,211.0,1.0,32.0,0.0,0.0,0.0,0.0,0.0,0.0,0.0,0.0,Benign
44500.0,6.0,2018-02-16 01:48:10,4239289.0,5.0,3.0,935.0,379.0,935.0,0.0,187.0,418.1447118,379.0,0.0,126.3333333,218.815752,309.9576368,1.8871089,605612.7143,1575748.143,4178873.0,5.0,4239289.0,1059822.25,2079460.35,4178878.0,24.0,46228.0,23114.0,31812.73409,45609.0,619.0,0.0,0.0,168.0,104.0,1.179443062,0.707665837,0.0,935.0,146.0,321.3296594,103252.75,0.0,0.0,0.0,0.0,1.0,0.0,0.0,0.0,0.0,164.25,187.0,126.3333333,5.0,935.0,3.0,379.0,219.0,211.0,1.0,32.0,0.0,0.0,0.0,0.0,0.0,0.0,0.0,0.0,Benign
51078.0,6.0,2018-02-16 01:45:46,5263462.0,5.0,3.0,935.0,329.0,935.0,0.0,187.0,418.1447118,329.0,0.0,109.6666667,189.9482386,240.1461244,1.519912179,751923.1429,1944945.649,5162205.0,4.0,5263462.0,1315865.5,2564417.11,5162212.0,20.0,74669.0,37334.5,52407.21909,74392.0,277.0,0.0,0.0,168.0,104.0,0.949945112,0.569967067,0.0,935.0,140.4444444,317.2034486,100618.0278,0.0,0.0,0.0,0.0,1.0,0.0,0.0,0.0,0.0,158.0,187.0,109.6666667,5.0,935.0,3.0,329.0,237.0,211.0,1.0,32.0,0.0,0.0,0.0,0.0,5162205.0,0.0,5162205.0,5162205.0,Benign
33234.0,6.0,2018-02-16 01:46:28,4115691.0,5.0,3.0,935.0,321.0,935.0,0.0,187.0,418.1447118,321.0,0.0,107.0,185.3294364,305.1735419,1.943780522,587955.8571,1531491.444,4060929.0,3.0,4115691.0,1028922.75,2021382.301,4060934.0,25.0,25856.0,12928.0,18127.38944,25746.0,110.0,0.0,0.0,168.0,104.0,1.214862826,0.728917696,0.0,935.0,139.5555556,316.6196895,100248.0278,0.0,0.0,0.0,0.0,1.0,0.0,0.0,0.0,0.0,157.0,187.0,107.0,5.0,935.0,3.0,321.0,219.0,211.0,1.0,32.0,0.0,0.0,0.0,0.0,0.0,0.0,0.0,0.0,Benign
57890.0,6.0,2018-02-16 01:46:49,4664549.0,5.0,4.0,935.0,790.0,935.0,0.0,187.0,418.1447118,395.0,0.0,197.5,228.0533563,369.8106719,1.929446984,583068.625,1539778.947,4389584.0,7.0,4664549.0,1166137.25,2151455.432,4389591.0,69.0,236171.0,78723.66667,117575.5885,213925.0,424.0,0.0,0.0,168.0,136.0,1.071914991,0.857531993,0.0,935.0,172.5,314.2384975,98745.83333,0.0,0.0,0.0,0.0,1.0,0.0,0.0,0.0,0.0,191.6666667,187.0,197.5,5.0,935.0,4.0,790.0,237.0,211.0,1.0,32.0,0.0,0.0,0.0,0.0,0.0,0.0,0.0,0.0,Benign
58516.0,6.0,2018-02-16 01:48:07,4192441.0,5.0,3.0,935.0,354.0,935.0,0.0,187.0,418.1447118,354.0,0.0,118.0,204.3819953,307.4581133,1.908196204,598920.1429,1558640.566,4133366.0,5.0,4192441.0,1048110.25,2056940.573,4133371.0,25.0,11426.0,5713.0,7253.501361,10842.0,584.0,0.0,0.0,168.0,104.0,1.192622627,0.715573576,0.0,935.0,143.2222222,319.1644473,101865.9444,0.0,0.0,0.0,0.0,1.0,0.0,0.0,0.0,0.0,161.125,187.0,118.0,5.0,935.0,3.0,354.0,219.0,211.0,1.0,32.0,0.0,0.0,0.0,0.0,0.0,0.0,0.0,0.0,Benign
44612.0,6.0,2018-02-16 01:47:52,4301929.0,5.0,3.0,935.0,319.0,935.0,0.0,187.0,418.1447118,319.0,0.0,106.3333333,184.1747359,291.49714,1.859630877,614561.2857,1587686.442,4214808.0,3.0,4301929.0,1075482.25,2092991.735,4214814.0,21.0,38981.0,19490.5,24647.62107,36919.0,2062.0,0.0,0.0,168.0,104.0,1.162269298,0.697361579,0.0,935.0,139.3333333,316.4770924,100157.75,0.0,0.0,0.0,0.0,1.0,0.0,0.0,0.0,0.0,156.75,187.0,106.3333333,5.0,935.0,3.0,319.0,219.0,211.0,1.0,32.0,0.0,0.0,0.0,0.0,0.0,0.0,0.0,0.0,Benign
60988.0,6.0,2018-02-16 01:45:37,8313886.0,5.0,6.0,935.0,300.0,935.0,0.0,187.0,418.1447118,300.0,0.0,50.0,122.4744871,148.5466604,1.323087663,831388.6,1662220.705,5154108.0,4.0,8313886.0,2078471.5,4101955.15,8231368.0,9337.0,3158550.0,631710.0,897110.6898,2026724.0,368.0,0.0,0.0,168.0,216.0,0.601403483,0.72168418,0.0,935.0,102.9166667,275.8660605,76102.08333,0.0,0.0,0.0,0.0,1.0,0.0,0.0,0.0,1.0,112.2727273,187.0,50.0,5.0,935.0,6.0,300.0,219.0,225.0,1.0,32.0,0.0,0.0,0.0,0.0,5154108.0,0.0,5154108.0,5154108.0,Benign
48162.0,6.0,2018-02-16 01:47:31,4208277.0,5.0,3.0,935.0,335.0,935.0,0.0,187.0,418.1447118,335.0,0.0,111.6666667,193.4123402,301.786218,1.901015546,601182.4286,1551356.604,4118822.0,6.0,4208277.0,1052069.25,2044745.671,4118831.0,64.0,16498.0,8249.0,6559.122502,12887.0,3611.0,0.0,0.0,168.0,104.0,1.188134716,0.71288083,0.0,935.0,141.1111111,317.6552551,100904.8611,0.0,0.0,0.0,0.0,1.0,0.0,0.0,0.0,0.0,158.75,187.0,111.6666667,5.0,935.0,3.0,335.0,237.0,211.0,1.0,32.0,0.0,0.0,0.0,0.0,0.0,0.0,0.0,0.0,Benign
56290.0,6.0,2018-02-16 01:47:02,4390125.0,5.0,3.0,935.0,372.0,935.0,0.0,187.0,418.1447118,372.0,0.0,124.0,214.7743001,297.7136186,1.822271575,627160.7143,1631716.886,4327367.0,5.0,4390125.0,1097531.25,2153298.042,4327373.0,25.0,20132.0,10066.0,13845.15078,19856.0,276.0,0.0,0.0,168.0,104.0,1.138919735,0.683351841,0.0,935.0,145.2222222,320.7030471,102850.4444,0.0,0.0,0.0,0.0,1.0,0.0,0.0,0.0,0.0,163.375,187.0,124.0,5.0,935.0,3.0,372.0,219.0,211.0,1.0,32.0,0.0,0.0,0.0,0.0,0.0,0.0,0.0,0.0,Benign
60998.0,6.0,2018-02-16 01:45:43,5411657.0,5.0,3.0,935.0,313.0,935.0,0.0,187.0,418.1447118,313.0,0.0,104.3333333,180.7106343,230.6132854,1.478290291,773093.8571,2014314.82,5340944.0,7.0,5411657.0,1352914.25,2658764.544,5340951.0,41.0,22289.0,11144.5,15251.58616,21929.0,360.0,0.0,0.0,168.0,104.0,0.923931432,0.554358859,0.0,935.0,138.6666667,316.0573524,99892.25,0.0,0.0,0.0,0.0,1.0,0.0,0.0,0.0,0.0,156.0,187.0,104.3333333,5.0,935.0,3.0,313.0,219.0,211.0,1.0,32.0,0.0,0.0,0.0,0.0,5340944.0,0.0,5340944.0,5340944.0,Benign
48536.0,6.0,2018-02-16 01:47:31,4171992.0,4.0,5.0,935.0,314.0,935.0,0.0,233.75,467.5,314.0,0.0,62.8,140.425069,299.3773718,2.157242871,521499.0,1418055.069,4030372.0,5.0,4148541.0,1382847.0,2292883.128,4030380.0,43595.0,141620.0,35405.0,31423.84839,74259.0,310.0,0.0,0.0,136.0,168.0,0.958774609,1.198468262,0.0,935.0,124.9,301.2604816,90757.87778,0.0,0.0,0.0,0.0,1.0,0.0,0.0,0.0,1.0,138.7777778,233.75,62.8,4.0,935.0,5.0,314.0,219.0,225.0,1.0,32.0,0.0,0.0,0.0,0.0,0.0,0.0,0.0,0.0,Benign
46722.0,6.0,2018-02-16 01:48:01,4397355.0,5.0,3.0,935.0,363.0,935.0,0.0,187.0,418.1447118,363.0,0.0,121.0,209.5781477,295.1774419,1.819275451,628193.5714,1641406.291,4350471.0,3.0,4397355.0,1099338.75,2167453.602,4350477.0,18.0,23281.0,11640.5,15899.29597,22883.0,398.0,0.0,0.0,168.0,104.0,1.137047157,0.682228294,0.0,935.0,144.2222222,319.9206065,102349.1944,0.0,0.0,0.0,0.0,1.0,0.0,0.0,0.0,0.0,162.25,187.0,121.0,5.0,935.0,3.0,363.0,237.0,211.0,1.0,32.0,0.0,0.0,0.0,0.0,0.0,0.0,0.0,0.0,Benign
21.0,6.0,2018-02-16 10:35:44,10.0,1.0,1.0,0.0,0.0,0.0,0.0,0.0,0.0,0.0,0.0,0.0,0.0,0.0,200000.0,10.0,0.0,10.0,10.0,0.0,0.0,0.0,0.0,0.0,0.0,0.0,0.0,0.0,0.0,0.0,0.0,40.0,20.0,100000.0,100000.0,0.0,0.0,0.0,0.0,0.0,0.0,0.0,0.0,1.0,0.0,0.0,0.0,0.0,1.0,0.0,0.0,0.0,1.0,0.0,1.0,0.0,26883.0,0.0,0.0,40.0,0.0,0.0,0.0,0.0,0.0,0.0,0.0,0.0,DoS attacks-SlowHTTPTest
21.0,6.0,2018-02-16 10:30:28,3.0,1.0,1.0,0.0,0.0,0.0,0.0,0.0,0.0,0.0,0.0,0.0,0.0,0.0,666666.6667,3.0,0.0,3.0,3.0,0.0,0.0,0.0,0.0,0.0,0.0,0.0,0.0,0.0,0.0,0.0,0.0,40.0,20.0,333333.3333,333333.3333,0.0,0.0,0.0,0.0,0.0,0.0,0.0,0.0,1.0,0.0,0.0,0.0,0.0,1.0,0.0,0.0,0.0,1.0,0.0,1.0,0.0,26883.0,0.0,0.0,40.0,0.0,0.0,0.0,0.0,0.0,0.0,0.0,0.0,DoS attacks-SlowHTTPTest
21.0,6.0,2018-02-16 10:27:19,22.0,1.0,1.0,0.0,0.0,0.0,0.0,0.0,0.0,0.0,0.0,0.0,0.0,0.0,90909.09091,22.0,0.0,22.0,22.0,0.0,0.0,0.0,0.0,0.0,0.0,0.0,0.0,0.0,0.0,0.0,0.0,40.0,20.0,45454.54545,45454.54545,0.0,0.0,0.0,0.0,0.0,0.0,0.0,0.0,1.0,0.0,0.0,0.0,0.0,1.0,0.0,0.0,0.0,1.0,0.0,1.0,0.0,26883.0,0.0,0.0,40.0,0.0,0.0,0.0,0.0,0.0,0.0,0.0,0.0,DoS attacks-SlowHTTPTest
21.0,6.0,2018-02-16 10:33:55,3.0,1.0,1.0,0.0,0.0,0.0,0.0,0.0,0.0,0.0,0.0,0.0,0.0,0.0,666666.6667,3.0,0.0,3.0,3.0,0.0,0.0,0.0,0.0,0.0,0.0,0.0,0.0,0.0,0.0,0.0,0.0,40.0,20.0,333333.3333,333333.3333,0.0,0.0,0.0,0.0,0.0,0.0,0.0,0.0,1.0,0.0,0.0,0.0,0.0,1.0,0.0,0.0,0.0,1.0,0.0,1.0,0.0,26883.0,0.0,0.0,40.0,0.0,0.0,0.0,0.0,0.0,0.0,0.0,0.0,DoS attacks-SlowHTTPTest
21.0,6.0,2018-02-16 10:51:30,2.0,1.0,1.0,0.0,0.0,0.0,0.0,0.0,0.0,0.0,0.0,0.0,0.0,0.0,1000000.0,2.0,0.0,2.0,2.0,0.0,0.0,0.0,0.0,0.0,0.0,0.0,0.0,0.0,0.0,0.0,0.0,40.0,20.0,500000.0,500000.0,0.0,0.0,0.0,0.0,0.0,0.0,0.0,0.0,1.0,0.0,0.0,0.0,0.0,1.0,0.0,0.0,0.0,1.0,0.0,1.0,0.0,26883.0,0.0,0.0,40.0,0.0,0.0,0.0,0.0,0.0,0.0,0.0,0.0,DoS attacks-SlowHTTPTest
21.0,6.0,2018-02-16 10:34:19,3.0,1.0,1.0,0.0,0.0,0.0,0.0,0.0,0.0,0.0,0.0,0.0,0.0,0.0,666666.6667,3.0,0.0,3.0,3.0,0.0,0.0,0.0,0.0,0.0,0.0,0.0,0.0,0.0,0.0,0.0,0.0,40.0,20.0,333333.3333,333333.3333,0.0,0.0,0.0,0.0,0.0,0.0,0.0,0.0,1.0,0.0,0.0,0.0,0.0,1.0,0.0,0.0,0.0,1.0,0.0,1.0,0.0,26883.0,0.0,0.0,40.0,0.0,0.0,0.0,0.0,0.0,0.0,0.0,0.0,DoS attacks-SlowHTTPTest
21.0,6.0,2018-02-16 10:16:30,4.0,1.0,1.0,0.0,0.0,0.0,0.0,0.0,0.0,0.0,0.0,0.0,0.0,0.0,500000.0,4.0,0.0,4.0,4.0,0.0,0.0,0.0,0.0,0.0,0.0,0.0,0.0,0.0,0.0,0.0,0.0,40.0,20.0,250000.0,250000.0,0.0,0.0,0.0,0.0,0.0,0.0,0.0,0.0,1.0,0.0,0.0,0.0,0.0,1.0,0.0,0.0,0.0,1.0,0.0,1.0,0.0,26883.0,0.0,0.0,40.0,0.0,0.0,0.0,0.0,0.0,0.0,0.0,0.0,DoS attacks-SlowHTTPTest
21.0,6.0,2018-02-16 10:20:10,2.0,1.0,1.0,0.0,0.0,0.0,0.0,0.0,0.0,0.0,0.0,0.0,0.0,0.0,1000000.0,2.0,0.0,2.0,2.0,0.0,0.0,0.0,0.0,0.0,0.0,0.0,0.0,0.0,0.0,0.0,0.0,40.0,20.0,500000.0,500000.0,0.0,0.0,0.0,0.0,0.0,0.0,0.0,0.0,1.0,0.0,0.0,0.0,0.0,1.0,0.0,0.0,0.0,1.0,0.0,1.0,0.0,26883.0,0.0,0.0,40.0,0.0,0.0,0.0,0.0,0.0,0.0,0.0,0.0,DoS attacks-SlowHTTPTest
21.0,6.0,2018-02-16 10:34:07,2.0,1.0,1.0,0.0,0.0,0.0,0.0,0.0,0.0,0.0,0.0,0.0,0.0,0.0,1000000.0,2.0,0.0,2.0,2.0,0.0,0.0,0.0,0.0,0.0,0.0,0.0,0.0,0.0,0.0,0.0,0.0,40.0,20.0,500000.0,500000.0,0.0,0.0,0.0,0.0,0.0,0.0,0.0,0.0,1.0,0.0,0.0,0.0,0.0,1.0,0.0,0.0,0.0,1.0,0.0,1.0,0.0,26883.0,0.0,0.0,40.0,0.0,0.0,0.0,0.0,0.0,0.0,0.0,0.0,DoS attacks-SlowHTTPTest
21.0,6.0,2018-02-16 10:34:34,3.0,1.0,1.0,0.0,0.0,0.0,0.0,0.0,0.0,0.0,0.0,0.0,0.0,0.0,666666.6667,3.0,0.0,3.0,3.0,0.0,0.0,0.0,0.0,0.0,0.0,0.0,0.0,0.0,0.0,0.0,0.0,40.0,20.0,333333.3333,333333.3333,0.0,0.0,0.0,0.0,0.0,0.0,0.0,0.0,1.0,0.0,0.0,0.0,0.0,1.0,0.0,0.0,0.0,1.0,0.0,1.0,0.0,26883.0,0.0,0.0,40.0,0.0,0.0,0.0,0.0,0.0,0.0,0.0,0.0,DoS attacks-SlowHTTPTest
21.0,6.0,2018-02-16 10:36:02,2.0,1.0,1.0,0.0,0.0,0.0,0.0,0.0,0.0,0.0,0.0,0.0,0.0,0.0,1000000.0,2.0,0.0,2.0,2.0,0.0,0.0,0.0,0.0,0.0,0.0,0.0,0.0,0.0,0.0,0.0,0.0,40.0,20.0,500000.0,500000.0,0.0,0.0,0.0,0.0,0.0,0.0,0.0,0.0,1.0,0.0,0.0,0.0,0.0,1.0,0.0,0.0,0.0,1.0,0.0,1.0,0.0,26883.0,0.0,0.0,40.0,0.0,0.0,0.0,0.0,0.0,0.0,0.0,0.0,DoS attacks-SlowHTTPTest
21.0,6.0,2018-02-16 10:20:10,3.0,1.0,1.0,0.0,0.0,0.0,0.0,0.0,0.0,0.0,0.0,0.0,0.0,0.0,666666.6667,3.0,0.0,3.0,3.0,0.0,0.0,0.0,0.0,0.0,0.0,0.0,0.0,0.0,0.0,0.0,0.0,40.0,20.0,333333.3333,333333.3333,0.0,0.0,0.0,0.0,0.0,0.0,0.0,0.0,1.0,0.0,0.0,0.0,0.0,1.0,0.0,0.0,0.0,1.0,0.0,1.0,0.0,26883.0,0.0,0.0,40.0,0.0,0.0,0.0,0.0,0.0,0.0,0.0,0.0,DoS attacks-SlowHTTPTest
21.0,6.0,2018-02-16 10:30:37,2.0,1.0,1.0,0.0,0.0,0.0,0.0,0.0,0.0,0.0,0.0,0.0,0.0,0.0,1000000.0,2.0,0.0,2.0,2.0,0.0,0.0,0.0,0.0,0.0,0.0,0.0,0.0,0.0,0.0,0.0,0.0,40.0,20.0,500000.0,500000.0,0.0,0.0,0.0,0.0,0.0,0.0,0.0,0.0,1.0,0.0,0.0,0.0,0.0,1.0,0.0,0.0,0.0,1.0,0.0,1.0,0.0,26883.0,0.0,0.0,40.0,0.0,0.0,0.0,0.0,0.0,0.0,0.0,0.0,DoS attacks-SlowHTTPTest
21.0,6.0,2018-02-16 10:46:05,5.0,1.0,1.0,0.0,0.0,0.0,0.0,0.0,0.0,0.0,0.0,0.0,0.0,0.0,400000.0,5.0,0.0,5.0,5.0,0.0,0.0,0.0,0.0,0.0,0.0,0.0,0.0,0.0,0.0,0.0,0.0,40.0,20.0,200000.0,200000.0,0.0,0.0,0.0,0.0,0.0,0.0,0.0,0.0,1.0,0.0,0.0,0.0,0.0,1.0,0.0,0.0,0.0,1.0,0.0,1.0,0.0,26883.0,0.0,0.0,40.0,0.0,0.0,0.0,0.0,0.0,0.0,0.0,0.0,DoS attacks-SlowHTTPTest
21.0,6.0,2018-02-16 10:19:05,2.0,1.0,1.0,0.0,0.0,0.0,0.0,0.0,0.0,0.0,0.0,0.0,0.0,0.0,1000000.0,2.0,0.0,2.0,2.0,0.0,0.0,0.0,0.0,0.0,0.0,0.0,0.0,0.0,0.0,0.0,0.0,40.0,20.0,500000.0,500000.0,0.0,0.0,0.0,0.0,0.0,0.0,0.0,0.0,1.0,0.0,0.0,0.0,0.0,1.0,0.0,0.0,0.0,1.0,0.0,1.0,0.0,26883.0,0.0,0.0,40.0,0.0,0.0,0.0,0.0,0.0,0.0,0.0,0.0,DoS attacks-SlowHTTPTest
21.0,6.0,2018-02-16 10:32:29,3.0,1.0,1.0,0.0,0.0,0.0,0.0,0.0,0.0,0.0,0.0,0.0,0.0,0.0,666666.6667,3.0,0.0,3.0,3.0,0.0,0.0,0.0,0.0,0.0,0.0,0.0,0.0,0.0,0.0,0.0,0.0,40.0,20.0,333333.3333,333333.3333,0.0,0.0,0.0,0.0,0.0,0.0,0.0,0.0,1.0,0.0,0.0,0.0,0.0,1.0,0.0,0.0,0.0,1.0,0.0,1.0,0.0,26883.0,0.0,0.0,40.0,0.0,0.0,0.0,0.0,0.0,0.0,0.0,0.0,DoS attacks-SlowHTTPTest
21.0,6.0,2018-02-16 10:36:01,3.0,1.0,1.0,0.0,0.0,0.0,0.0,0.0,0.0,0.0,0.0,0.0,0.0,0.0,666666.6667,3.0,0.0,3.0,3.0,0.0,0.0,0.0,0.0,0.0,0.0,0.0,0.0,0.0,0.0,0.0,0.0,40.0,20.0,333333.3333,333333.3333,0.0,0.0,0.0,0.0,0.0,0.0,0.0,0.0,1.0,0.0,0.0,0.0,0.0,1.0,0.0,0.0,0.0,1.0,0.0,1.0,0.0,26883.0,0.0,0.0,40.0,0.0,0.0,0.0,0.0,0.0,0.0,0.0,0.0,DoS attacks-SlowHTTPTest
21.0,6.0,2018-02-16 10:32:12,2.0,1.0,1.0,0.0,0.0,0.0,0.0,0.0,0.0,0.0,0.0,0.0,0.0,0.0,1000000.0,2.0,0.0,2.0,2.0,0.0,0.0,0.0,0.0,0.0,0.0,0.0,0.0,0.0,0.0,0.0,0.0,40.0,20.0,500000.0,500000.0,0.0,0.0,0.0,0.0,0.0,0.0,0.0,0.0,1.0,0.0,0.0,0.0,0.0,1.0,0.0,0.0,0.0,1.0,0.0,1.0,0.0,26883.0,0.0,0.0,40.0,0.0,0.0,0.0,0.0,0.0,0.0,0.0,0.0,DoS attacks-SlowHTTPTest
21.0,6.0,2018-02-16 10:31:02,3.0,1.0,1.0,0.0,0.0,0.0,0.0,0.0,0.0,0.0,0.0,0.0,0.0,0.0,666666.6667,3.0,0.0,3.0,3.0,0.0,0.0,0.0,0.0,0.0,0.0,0.0,0.0,0.0,0.0,0.0,0.0,40.0,20.0,333333.3333,333333.3333,0.0,0.0,0.0,0.0,0.0,0.0,0.0,0.0,1.0,0.0,0.0,0.0,0.0,1.0,0.0,0.0,0.0,1.0,0.0,1.0,0.0,26883.0,0.0,0.0,40.0,0.0,0.0,0.0,0.0,0.0,0.0,0.0,0.0,DoS attacks-SlowHTTPTest
21.0,6.0,2018-02-16 10:21:07,3.0,1.0,1.0,0.0,0.0,0.0,0.0,0.0,0.0,0.0,0.0,0.0,0.0,0.0,666666.6667,3.0,0.0,3.0,3.0,0.0,0.0,0.0,0.0,0.0,0.0,0.0,0.0,0.0,0.0,0.0,0.0,40.0,20.0,333333.3333,333333.3333,0.0,0.0,0.0,0.0,0.0,0.0,0.0,0.0,1.0,0.0,0.0,0.0,0.0,1.0,0.0,0.0,0.0,1.0,0.0,1.0,0.0,26883.0,0.0,0.0,40.0,0.0,0.0,0.0,0.0,0.0,0.0,0.0,0.0,DoS attacks-SlowHTTPTest
21.0,6.0,2018-02-16 10:21:13,2.0,1.0,1.0,0.0,0.0,0.0,0.0,0.0,0.0,0.0,0.0,0.0,0.0,0.0,1000000.0,2.0,0.0,2.0,2.0,0.0,0.0,0.0,0.0,0.0,0.0,0.0,0.0,0.0,0.0,0.0,0.0,40.0,20.0,500000.0,500000.0,0.0,0.0,0.0,0.0,0.0,0.0,0.0,0.0,1.0,0.0,0.0,0.0,0.0,1.0,0.0,0.0,0.0,1.0,0.0,1.0,0.0,26883.0,0.0,0.0,40.0,0.0,0.0,0.0,0.0,0.0,0.0,0.0,0.0,DoS attacks-SlowHTTPTest
21.0,6.0,2018-02-16 10:24:13,3.0,1.0,1.0,0.0,0.0,0.0,0.0,0.0,0.0,0.0,0.0,0.0,0.0,0.0,666666.6667,3.0,0.0,3.0,3.0,0.0,0.0,0.0,0.0,0.0,0.0,0.0,0.0,0.0,0.0,0.0,0.0,40.0,20.0,333333.3333,333333.3333,0.0,0.0,0.0,0.0,0.0,0.0,0.0,0.0,1.0,0.0,0.0,0.0,0.0,1.0,0.0,0.0,0.0,1.0,0.0,1.0,0.0,26883.0,0.0,0.0,40.0,0.0,0.0,0.0,0.0,0.0,0.0,0.0,0.0,DoS attacks-SlowHTTPTest
21.0,6.0,2018-02-16 10:29:52,2.0,1.0,1.0,0.0,0.0,0.0,0.0,0.0,0.0,0.0,0.0,0.0,0.0,0.0,1000000.0,2.0,0.0,2.0,2.0,0.0,0.0,0.0,0.0,0.0,0.0,0.0,0.0,0.0,0.0,0.0,0.0,40.0,20.0,500000.0,500000.0,0.0,0.0,0.0,0.0,0.0,0.0,0.0,0.0,1.0,0.0,0.0,0.0,0.0,1.0,0.0,0.0,0.0,1.0,0.0,1.0,0.0,26883.0,0.0,0.0,40.0,0.0,0.0,0.0,0.0,0.0,0.0,0.0,0.0,DoS attacks-SlowHTTPTest
21.0,6.0,2018-02-16 10:49:25,2.0,1.0,1.0,0.0,0.0,0.0,0.0,0.0,0.0,0.0,0.0,0.0,0.0,0.0,1000000.0,2.0,0.0,2.0,2.0,0.0,0.0,0.0,0.0,0.0,0.0,0.0,0.0,0.0,0.0,0.0,0.0,40.0,20.0,500000.0,500000.0,0.0,0.0,0.0,0.0,0.0,0.0,0.0,0.0,1.0,0.0,0.0,0.0,0.0,1.0,0.0,0.0,0.0,1.0,0.0,1.0,0.0,26883.0,0.0,0.0,40.0,0.0,0.0,0.0,0.0,0.0,0.0,0.0,0.0,DoS attacks-SlowHTTPTest
21.0,6.0,2018-02-16 10:16:00,2.0,1.0,1.0,0.0,0.0,0.0,0.0,0.0,0.0,0.0,0.0,0.0,0.0,0.0,1000000.0,2.0,0.0,2.0,2.0,0.0,0.0,0.0,0.0,0.0,0.0,0.0,0.0,0.0,0.0,0.0,0.0,40.0,20.0,500000.0,500000.0,0.0,0.0,0.0,0.0,0.0,0.0,0.0,0.0,1.0,0.0,0.0,0.0,0.0,1.0,0.0,0.0,0.0,1.0,0.0,1.0,0.0,26883.0,0.0,0.0,40.0,0.0,0.0,0.0,0.0,0.0,0.0,0.0,0.0,DoS attacks-SlowHTTPTest
21.0,6.0,2018-02-16 10:19:59,2.0,1.0,1.0,0.0,0.0,0.0,0.0,0.0,0.0,0.0,0.0,0.0,0.0,0.0,1000000.0,2.0,0.0,2.0,2.0,0.0,0.0,0.0,0.0,0.0,0.0,0.0,0.0,0.0,0.0,0.0,0.0,40.0,20.0,500000.0,500000.0,0.0,0.0,0.0,0.0,0.0,0.0,0.0,0.0,1.0,0.0,0.0,0.0,0.0,1.0,0.0,0.0,0.0,1.0,0.0,1.0,0.0,26883.0,0.0,0.0,40.0,0.0,0.0,0.0,0.0,0.0,0.0,0.0,0.0,DoS attacks-SlowHTTPTest
21.0,6.0,2018-02-16 10:29:36,3.0,1.0,1.0,0.0,0.0,0.0,0.0,0.0,0.0,0.0,0.0,0.0,0.0,0.0,666666.6667,3.0,0.0,3.0,3.0,0.0,0.0,0.0,0.0,0.0,0.0,0.0,0.0,0.0,0.0,0.0,0.0,40.0,20.0,333333.3333,333333.3333,0.0,0.0,0.0,0.0,0.0,0.0,0.0,0.0,1.0,0.0,0.0,0.0,0.0,1.0,0.0,0.0,0.0,1.0,0.0,1.0,0.0,26883.0,0.0,0.0,40.0,0.0,0.0,0.0,0.0,0.0,0.0,0.0,0.0,DoS attacks-SlowHTTPTest
21.0,6.0,2018-02-16 10:36:04,2.0,1.0,1.0,0.0,0.0,0.0,0.0,0.0,0.0,0.0,0.0,0.0,0.0,0.0,1000000.0,2.0,0.0,2.0,2.0,0.0,0.0,0.0,0.0,0.0,0.0,0.0,0.0,0.0,0.0,0.0,0.0,40.0,20.0,500000.0,500000.0,0.0,0.0,0.0,0.0,0.0,0.0,0.0,0.0,1.0,0.0,0.0,0.0,0.0,1.0,0.0,0.0,0.0,1.0,0.0,1.0,0.0,26883.0,0.0,0.0,40.0,0.0,0.0,0.0,0.0,0.0,0.0,0.0,0.0,DoS attacks-SlowHTTPTest
21.0,6.0,2018-02-16 10:49:16,2.0,1.0,1.0,0.0,0.0,0.0,0.0,0.0,0.0,0.0,0.0,0.0,0.0,0.0,1000000.0,2.0,0.0,2.0,2.0,0.0,0.0,0.0,0.0,0.0,0.0,0.0,0.0,0.0,0.0,0.0,0.0,40.0,20.0,500000.0,500000.0,0.0,0.0,0.0,0.0,0.0,0.0,0.0,0.0,1.0,0.0,0.0,0.0,0.0,1.0,0.0,0.0,0.0,1.0,0.0,1.0,0.0,26883.0,0.0,0.0,40.0,0.0,0.0,0.0,0.0,0.0,0.0,0.0,0.0,DoS attacks-SlowHTTPTest
21.0,6.0,2018-02-16 10:18:12,2.0,1.0,1.0,0.0,0.0,0.0,0.0,0.0,0.0,0.0,0.0,0.0,0.0,0.0,1000000.0,2.0,0.0,2.0,2.0,0.0,0.0,0.0,0.0,0.0,0.0,0.0,0.0,0.0,0.0,0.0,0.0,40.0,20.0,500000.0,500000.0,0.0,0.0,0.0,0.0,0.0,0.0,0.0,0.0,1.0,0.0,0.0,0.0,0.0,1.0,0.0,0.0,0.0,1.0,0.0,1.0,0.0,26883.0,0.0,0.0,40.0,0.0,0.0,0.0,0.0,0.0,0.0,0.0,0.0,DoS attacks-SlowHTTPTest
21.0,6.0,2018-02-16 10:20:15,2.0,1.0,1.0,0.0,0.0,0.0,0.0,0.0,0.0,0.0,0.0,0.0,0.0,0.0,1000000.0,2.0,0.0,2.0,2.0,0.0,0.0,0.0,0.0,0.0,0.0,0.0,0.0,0.0,0.0,0.0,0.0,40.0,20.0,500000.0,500000.0,0.0,0.0,0.0,0.0,0.0,0.0,0.0,0.0,1.0,0.0,0.0,0.0,0.0,1.0,0.0,0.0,0.0,1.0,0.0,1.0,0.0,26883.0,0.0,0.0,40.0,0.0,0.0,0.0,0.0,0.0,0.0,0.0,0.0,DoS attacks-SlowHTTPTest
21.0,6.0,2018-02-16 10:18:16,2.0,1.0,1.0,0.0,0.0,0.0,0.0,0.0,0.0,0.0,0.0,0.0,0.0,0.0,1000000.0,2.0,0.0,2.0,2.0,0.0,0.0,0.0,0.0,0.0,0.0,0.0,0.0,0.0,0.0,0.0,0.0,40.0,20.0,500000.0,500000.0,0.0,0.0,0.0,0.0,0.0,0.0,0.0,0.0,1.0,0.0,0.0,0.0,0.0,1.0,0.0,0.0,0.0,1.0,0.0,1.0,0.0,26883.0,0.0,0.0,40.0,0.0,0.0,0.0,0.0,0.0,0.0,0.0,0.0,DoS attacks-SlowHTTPTest
21.0,6.0,2018-02-16 10:29:06,22.0,1.0,1.0,0.0,0.0,0.0,0.0,0.0,0.0,0.0,0.0,0.0,0.0,0.0,90909.09091,22.0,0.0,22.0,22.0,0.0,0.0,0.0,0.0,0.0,0.0,0.0,0.0,0.0,0.0,0.0,0.0,40.0,20.0,45454.54545,45454.54545,0.0,0.0,0.0,0.0,0.0,0.0,0.0,0.0,1.0,0.0,0.0,0.0,0.0,1.0,0.0,0.0,0.0,1.0,0.0,1.0,0.0,26883.0,0.0,0.0,40.0,0.0,0.0,0.0,0.0,0.0,0.0,0.0,0.0,DoS attacks-SlowHTTPTest
21.0,6.0,2018-02-16 10:27:07,21.0,1.0,1.0,0.0,0.0,0.0,0.0,0.0,0.0,0.0,0.0,0.0,0.0,0.0,95238.09524,21.0,0.0,21.0,21.0,0.0,0.0,0.0,0.0,0.0,0.0,0.0,0.0,0.0,0.0,0.0,0.0,40.0,20.0,47619.04762,47619.04762,0.0,0.0,0.0,0.0,0.0,0.0,0.0,0.0,1.0,0.0,0.0,0.0,0.0,1.0,0.0,0.0,0.0,1.0,0.0,1.0,0.0,26883.0,0.0,0.0,40.0,0.0,0.0,0.0,0.0,0.0,0.0,0.0,0.0,DoS attacks-SlowHTTPTest
21.0,6.0,2018-02-16 10:36:33,2.0,1.0,1.0,0.0,0.0,0.0,0.0,0.0,0.0,0.0,0.0,0.0,0.0,0.0,1000000.0,2.0,0.0,2.0,2.0,0.0,0.0,0.0,0.0,0.0,0.0,0.0,0.0,0.0,0.0,0.0,0.0,40.0,20.0,500000.0,500000.0,0.0,0.0,0.0,0.0,0.0,0.0,0.0,0.0,1.0,0.0,0.0,0.0,0.0,1.0,0.0,0.0,0.0,1.0,0.0,1.0,0.0,26883.0,0.0,0.0,40.0,0.0,0.0,0.0,0.0,0.0,0.0,0.0,0.0,DoS attacks-SlowHTTPTest
21.0,6.0,2018-02-16 10:47:35,3.0,1.0,1.0,0.0,0.0,0.0,0.0,0.0,0.0,0.0,0.0,0.0,0.0,0.0,666666.6667,3.0,0.0,3.0,3.0,0.0,0.0,0.0,0.0,0.0,0.0,0.0,0.0,0.0,0.0,0.0,0.0,40.0,20.0,333333.3333,333333.3333,0.0,0.0,0.0,0.0,0.0,0.0,0.0,0.0,1.0,0.0,0.0,0.0,0.0,1.0,0.0,0.0,0.0,1.0,0.0,1.0,0.0,26883.0,0.0,0.0,40.0,0.0,0.0,0.0,0.0,0.0,0.0,0.0,0.0,DoS attacks-SlowHTTPTest
21.0,6.0,2018-02-16 10:30:18,3.0,1.0,1.0,0.0,0.0,0.0,0.0,0.0,0.0,0.0,0.0,0.0,0.0,0.0,666666.6667,3.0,0.0,3.0,3.0,0.0,0.0,0.0,0.0,0.0,0.0,0.0,0.0,0.0,0.0,0.0,0.0,40.0,20.0,333333.3333,333333.3333,0.0,0.0,0.0,0.0,0.0,0.0,0.0,0.0,1.0,0.0,0.0,0.0,0.0,1.0,0.0,0.0,0.0,1.0,0.0,1.0,0.0,26883.0,0.0,0.0,40.0,0.0,0.0,0.0,0.0,0.0,0.0,0.0,0.0,DoS attacks-SlowHTTPTest
21.0,6.0,2018-02-16 10:38:06,2.0,1.0,1.0,0.0,0.0,0.0,0.0,0.0,0.0,0.0,0.0,0.0,0.0,0.0,1000000.0,2.0,0.0,2.0,2.0,0.0,0.0,0.0,0.0,0.0,0.0,0.0,0.0,0.0,0.0,0.0,0.0,40.0,20.0,500000.0,500000.0,0.0,0.0,0.0,0.0,0.0,0.0,0.0,0.0,1.0,0.0,0.0,0.0,0.0,1.0,0.0,0.0,0.0,1.0,0.0,1.0,0.0,26883.0,0.0,0.0,40.0,0.0,0.0,0.0,0.0,0.0,0.0,0.0,0.0,DoS attacks-SlowHTTPTest
21.0,6.0,2018-02-16 10:23:18,23.0,1.0,1.0,0.0,0.0,0.0,0.0,0.0,0.0,0.0,0.0,0.0,0.0,0.0,86956.52174,23.0,0.0,23.0,23.0,0.0,0.0,0.0,0.0,0.0,0.0,0.0,0.0,0.0,0.0,0.0,0.0,40.0,20.0,43478.26087,43478.26087,0.0,0.0,0.0,0.0,0.0,0.0,0.0,0.0,1.0,0.0,0.0,0.0,0.0,1.0,0.0,0.0,0.0,1.0,0.0,1.0,0.0,26883.0,0.0,0.0,40.0,0.0,0.0,0.0,0.0,0.0,0.0,0.0,0.0,DoS attacks-SlowHTTPTest
21.0,6.0,2018-02-16 10:50:34,2.0,1.0,1.0,0.0,0.0,0.0,0.0,0.0,0.0,0.0,0.0,0.0,0.0,0.0,1000000.0,2.0,0.0,2.0,2.0,0.0,0.0,0.0,0.0,0.0,0.0,0.0,0.0,0.0,0.0,0.0,0.0,40.0,20.0,500000.0,500000.0,0.0,0.0,0.0,0.0,0.0,0.0,0.0,0.0,1.0,0.0,0.0,0.0,0.0,1.0,0.0,0.0,0.0,1.0,0.0,1.0,0.0,26883.0,0.0,0.0,40.0,0.0,0.0,0.0,0.0,0.0,0.0,0.0,0.0,DoS attacks-SlowHTTPTest
21.0,6.0,2018-02-16 10:26:18,3.0,1.0,1.0,0.0,0.0,0.0,0.0,0.0,0.0,0.0,0.0,0.0,0.0,0.0,666666.6667,3.0,0.0,3.0,3.0,0.0,0.0,0.0,0.0,0.0,0.0,0.0,0.0,0.0,0.0,0.0,0.0,40.0,20.0,333333.3333,333333.3333,0.0,0.0,0.0,0.0,0.0,0.0,0.0,0.0,1.0,0.0,0.0,0.0,0.0,1.0,0.0,0.0,0.0,1.0,0.0,1.0,0.0,26883.0,0.0,0.0,40.0,0.0,0.0,0.0,0.0,0.0,0.0,0.0,0.0,DoS attacks-SlowHTTPTest
21.0,6.0,2018-02-16 10:53:06,3.0,1.0,1.0,0.0,0.0,0.0,0.0,0.0,0.0,0.0,0.0,0.0,0.0,0.0,666666.6667,3.0,0.0,3.0,3.0,0.0,0.0,0.0,0.0,0.0,0.0,0.0,0.0,0.0,0.0,0.0,0.0,40.0,20.0,333333.3333,333333.3333,0.0,0.0,0.0,0.0,0.0,0.0,0.0,0.0,1.0,0.0,0.0,0.0,0.0,1.0,0.0,0.0,0.0,1.0,0.0,1.0,0.0,26883.0,0.0,0.0,40.0,0.0,0.0,0.0,0.0,0.0,0.0,0.0,0.0,DoS attacks-SlowHTTPTest
21.0,6.0,2018-02-16 10:38:18,3.0,1.0,1.0,0.0,0.0,0.0,0.0,0.0,0.0,0.0,0.0,0.0,0.0,0.0,666666.6667,3.0,0.0,3.0,3.0,0.0,0.0,0.0,0.0,0.0,0.0,0.0,0.0,0.0,0.0,0.0,0.0,40.0,20.0,333333.3333,333333.3333,0.0,0.0,0.0,0.0,0.0,0.0,0.0,0.0,1.0,0.0,0.0,0.0,0.0,1.0,0.0,0.0,0.0,1.0,0.0,1.0,0.0,26883.0,0.0,0.0,40.0,0.0,0.0,0.0,0.0,0.0,0.0,0.0,0.0,DoS attacks-SlowHTTPTest
21.0,6.0,2018-02-16 10:25:02,2.0,1.0,1.0,0.0,0.0,0.0,0.0,0.0,0.0,0.0,0.0,0.0,0.0,0.0,1000000.0,2.0,0.0,2.0,2.0,0.0,0.0,0.0,0.0,0.0,0.0,0.0,0.0,0.0,0.0,0.0,0.0,40.0,20.0,500000.0,500000.0,0.0,0.0,0.0,0.0,0.0,0.0,0.0,0.0,1.0,0.0,0.0,0.0,0.0,1.0,0.0,0.0,0.0,1.0,0.0,1.0,0.0,26883.0,0.0,0.0,40.0,0.0,0.0,0.0,0.0,0.0,0.0,0.0,0.0,DoS attacks-SlowHTTPTest
21.0,6.0,2018-02-16 10:15:30,2.0,1.0,1.0,0.0,0.0,0.0,0.0,0.0,0.0,0.0,0.0,0.0,0.0,0.0,1000000.0,2.0,0.0,2.0,2.0,0.0,0.0,0.0,0.0,0.0,0.0,0.0,0.0,0.0,0.0,0.0,0.0,40.0,20.0,500000.0,500000.0,0.0,0.0,0.0,0.0,0.0,0.0,0.0,0.0,1.0,0.0,0.0,0.0,0.0,1.0,0.0,0.0,0.0,1.0,0.0,1.0,0.0,26883.0,0.0,0.0,40.0,0.0,0.0,0.0,0.0,0.0,0.0,0.0,0.0,DoS attacks-SlowHTTPTest
21.0,6.0,2018-02-16 10:53:39,2.0,1.0,1.0,0.0,0.0,0.0,0.0,0.0,0.0,0.0,0.0,0.0,0.0,0.0,1000000.0,2.0,0.0,2.0,2.0,0.0,0.0,0.0,0.0,0.0,0.0,0.0,0.0,0.0,0.0,0.0,0.0,40.0,20.0,500000.0,500000.0,0.0,0.0,0.0,0.0,0.0,0.0,0.0,0.0,1.0,0.0,0.0,0.0,0.0,1.0,0.0,0.0,0.0,1.0,0.0,1.0,0.0,26883.0,0.0,0.0,40.0,0.0,0.0,0.0,0.0,0.0,0.0,0.0,0.0,DoS attacks-SlowHTTPTest
21.0,6.0,2018-02-16 10:42:56,2.0,1.0,1.0,0.0,0.0,0.0,0.0,0.0,0.0,0.0,0.0,0.0,0.0,0.0,1000000.0,2.0,0.0,2.0,2.0,0.0,0.0,0.0,0.0,0.0,0.0,0.0,0.0,0.0,0.0,0.0,0.0,40.0,20.0,500000.0,500000.0,0.0,0.0,0.0,0.0,0.0,0.0,0.0,0.0,1.0,0.0,0.0,0.0,0.0,1.0,0.0,0.0,0.0,1.0,0.0,1.0,0.0,26883.0,0.0,0.0,40.0,0.0,0.0,0.0,0.0,0.0,0.0,0.0,0.0,DoS attacks-SlowHTTPTest
21.0,6.0,2018-02-16 10:12:28,2.0,1.0,1.0,0.0,0.0,0.0,0.0,0.0,0.0,0.0,0.0,0.0,0.0,0.0,1000000.0,2.0,0.0,2.0,2.0,0.0,0.0,0.0,0.0,0.0,0.0,0.0,0.0,0.0,0.0,0.0,0.0,40.0,20.0,500000.0,500000.0,0.0,0.0,0.0,0.0,0.0,0.0,0.0,0.0,1.0,0.0,0.0,0.0,0.0,1.0,0.0,0.0,0.0,1.0,0.0,1.0,0.0,26883.0,0.0,0.0,40.0,0.0,0.0,0.0,0.0,0.0,0.0,0.0,0.0,DoS attacks-SlowHTTPTest
21.0,6.0,2018-02-16 10:53:32,2.0,1.0,1.0,0.0,0.0,0.0,0.0,0.0,0.0,0.0,0.0,0.0,0.0,0.0,1000000.0,2.0,0.0,2.0,2.0,0.0,0.0,0.0,0.0,0.0,0.0,0.0,0.0,0.0,0.0,0.0,0.0,40.0,20.0,500000.0,500000.0,0.0,0.0,0.0,0.0,0.0,0.0,0.0,0.0,1.0,0.0,0.0,0.0,0.0,1.0,0.0,0.0,0.0,1.0,0.0,1.0,0.0,26883.0,0.0,0.0,40.0,0.0,0.0,0.0,0.0,0.0,0.0,0.0,0.0,DoS attacks-SlowHTTPTest
21.0,6.0,2018-02-16 10:27:07,2.0,1.0,1.0,0.0,0.0,0.0,0.0,0.0,0.0,0.0,0.0,0.0,0.0,0.0,1000000.0,2.0,0.0,2.0,2.0,0.0,0.0,0.0,0.0,0.0,0.0,0.0,0.0,0.0,0.0,0.0,0.0,40.0,20.0,500000.0,500000.0,0.0,0.0,0.0,0.0,0.0,0.0,0.0,0.0,1.0,0.0,0.0,0.0,0.0,1.0,0.0,0.0,0.0,1.0,0.0,1.0,0.0,26883.0,0.0,0.0,40.0,0.0,0.0,0.0,0.0,0.0,0.0,0.0,0.0,DoS attacks-SlowHTTPTest
21.0,6.0,2018-02-16 10:19:35,20.0,1.0,1.0,0.0,0.0,0.0,0.0,0.0,0.0,0.0,0.0,0.0,0.0,0.0,100000.0,20.0,0.0,20.0,20.0,0.0,0.0,0.0,0.0,0.0,0.0,0.0,0.0,0.0,0.0,0.0,0.0,40.0,20.0,50000.0,50000.0,0.0,0.0,0.0,0.0,0.0,0.0,0.0,0.0,1.0,0.0,0.0,0.0,0.0,1.0,0.0,0.0,0.0,1.0,0.0,1.0,0.0,26883.0,0.0,0.0,40.0,0.0,0.0,0.0,0.0,0.0,0.0,0.0,0.0,DoS attacks-SlowHTTPTest
21.0,6.0,2018-02-16 10:51:52,4.0,1.0,1.0,0.0,0.0,0.0,0.0,0.0,0.0,0.0,0.0,0.0,0.0,0.0,500000.0,4.0,0.0,4.0,4.0,0.0,0.0,0.0,0.0,0.0,0.0,0.0,0.0,0.0,0.0,0.0,0.0,40.0,20.0,250000.0,250000.0,0.0,0.0,0.0,0.0,0.0,0.0,0.0,0.0,1.0,0.0,0.0,0.0,0.0,1.0,0.0,0.0,0.0,1.0,0.0,1.0,0.0,26883.0,0.0,0.0,40.0,0.0,0.0,0.0,0.0,0.0,0.0,0.0,0.0,DoS attacks-SlowHTTPTest
21.0,6.0,2018-02-16 10:22:45,5.0,1.0,1.0,0.0,0.0,0.0,0.0,0.0,0.0,0.0,0.0,0.0,0.0,0.0,400000.0,5.0,0.0,5.0,5.0,0.0,0.0,0.0,0.0,0.0,0.0,0.0,0.0,0.0,0.0,0.0,0.0,40.0,20.0,200000.0,200000.0,0.0,0.0,0.0,0.0,0.0,0.0,0.0,0.0,1.0,0.0,0.0,0.0,0.0,1.0,0.0,0.0,0.0,1.0,0.0,1.0,0.0,26883.0,0.0,0.0,40.0,0.0,0.0,0.0,0.0,0.0,0.0,0.0,0.0,DoS attacks-SlowHTTPTest
21.0,6.0,2018-02-16 10:27:10,6.0,1.0,1.0,0.0,0.0,0.0,0.0,0.0,0.0,0.0,0.0,0.0,0.0,0.0,333333.3333,6.0,0.0,6.0,6.0,0.0,0.0,0.0,0.0,0.0,0.0,0.0,0.0,0.0,0.0,0.0,0.0,40.0,20.0,166666.6667,166666.6667,0.0,0.0,0.0,0.0,0.0,0.0,0.0,0.0,1.0,0.0,0.0,0.0,0.0,1.0,0.0,0.0,0.0,1.0,0.0,1.0,0.0,26883.0,0.0,0.0,40.0,0.0,0.0,0.0,0.0,0.0,0.0,0.0,0.0,DoS attacks-SlowHTTPTest
21.0,6.0,2018-02-16 10:44:55,22.0,1.0,1.0,0.0,0.0,0.0,0.0,0.0,0.0,0.0,0.0,0.0,0.0,0.0,90909.09091,22.0,0.0,22.0,22.0,0.0,0.0,0.0,0.0,0.0,0.0,0.0,0.0,0.0,0.0,0.0,0.0,40.0,20.0,45454.54545,45454.54545,0.0,0.0,0.0,0.0,0.0,0.0,0.0,0.0,1.0,0.0,0.0,0.0,0.0,1.0,0.0,0.0,0.0,1.0,0.0,1.0,0.0,26883.0,0.0,0.0,40.0,0.0,0.0,0.0,0.0,0.0,0.0,0.0,0.0,DoS attacks-SlowHTTPTest
21.0,6.0,2018-02-16 10:33:58,3.0,1.0,1.0,0.0,0.0,0.0,0.0,0.0,0.0,0.0,0.0,0.0,0.0,0.0,666666.6667,3.0,0.0,3.0,3.0,0.0,0.0,0.0,0.0,0.0,0.0,0.0,0.0,0.0,0.0,0.0,0.0,40.0,20.0,333333.3333,333333.3333,0.0,0.0,0.0,0.0,0.0,0.0,0.0,0.0,1.0,0.0,0.0,0.0,0.0,1.0,0.0,0.0,0.0,1.0,0.0,1.0,0.0,26883.0,0.0,0.0,40.0,0.0,0.0,0.0,0.0,0.0,0.0,0.0,0.0,DoS attacks-SlowHTTPTest
21.0,6.0,2018-02-16 10:35:00,2.0,1.0,1.0,0.0,0.0,0.0,0.0,0.0,0.0,0.0,0.0,0.0,0.0,0.0,1000000.0,2.0,0.0,2.0,2.0,0.0,0.0,0.0,0.0,0.0,0.0,0.0,0.0,0.0,0.0,0.0,0.0,40.0,20.0,500000.0,500000.0,0.0,0.0,0.0,0.0,0.0,0.0,0.0,0.0,1.0,0.0,0.0,0.0,0.0,1.0,0.0,0.0,0.0,1.0,0.0,1.0,0.0,26883.0,0.0,0.0,40.0,0.0,0.0,0.0,0.0,0.0,0.0,0.0,0.0,DoS attacks-SlowHTTPTest
21.0,6.0,2018-02-16 10:34:39,2.0,1.0,1.0,0.0,0.0,0.0,0.0,0.0,0.0,0.0,0.0,0.0,0.0,0.0,1000000.0,2.0,0.0,2.0,2.0,0.0,0.0,0.0,0.0,0.0,0.0,0.0,0.0,0.0,0.0,0.0,0.0,40.0,20.0,500000.0,500000.0,0.0,0.0,0.0,0.0,0.0,0.0,0.0,0.0,1.0,0.0,0.0,0.0,0.0,1.0,0.0,0.0,0.0,1.0,0.0,1.0,0.0,26883.0,0.0,0.0,40.0,0.0,0.0,0.0,0.0,0.0,0.0,0.0,0.0,DoS attacks-SlowHTTPTest
21.0,6.0,2018-02-16 10:31:46,3.0,1.0,1.0,0.0,0.0,0.0,0.0,0.0,0.0,0.0,0.0,0.0,0.0,0.0,666666.6667,3.0,0.0,3.0,3.0,0.0,0.0,0.0,0.0,0.0,0.0,0.0,0.0,0.0,0.0,0.0,0.0,40.0,20.0,333333.3333,333333.3333,0.0,0.0,0.0,0.0,0.0,0.0,0.0,0.0,1.0,0.0,0.0,0.0,0.0,1.0,0.0,0.0,0.0,1.0,0.0,1.0,0.0,26883.0,0.0,0.0,40.0,0.0,0.0,0.0,0.0,0.0,0.0,0.0,0.0,DoS attacks-SlowHTTPTest
21.0,6.0,2018-02-16 10:40:00,3.0,1.0,1.0,0.0,0.0,0.0,0.0,0.0,0.0,0.0,0.0,0.0,0.0,0.0,666666.6667,3.0,0.0,3.0,3.0,0.0,0.0,0.0,0.0,0.0,0.0,0.0,0.0,0.0,0.0,0.0,0.0,40.0,20.0,333333.3333,333333.3333,0.0,0.0,0.0,0.0,0.0,0.0,0.0,0.0,1.0,0.0,0.0,0.0,0.0,1.0,0.0,0.0,0.0,1.0,0.0,1.0,0.0,26883.0,0.0,0.0,40.0,0.0,0.0,0.0,0.0,0.0,0.0,0.0,0.0,DoS attacks-SlowHTTPTest
21.0,6.0,2018-02-16 10:27:17,3.0,1.0,1.0,0.0,0.0,0.0,0.0,0.0,0.0,0.0,0.0,0.0,0.0,0.0,666666.6667,3.0,0.0,3.0,3.0,0.0,0.0,0.0,0.0,0.0,0.0,0.0,0.0,0.0,0.0,0.0,0.0,40.0,20.0,333333.3333,333333.3333,0.0,0.0,0.0,0.0,0.0,0.0,0.0,0.0,1.0,0.0,0.0,0.0,0.0,1.0,0.0,0.0,0.0,1.0,0.0,1.0,0.0,26883.0,0.0,0.0,40.0,0.0,0.0,0.0,0.0,0.0,0.0,0.0,0.0,DoS attacks-SlowHTTPTest
21.0,6.0,2018-02-16 10:37:03,2.0,1.0,1.0,0.0,0.0,0.0,0.0,0.0,0.0,0.0,0.0,0.0,0.0,0.0,1000000.0,2.0,0.0,2.0,2.0,0.0,0.0,0.0,0.0,0.0,0.0,0.0,0.0,0.0,0.0,0.0,0.0,40.0,20.0,500000.0,500000.0,0.0,0.0,0.0,0.0,0.0,0.0,0.0,0.0,1.0,0.0,0.0,0.0,0.0,1.0,0.0,0.0,0.0,1.0,0.0,1.0,0.0,26883.0,0.0,0.0,40.0,0.0,0.0,0.0,0.0,0.0,0.0,0.0,0.0,DoS attacks-SlowHTTPTest
21.0,6.0,2018-02-16 10:25:25,2.0,1.0,1.0,0.0,0.0,0.0,0.0,0.0,0.0,0.0,0.0,0.0,0.0,0.0,1000000.0,2.0,0.0,2.0,2.0,0.0,0.0,0.0,0.0,0.0,0.0,0.0,0.0,0.0,0.0,0.0,0.0,40.0,20.0,500000.0,500000.0,0.0,0.0,0.0,0.0,0.0,0.0,0.0,0.0,1.0,0.0,0.0,0.0,0.0,1.0,0.0,0.0,0.0,1.0,0.0,1.0,0.0,26883.0,0.0,0.0,40.0,0.0,0.0,0.0,0.0,0.0,0.0,0.0,0.0,DoS attacks-SlowHTTPTest
21.0,6.0,2018-02-16 10:56:15,2.0,1.0,1.0,0.0,0.0,0.0,0.0,0.0,0.0,0.0,0.0,0.0,0.0,0.0,1000000.0,2.0,0.0,2.0,2.0,0.0,0.0,0.0,0.0,0.0,0.0,0.0,0.0,0.0,0.0,0.0,0.0,40.0,20.0,500000.0,500000.0,0.0,0.0,0.0,0.0,0.0,0.0,0.0,0.0,1.0,0.0,0.0,0.0,0.0,1.0,0.0,0.0,0.0,1.0,0.0,1.0,0.0,26883.0,0.0,0.0,40.0,0.0,0.0,0.0,0.0,0.0,0.0,0.0,0.0,DoS attacks-SlowHTTPTest
21.0,6.0,2018-02-16 10:25:20,2.0,1.0,1.0,0.0,0.0,0.0,0.0,0.0,0.0,0.0,0.0,0.0,0.0,0.0,1000000.0,2.0,0.0,2.0,2.0,0.0,0.0,0.0,0.0,0.0,0.0,0.0,0.0,0.0,0.0,0.0,0.0,40.0,20.0,500000.0,500000.0,0.0,0.0,0.0,0.0,0.0,0.0,0.0,0.0,1.0,0.0,0.0,0.0,0.0,1.0,0.0,0.0,0.0,1.0,0.0,1.0,0.0,26883.0,0.0,0.0,40.0,0.0,0.0,0.0,0.0,0.0,0.0,0.0,0.0,DoS attacks-SlowHTTPTest
21.0,6.0,2018-02-16 10:23:08,2.0,1.0,1.0,0.0,0.0,0.0,0.0,0.0,0.0,0.0,0.0,0.0,0.0,0.0,1000000.0,2.0,0.0,2.0,2.0,0.0,0.0,0.0,0.0,0.0,0.0,0.0,0.0,0.0,0.0,0.0,0.0,40.0,20.0,500000.0,500000.0,0.0,0.0,0.0,0.0,0.0,0.0,0.0,0.0,1.0,0.0,0.0,0.0,0.0,1.0,0.0,0.0,0.0,1.0,0.0,1.0,0.0,26883.0,0.0,0.0,40.0,0.0,0.0,0.0,0.0,0.0,0.0,0.0,0.0,DoS attacks-SlowHTTPTest
21.0,6.0,2018-02-16 10:21:55,2.0,1.0,1.0,0.0,0.0,0.0,0.0,0.0,0.0,0.0,0.0,0.0,0.0,0.0,1000000.0,2.0,0.0,2.0,2.0,0.0,0.0,0.0,0.0,0.0,0.0,0.0,0.0,0.0,0.0,0.0,0.0,40.0,20.0,500000.0,500000.0,0.0,0.0,0.0,0.0,0.0,0.0,0.0,0.0,1.0,0.0,0.0,0.0,0.0,1.0,0.0,0.0,0.0,1.0,0.0,1.0,0.0,26883.0,0.0,0.0,40.0,0.0,0.0,0.0,0.0,0.0,0.0,0.0,0.0,DoS attacks-SlowHTTPTest
21.0,6.0,2018-02-16 10:23:21,2.0,1.0,1.0,0.0,0.0,0.0,0.0,0.0,0.0,0.0,0.0,0.0,0.0,0.0,1000000.0,2.0,0.0,2.0,2.0,0.0,0.0,0.0,0.0,0.0,0.0,0.0,0.0,0.0,0.0,0.0,0.0,40.0,20.0,500000.0,500000.0,0.0,0.0,0.0,0.0,0.0,0.0,0.0,0.0,1.0,0.0,0.0,0.0,0.0,1.0,0.0,0.0,0.0,1.0,0.0,1.0,0.0,26883.0,0.0,0.0,40.0,0.0,0.0,0.0,0.0,0.0,0.0,0.0,0.0,DoS attacks-SlowHTTPTest
21.0,6.0,2018-02-16 10:14:38,2.0,1.0,1.0,0.0,0.0,0.0,0.0,0.0,0.0,0.0,0.0,0.0,0.0,0.0,1000000.0,2.0,0.0,2.0,2.0,0.0,0.0,0.0,0.0,0.0,0.0,0.0,0.0,0.0,0.0,0.0,0.0,40.0,20.0,500000.0,500000.0,0.0,0.0,0.0,0.0,0.0,0.0,0.0,0.0,1.0,0.0,0.0,0.0,0.0,1.0,0.0,0.0,0.0,1.0,0.0,1.0,0.0,26883.0,0.0,0.0,40.0,0.0,0.0,0.0,0.0,0.0,0.0,0.0,0.0,DoS attacks-SlowHTTPTest
21.0,6.0,2018-02-16 10:15:00,3.0,1.0,1.0,0.0,0.0,0.0,0.0,0.0,0.0,0.0,0.0,0.0,0.0,0.0,666666.6667,3.0,0.0,3.0,3.0,0.0,0.0,0.0,0.0,0.0,0.0,0.0,0.0,0.0,0.0,0.0,0.0,40.0,20.0,333333.3333,333333.3333,0.0,0.0,0.0,0.0,0.0,0.0,0.0,0.0,1.0,0.0,0.0,0.0,0.0,1.0,0.0,0.0,0.0,1.0,0.0,1.0,0.0,26883.0,0.0,0.0,40.0,0.0,0.0,0.0,0.0,0.0,0.0,0.0,0.0,DoS attacks-SlowHTTPTest
21.0,6.0,2018-02-16 10:31:01,3.0,1.0,1.0,0.0,0.0,0.0,0.0,0.0,0.0,0.0,0.0,0.0,0.0,0.0,666666.6667,3.0,0.0,3.0,3.0,0.0,0.0,0.0,0.0,0.0,0.0,0.0,0.0,0.0,0.0,0.0,0.0,40.0,20.0,333333.3333,333333.3333,0.0,0.0,0.0,0.0,0.0,0.0,0.0,0.0,1.0,0.0,0.0,0.0,0.0,1.0,0.0,0.0,0.0,1.0,0.0,1.0,0.0,26883.0,0.0,0.0,40.0,0.0,0.0,0.0,0.0,0.0,0.0,0.0,0.0,DoS attacks-SlowHTTPTest
21.0,6.0,2018-02-16 10:56:29,43.0,1.0,1.0,0.0,0.0,0.0,0.0,0.0,0.0,0.0,0.0,0.0,0.0,0.0,46511.62791,43.0,0.0,43.0,43.0,0.0,0.0,0.0,0.0,0.0,0.0,0.0,0.0,0.0,0.0,0.0,0.0,40.0,20.0,23255.81395,23255.81395,0.0,0.0,0.0,0.0,0.0,0.0,0.0,0.0,1.0,0.0,0.0,0.0,0.0,1.0,0.0,0.0,0.0,1.0,0.0,1.0,0.0,26883.0,0.0,0.0,40.0,0.0,0.0,0.0,0.0,0.0,0.0,0.0,0.0,DoS attacks-SlowHTTPTest
21.0,6.0,2018-02-16 10:48:24,2.0,1.0,1.0,0.0,0.0,0.0,0.0,0.0,0.0,0.0,0.0,0.0,0.0,0.0,1000000.0,2.0,0.0,2.0,2.0,0.0,0.0,0.0,0.0,0.0,0.0,0.0,0.0,0.0,0.0,0.0,0.0,40.0,20.0,500000.0,500000.0,0.0,0.0,0.0,0.0,0.0,0.0,0.0,0.0,1.0,0.0,0.0,0.0,0.0,1.0,0.0,0.0,0.0,1.0,0.0,1.0,0.0,26883.0,0.0,0.0,40.0,0.0,0.0,0.0,0.0,0.0,0.0,0.0,0.0,DoS attacks-SlowHTTPTest
21.0,6.0,2018-02-16 10:27:59,10.0,1.0,1.0,0.0,0.0,0.0,0.0,0.0,0.0,0.0,0.0,0.0,0.0,0.0,200000.0,10.0,0.0,10.0,10.0,0.0,0.0,0.0,0.0,0.0,0.0,0.0,0.0,0.0,0.0,0.0,0.0,40.0,20.0,100000.0,100000.0,0.0,0.0,0.0,0.0,0.0,0.0,0.0,0.0,1.0,0.0,0.0,0.0,0.0,1.0,0.0,0.0,0.0,1.0,0.0,1.0,0.0,26883.0,0.0,0.0,40.0,0.0,0.0,0.0,0.0,0.0,0.0,0.0,0.0,DoS attacks-SlowHTTPTest
21.0,6.0,2018-02-16 10:15:34,2.0,1.0,1.0,0.0,0.0,0.0,0.0,0.0,0.0,0.0,0.0,0.0,0.0,0.0,1000000.0,2.0,0.0,2.0,2.0,0.0,0.0,0.0,0.0,0.0,0.0,0.0,0.0,0.0,0.0,0.0,0.0,40.0,20.0,500000.0,500000.0,0.0,0.0,0.0,0.0,0.0,0.0,0.0,0.0,1.0,0.0,0.0,0.0,0.0,1.0,0.0,0.0,0.0,1.0,0.0,1.0,0.0,26883.0,0.0,0.0,40.0,0.0,0.0,0.0,0.0,0.0,0.0,0.0,0.0,DoS attacks-SlowHTTPTest
21.0,6.0,2018-02-16 10:49:19,3.0,1.0,1.0,0.0,0.0,0.0,0.0,0.0,0.0,0.0,0.0,0.0,0.0,0.0,666666.6667,3.0,0.0,3.0,3.0,0.0,0.0,0.0,0.0,0.0,0.0,0.0,0.0,0.0,0.0,0.0,0.0,40.0,20.0,333333.3333,333333.3333,0.0,0.0,0.0,0.0,0.0,0.0,0.0,0.0,1.0,0.0,0.0,0.0,0.0,1.0,0.0,0.0,0.0,1.0,0.0,1.0,0.0,26883.0,0.0,0.0,40.0,0.0,0.0,0.0,0.0,0.0,0.0,0.0,0.0,DoS attacks-SlowHTTPTest
21.0,6.0,2018-02-16 10:20:22,2.0,1.0,1.0,0.0,0.0,0.0,0.0,0.0,0.0,0.0,0.0,0.0,0.0,0.0,1000000.0,2.0,0.0,2.0,2.0,0.0,0.0,0.0,0.0,0.0,0.0,0.0,0.0,0.0,0.0,0.0,0.0,40.0,20.0,500000.0,500000.0,0.0,0.0,0.0,0.0,0.0,0.0,0.0,0.0,1.0,0.0,0.0,0.0,0.0,1.0,0.0,0.0,0.0,1.0,0.0,1.0,0.0,26883.0,0.0,0.0,40.0,0.0,0.0,0.0,0.0,0.0,0.0,0.0,0.0,DoS attacks-SlowHTTPTest
21.0,6.0,2018-02-16 10:31:32,6.0,1.0,1.0,0.0,0.0,0.0,0.0,0.0,0.0,0.0,0.0,0.0,0.0,0.0,333333.3333,6.0,0.0,6.0,6.0,0.0,0.0,0.0,0.0,0.0,0.0,0.0,0.0,0.0,0.0,0.0,0.0,40.0,20.0,166666.6667,166666.6667,0.0,0.0,0.0,0.0,0.0,0.0,0.0,0.0,1.0,0.0,0.0,0.0,0.0,1.0,0.0,0.0,0.0,1.0,0.0,1.0,0.0,26883.0,0.0,0.0,40.0,0.0,0.0,0.0,0.0,0.0,0.0,0.0,0.0,DoS attacks-SlowHTTPTest
21.0,6.0,2018-02-16 10:38:36,2.0,1.0,1.0,0.0,0.0,0.0,0.0,0.0,0.0,0.0,0.0,0.0,0.0,0.0,1000000.0,2.0,0.0,2.0,2.0,0.0,0.0,0.0,0.0,0.0,0.0,0.0,0.0,0.0,0.0,0.0,0.0,40.0,20.0,500000.0,500000.0,0.0,0.0,0.0,0.0,0.0,0.0,0.0,0.0,1.0,0.0,0.0,0.0,0.0,1.0,0.0,0.0,0.0,1.0,0.0,1.0,0.0,26883.0,0.0,0.0,40.0,0.0,0.0,0.0,0.0,0.0,0.0,0.0,0.0,DoS attacks-SlowHTTPTest
21.0,6.0,2018-02-16 10:37:05,2.0,1.0,1.0,0.0,0.0,0.0,0.0,0.0,0.0,0.0,0.0,0.0,0.0,0.0,1000000.0,2.0,0.0,2.0,2.0,0.0,0.0,0.0,0.0,0.0,0.0,0.0,0.0,0.0,0.0,0.0,0.0,40.0,20.0,500000.0,500000.0,0.0,0.0,0.0,0.0,0.0,0.0,0.0,0.0,1.0,0.0,0.0,0.0,0.0,1.0,0.0,0.0,0.0,1.0,0.0,1.0,0.0,26883.0,0.0,0.0,40.0,0.0,0.0,0.0,0.0,0.0,0.0,0.0,0.0,DoS attacks-SlowHTTPTest
21.0,6.0,2018-02-16 10:24:00,2.0,1.0,1.0,0.0,0.0,0.0,0.0,0.0,0.0,0.0,0.0,0.0,0.0,0.0,1000000.0,2.0,0.0,2.0,2.0,0.0,0.0,0.0,0.0,0.0,0.0,0.0,0.0,0.0,0.0,0.0,0.0,40.0,20.0,500000.0,500000.0,0.0,0.0,0.0,0.0,0.0,0.0,0.0,0.0,1.0,0.0,0.0,0.0,0.0,1.0,0.0,0.0,0.0,1.0,0.0,1.0,0.0,26883.0,0.0,0.0,40.0,0.0,0.0,0.0,0.0,0.0,0.0,0.0,0.0,DoS attacks-SlowHTTPTest
21.0,6.0,2018-02-16 10:50:24,2.0,1.0,1.0,0.0,0.0,0.0,0.0,0.0,0.0,0.0,0.0,0.0,0.0,0.0,1000000.0,2.0,0.0,2.0,2.0,0.0,0.0,0.0,0.0,0.0,0.0,0.0,0.0,0.0,0.0,0.0,0.0,40.0,20.0,500000.0,500000.0,0.0,0.0,0.0,0.0,0.0,0.0,0.0,0.0,1.0,0.0,0.0,0.0,0.0,1.0,0.0,0.0,0.0,1.0,0.0,1.0,0.0,26883.0,0.0,0.0,40.0,0.0,0.0,0.0,0.0,0.0,0.0,0.0,0.0,DoS attacks-SlowHTTPTest
21.0,6.0,2018-02-16 10:28:21,2.0,1.0,1.0,0.0,0.0,0.0,0.0,0.0,0.0,0.0,0.0,0.0,0.0,0.0,1000000.0,2.0,0.0,2.0,2.0,0.0,0.0,0.0,0.0,0.0,0.0,0.0,0.0,0.0,0.0,0.0,0.0,40.0,20.0,500000.0,500000.0,0.0,0.0,0.0,0.0,0.0,0.0,0.0,0.0,1.0,0.0,0.0,0.0,0.0,1.0,0.0,0.0,0.0,1.0,0.0,1.0,0.0,26883.0,0.0,0.0,40.0,0.0,0.0,0.0,0.0,0.0,0.0,0.0,0.0,DoS attacks-SlowHTTPTest
21.0,6.0,2018-02-16 10:45:48,2.0,1.0,1.0,0.0,0.0,0.0,0.0,0.0,0.0,0.0,0.0,0.0,0.0,0.0,1000000.0,2.0,0.0,2.0,2.0,0.0,0.0,0.0,0.0,0.0,0.0,0.0,0.0,0.0,0.0,0.0,0.0,40.0,20.0,500000.0,500000.0,0.0,0.0,0.0,0.0,0.0,0.0,0.0,0.0,1.0,0.0,0.0,0.0,0.0,1.0,0.0,0.0,0.0,1.0,0.0,1.0,0.0,26883.0,0.0,0.0,40.0,0.0,0.0,0.0,0.0,0.0,0.0,0.0,0.0,DoS attacks-SlowHTTPTest
21.0,6.0,2018-02-16 10:56:03,21.0,1.0,1.0,0.0,0.0,0.0,0.0,0.0,0.0,0.0,0.0,0.0,0.0,0.0,95238.09524,21.0,0.0,21.0,21.0,0.0,0.0,0.0,0.0,0.0,0.0,0.0,0.0,0.0,0.0,0.0,0.0,40.0,20.0,47619.04762,47619.04762,0.0,0.0,0.0,0.0,0.0,0.0,0.0,0.0,1.0,0.0,0.0,0.0,0.0,1.0,0.0,0.0,0.0,1.0,0.0,1.0,0.0,26883.0,0.0,0.0,40.0,0.0,0.0,0.0,0.0,0.0,0.0,0.0,0.0,DoS attacks-SlowHTTPTest
21.0,6.0,2018-02-16 10:13:19,2.0,1.0,1.0,0.0,0.0,0.0,0.0,0.0,0.0,0.0,0.0,0.0,0.0,0.0,1000000.0,2.0,0.0,2.0,2.0,0.0,0.0,0.0,0.0,0.0,0.0,0.0,0.0,0.0,0.0,0.0,0.0,40.0,20.0,500000.0,500000.0,0.0,0.0,0.0,0.0,0.0,0.0,0.0,0.0,1.0,0.0,0.0,0.0,0.0,1.0,0.0,0.0,0.0,1.0,0.0,1.0,0.0,26883.0,0.0,0.0,40.0,0.0,0.0,0.0,0.0,0.0,0.0,0.0,0.0,DoS attacks-SlowHTTPTest
21.0,6.0,2018-02-16 10:20:37,2.0,1.0,1.0,0.0,0.0,0.0,0.0,0.0,0.0,0.0,0.0,0.0,0.0,0.0,1000000.0,2.0,0.0,2.0,2.0,0.0,0.0,0.0,0.0,0.0,0.0,0.0,0.0,0.0,0.0,0.0,0.0,40.0,20.0,500000.0,500000.0,0.0,0.0,0.0,0.0,0.0,0.0,0.0,0.0,1.0,0.0,0.0,0.0,0.0,1.0,0.0,0.0,0.0,1.0,0.0,1.0,0.0,26883.0,0.0,0.0,40.0,0.0,0.0,0.0,0.0,0.0,0.0,0.0,0.0,DoS attacks-SlowHTTPTest
21.0,6.0,2018-02-16 10:46:33,3.0,1.0,1.0,0.0,0.0,0.0,0.0,0.0,0.0,0.0,0.0,0.0,0.0,0.0,666666.6667,3.0,0.0,3.0,3.0,0.0,0.0,0.0,0.0,0.0,0.0,0.0,0.0,0.0,0.0,0.0,0.0,40.0,20.0,333333.3333,333333.3333,0.0,0.0,0.0,0.0,0.0,0.0,0.0,0.0,1.0,0.0,0.0,0.0,0.0,1.0,0.0,0.0,0.0,1.0,0.0,1.0,0.0,26883.0,0.0,0.0,40.0,0.0,0.0,0.0,0.0,0.0,0.0,0.0,0.0,DoS attacks-SlowHTTPTest
21.0,6.0,2018-02-16 10:37:37,2.0,1.0,1.0,0.0,0.0,0.0,0.0,0.0,0.0,0.0,0.0,0.0,0.0,0.0,1000000.0,2.0,0.0,2.0,2.0,0.0,0.0,0.0,0.0,0.0,0.0,0.0,0.0,0.0,0.0,0.0,0.0,40.0,20.0,500000.0,500000.0,0.0,0.0,0.0,0.0,0.0,0.0,0.0,0.0,1.0,0.0,0.0,0.0,0.0,1.0,0.0,0.0,0.0,1.0,0.0,1.0,0.0,26883.0,0.0,0.0,40.0,0.0,0.0,0.0,0.0,0.0,0.0,0.0,0.0,DoS attacks-SlowHTTPTest
21.0,6.0,2018-02-16 10:14:04,3.0,1.0,1.0,0.0,0.0,0.0,0.0,0.0,0.0,0.0,0.0,0.0,0.0,0.0,666666.6667,3.0,0.0,3.0,3.0,0.0,0.0,0.0,0.0,0.0,0.0,0.0,0.0,0.0,0.0,0.0,0.0,40.0,20.0,333333.3333,333333.3333,0.0,0.0,0.0,0.0,0.0,0.0,0.0,0.0,1.0,0.0,0.0,0.0,0.0,1.0,0.0,0.0,0.0,1.0,0.0,1.0,0.0,26883.0,0.0,0.0,40.0,0.0,0.0,0.0,0.0,0.0,0.0,0.0,0.0,DoS attacks-SlowHTTPTest
21.0,6.0,2018-02-16 10:22:28,3.0,1.0,1.0,0.0,0.0,0.0,0.0,0.0,0.0,0.0,0.0,0.0,0.0,0.0,666666.6667,3.0,0.0,3.0,3.0,0.0,0.0,0.0,0.0,0.0,0.0,0.0,0.0,0.0,0.0,0.0,0.0,40.0,20.0,333333.3333,333333.3333,0.0,0.0,0.0,0.0,0.0,0.0,0.0,0.0,1.0,0.0,0.0,0.0,0.0,1.0,0.0,0.0,0.0,1.0,0.0,1.0,0.0,26883.0,0.0,0.0,40.0,0.0,0.0,0.0,0.0,0.0,0.0,0.0,0.0,DoS attacks-SlowHTTPTest
21.0,6.0,2018-02-16 10:19:44,2.0,1.0,1.0,0.0,0.0,0.0,0.0,0.0,0.0,0.0,0.0,0.0,0.0,0.0,1000000.0,2.0,0.0,2.0,2.0,0.0,0.0,0.0,0.0,0.0,0.0,0.0,0.0,0.0,0.0,0.0,0.0,40.0,20.0,500000.0,500000.0,0.0,0.0,0.0,0.0,0.0,0.0,0.0,0.0,1.0,0.0,0.0,0.0,0.0,1.0,0.0,0.0,0.0,1.0,0.0,1.0,0.0,26883.0,0.0,0.0,40.0,0.0,0.0,0.0,0.0,0.0,0.0,0.0,0.0,DoS attacks-SlowHTTPTest
21.0,6.0,2018-02-16 10:18:48,2.0,1.0,1.0,0.0,0.0,0.0,0.0,0.0,0.0,0.0,0.0,0.0,0.0,0.0,1000000.0,2.0,0.0,2.0,2.0,0.0,0.0,0.0,0.0,0.0,0.0,0.0,0.0,0.0,0.0,0.0,0.0,40.0,20.0,500000.0,500000.0,0.0,0.0,0.0,0.0,0.0,0.0,0.0,0.0,1.0,0.0,0.0,0.0,0.0,1.0,0.0,0.0,0.0,1.0,0.0,1.0,0.0,26883.0,0.0,0.0,40.0,0.0,0.0,0.0,0.0,0.0,0.0,0.0,0.0,DoS attacks-SlowHTTPTest
21.0,6.0,2018-02-16 10:46:06,2.0,1.0,1.0,0.0,0.0,0.0,0.0,0.0,0.0,0.0,0.0,0.0,0.0,0.0,1000000.0,2.0,0.0,2.0,2.0,0.0,0.0,0.0,0.0,0.0,0.0,0.0,0.0,0.0,0.0,0.0,0.0,40.0,20.0,500000.0,500000.0,0.0,0.0,0.0,0.0,0.0,0.0,0.0,0.0,1.0,0.0,0.0,0.0,0.0,1.0,0.0,0.0,0.0,1.0,0.0,1.0,0.0,26883.0,0.0,0.0,40.0,0.0,0.0,0.0,0.0,0.0,0.0,0.0,0.0,DoS attacks-SlowHTTPTest
21.0,6.0,2018-02-16 10:14:56,5.0,1.0,1.0,0.0,0.0,0.0,0.0,0.0,0.0,0.0,0.0,0.0,0.0,0.0,400000.0,5.0,0.0,5.0,5.0,0.0,0.0,0.0,0.0,0.0,0.0,0.0,0.0,0.0,0.0,0.0,0.0,40.0,20.0,200000.0,200000.0,0.0,0.0,0.0,0.0,0.0,0.0,0.0,0.0,1.0,0.0,0.0,0.0,0.0,1.0,0.0,0.0,0.0,1.0,0.0,1.0,0.0,26883.0,0.0,0.0,40.0,0.0,0.0,0.0,0.0,0.0,0.0,0.0,0.0,DoS attacks-SlowHTTPTest
21.0,6.0,2018-02-16 10:24:02,3.0,1.0,1.0,0.0,0.0,0.0,0.0,0.0,0.0,0.0,0.0,0.0,0.0,0.0,666666.6667,3.0,0.0,3.0,3.0,0.0,0.0,0.0,0.0,0.0,0.0,0.0,0.0,0.0,0.0,0.0,0.0,40.0,20.0,333333.3333,333333.3333,0.0,0.0,0.0,0.0,0.0,0.0,0.0,0.0,1.0,0.0,0.0,0.0,0.0,1.0,0.0,0.0,0.0,1.0,0.0,1.0,0.0,26883.0,0.0,0.0,40.0,0.0,0.0,0.0,0.0,0.0,0.0,0.0,0.0,DoS attacks-SlowHTTPTest
21.0,6.0,2018-02-16 10:28:18,2.0,1.0,1.0,0.0,0.0,0.0,0.0,0.0,0.0,0.0,0.0,0.0,0.0,0.0,1000000.0,2.0,0.0,2.0,2.0,0.0,0.0,0.0,0.0,0.0,0.0,0.0,0.0,0.0,0.0,0.0,0.0,40.0,20.0,500000.0,500000.0,0.0,0.0,0.0,0.0,0.0,0.0,0.0,0.0,1.0,0.0,0.0,0.0,0.0,1.0,0.0,0.0,0.0,1.0,0.0,1.0,0.0,26883.0,0.0,0.0,40.0,0.0,0.0,0.0,0.0,0.0,0.0,0.0,0.0,DoS attacks-SlowHTTPTest
21.0,6.0,2018-02-16 10:36:03,2.0,1.0,1.0,0.0,0.0,0.0,0.0,0.0,0.0,0.0,0.0,0.0,0.0,0.0,1000000.0,2.0,0.0,2.0,2.0,0.0,0.0,0.0,0.0,0.0,0.0,0.0,0.0,0.0,0.0,0.0,0.0,40.0,20.0,500000.0,500000.0,0.0,0.0,0.0,0.0,0.0,0.0,0.0,0.0,1.0,0.0,0.0,0.0,0.0,1.0,0.0,0.0,0.0,1.0,0.0,1.0,0.0,26883.0,0.0,0.0,40.0,0.0,0.0,0.0,0.0,0.0,0.0,0.0,0.0,DoS attacks-SlowHTTPTest
21.0,6.0,2018-02-16 10:13:23,20.0,1.0,1.0,0.0,0.0,0.0,0.0,0.0,0.0,0.0,0.0,0.0,0.0,0.0,100000.0,20.0,0.0,20.0,20.0,0.0,0.0,0.0,0.0,0.0,0.0,0.0,0.0,0.0,0.0,0.0,0.0,40.0,20.0,50000.0,50000.0,0.0,0.0,0.0,0.0,0.0,0.0,0.0,0.0,1.0,0.0,0.0,0.0,0.0,1.0,0.0,0.0,0.0,1.0,0.0,1.0,0.0,26883.0,0.0,0.0,40.0,0.0,0.0,0.0,0.0,0.0,0.0,0.0,0.0,DoS attacks-SlowHTTPTest
21.0,6.0,2018-02-16 10:21:23,3.0,1.0,1.0,0.0,0.0,0.0,0.0,0.0,0.0,0.0,0.0,0.0,0.0,0.0,666666.6667,3.0,0.0,3.0,3.0,0.0,0.0,0.0,0.0,0.0,0.0,0.0,0.0,0.0,0.0,0.0,0.0,40.0,20.0,333333.3333,333333.3333,0.0,0.0,0.0,0.0,0.0,0.0,0.0,0.0,1.0,0.0,0.0,0.0,0.0,1.0,0.0,0.0,0.0,1.0,0.0,1.0,0.0,26883.0,0.0,0.0,40.0,0.0,0.0,0.0,0.0,0.0,0.0,0.0,0.0,DoS attacks-SlowHTTPTest
21.0,6.0,2018-02-16 10:25:38,4.0,1.0,1.0,0.0,0.0,0.0,0.0,0.0,0.0,0.0,0.0,0.0,0.0,0.0,500000.0,4.0,0.0,4.0,4.0,0.0,0.0,0.0,0.0,0.0,0.0,0.0,0.0,0.0,0.0,0.0,0.0,40.0,20.0,250000.0,250000.0,0.0,0.0,0.0,0.0,0.0,0.0,0.0,0.0,1.0,0.0,0.0,0.0,0.0,1.0,0.0,0.0,0.0,1.0,0.0,1.0,0.0,26883.0,0.0,0.0,40.0,0.0,0.0,0.0,0.0,0.0,0.0,0.0,0.0,DoS attacks-SlowHTTPTest
21.0,6.0,2018-02-16 10:19:04,10.0,1.0,1.0,0.0,0.0,0.0,0.0,0.0,0.0,0.0,0.0,0.0,0.0,0.0,200000.0,10.0,0.0,10.0,10.0,0.0,0.0,0.0,0.0,0.0,0.0,0.0,0.0,0.0,0.0,0.0,0.0,40.0,20.0,100000.0,100000.0,0.0,0.0,0.0,0.0,0.0,0.0,0.0,0.0,1.0,0.0,0.0,0.0,0.0,1.0,0.0,0.0,0.0,1.0,0.0,1.0,0.0,26883.0,0.0,0.0,40.0,0.0,0.0,0.0,0.0,0.0,0.0,0.0,0.0,DoS attacks-SlowHTTPTest
21.0,6.0,2018-02-16 10:15:02,4.0,1.0,1.0,0.0,0.0,0.0,0.0,0.0,0.0,0.0,0.0,0.0,0.0,0.0,500000.0,4.0,0.0,4.0,4.0,0.0,0.0,0.0,0.0,0.0,0.0,0.0,0.0,0.0,0.0,0.0,0.0,40.0,20.0,250000.0,250000.0,0.0,0.0,0.0,0.0,0.0,0.0,0.0,0.0,1.0,0.0,0.0,0.0,0.0,1.0,0.0,0.0,0.0,1.0,0.0,1.0,0.0,26883.0,0.0,0.0,40.0,0.0,0.0,0.0,0.0,0.0,0.0,0.0,0.0,DoS attacks-SlowHTTPTest
21.0,6.0,2018-02-16 10:57:46,3.0,1.0,1.0,0.0,0.0,0.0,0.0,0.0,0.0,0.0,0.0,0.0,0.0,0.0,666666.6667,3.0,0.0,3.0,3.0,0.0,0.0,0.0,0.0,0.0,0.0,0.0,0.0,0.0,0.0,0.0,0.0,40.0,20.0,333333.3333,333333.3333,0.0,0.0,0.0,0.0,0.0,0.0,0.0,0.0,1.0,0.0,0.0,0.0,0.0,1.0,0.0,0.0,0.0,1.0,0.0,1.0,0.0,26883.0,0.0,0.0,40.0,0.0,0.0,0.0,0.0,0.0,0.0,0.0,0.0,DoS attacks-SlowHTTPTest
21.0,6.0,2018-02-16 10:26:18,3.0,1.0,1.0,0.0,0.0,0.0,0.0,0.0,0.0,0.0,0.0,0.0,0.0,0.0,666666.6667,3.0,0.0,3.0,3.0,0.0,0.0,0.0,0.0,0.0,0.0,0.0,0.0,0.0,0.0,0.0,0.0,40.0,20.0,333333.3333,333333.3333,0.0,0.0,0.0,0.0,0.0,0.0,0.0,0.0,1.0,0.0,0.0,0.0,0.0,1.0,0.0,0.0,0.0,1.0,0.0,1.0,0.0,26883.0,0.0,0.0,40.0,0.0,0.0,0.0,0.0,0.0,0.0,0.0,0.0,DoS attacks-SlowHTTPTest
21.0,6.0,2018-02-16 10:45:04,2.0,1.0,1.0,0.0,0.0,0.0,0.0,0.0,0.0,0.0,0.0,0.0,0.0,0.0,1000000.0,2.0,0.0,2.0,2.0,0.0,0.0,0.0,0.0,0.0,0.0,0.0,0.0,0.0,0.0,0.0,0.0,40.0,20.0,500000.0,500000.0,0.0,0.0,0.0,0.0,0.0,0.0,0.0,0.0,1.0,0.0,0.0,0.0,0.0,1.0,0.0,0.0,0.0,1.0,0.0,1.0,0.0,26883.0,0.0,0.0,40.0,0.0,0.0,0.0,0.0,0.0,0.0,0.0,0.0,DoS attacks-SlowHTTPTest
21.0,6.0,2018-02-16 10:38:03,2.0,1.0,1.0,0.0,0.0,0.0,0.0,0.0,0.0,0.0,0.0,0.0,0.0,0.0,1000000.0,2.0,0.0,2.0,2.0,0.0,0.0,0.0,0.0,0.0,0.0,0.0,0.0,0.0,0.0,0.0,0.0,40.0,20.0,500000.0,500000.0,0.0,0.0,0.0,0.0,0.0,0.0,0.0,0.0,1.0,0.0,0.0,0.0,0.0,1.0,0.0,0.0,0.0,1.0,0.0,1.0,0.0,26883.0,0.0,0.0,40.0,0.0,0.0,0.0,0.0,0.0,0.0,0.0,0.0,DoS attacks-SlowHTTPTest
21.0,6.0,2018-02-16 10:34:37,2.0,1.0,1.0,0.0,0.0,0.0,0.0,0.0,0.0,0.0,0.0,0.0,0.0,0.0,1000000.0,2.0,0.0,2.0,2.0,0.0,0.0,0.0,0.0,0.0,0.0,0.0,0.0,0.0,0.0,0.0,0.0,40.0,20.0,500000.0,500000.0,0.0,0.0,0.0,0.0,0.0,0.0,0.0,0.0,1.0,0.0,0.0,0.0,0.0,1.0,0.0,0.0,0.0,1.0,0.0,1.0,0.0,26883.0,0.0,0.0,40.0,0.0,0.0,0.0,0.0,0.0,0.0,0.0,0.0,DoS attacks-SlowHTTPTest
21.0,6.0,2018-02-16 10:30:34,6.0,1.0,1.0,0.0,0.0,0.0,0.0,0.0,0.0,0.0,0.0,0.0,0.0,0.0,333333.3333,6.0,0.0,6.0,6.0,0.0,0.0,0.0,0.0,0.0,0.0,0.0,0.0,0.0,0.0,0.0,0.0,40.0,20.0,166666.6667,166666.6667,0.0,0.0,0.0,0.0,0.0,0.0,0.0,0.0,1.0,0.0,0.0,0.0,0.0,1.0,0.0,0.0,0.0,1.0,0.0,1.0,0.0,26883.0,0.0,0.0,40.0,0.0,0.0,0.0,0.0,0.0,0.0,0.0,0.0,DoS attacks-SlowHTTPTest
21.0,6.0,2018-02-16 10:16:08,2.0,1.0,1.0,0.0,0.0,0.0,0.0,0.0,0.0,0.0,0.0,0.0,0.0,0.0,1000000.0,2.0,0.0,2.0,2.0,0.0,0.0,0.0,0.0,0.0,0.0,0.0,0.0,0.0,0.0,0.0,0.0,40.0,20.0,500000.0,500000.0,0.0,0.0,0.0,0.0,0.0,0.0,0.0,0.0,1.0,0.0,0.0,0.0,0.0,1.0,0.0,0.0,0.0,1.0,0.0,1.0,0.0,26883.0,0.0,0.0,40.0,0.0,0.0,0.0,0.0,0.0,0.0,0.0,0.0,DoS attacks-SlowHTTPTest
21.0,6.0,2018-02-16 10:23:41,22.0,1.0,1.0,0.0,0.0,0.0,0.0,0.0,0.0,0.0,0.0,0.0,0.0,0.0,90909.09091,22.0,0.0,22.0,22.0,0.0,0.0,0.0,0.0,0.0,0.0,0.0,0.0,0.0,0.0,0.0,0.0,40.0,20.0,45454.54545,45454.54545,0.0,0.0,0.0,0.0,0.0,0.0,0.0,0.0,1.0,0.0,0.0,0.0,0.0,1.0,0.0,0.0,0.0,1.0,0.0,1.0,0.0,26883.0,0.0,0.0,40.0,0.0,0.0,0.0,0.0,0.0,0.0,0.0,0.0,DoS attacks-SlowHTTPTest
21.0,6.0,2018-02-16 10:29:44,2.0,1.0,1.0,0.0,0.0,0.0,0.0,0.0,0.0,0.0,0.0,0.0,0.0,0.0,1000000.0,2.0,0.0,2.0,2.0,0.0,0.0,0.0,0.0,0.0,0.0,0.0,0.0,0.0,0.0,0.0,0.0,40.0,20.0,500000.0,500000.0,0.0,0.0,0.0,0.0,0.0,0.0,0.0,0.0,1.0,0.0,0.0,0.0,0.0,1.0,0.0,0.0,0.0,1.0,0.0,1.0,0.0,26883.0,0.0,0.0,40.0,0.0,0.0,0.0,0.0,0.0,0.0,0.0,0.0,DoS attacks-SlowHTTPTest
21.0,6.0,2018-02-16 10:21:18,3.0,1.0,1.0,0.0,0.0,0.0,0.0,0.0,0.0,0.0,0.0,0.0,0.0,0.0,666666.6667,3.0,0.0,3.0,3.0,0.0,0.0,0.0,0.0,0.0,0.0,0.0,0.0,0.0,0.0,0.0,0.0,40.0,20.0,333333.3333,333333.3333,0.0,0.0,0.0,0.0,0.0,0.0,0.0,0.0,1.0,0.0,0.0,0.0,0.0,1.0,0.0,0.0,0.0,1.0,0.0,1.0,0.0,26883.0,0.0,0.0,40.0,0.0,0.0,0.0,0.0,0.0,0.0,0.0,0.0,DoS attacks-SlowHTTPTest
21.0,6.0,2018-02-16 10:28:19,2.0,1.0,1.0,0.0,0.0,0.0,0.0,0.0,0.0,0.0,0.0,0.0,0.0,0.0,1000000.0,2.0,0.0,2.0,2.0,0.0,0.0,0.0,0.0,0.0,0.0,0.0,0.0,0.0,0.0,0.0,0.0,40.0,20.0,500000.0,500000.0,0.0,0.0,0.0,0.0,0.0,0.0,0.0,0.0,1.0,0.0,0.0,0.0,0.0,1.0,0.0,0.0,0.0,1.0,0.0,1.0,0.0,26883.0,0.0,0.0,40.0,0.0,0.0,0.0,0.0,0.0,0.0,0.0,0.0,DoS attacks-SlowHTTPTest
21.0,6.0,2018-02-16 10:27:10,3.0,1.0,1.0,0.0,0.0,0.0,0.0,0.0,0.0,0.0,0.0,0.0,0.0,0.0,666666.6667,3.0,0.0,3.0,3.0,0.0,0.0,0.0,0.0,0.0,0.0,0.0,0.0,0.0,0.0,0.0,0.0,40.0,20.0,333333.3333,333333.3333,0.0,0.0,0.0,0.0,0.0,0.0,0.0,0.0,1.0,0.0,0.0,0.0,0.0,1.0,0.0,0.0,0.0,1.0,0.0,1.0,0.0,26883.0,0.0,0.0,40.0,0.0,0.0,0.0,0.0,0.0,0.0,0.0,0.0,DoS attacks-SlowHTTPTest
21.0,6.0,2018-02-16 10:21:52,2.0,1.0,1.0,0.0,0.0,0.0,0.0,0.0,0.0,0.0,0.0,0.0,0.0,0.0,1000000.0,2.0,0.0,2.0,2.0,0.0,0.0,0.0,0.0,0.0,0.0,0.0,0.0,0.0,0.0,0.0,0.0,40.0,20.0,500000.0,500000.0,0.0,0.0,0.0,0.0,0.0,0.0,0.0,0.0,1.0,0.0,0.0,0.0,0.0,1.0,0.0,0.0,0.0,1.0,0.0,1.0,0.0,26883.0,0.0,0.0,40.0,0.0,0.0,0.0,0.0,0.0,0.0,0.0,0.0,DoS attacks-SlowHTTPTest
21.0,6.0,2018-02-16 10:35:03,3.0,1.0,1.0,0.0,0.0,0.0,0.0,0.0,0.0,0.0,0.0,0.0,0.0,0.0,666666.6667,3.0,0.0,3.0,3.0,0.0,0.0,0.0,0.0,0.0,0.0,0.0,0.0,0.0,0.0,0.0,0.0,40.0,20.0,333333.3333,333333.3333,0.0,0.0,0.0,0.0,0.0,0.0,0.0,0.0,1.0,0.0,0.0,0.0,0.0,1.0,0.0,0.0,0.0,1.0,0.0,1.0,0.0,26883.0,0.0,0.0,40.0,0.0,0.0,0.0,0.0,0.0,0.0,0.0,0.0,DoS attacks-SlowHTTPTest
21.0,6.0,2018-02-16 10:27:02,2.0,1.0,1.0,0.0,0.0,0.0,0.0,0.0,0.0,0.0,0.0,0.0,0.0,0.0,1000000.0,2.0,0.0,2.0,2.0,0.0,0.0,0.0,0.0,0.0,0.0,0.0,0.0,0.0,0.0,0.0,0.0,40.0,20.0,500000.0,500000.0,0.0,0.0,0.0,0.0,0.0,0.0,0.0,0.0,1.0,0.0,0.0,0.0,0.0,1.0,0.0,0.0,0.0,1.0,0.0,1.0,0.0,26883.0,0.0,0.0,40.0,0.0,0.0,0.0,0.0,0.0,0.0,0.0,0.0,DoS attacks-SlowHTTPTest
21.0,6.0,2018-02-16 10:13:00,3.0,1.0,1.0,0.0,0.0,0.0,0.0,0.0,0.0,0.0,0.0,0.0,0.0,0.0,666666.6667,3.0,0.0,3.0,3.0,0.0,0.0,0.0,0.0,0.0,0.0,0.0,0.0,0.0,0.0,0.0,0.0,40.0,20.0,333333.3333,333333.3333,0.0,0.0,0.0,0.0,0.0,0.0,0.0,0.0,1.0,0.0,0.0,0.0,0.0,1.0,0.0,0.0,0.0,1.0,0.0,1.0,0.0,26883.0,0.0,0.0,40.0,0.0,0.0,0.0,0.0,0.0,0.0,0.0,0.0,DoS attacks-SlowHTTPTest
21.0,6.0,2018-02-16 10:47:23,1.0,1.0,1.0,0.0,0.0,0.0,0.0,0.0,0.0,0.0,0.0,0.0,0.0,0.0,2000000.0,1.0,0.0,1.0,1.0,0.0,0.0,0.0,0.0,0.0,0.0,0.0,0.0,0.0,0.0,0.0,0.0,40.0,20.0,1000000.0,1000000.0,0.0,0.0,0.0,0.0,0.0,0.0,0.0,0.0,1.0,0.0,0.0,0.0,0.0,1.0,0.0,0.0,0.0,1.0,0.0,1.0,0.0,26883.0,0.0,0.0,40.0,0.0,0.0,0.0,0.0,0.0,0.0,0.0,0.0,DoS attacks-SlowHTTPTest
21.0,6.0,2018-02-16 10:13:11,19.0,1.0,1.0,0.0,0.0,0.0,0.0,0.0,0.0,0.0,0.0,0.0,0.0,0.0,105263.1579,19.0,0.0,19.0,19.0,0.0,0.0,0.0,0.0,0.0,0.0,0.0,0.0,0.0,0.0,0.0,0.0,40.0,20.0,52631.57895,52631.57895,0.0,0.0,0.0,0.0,0.0,0.0,0.0,0.0,1.0,0.0,0.0,0.0,0.0,1.0,0.0,0.0,0.0,1.0,0.0,1.0,0.0,26883.0,0.0,0.0,40.0,0.0,0.0,0.0,0.0,0.0,0.0,0.0,0.0,DoS attacks-SlowHTTPTest
21.0,6.0,2018-02-16 10:28:19,4.0,1.0,1.0,0.0,0.0,0.0,0.0,0.0,0.0,0.0,0.0,0.0,0.0,0.0,500000.0,4.0,0.0,4.0,4.0,0.0,0.0,0.0,0.0,0.0,0.0,0.0,0.0,0.0,0.0,0.0,0.0,40.0,20.0,250000.0,250000.0,0.0,0.0,0.0,0.0,0.0,0.0,0.0,0.0,1.0,0.0,0.0,0.0,0.0,1.0,0.0,0.0,0.0,1.0,0.0,1.0,0.0,26883.0,0.0,0.0,40.0,0.0,0.0,0.0,0.0,0.0,0.0,0.0,0.0,DoS attacks-SlowHTTPTest
21.0,6.0,2018-02-16 10:31:51,2.0,1.0,1.0,0.0,0.0,0.0,0.0,0.0,0.0,0.0,0.0,0.0,0.0,0.0,1000000.0,2.0,0.0,2.0,2.0,0.0,0.0,0.0,0.0,0.0,0.0,0.0,0.0,0.0,0.0,0.0,0.0,40.0,20.0,500000.0,500000.0,0.0,0.0,0.0,0.0,0.0,0.0,0.0,0.0,1.0,0.0,0.0,0.0,0.0,1.0,0.0,0.0,0.0,1.0,0.0,1.0,0.0,26883.0,0.0,0.0,40.0,0.0,0.0,0.0,0.0,0.0,0.0,0.0,0.0,DoS attacks-SlowHTTPTest
21.0,6.0,2018-02-16 10:53:03,2.0,1.0,1.0,0.0,0.0,0.0,0.0,0.0,0.0,0.0,0.0,0.0,0.0,0.0,1000000.0,2.0,0.0,2.0,2.0,0.0,0.0,0.0,0.0,0.0,0.0,0.0,0.0,0.0,0.0,0.0,0.0,40.0,20.0,500000.0,500000.0,0.0,0.0,0.0,0.0,0.0,0.0,0.0,0.0,1.0,0.0,0.0,0.0,0.0,1.0,0.0,0.0,0.0,1.0,0.0,1.0,0.0,26883.0,0.0,0.0,40.0,0.0,0.0,0.0,0.0,0.0,0.0,0.0,0.0,DoS attacks-SlowHTTPTest
21.0,6.0,2018-02-16 10:50:04,3.0,1.0,1.0,0.0,0.0,0.0,0.0,0.0,0.0,0.0,0.0,0.0,0.0,0.0,666666.6667,3.0,0.0,3.0,3.0,0.0,0.0,0.0,0.0,0.0,0.0,0.0,0.0,0.0,0.0,0.0,0.0,40.0,20.0,333333.3333,333333.3333,0.0,0.0,0.0,0.0,0.0,0.0,0.0,0.0,1.0,0.0,0.0,0.0,0.0,1.0,0.0,0.0,0.0,1.0,0.0,1.0,0.0,26883.0,0.0,0.0,40.0,0.0,0.0,0.0,0.0,0.0,0.0,0.0,0.0,DoS attacks-SlowHTTPTest
21.0,6.0,2018-02-16 10:13:56,2.0,1.0,1.0,0.0,0.0,0.0,0.0,0.0,0.0,0.0,0.0,0.0,0.0,0.0,1000000.0,2.0,0.0,2.0,2.0,0.0,0.0,0.0,0.0,0.0,0.0,0.0,0.0,0.0,0.0,0.0,0.0,40.0,20.0,500000.0,500000.0,0.0,0.0,0.0,0.0,0.0,0.0,0.0,0.0,1.0,0.0,0.0,0.0,0.0,1.0,0.0,0.0,0.0,1.0,0.0,1.0,0.0,26883.0,0.0,0.0,40.0,0.0,0.0,0.0,0.0,0.0,0.0,0.0,0.0,DoS attacks-SlowHTTPTest
21.0,6.0,2018-02-16 10:23:35,3.0,1.0,1.0,0.0,0.0,0.0,0.0,0.0,0.0,0.0,0.0,0.0,0.0,0.0,666666.6667,3.0,0.0,3.0,3.0,0.0,0.0,0.0,0.0,0.0,0.0,0.0,0.0,0.0,0.0,0.0,0.0,40.0,20.0,333333.3333,333333.3333,0.0,0.0,0.0,0.0,0.0,0.0,0.0,0.0,1.0,0.0,0.0,0.0,0.0,1.0,0.0,0.0,0.0,1.0,0.0,1.0,0.0,26883.0,0.0,0.0,40.0,0.0,0.0,0.0,0.0,0.0,0.0,0.0,0.0,DoS attacks-SlowHTTPTest
21.0,6.0,2018-02-16 10:42:08,2.0,1.0,1.0,0.0,0.0,0.0,0.0,0.0,0.0,0.0,0.0,0.0,0.0,0.0,1000000.0,2.0,0.0,2.0,2.0,0.0,0.0,0.0,0.0,0.0,0.0,0.0,0.0,0.0,0.0,0.0,0.0,40.0,20.0,500000.0,500000.0,0.0,0.0,0.0,0.0,0.0,0.0,0.0,0.0,1.0,0.0,0.0,0.0,0.0,1.0,0.0,0.0,0.0,1.0,0.0,1.0,0.0,26883.0,0.0,0.0,40.0,0.0,0.0,0.0,0.0,0.0,0.0,0.0,0.0,DoS attacks-SlowHTTPTest
21.0,6.0,2018-02-16 10:24:12,3.0,1.0,1.0,0.0,0.0,0.0,0.0,0.0,0.0,0.0,0.0,0.0,0.0,0.0,666666.6667,3.0,0.0,3.0,3.0,0.0,0.0,0.0,0.0,0.0,0.0,0.0,0.0,0.0,0.0,0.0,0.0,40.0,20.0,333333.3333,333333.3333,0.0,0.0,0.0,0.0,0.0,0.0,0.0,0.0,1.0,0.0,0.0,0.0,0.0,1.0,0.0,0.0,0.0,1.0,0.0,1.0,0.0,26883.0,0.0,0.0,40.0,0.0,0.0,0.0,0.0,0.0,0.0,0.0,0.0,DoS attacks-SlowHTTPTest
21.0,6.0,2018-02-16 10:13:34,3.0,1.0,1.0,0.0,0.0,0.0,0.0,0.0,0.0,0.0,0.0,0.0,0.0,0.0,666666.6667,3.0,0.0,3.0,3.0,0.0,0.0,0.0,0.0,0.0,0.0,0.0,0.0,0.0,0.0,0.0,0.0,40.0,20.0,333333.3333,333333.3333,0.0,0.0,0.0,0.0,0.0,0.0,0.0,0.0,1.0,0.0,0.0,0.0,0.0,1.0,0.0,0.0,0.0,1.0,0.0,1.0,0.0,26883.0,0.0,0.0,40.0,0.0,0.0,0.0,0.0,0.0,0.0,0.0,0.0,DoS attacks-SlowHTTPTest
21.0,6.0,2018-02-16 10:16:45,3.0,1.0,1.0,0.0,0.0,0.0,0.0,0.0,0.0,0.0,0.0,0.0,0.0,0.0,666666.6667,3.0,0.0,3.0,3.0,0.0,0.0,0.0,0.0,0.0,0.0,0.0,0.0,0.0,0.0,0.0,0.0,40.0,20.0,333333.3333,333333.3333,0.0,0.0,0.0,0.0,0.0,0.0,0.0,0.0,1.0,0.0,0.0,0.0,0.0,1.0,0.0,0.0,0.0,1.0,0.0,1.0,0.0,26883.0,0.0,0.0,40.0,0.0,0.0,0.0,0.0,0.0,0.0,0.0,0.0,DoS attacks-SlowHTTPTest
21.0,6.0,2018-02-16 10:28:41,2.0,1.0,1.0,0.0,0.0,0.0,0.0,0.0,0.0,0.0,0.0,0.0,0.0,0.0,1000000.0,2.0,0.0,2.0,2.0,0.0,0.0,0.0,0.0,0.0,0.0,0.0,0.0,0.0,0.0,0.0,0.0,40.0,20.0,500000.0,500000.0,0.0,0.0,0.0,0.0,0.0,0.0,0.0,0.0,1.0,0.0,0.0,0.0,0.0,1.0,0.0,0.0,0.0,1.0,0.0,1.0,0.0,26883.0,0.0,0.0,40.0,0.0,0.0,0.0,0.0,0.0,0.0,0.0,0.0,DoS attacks-SlowHTTPTest
21.0,6.0,2018-02-16 10:56:45,5.0,1.0,1.0,0.0,0.0,0.0,0.0,0.0,0.0,0.0,0.0,0.0,0.0,0.0,400000.0,5.0,0.0,5.0,5.0,0.0,0.0,0.0,0.0,0.0,0.0,0.0,0.0,0.0,0.0,0.0,0.0,40.0,20.0,200000.0,200000.0,0.0,0.0,0.0,0.0,0.0,0.0,0.0,0.0,1.0,0.0,0.0,0.0,0.0,1.0,0.0,0.0,0.0,1.0,0.0,1.0,0.0,26883.0,0.0,0.0,40.0,0.0,0.0,0.0,0.0,0.0,0.0,0.0,0.0,DoS attacks-SlowHTTPTest
21.0,6.0,2018-02-16 10:27:36,21.0,1.0,1.0,0.0,0.0,0.0,0.0,0.0,0.0,0.0,0.0,0.0,0.0,0.0,95238.09524,21.0,0.0,21.0,21.0,0.0,0.0,0.0,0.0,0.0,0.0,0.0,0.0,0.0,0.0,0.0,0.0,40.0,20.0,47619.04762,47619.04762,0.0,0.0,0.0,0.0,0.0,0.0,0.0,0.0,1.0,0.0,0.0,0.0,0.0,1.0,0.0,0.0,0.0,1.0,0.0,1.0,0.0,26883.0,0.0,0.0,40.0,0.0,0.0,0.0,0.0,0.0,0.0,0.0,0.0,DoS attacks-SlowHTTPTest
21.0,6.0,2018-02-16 10:31:53,2.0,1.0,1.0,0.0,0.0,0.0,0.0,0.0,0.0,0.0,0.0,0.0,0.0,0.0,1000000.0,2.0,0.0,2.0,2.0,0.0,0.0,0.0,0.0,0.0,0.0,0.0,0.0,0.0,0.0,0.0,0.0,40.0,20.0,500000.0,500000.0,0.0,0.0,0.0,0.0,0.0,0.0,0.0,0.0,1.0,0.0,0.0,0.0,0.0,1.0,0.0,0.0,0.0,1.0,0.0,1.0,0.0,26883.0,0.0,0.0,40.0,0.0,0.0,0.0,0.0,0.0,0.0,0.0,0.0,DoS attacks-SlowHTTPTest
21.0,6.0,2018-02-16 10:36:02,2.0,1.0,1.0,0.0,0.0,0.0,0.0,0.0,0.0,0.0,0.0,0.0,0.0,0.0,1000000.0,2.0,0.0,2.0,2.0,0.0,0.0,0.0,0.0,0.0,0.0,0.0,0.0,0.0,0.0,0.0,0.0,40.0,20.0,500000.0,500000.0,0.0,0.0,0.0,0.0,0.0,0.0,0.0,0.0,1.0,0.0,0.0,0.0,0.0,1.0,0.0,0.0,0.0,1.0,0.0,1.0,0.0,26883.0,0.0,0.0,40.0,0.0,0.0,0.0,0.0,0.0,0.0,0.0,0.0,DoS attacks-SlowHTTPTest
21.0,6.0,2018-02-16 10:27:45,3.0,1.0,1.0,0.0,0.0,0.0,0.0,0.0,0.0,0.0,0.0,0.0,0.0,0.0,666666.6667,3.0,0.0,3.0,3.0,0.0,0.0,0.0,0.0,0.0,0.0,0.0,0.0,0.0,0.0,0.0,0.0,40.0,20.0,333333.3333,333333.3333,0.0,0.0,0.0,0.0,0.0,0.0,0.0,0.0,1.0,0.0,0.0,0.0,0.0,1.0,0.0,0.0,0.0,1.0,0.0,1.0,0.0,26883.0,0.0,0.0,40.0,0.0,0.0,0.0,0.0,0.0,0.0,0.0,0.0,DoS attacks-SlowHTTPTest
21.0,6.0,2018-02-16 10:50:06,2.0,1.0,1.0,0.0,0.0,0.0,0.0,0.0,0.0,0.0,0.0,0.0,0.0,0.0,1000000.0,2.0,0.0,2.0,2.0,0.0,0.0,0.0,0.0,0.0,0.0,0.0,0.0,0.0,0.0,0.0,0.0,40.0,20.0,500000.0,500000.0,0.0,0.0,0.0,0.0,0.0,0.0,0.0,0.0,1.0,0.0,0.0,0.0,0.0,1.0,0.0,0.0,0.0,1.0,0.0,1.0,0.0,26883.0,0.0,0.0,40.0,0.0,0.0,0.0,0.0,0.0,0.0,0.0,0.0,DoS attacks-SlowHTTPTest
21.0,6.0,2018-02-16 10:28:27,2.0,1.0,1.0,0.0,0.0,0.0,0.0,0.0,0.0,0.0,0.0,0.0,0.0,0.0,1000000.0,2.0,0.0,2.0,2.0,0.0,0.0,0.0,0.0,0.0,0.0,0.0,0.0,0.0,0.0,0.0,0.0,40.0,20.0,500000.0,500000.0,0.0,0.0,0.0,0.0,0.0,0.0,0.0,0.0,1.0,0.0,0.0,0.0,0.0,1.0,0.0,0.0,0.0,1.0,0.0,1.0,0.0,26883.0,0.0,0.0,40.0,0.0,0.0,0.0,0.0,0.0,0.0,0.0,0.0,DoS attacks-SlowHTTPTest
21.0,6.0,2018-02-16 10:55:34,3.0,1.0,1.0,0.0,0.0,0.0,0.0,0.0,0.0,0.0,0.0,0.0,0.0,0.0,666666.6667,3.0,0.0,3.0,3.0,0.0,0.0,0.0,0.0,0.0,0.0,0.0,0.0,0.0,0.0,0.0,0.0,40.0,20.0,333333.3333,333333.3333,0.0,0.0,0.0,0.0,0.0,0.0,0.0,0.0,1.0,0.0,0.0,0.0,0.0,1.0,0.0,0.0,0.0,1.0,0.0,1.0,0.0,26883.0,0.0,0.0,40.0,0.0,0.0,0.0,0.0,0.0,0.0,0.0,0.0,DoS attacks-SlowHTTPTest
21.0,6.0,2018-02-16 10:28:03,3.0,1.0,1.0,0.0,0.0,0.0,0.0,0.0,0.0,0.0,0.0,0.0,0.0,0.0,666666.6667,3.0,0.0,3.0,3.0,0.0,0.0,0.0,0.0,0.0,0.0,0.0,0.0,0.0,0.0,0.0,0.0,40.0,20.0,333333.3333,333333.3333,0.0,0.0,0.0,0.0,0.0,0.0,0.0,0.0,1.0,0.0,0.0,0.0,0.0,1.0,0.0,0.0,0.0,1.0,0.0,1.0,0.0,26883.0,0.0,0.0,40.0,0.0,0.0,0.0,0.0,0.0,0.0,0.0,0.0,DoS attacks-SlowHTTPTest
21.0,6.0,2018-02-16 10:33:37,2.0,1.0,1.0,0.0,0.0,0.0,0.0,0.0,0.0,0.0,0.0,0.0,0.0,0.0,1000000.0,2.0,0.0,2.0,2.0,0.0,0.0,0.0,0.0,0.0,0.0,0.0,0.0,0.0,0.0,0.0,0.0,40.0,20.0,500000.0,500000.0,0.0,0.0,0.0,0.0,0.0,0.0,0.0,0.0,1.0,0.0,0.0,0.0,0.0,1.0,0.0,0.0,0.0,1.0,0.0,1.0,0.0,26883.0,0.0,0.0,40.0,0.0,0.0,0.0,0.0,0.0,0.0,0.0,0.0,DoS attacks-SlowHTTPTest
21.0,6.0,2018-02-16 10:34:12,2.0,1.0,1.0,0.0,0.0,0.0,0.0,0.0,0.0,0.0,0.0,0.0,0.0,0.0,1000000.0,2.0,0.0,2.0,2.0,0.0,0.0,0.0,0.0,0.0,0.0,0.0,0.0,0.0,0.0,0.0,0.0,40.0,20.0,500000.0,500000.0,0.0,0.0,0.0,0.0,0.0,0.0,0.0,0.0,1.0,0.0,0.0,0.0,0.0,1.0,0.0,0.0,0.0,1.0,0.0,1.0,0.0,26883.0,0.0,0.0,40.0,0.0,0.0,0.0,0.0,0.0,0.0,0.0,0.0,DoS attacks-SlowHTTPTest
21.0,6.0,2018-02-16 10:17:00,3.0,1.0,1.0,0.0,0.0,0.0,0.0,0.0,0.0,0.0,0.0,0.0,0.0,0.0,666666.6667,3.0,0.0,3.0,3.0,0.0,0.0,0.0,0.0,0.0,0.0,0.0,0.0,0.0,0.0,0.0,0.0,40.0,20.0,333333.3333,333333.3333,0.0,0.0,0.0,0.0,0.0,0.0,0.0,0.0,1.0,0.0,0.0,0.0,0.0,1.0,0.0,0.0,0.0,1.0,0.0,1.0,0.0,26883.0,0.0,0.0,40.0,0.0,0.0,0.0,0.0,0.0,0.0,0.0,0.0,DoS attacks-SlowHTTPTest
21.0,6.0,2018-02-16 10:55:39,3.0,1.0,1.0,0.0,0.0,0.0,0.0,0.0,0.0,0.0,0.0,0.0,0.0,0.0,666666.6667,3.0,0.0,3.0,3.0,0.0,0.0,0.0,0.0,0.0,0.0,0.0,0.0,0.0,0.0,0.0,0.0,40.0,20.0,333333.3333,333333.3333,0.0,0.0,0.0,0.0,0.0,0.0,0.0,0.0,1.0,0.0,0.0,0.0,0.0,1.0,0.0,0.0,0.0,1.0,0.0,1.0,0.0,26883.0,0.0,0.0,40.0,0.0,0.0,0.0,0.0,0.0,0.0,0.0,0.0,DoS attacks-SlowHTTPTest
21.0,6.0,2018-02-16 10:28:30,3.0,1.0,1.0,0.0,0.0,0.0,0.0,0.0,0.0,0.0,0.0,0.0,0.0,0.0,666666.6667,3.0,0.0,3.0,3.0,0.0,0.0,0.0,0.0,0.0,0.0,0.0,0.0,0.0,0.0,0.0,0.0,40.0,20.0,333333.3333,333333.3333,0.0,0.0,0.0,0.0,0.0,0.0,0.0,0.0,1.0,0.0,0.0,0.0,0.0,1.0,0.0,0.0,0.0,1.0,0.0,1.0,0.0,26883.0,0.0,0.0,40.0,0.0,0.0,0.0,0.0,0.0,0.0,0.0,0.0,DoS attacks-SlowHTTPTest
21.0,6.0,2018-02-16 10:24:24,3.0,1.0,1.0,0.0,0.0,0.0,0.0,0.0,0.0,0.0,0.0,0.0,0.0,0.0,666666.6667,3.0,0.0,3.0,3.0,0.0,0.0,0.0,0.0,0.0,0.0,0.0,0.0,0.0,0.0,0.0,0.0,40.0,20.0,333333.3333,333333.3333,0.0,0.0,0.0,0.0,0.0,0.0,0.0,0.0,1.0,0.0,0.0,0.0,0.0,1.0,0.0,0.0,0.0,1.0,0.0,1.0,0.0,26883.0,0.0,0.0,40.0,0.0,0.0,0.0,0.0,0.0,0.0,0.0,0.0,DoS attacks-SlowHTTPTest
21.0,6.0,2018-02-16 10:25:11,3.0,1.0,1.0,0.0,0.0,0.0,0.0,0.0,0.0,0.0,0.0,0.0,0.0,0.0,666666.6667,3.0,0.0,3.0,3.0,0.0,0.0,0.0,0.0,0.0,0.0,0.0,0.0,0.0,0.0,0.0,0.0,40.0,20.0,333333.3333,333333.3333,0.0,0.0,0.0,0.0,0.0,0.0,0.0,0.0,1.0,0.0,0.0,0.0,0.0,1.0,0.0,0.0,0.0,1.0,0.0,1.0,0.0,26883.0,0.0,0.0,40.0,0.0,0.0,0.0,0.0,0.0,0.0,0.0,0.0,DoS attacks-SlowHTTPTest
21.0,6.0,2018-02-16 10:48:06,2.0,1.0,1.0,0.0,0.0,0.0,0.0,0.0,0.0,0.0,0.0,0.0,0.0,0.0,1000000.0,2.0,0.0,2.0,2.0,0.0,0.0,0.0,0.0,0.0,0.0,0.0,0.0,0.0,0.0,0.0,0.0,40.0,20.0,500000.0,500000.0,0.0,0.0,0.0,0.0,0.0,0.0,0.0,0.0,1.0,0.0,0.0,0.0,0.0,1.0,0.0,0.0,0.0,1.0,0.0,1.0,0.0,26883.0,0.0,0.0,40.0,0.0,0.0,0.0,0.0,0.0,0.0,0.0,0.0,DoS attacks-SlowHTTPTest
21.0,6.0,2018-02-16 10:18:51,3.0,1.0,1.0,0.0,0.0,0.0,0.0,0.0,0.0,0.0,0.0,0.0,0.0,0.0,666666.6667,3.0,0.0,3.0,3.0,0.0,0.0,0.0,0.0,0.0,0.0,0.0,0.0,0.0,0.0,0.0,0.0,40.0,20.0,333333.3333,333333.3333,0.0,0.0,0.0,0.0,0.0,0.0,0.0,0.0,1.0,0.0,0.0,0.0,0.0,1.0,0.0,0.0,0.0,1.0,0.0,1.0,0.0,26883.0,0.0,0.0,40.0,0.0,0.0,0.0,0.0,0.0,0.0,0.0,0.0,DoS attacks-SlowHTTPTest
21.0,6.0,2018-02-16 10:34:06,22.0,1.0,1.0,0.0,0.0,0.0,0.0,0.0,0.0,0.0,0.0,0.0,0.0,0.0,90909.09091,22.0,0.0,22.0,22.0,0.0,0.0,0.0,0.0,0.0,0.0,0.0,0.0,0.0,0.0,0.0,0.0,40.0,20.0,45454.54545,45454.54545,0.0,0.0,0.0,0.0,0.0,0.0,0.0,0.0,1.0,0.0,0.0,0.0,0.0,1.0,0.0,0.0,0.0,1.0,0.0,1.0,0.0,26883.0,0.0,0.0,40.0,0.0,0.0,0.0,0.0,0.0,0.0,0.0,0.0,DoS attacks-SlowHTTPTest
21.0,6.0,2018-02-16 10:22:27,3.0,1.0,1.0,0.0,0.0,0.0,0.0,0.0,0.0,0.0,0.0,0.0,0.0,0.0,666666.6667,3.0,0.0,3.0,3.0,0.0,0.0,0.0,0.0,0.0,0.0,0.0,0.0,0.0,0.0,0.0,0.0,40.0,20.0,333333.3333,333333.3333,0.0,0.0,0.0,0.0,0.0,0.0,0.0,0.0,1.0,0.0,0.0,0.0,0.0,1.0,0.0,0.0,0.0,1.0,0.0,1.0,0.0,26883.0,0.0,0.0,40.0,0.0,0.0,0.0,0.0,0.0,0.0,0.0,0.0,DoS attacks-SlowHTTPTest
21.0,6.0,2018-02-16 10:25:08,2.0,1.0,1.0,0.0,0.0,0.0,0.0,0.0,0.0,0.0,0.0,0.0,0.0,0.0,1000000.0,2.0,0.0,2.0,2.0,0.0,0.0,0.0,0.0,0.0,0.0,0.0,0.0,0.0,0.0,0.0,0.0,40.0,20.0,500000.0,500000.0,0.0,0.0,0.0,0.0,0.0,0.0,0.0,0.0,1.0,0.0,0.0,0.0,0.0,1.0,0.0,0.0,0.0,1.0,0.0,1.0,0.0,26883.0,0.0,0.0,40.0,0.0,0.0,0.0,0.0,0.0,0.0,0.0,0.0,DoS attacks-SlowHTTPTest
21.0,6.0,2018-02-16 10:52:15,22.0,1.0,1.0,0.0,0.0,0.0,0.0,0.0,0.0,0.0,0.0,0.0,0.0,0.0,90909.09091,22.0,0.0,22.0,22.0,0.0,0.0,0.0,0.0,0.0,0.0,0.0,0.0,0.0,0.0,0.0,0.0,40.0,20.0,45454.54545,45454.54545,0.0,0.0,0.0,0.0,0.0,0.0,0.0,0.0,1.0,0.0,0.0,0.0,0.0,1.0,0.0,0.0,0.0,1.0,0.0,1.0,0.0,26883.0,0.0,0.0,40.0,0.0,0.0,0.0,0.0,0.0,0.0,0.0,0.0,DoS attacks-SlowHTTPTest
21.0,6.0,2018-02-16 10:26:37,3.0,1.0,1.0,0.0,0.0,0.0,0.0,0.0,0.0,0.0,0.0,0.0,0.0,0.0,666666.6667,3.0,0.0,3.0,3.0,0.0,0.0,0.0,0.0,0.0,0.0,0.0,0.0,0.0,0.0,0.0,0.0,40.0,20.0,333333.3333,333333.3333,0.0,0.0,0.0,0.0,0.0,0.0,0.0,0.0,1.0,0.0,0.0,0.0,0.0,1.0,0.0,0.0,0.0,1.0,0.0,1.0,0.0,26883.0,0.0,0.0,40.0,0.0,0.0,0.0,0.0,0.0,0.0,0.0,0.0,DoS attacks-SlowHTTPTest
21.0,6.0,2018-02-16 10:43:18,11.0,1.0,1.0,0.0,0.0,0.0,0.0,0.0,0.0,0.0,0.0,0.0,0.0,0.0,181818.1818,11.0,0.0,11.0,11.0,0.0,0.0,0.0,0.0,0.0,0.0,0.0,0.0,0.0,0.0,0.0,0.0,40.0,20.0,90909.09091,90909.09091,0.0,0.0,0.0,0.0,0.0,0.0,0.0,0.0,1.0,0.0,0.0,0.0,0.0,1.0,0.0,0.0,0.0,1.0,0.0,1.0,0.0,26883.0,0.0,0.0,40.0,0.0,0.0,0.0,0.0,0.0,0.0,0.0,0.0,DoS attacks-SlowHTTPTest
21.0,6.0,2018-02-16 10:32:06,21.0,1.0,1.0,0.0,0.0,0.0,0.0,0.0,0.0,0.0,0.0,0.0,0.0,0.0,95238.09524,21.0,0.0,21.0,21.0,0.0,0.0,0.0,0.0,0.0,0.0,0.0,0.0,0.0,0.0,0.0,0.0,40.0,20.0,47619.04762,47619.04762,0.0,0.0,0.0,0.0,0.0,0.0,0.0,0.0,1.0,0.0,0.0,0.0,0.0,1.0,0.0,0.0,0.0,1.0,0.0,1.0,0.0,26883.0,0.0,0.0,40.0,0.0,0.0,0.0,0.0,0.0,0.0,0.0,0.0,DoS attacks-SlowHTTPTest
21.0,6.0,2018-02-16 10:47:49,3.0,1.0,1.0,0.0,0.0,0.0,0.0,0.0,0.0,0.0,0.0,0.0,0.0,0.0,666666.6667,3.0,0.0,3.0,3.0,0.0,0.0,0.0,0.0,0.0,0.0,0.0,0.0,0.0,0.0,0.0,0.0,40.0,20.0,333333.3333,333333.3333,0.0,0.0,0.0,0.0,0.0,0.0,0.0,0.0,1.0,0.0,0.0,0.0,0.0,1.0,0.0,0.0,0.0,1.0,0.0,1.0,0.0,26883.0,0.0,0.0,40.0,0.0,0.0,0.0,0.0,0.0,0.0,0.0,0.0,DoS attacks-SlowHTTPTest
21.0,6.0,2018-02-16 10:21:43,21.0,1.0,1.0,0.0,0.0,0.0,0.0,0.0,0.0,0.0,0.0,0.0,0.0,0.0,95238.09524,21.0,0.0,21.0,21.0,0.0,0.0,0.0,0.0,0.0,0.0,0.0,0.0,0.0,0.0,0.0,0.0,40.0,20.0,47619.04762,47619.04762,0.0,0.0,0.0,0.0,0.0,0.0,0.0,0.0,1.0,0.0,0.0,0.0,0.0,1.0,0.0,0.0,0.0,1.0,0.0,1.0,0.0,26883.0,0.0,0.0,40.0,0.0,0.0,0.0,0.0,0.0,0.0,0.0,0.0,DoS attacks-SlowHTTPTest
21.0,6.0,2018-02-16 10:41:05,14.0,1.0,1.0,0.0,0.0,0.0,0.0,0.0,0.0,0.0,0.0,0.0,0.0,0.0,142857.1429,14.0,0.0,14.0,14.0,0.0,0.0,0.0,0.0,0.0,0.0,0.0,0.0,0.0,0.0,0.0,0.0,40.0,20.0,71428.57143,71428.57143,0.0,0.0,0.0,0.0,0.0,0.0,0.0,0.0,1.0,0.0,0.0,0.0,0.0,1.0,0.0,0.0,0.0,1.0,0.0,1.0,0.0,26883.0,0.0,0.0,40.0,0.0,0.0,0.0,0.0,0.0,0.0,0.0,0.0,DoS attacks-SlowHTTPTest
21.0,6.0,2018-02-16 10:30:18,2.0,1.0,1.0,0.0,0.0,0.0,0.0,0.0,0.0,0.0,0.0,0.0,0.0,0.0,1000000.0,2.0,0.0,2.0,2.0,0.0,0.0,0.0,0.0,0.0,0.0,0.0,0.0,0.0,0.0,0.0,0.0,40.0,20.0,500000.0,500000.0,0.0,0.0,0.0,0.0,0.0,0.0,0.0,0.0,1.0,0.0,0.0,0.0,0.0,1.0,0.0,0.0,0.0,1.0,0.0,1.0,0.0,26883.0,0.0,0.0,40.0,0.0,0.0,0.0,0.0,0.0,0.0,0.0,0.0,DoS attacks-SlowHTTPTest
21.0,6.0,2018-02-16 10:28:43,3.0,1.0,1.0,0.0,0.0,0.0,0.0,0.0,0.0,0.0,0.0,0.0,0.0,0.0,666666.6667,3.0,0.0,3.0,3.0,0.0,0.0,0.0,0.0,0.0,0.0,0.0,0.0,0.0,0.0,0.0,0.0,40.0,20.0,333333.3333,333333.3333,0.0,0.0,0.0,0.0,0.0,0.0,0.0,0.0,1.0,0.0,0.0,0.0,0.0,1.0,0.0,0.0,0.0,1.0,0.0,1.0,0.0,26883.0,0.0,0.0,40.0,0.0,0.0,0.0,0.0,0.0,0.0,0.0,0.0,DoS attacks-SlowHTTPTest
21.0,6.0,2018-02-16 10:26:39,20.0,1.0,1.0,0.0,0.0,0.0,0.0,0.0,0.0,0.0,0.0,0.0,0.0,0.0,100000.0,20.0,0.0,20.0,20.0,0.0,0.0,0.0,0.0,0.0,0.0,0.0,0.0,0.0,0.0,0.0,0.0,40.0,20.0,50000.0,50000.0,0.0,0.0,0.0,0.0,0.0,0.0,0.0,0.0,1.0,0.0,0.0,0.0,0.0,1.0,0.0,0.0,0.0,1.0,0.0,1.0,0.0,26883.0,0.0,0.0,40.0,0.0,0.0,0.0,0.0,0.0,0.0,0.0,0.0,DoS attacks-SlowHTTPTest
21.0,6.0,2018-02-16 10:19:23,20.0,1.0,1.0,0.0,0.0,0.0,0.0,0.0,0.0,0.0,0.0,0.0,0.0,0.0,100000.0,20.0,0.0,20.0,20.0,0.0,0.0,0.0,0.0,0.0,0.0,0.0,0.0,0.0,0.0,0.0,0.0,40.0,20.0,50000.0,50000.0,0.0,0.0,0.0,0.0,0.0,0.0,0.0,0.0,1.0,0.0,0.0,0.0,0.0,1.0,0.0,0.0,0.0,1.0,0.0,1.0,0.0,26883.0,0.0,0.0,40.0,0.0,0.0,0.0,0.0,0.0,0.0,0.0,0.0,DoS attacks-SlowHTTPTest
21.0,6.0,2018-02-16 10:13:42,2.0,1.0,1.0,0.0,0.0,0.0,0.0,0.0,0.0,0.0,0.0,0.0,0.0,0.0,1000000.0,2.0,0.0,2.0,2.0,0.0,0.0,0.0,0.0,0.0,0.0,0.0,0.0,0.0,0.0,0.0,0.0,40.0,20.0,500000.0,500000.0,0.0,0.0,0.0,0.0,0.0,0.0,0.0,0.0,1.0,0.0,0.0,0.0,0.0,1.0,0.0,0.0,0.0,1.0,0.0,1.0,0.0,26883.0,0.0,0.0,40.0,0.0,0.0,0.0,0.0,0.0,0.0,0.0,0.0,DoS attacks-SlowHTTPTest
21.0,6.0,2018-02-16 10:26:53,3.0,1.0,1.0,0.0,0.0,0.0,0.0,0.0,0.0,0.0,0.0,0.0,0.0,0.0,666666.6667,3.0,0.0,3.0,3.0,0.0,0.0,0.0,0.0,0.0,0.0,0.0,0.0,0.0,0.0,0.0,0.0,40.0,20.0,333333.3333,333333.3333,0.0,0.0,0.0,0.0,0.0,0.0,0.0,0.0,1.0,0.0,0.0,0.0,0.0,1.0,0.0,0.0,0.0,1.0,0.0,1.0,0.0,26883.0,0.0,0.0,40.0,0.0,0.0,0.0,0.0,0.0,0.0,0.0,0.0,DoS attacks-SlowHTTPTest
21.0,6.0,2018-02-16 10:33:42,20.0,1.0,1.0,0.0,0.0,0.0,0.0,0.0,0.0,0.0,0.0,0.0,0.0,0.0,100000.0,20.0,0.0,20.0,20.0,0.0,0.0,0.0,0.0,0.0,0.0,0.0,0.0,0.0,0.0,0.0,0.0,40.0,20.0,50000.0,50000.0,0.0,0.0,0.0,0.0,0.0,0.0,0.0,0.0,1.0,0.0,0.0,0.0,0.0,1.0,0.0,0.0,0.0,1.0,0.0,1.0,0.0,26883.0,0.0,0.0,40.0,0.0,0.0,0.0,0.0,0.0,0.0,0.0,0.0,DoS attacks-SlowHTTPTest
21.0,6.0,2018-02-16 10:26:34,5.0,1.0,1.0,0.0,0.0,0.0,0.0,0.0,0.0,0.0,0.0,0.0,0.0,0.0,400000.0,5.0,0.0,5.0,5.0,0.0,0.0,0.0,0.0,0.0,0.0,0.0,0.0,0.0,0.0,0.0,0.0,40.0,20.0,200000.0,200000.0,0.0,0.0,0.0,0.0,0.0,0.0,0.0,0.0,1.0,0.0,0.0,0.0,0.0,1.0,0.0,0.0,0.0,1.0,0.0,1.0,0.0,26883.0,0.0,0.0,40.0,0.0,0.0,0.0,0.0,0.0,0.0,0.0,0.0,DoS attacks-SlowHTTPTest
21.0,6.0,2018-02-16 10:24:05,2.0,1.0,1.0,0.0,0.0,0.0,0.0,0.0,0.0,0.0,0.0,0.0,0.0,0.0,1000000.0,2.0,0.0,2.0,2.0,0.0,0.0,0.0,0.0,0.0,0.0,0.0,0.0,0.0,0.0,0.0,0.0,40.0,20.0,500000.0,500000.0,0.0,0.0,0.0,0.0,0.0,0.0,0.0,0.0,1.0,0.0,0.0,0.0,0.0,1.0,0.0,0.0,0.0,1.0,0.0,1.0,0.0,26883.0,0.0,0.0,40.0,0.0,0.0,0.0,0.0,0.0,0.0,0.0,0.0,DoS attacks-SlowHTTPTest
21.0,6.0,2018-02-16 10:18:09,3.0,1.0,1.0,0.0,0.0,0.0,0.0,0.0,0.0,0.0,0.0,0.0,0.0,0.0,666666.6667,3.0,0.0,3.0,3.0,0.0,0.0,0.0,0.0,0.0,0.0,0.0,0.0,0.0,0.0,0.0,0.0,40.0,20.0,333333.3333,333333.3333,0.0,0.0,0.0,0.0,0.0,0.0,0.0,0.0,1.0,0.0,0.0,0.0,0.0,1.0,0.0,0.0,0.0,1.0,0.0,1.0,0.0,26883.0,0.0,0.0,40.0,0.0,0.0,0.0,0.0,0.0,0.0,0.0,0.0,DoS attacks-SlowHTTPTest
21.0,6.0,2018-02-16 10:28:03,3.0,1.0,1.0,0.0,0.0,0.0,0.0,0.0,0.0,0.0,0.0,0.0,0.0,0.0,666666.6667,3.0,0.0,3.0,3.0,0.0,0.0,0.0,0.0,0.0,0.0,0.0,0.0,0.0,0.0,0.0,0.0,40.0,20.0,333333.3333,333333.3333,0.0,0.0,0.0,0.0,0.0,0.0,0.0,0.0,1.0,0.0,0.0,0.0,0.0,1.0,0.0,0.0,0.0,1.0,0.0,1.0,0.0,26883.0,0.0,0.0,40.0,0.0,0.0,0.0,0.0,0.0,0.0,0.0,0.0,DoS attacks-SlowHTTPTest
21.0,6.0,2018-02-16 10:50:58,2.0,1.0,1.0,0.0,0.0,0.0,0.0,0.0,0.0,0.0,0.0,0.0,0.0,0.0,1000000.0,2.0,0.0,2.0,2.0,0.0,0.0,0.0,0.0,0.0,0.0,0.0,0.0,0.0,0.0,0.0,0.0,40.0,20.0,500000.0,500000.0,0.0,0.0,0.0,0.0,0.0,0.0,0.0,0.0,1.0,0.0,0.0,0.0,0.0,1.0,0.0,0.0,0.0,1.0,0.0,1.0,0.0,26883.0,0.0,0.0,40.0,0.0,0.0,0.0,0.0,0.0,0.0,0.0,0.0,DoS attacks-SlowHTTPTest
21.0,6.0,2018-02-16 10:17:57,2.0,1.0,1.0,0.0,0.0,0.0,0.0,0.0,0.0,0.0,0.0,0.0,0.0,0.0,1000000.0,2.0,0.0,2.0,2.0,0.0,0.0,0.0,0.0,0.0,0.0,0.0,0.0,0.0,0.0,0.0,0.0,40.0,20.0,500000.0,500000.0,0.0,0.0,0.0,0.0,0.0,0.0,0.0,0.0,1.0,0.0,0.0,0.0,0.0,1.0,0.0,0.0,0.0,1.0,0.0,1.0,0.0,26883.0,0.0,0.0,40.0,0.0,0.0,0.0,0.0,0.0,0.0,0.0,0.0,DoS attacks-SlowHTTPTest
21.0,6.0,2018-02-16 10:21:17,4.0,1.0,1.0,0.0,0.0,0.0,0.0,0.0,0.0,0.0,0.0,0.0,0.0,0.0,500000.0,4.0,0.0,4.0,4.0,0.0,0.0,0.0,0.0,0.0,0.0,0.0,0.0,0.0,0.0,0.0,0.0,40.0,20.0,250000.0,250000.0,0.0,0.0,0.0,0.0,0.0,0.0,0.0,0.0,1.0,0.0,0.0,0.0,0.0,1.0,0.0,0.0,0.0,1.0,0.0,1.0,0.0,26883.0,0.0,0.0,40.0,0.0,0.0,0.0,0.0,0.0,0.0,0.0,0.0,DoS attacks-SlowHTTPTest
21.0,6.0,2018-02-16 10:17:32,2.0,1.0,1.0,0.0,0.0,0.0,0.0,0.0,0.0,0.0,0.0,0.0,0.0,0.0,1000000.0,2.0,0.0,2.0,2.0,0.0,0.0,0.0,0.0,0.0,0.0,0.0,0.0,0.0,0.0,0.0,0.0,40.0,20.0,500000.0,500000.0,0.0,0.0,0.0,0.0,0.0,0.0,0.0,0.0,1.0,0.0,0.0,0.0,0.0,1.0,0.0,0.0,0.0,1.0,0.0,1.0,0.0,26883.0,0.0,0.0,40.0,0.0,0.0,0.0,0.0,0.0,0.0,0.0,0.0,DoS attacks-SlowHTTPTest
21.0,6.0,2018-02-16 10:30:48,21.0,1.0,1.0,0.0,0.0,0.0,0.0,0.0,0.0,0.0,0.0,0.0,0.0,0.0,95238.09524,21.0,0.0,21.0,21.0,0.0,0.0,0.0,0.0,0.0,0.0,0.0,0.0,0.0,0.0,0.0,0.0,40.0,20.0,47619.04762,47619.04762,0.0,0.0,0.0,0.0,0.0,0.0,0.0,0.0,1.0,0.0,0.0,0.0,0.0,1.0,0.0,0.0,0.0,1.0,0.0,1.0,0.0,26883.0,0.0,0.0,40.0,0.0,0.0,0.0,0.0,0.0,0.0,0.0,0.0,DoS attacks-SlowHTTPTest
21.0,6.0,2018-02-16 10:12:30,21.0,1.0,1.0,0.0,0.0,0.0,0.0,0.0,0.0,0.0,0.0,0.0,0.0,0.0,95238.09524,21.0,0.0,21.0,21.0,0.0,0.0,0.0,0.0,0.0,0.0,0.0,0.0,0.0,0.0,0.0,0.0,40.0,20.0,47619.04762,47619.04762,0.0,0.0,0.0,0.0,0.0,0.0,0.0,0.0,1.0,0.0,0.0,0.0,0.0,1.0,0.0,0.0,0.0,1.0,0.0,1.0,0.0,26883.0,0.0,0.0,40.0,0.0,0.0,0.0,0.0,0.0,0.0,0.0,0.0,DoS attacks-SlowHTTPTest
21.0,6.0,2018-02-16 10:30:02,2.0,1.0,1.0,0.0,0.0,0.0,0.0,0.0,0.0,0.0,0.0,0.0,0.0,0.0,1000000.0,2.0,0.0,2.0,2.0,0.0,0.0,0.0,0.0,0.0,0.0,0.0,0.0,0.0,0.0,0.0,0.0,40.0,20.0,500000.0,500000.0,0.0,0.0,0.0,0.0,0.0,0.0,0.0,0.0,1.0,0.0,0.0,0.0,0.0,1.0,0.0,0.0,0.0,1.0,0.0,1.0,0.0,26883.0,0.0,0.0,40.0,0.0,0.0,0.0,0.0,0.0,0.0,0.0,0.0,DoS attacks-SlowHTTPTest
21.0,6.0,2018-02-16 10:26:31,2.0,1.0,1.0,0.0,0.0,0.0,0.0,0.0,0.0,0.0,0.0,0.0,0.0,0.0,1000000.0,2.0,0.0,2.0,2.0,0.0,0.0,0.0,0.0,0.0,0.0,0.0,0.0,0.0,0.0,0.0,0.0,40.0,20.0,500000.0,500000.0,0.0,0.0,0.0,0.0,0.0,0.0,0.0,0.0,1.0,0.0,0.0,0.0,0.0,1.0,0.0,0.0,0.0,1.0,0.0,1.0,0.0,26883.0,0.0,0.0,40.0,0.0,0.0,0.0,0.0,0.0,0.0,0.0,0.0,DoS attacks-SlowHTTPTest
21.0,6.0,2018-02-16 10:47:28,22.0,1.0,1.0,0.0,0.0,0.0,0.0,0.0,0.0,0.0,0.0,0.0,0.0,0.0,90909.09091,22.0,0.0,22.0,22.0,0.0,0.0,0.0,0.0,0.0,0.0,0.0,0.0,0.0,0.0,0.0,0.0,40.0,20.0,45454.54545,45454.54545,0.0,0.0,0.0,0.0,0.0,0.0,0.0,0.0,1.0,0.0,0.0,0.0,0.0,1.0,0.0,0.0,0.0,1.0,0.0,1.0,0.0,26883.0,0.0,0.0,40.0,0.0,0.0,0.0,0.0,0.0,0.0,0.0,0.0,DoS attacks-SlowHTTPTest
21.0,6.0,2018-02-16 10:27:59,3.0,1.0,1.0,0.0,0.0,0.0,0.0,0.0,0.0,0.0,0.0,0.0,0.0,0.0,666666.6667,3.0,0.0,3.0,3.0,0.0,0.0,0.0,0.0,0.0,0.0,0.0,0.0,0.0,0.0,0.0,0.0,40.0,20.0,333333.3333,333333.3333,0.0,0.0,0.0,0.0,0.0,0.0,0.0,0.0,1.0,0.0,0.0,0.0,0.0,1.0,0.0,0.0,0.0,1.0,0.0,1.0,0.0,26883.0,0.0,0.0,40.0,0.0,0.0,0.0,0.0,0.0,0.0,0.0,0.0,DoS attacks-SlowHTTPTest
21.0,6.0,2018-02-16 10:49:55,3.0,1.0,1.0,0.0,0.0,0.0,0.0,0.0,0.0,0.0,0.0,0.0,0.0,0.0,666666.6667,3.0,0.0,3.0,3.0,0.0,0.0,0.0,0.0,0.0,0.0,0.0,0.0,0.0,0.0,0.0,0.0,40.0,20.0,333333.3333,333333.3333,0.0,0.0,0.0,0.0,0.0,0.0,0.0,0.0,1.0,0.0,0.0,0.0,0.0,1.0,0.0,0.0,0.0,1.0,0.0,1.0,0.0,26883.0,0.0,0.0,40.0,0.0,0.0,0.0,0.0,0.0,0.0,0.0,0.0,DoS attacks-SlowHTTPTest
21.0,6.0,2018-02-16 10:23:36,3.0,1.0,1.0,0.0,0.0,0.0,0.0,0.0,0.0,0.0,0.0,0.0,0.0,0.0,666666.6667,3.0,0.0,3.0,3.0,0.0,0.0,0.0,0.0,0.0,0.0,0.0,0.0,0.0,0.0,0.0,0.0,40.0,20.0,333333.3333,333333.3333,0.0,0.0,0.0,0.0,0.0,0.0,0.0,0.0,1.0,0.0,0.0,0.0,0.0,1.0,0.0,0.0,0.0,1.0,0.0,1.0,0.0,26883.0,0.0,0.0,40.0,0.0,0.0,0.0,0.0,0.0,0.0,0.0,0.0,DoS attacks-SlowHTTPTest
21.0,6.0,2018-02-16 10:23:00,2.0,1.0,1.0,0.0,0.0,0.0,0.0,0.0,0.0,0.0,0.0,0.0,0.0,0.0,1000000.0,2.0,0.0,2.0,2.0,0.0,0.0,0.0,0.0,0.0,0.0,0.0,0.0,0.0,0.0,0.0,0.0,40.0,20.0,500000.0,500000.0,0.0,0.0,0.0,0.0,0.0,0.0,0.0,0.0,1.0,0.0,0.0,0.0,0.0,1.0,0.0,0.0,0.0,1.0,0.0,1.0,0.0,26883.0,0.0,0.0,40.0,0.0,0.0,0.0,0.0,0.0,0.0,0.0,0.0,DoS attacks-SlowHTTPTest
21.0,6.0,2018-02-16 10:56:18,3.0,1.0,1.0,0.0,0.0,0.0,0.0,0.0,0.0,0.0,0.0,0.0,0.0,0.0,666666.6667,3.0,0.0,3.0,3.0,0.0,0.0,0.0,0.0,0.0,0.0,0.0,0.0,0.0,0.0,0.0,0.0,40.0,20.0,333333.3333,333333.3333,0.0,0.0,0.0,0.0,0.0,0.0,0.0,0.0,1.0,0.0,0.0,0.0,0.0,1.0,0.0,0.0,0.0,1.0,0.0,1.0,0.0,26883.0,0.0,0.0,40.0,0.0,0.0,0.0,0.0,0.0,0.0,0.0,0.0,DoS attacks-SlowHTTPTest
21.0,6.0,2018-02-16 10:16:12,2.0,1.0,1.0,0.0,0.0,0.0,0.0,0.0,0.0,0.0,0.0,0.0,0.0,0.0,1000000.0,2.0,0.0,2.0,2.0,0.0,0.0,0.0,0.0,0.0,0.0,0.0,0.0,0.0,0.0,0.0,0.0,40.0,20.0,500000.0,500000.0,0.0,0.0,0.0,0.0,0.0,0.0,0.0,0.0,1.0,0.0,0.0,0.0,0.0,1.0,0.0,0.0,0.0,1.0,0.0,1.0,0.0,26883.0,0.0,0.0,40.0,0.0,0.0,0.0,0.0,0.0,0.0,0.0,0.0,DoS attacks-SlowHTTPTest
21.0,6.0,2018-02-16 10:27:51,3.0,1.0,1.0,0.0,0.0,0.0,0.0,0.0,0.0,0.0,0.0,0.0,0.0,0.0,666666.6667,3.0,0.0,3.0,3.0,0.0,0.0,0.0,0.0,0.0,0.0,0.0,0.0,0.0,0.0,0.0,0.0,40.0,20.0,333333.3333,333333.3333,0.0,0.0,0.0,0.0,0.0,0.0,0.0,0.0,1.0,0.0,0.0,0.0,0.0,1.0,0.0,0.0,0.0,1.0,0.0,1.0,0.0,26883.0,0.0,0.0,40.0,0.0,0.0,0.0,0.0,0.0,0.0,0.0,0.0,DoS attacks-SlowHTTPTest
21.0,6.0,2018-02-16 10:29:18,2.0,1.0,1.0,0.0,0.0,0.0,0.0,0.0,0.0,0.0,0.0,0.0,0.0,0.0,1000000.0,2.0,0.0,2.0,2.0,0.0,0.0,0.0,0.0,0.0,0.0,0.0,0.0,0.0,0.0,0.0,0.0,40.0,20.0,500000.0,500000.0,0.0,0.0,0.0,0.0,0.0,0.0,0.0,0.0,1.0,0.0,0.0,0.0,0.0,1.0,0.0,0.0,0.0,1.0,0.0,1.0,0.0,26883.0,0.0,0.0,40.0,0.0,0.0,0.0,0.0,0.0,0.0,0.0,0.0,DoS attacks-SlowHTTPTest
21.0,6.0,2018-02-16 10:37:04,4.0,1.0,1.0,0.0,0.0,0.0,0.0,0.0,0.0,0.0,0.0,0.0,0.0,0.0,500000.0,4.0,0.0,4.0,4.0,0.0,0.0,0.0,0.0,0.0,0.0,0.0,0.0,0.0,0.0,0.0,0.0,40.0,20.0,250000.0,250000.0,0.0,0.0,0.0,0.0,0.0,0.0,0.0,0.0,1.0,0.0,0.0,0.0,0.0,1.0,0.0,0.0,0.0,1.0,0.0,1.0,0.0,26883.0,0.0,0.0,40.0,0.0,0.0,0.0,0.0,0.0,0.0,0.0,0.0,DoS attacks-SlowHTTPTest
21.0,6.0,2018-02-16 10:45:38,39.0,1.0,1.0,0.0,0.0,0.0,0.0,0.0,0.0,0.0,0.0,0.0,0.0,0.0,51282.05128,39.0,0.0,39.0,39.0,0.0,0.0,0.0,0.0,0.0,0.0,0.0,0.0,0.0,0.0,0.0,0.0,40.0,20.0,25641.02564,25641.02564,0.0,0.0,0.0,0.0,0.0,0.0,0.0,0.0,1.0,0.0,0.0,0.0,0.0,1.0,0.0,0.0,0.0,1.0,0.0,1.0,0.0,26883.0,0.0,0.0,40.0,0.0,0.0,0.0,0.0,0.0,0.0,0.0,0.0,DoS attacks-SlowHTTPTest
21.0,6.0,2018-02-16 10:13:13,3.0,1.0,1.0,0.0,0.0,0.0,0.0,0.0,0.0,0.0,0.0,0.0,0.0,0.0,666666.6667,3.0,0.0,3.0,3.0,0.0,0.0,0.0,0.0,0.0,0.0,0.0,0.0,0.0,0.0,0.0,0.0,40.0,20.0,333333.3333,333333.3333,0.0,0.0,0.0,0.0,0.0,0.0,0.0,0.0,1.0,0.0,0.0,0.0,0.0,1.0,0.0,0.0,0.0,1.0,0.0,1.0,0.0,26883.0,0.0,0.0,40.0,0.0,0.0,0.0,0.0,0.0,0.0,0.0,0.0,DoS attacks-SlowHTTPTest
21.0,6.0,2018-02-16 10:29:30,19.0,1.0,1.0,0.0,0.0,0.0,0.0,0.0,0.0,0.0,0.0,0.0,0.0,0.0,105263.1579,19.0,0.0,19.0,19.0,0.0,0.0,0.0,0.0,0.0,0.0,0.0,0.0,0.0,0.0,0.0,0.0,40.0,20.0,52631.57895,52631.57895,0.0,0.0,0.0,0.0,0.0,0.0,0.0,0.0,1.0,0.0,0.0,0.0,0.0,1.0,0.0,0.0,0.0,1.0,0.0,1.0,0.0,26883.0,0.0,0.0,40.0,0.0,0.0,0.0,0.0,0.0,0.0,0.0,0.0,DoS attacks-SlowHTTPTest
21.0,6.0,2018-02-16 10:19:43,22.0,1.0,1.0,0.0,0.0,0.0,0.0,0.0,0.0,0.0,0.0,0.0,0.0,0.0,90909.09091,22.0,0.0,22.0,22.0,0.0,0.0,0.0,0.0,0.0,0.0,0.0,0.0,0.0,0.0,0.0,0.0,40.0,20.0,45454.54545,45454.54545,0.0,0.0,0.0,0.0,0.0,0.0,0.0,0.0,1.0,0.0,0.0,0.0,0.0,1.0,0.0,0.0,0.0,1.0,0.0,1.0,0.0,26883.0,0.0,0.0,40.0,0.0,0.0,0.0,0.0,0.0,0.0,0.0,0.0,DoS attacks-SlowHTTPTest
21.0,6.0,2018-02-16 10:35:07,2.0,1.0,1.0,0.0,0.0,0.0,0.0,0.0,0.0,0.0,0.0,0.0,0.0,0.0,1000000.0,2.0,0.0,2.0,2.0,0.0,0.0,0.0,0.0,0.0,0.0,0.0,0.0,0.0,0.0,0.0,0.0,40.0,20.0,500000.0,500000.0,0.0,0.0,0.0,0.0,0.0,0.0,0.0,0.0,1.0,0.0,0.0,0.0,0.0,1.0,0.0,0.0,0.0,1.0,0.0,1.0,0.0,26883.0,0.0,0.0,40.0,0.0,0.0,0.0,0.0,0.0,0.0,0.0,0.0,DoS attacks-SlowHTTPTest
21.0,6.0,2018-02-16 10:37:02,22.0,1.0,1.0,0.0,0.0,0.0,0.0,0.0,0.0,0.0,0.0,0.0,0.0,0.0,90909.09091,22.0,0.0,22.0,22.0,0.0,0.0,0.0,0.0,0.0,0.0,0.0,0.0,0.0,0.0,0.0,0.0,40.0,20.0,45454.54545,45454.54545,0.0,0.0,0.0,0.0,0.0,0.0,0.0,0.0,1.0,0.0,0.0,0.0,0.0,1.0,0.0,0.0,0.0,1.0,0.0,1.0,0.0,26883.0,0.0,0.0,40.0,0.0,0.0,0.0,0.0,0.0,0.0,0.0,0.0,DoS attacks-SlowHTTPTest
21.0,6.0,2018-02-16 10:19:16,22.0,1.0,1.0,0.0,0.0,0.0,0.0,0.0,0.0,0.0,0.0,0.0,0.0,0.0,90909.09091,22.0,0.0,22.0,22.0,0.0,0.0,0.0,0.0,0.0,0.0,0.0,0.0,0.0,0.0,0.0,0.0,40.0,20.0,45454.54545,45454.54545,0.0,0.0,0.0,0.0,0.0,0.0,0.0,0.0,1.0,0.0,0.0,0.0,0.0,1.0,0.0,0.0,0.0,1.0,0.0,1.0,0.0,26883.0,0.0,0.0,40.0,0.0,0.0,0.0,0.0,0.0,0.0,0.0,0.0,DoS attacks-SlowHTTPTest
21.0,6.0,2018-02-16 10:19:28,21.0,1.0,1.0,0.0,0.0,0.0,0.0,0.0,0.0,0.0,0.0,0.0,0.0,0.0,95238.09524,21.0,0.0,21.0,21.0,0.0,0.0,0.0,0.0,0.0,0.0,0.0,0.0,0.0,0.0,0.0,0.0,40.0,20.0,47619.04762,47619.04762,0.0,0.0,0.0,0.0,0.0,0.0,0.0,0.0,1.0,0.0,0.0,0.0,0.0,1.0,0.0,0.0,0.0,1.0,0.0,1.0,0.0,26883.0,0.0,0.0,40.0,0.0,0.0,0.0,0.0,0.0,0.0,0.0,0.0,DoS attacks-SlowHTTPTest
21.0,6.0,2018-02-16 10:50:09,3.0,1.0,1.0,0.0,0.0,0.0,0.0,0.0,0.0,0.0,0.0,0.0,0.0,0.0,666666.6667,3.0,0.0,3.0,3.0,0.0,0.0,0.0,0.0,0.0,0.0,0.0,0.0,0.0,0.0,0.0,0.0,40.0,20.0,333333.3333,333333.3333,0.0,0.0,0.0,0.0,0.0,0.0,0.0,0.0,1.0,0.0,0.0,0.0,0.0,1.0,0.0,0.0,0.0,1.0,0.0,1.0,0.0,26883.0,0.0,0.0,40.0,0.0,0.0,0.0,0.0,0.0,0.0,0.0,0.0,DoS attacks-SlowHTTPTest
21.0,6.0,2018-02-16 10:30:31,2.0,1.0,1.0,0.0,0.0,0.0,0.0,0.0,0.0,0.0,0.0,0.0,0.0,0.0,1000000.0,2.0,0.0,2.0,2.0,0.0,0.0,0.0,0.0,0.0,0.0,0.0,0.0,0.0,0.0,0.0,0.0,40.0,20.0,500000.0,500000.0,0.0,0.0,0.0,0.0,0.0,0.0,0.0,0.0,1.0,0.0,0.0,0.0,0.0,1.0,0.0,0.0,0.0,1.0,0.0,1.0,0.0,26883.0,0.0,0.0,40.0,0.0,0.0,0.0,0.0,0.0,0.0,0.0,0.0,DoS attacks-SlowHTTPTest
21.0,6.0,2018-02-16 10:28:55,3.0,1.0,1.0,0.0,0.0,0.0,0.0,0.0,0.0,0.0,0.0,0.0,0.0,0.0,666666.6667,3.0,0.0,3.0,3.0,0.0,0.0,0.0,0.0,0.0,0.0,0.0,0.0,0.0,0.0,0.0,0.0,40.0,20.0,333333.3333,333333.3333,0.0,0.0,0.0,0.0,0.0,0.0,0.0,0.0,1.0,0.0,0.0,0.0,0.0,1.0,0.0,0.0,0.0,1.0,0.0,1.0,0.0,26883.0,0.0,0.0,40.0,0.0,0.0,0.0,0.0,0.0,0.0,0.0,0.0,DoS attacks-SlowHTTPTest
21.0,6.0,2018-02-16 10:21:12,2.0,1.0,1.0,0.0,0.0,0.0,0.0,0.0,0.0,0.0,0.0,0.0,0.0,0.0,1000000.0,2.0,0.0,2.0,2.0,0.0,0.0,0.0,0.0,0.0,0.0,0.0,0.0,0.0,0.0,0.0,0.0,40.0,20.0,500000.0,500000.0,0.0,0.0,0.0,0.0,0.0,0.0,0.0,0.0,1.0,0.0,0.0,0.0,0.0,1.0,0.0,0.0,0.0,1.0,0.0,1.0,0.0,26883.0,0.0,0.0,40.0,0.0,0.0,0.0,0.0,0.0,0.0,0.0,0.0,DoS attacks-SlowHTTPTest
21.0,6.0,2018-02-16 10:47:15,2.0,1.0,1.0,0.0,0.0,0.0,0.0,0.0,0.0,0.0,0.0,0.0,0.0,0.0,1000000.0,2.0,0.0,2.0,2.0,0.0,0.0,0.0,0.0,0.0,0.0,0.0,0.0,0.0,0.0,0.0,0.0,40.0,20.0,500000.0,500000.0,0.0,0.0,0.0,0.0,0.0,0.0,0.0,0.0,1.0,0.0,0.0,0.0,0.0,1.0,0.0,0.0,0.0,1.0,0.0,1.0,0.0,26883.0,0.0,0.0,40.0,0.0,0.0,0.0,0.0,0.0,0.0,0.0,0.0,DoS attacks-SlowHTTPTest
21.0,6.0,2018-02-16 10:15:05,3.0,1.0,1.0,0.0,0.0,0.0,0.0,0.0,0.0,0.0,0.0,0.0,0.0,0.0,666666.6667,3.0,0.0,3.0,3.0,0.0,0.0,0.0,0.0,0.0,0.0,0.0,0.0,0.0,0.0,0.0,0.0,40.0,20.0,333333.3333,333333.3333,0.0,0.0,0.0,0.0,0.0,0.0,0.0,0.0,1.0,0.0,0.0,0.0,0.0,1.0,0.0,0.0,0.0,1.0,0.0,1.0,0.0,26883.0,0.0,0.0,40.0,0.0,0.0,0.0,0.0,0.0,0.0,0.0,0.0,DoS attacks-SlowHTTPTest
21.0,6.0,2018-02-16 10:35:06,2.0,1.0,1.0,0.0,0.0,0.0,0.0,0.0,0.0,0.0,0.0,0.0,0.0,0.0,1000000.0,2.0,0.0,2.0,2.0,0.0,0.0,0.0,0.0,0.0,0.0,0.0,0.0,0.0,0.0,0.0,0.0,40.0,20.0,500000.0,500000.0,0.0,0.0,0.0,0.0,0.0,0.0,0.0,0.0,1.0,0.0,0.0,0.0,0.0,1.0,0.0,0.0,0.0,1.0,0.0,1.0,0.0,26883.0,0.0,0.0,40.0,0.0,0.0,0.0,0.0,0.0,0.0,0.0,0.0,DoS attacks-SlowHTTPTest
21.0,6.0,2018-02-16 10:16:01,3.0,1.0,1.0,0.0,0.0,0.0,0.0,0.0,0.0,0.0,0.0,0.0,0.0,0.0,666666.6667,3.0,0.0,3.0,3.0,0.0,0.0,0.0,0.0,0.0,0.0,0.0,0.0,0.0,0.0,0.0,0.0,40.0,20.0,333333.3333,333333.3333,0.0,0.0,0.0,0.0,0.0,0.0,0.0,0.0,1.0,0.0,0.0,0.0,0.0,1.0,0.0,0.0,0.0,1.0,0.0,1.0,0.0,26883.0,0.0,0.0,40.0,0.0,0.0,0.0,0.0,0.0,0.0,0.0,0.0,DoS attacks-SlowHTTPTest
21.0,6.0,2018-02-16 10:36:01,2.0,1.0,1.0,0.0,0.0,0.0,0.0,0.0,0.0,0.0,0.0,0.0,0.0,0.0,1000000.0,2.0,0.0,2.0,2.0,0.0,0.0,0.0,0.0,0.0,0.0,0.0,0.0,0.0,0.0,0.0,0.0,40.0,20.0,500000.0,500000.0,0.0,0.0,0.0,0.0,0.0,0.0,0.0,0.0,1.0,0.0,0.0,0.0,0.0,1.0,0.0,0.0,0.0,1.0,0.0,1.0,0.0,26883.0,0.0,0.0,40.0,0.0,0.0,0.0,0.0,0.0,0.0,0.0,0.0,DoS attacks-SlowHTTPTest
21.0,6.0,2018-02-16 10:23:12,3.0,1.0,1.0,0.0,0.0,0.0,0.0,0.0,0.0,0.0,0.0,0.0,0.0,0.0,666666.6667,3.0,0.0,3.0,3.0,0.0,0.0,0.0,0.0,0.0,0.0,0.0,0.0,0.0,0.0,0.0,0.0,40.0,20.0,333333.3333,333333.3333,0.0,0.0,0.0,0.0,0.0,0.0,0.0,0.0,1.0,0.0,0.0,0.0,0.0,1.0,0.0,0.0,0.0,1.0,0.0,1.0,0.0,26883.0,0.0,0.0,40.0,0.0,0.0,0.0,0.0,0.0,0.0,0.0,0.0,DoS attacks-SlowHTTPTest
21.0,6.0,2018-02-16 10:50:15,3.0,1.0,1.0,0.0,0.0,0.0,0.0,0.0,0.0,0.0,0.0,0.0,0.0,0.0,666666.6667,3.0,0.0,3.0,3.0,0.0,0.0,0.0,0.0,0.0,0.0,0.0,0.0,0.0,0.0,0.0,0.0,40.0,20.0,333333.3333,333333.3333,0.0,0.0,0.0,0.0,0.0,0.0,0.0,0.0,1.0,0.0,0.0,0.0,0.0,1.0,0.0,0.0,0.0,1.0,0.0,1.0,0.0,26883.0,0.0,0.0,40.0,0.0,0.0,0.0,0.0,0.0,0.0,0.0,0.0,DoS attacks-SlowHTTPTest
21.0,6.0,2018-02-16 10:20:47,6.0,1.0,1.0,0.0,0.0,0.0,0.0,0.0,0.0,0.0,0.0,0.0,0.0,0.0,333333.3333,6.0,0.0,6.0,6.0,0.0,0.0,0.0,0.0,0.0,0.0,0.0,0.0,0.0,0.0,0.0,0.0,40.0,20.0,166666.6667,166666.6667,0.0,0.0,0.0,0.0,0.0,0.0,0.0,0.0,1.0,0.0,0.0,0.0,0.0,1.0,0.0,0.0,0.0,1.0,0.0,1.0,0.0,26883.0,0.0,0.0,40.0,0.0,0.0,0.0,0.0,0.0,0.0,0.0,0.0,DoS attacks-SlowHTTPTest
21.0,6.0,2018-02-16 10:40:47,4.0,1.0,1.0,0.0,0.0,0.0,0.0,0.0,0.0,0.0,0.0,0.0,0.0,0.0,500000.0,4.0,0.0,4.0,4.0,0.0,0.0,0.0,0.0,0.0,0.0,0.0,0.0,0.0,0.0,0.0,0.0,40.0,20.0,250000.0,250000.0,0.0,0.0,0.0,0.0,0.0,0.0,0.0,0.0,1.0,0.0,0.0,0.0,0.0,1.0,0.0,0.0,0.0,1.0,0.0,1.0,0.0,26883.0,0.0,0.0,40.0,0.0,0.0,0.0,0.0,0.0,0.0,0.0,0.0,DoS attacks-SlowHTTPTest
21.0,6.0,2018-02-16 10:25:43,3.0,1.0,1.0,0.0,0.0,0.0,0.0,0.0,0.0,0.0,0.0,0.0,0.0,0.0,666666.6667,3.0,0.0,3.0,3.0,0.0,0.0,0.0,0.0,0.0,0.0,0.0,0.0,0.0,0.0,0.0,0.0,40.0,20.0,333333.3333,333333.3333,0.0,0.0,0.0,0.0,0.0,0.0,0.0,0.0,1.0,0.0,0.0,0.0,0.0,1.0,0.0,0.0,0.0,1.0,0.0,1.0,0.0,26883.0,0.0,0.0,40.0,0.0,0.0,0.0,0.0,0.0,0.0,0.0,0.0,DoS attacks-SlowHTTPTest
21.0,6.0,2018-02-16 10:54:52,4.0,1.0,1.0,0.0,0.0,0.0,0.0,0.0,0.0,0.0,0.0,0.0,0.0,0.0,500000.0,4.0,0.0,4.0,4.0,0.0,0.0,0.0,0.0,0.0,0.0,0.0,0.0,0.0,0.0,0.0,0.0,40.0,20.0,250000.0,250000.0,0.0,0.0,0.0,0.0,0.0,0.0,0.0,0.0,1.0,0.0,0.0,0.0,0.0,1.0,0.0,0.0,0.0,1.0,0.0,1.0,0.0,26883.0,0.0,0.0,40.0,0.0,0.0,0.0,0.0,0.0,0.0,0.0,0.0,DoS attacks-SlowHTTPTest
21.0,6.0,2018-02-16 10:40:20,2.0,1.0,1.0,0.0,0.0,0.0,0.0,0.0,0.0,0.0,0.0,0.0,0.0,0.0,1000000.0,2.0,0.0,2.0,2.0,0.0,0.0,0.0,0.0,0.0,0.0,0.0,0.0,0.0,0.0,0.0,0.0,40.0,20.0,500000.0,500000.0,0.0,0.0,0.0,0.0,0.0,0.0,0.0,0.0,1.0,0.0,0.0,0.0,0.0,1.0,0.0,0.0,0.0,1.0,0.0,1.0,0.0,26883.0,0.0,0.0,40.0,0.0,0.0,0.0,0.0,0.0,0.0,0.0,0.0,DoS attacks-SlowHTTPTest
21.0,6.0,2018-02-16 10:26:40,3.0,1.0,1.0,0.0,0.0,0.0,0.0,0.0,0.0,0.0,0.0,0.0,0.0,0.0,666666.6667,3.0,0.0,3.0,3.0,0.0,0.0,0.0,0.0,0.0,0.0,0.0,0.0,0.0,0.0,0.0,0.0,40.0,20.0,333333.3333,333333.3333,0.0,0.0,0.0,0.0,0.0,0.0,0.0,0.0,1.0,0.0,0.0,0.0,0.0,1.0,0.0,0.0,0.0,1.0,0.0,1.0,0.0,26883.0,0.0,0.0,40.0,0.0,0.0,0.0,0.0,0.0,0.0,0.0,0.0,DoS attacks-SlowHTTPTest
21.0,6.0,2018-02-16 10:25:29,5.0,1.0,1.0,0.0,0.0,0.0,0.0,0.0,0.0,0.0,0.0,0.0,0.0,0.0,400000.0,5.0,0.0,5.0,5.0,0.0,0.0,0.0,0.0,0.0,0.0,0.0,0.0,0.0,0.0,0.0,0.0,40.0,20.0,200000.0,200000.0,0.0,0.0,0.0,0.0,0.0,0.0,0.0,0.0,1.0,0.0,0.0,0.0,0.0,1.0,0.0,0.0,0.0,1.0,0.0,1.0,0.0,26883.0,0.0,0.0,40.0,0.0,0.0,0.0,0.0,0.0,0.0,0.0,0.0,DoS attacks-SlowHTTPTest
21.0,6.0,2018-02-16 10:43:23,37.0,1.0,1.0,0.0,0.0,0.0,0.0,0.0,0.0,0.0,0.0,0.0,0.0,0.0,54054.05405,37.0,0.0,37.0,37.0,0.0,0.0,0.0,0.0,0.0,0.0,0.0,0.0,0.0,0.0,0.0,0.0,40.0,20.0,27027.02703,27027.02703,0.0,0.0,0.0,0.0,0.0,0.0,0.0,0.0,1.0,0.0,0.0,0.0,0.0,1.0,0.0,0.0,0.0,1.0,0.0,1.0,0.0,26883.0,0.0,0.0,40.0,0.0,0.0,0.0,0.0,0.0,0.0,0.0,0.0,DoS attacks-SlowHTTPTest
21.0,6.0,2018-02-16 10:20:51,3.0,1.0,1.0,0.0,0.0,0.0,0.0,0.0,0.0,0.0,0.0,0.0,0.0,0.0,666666.6667,3.0,0.0,3.0,3.0,0.0,0.0,0.0,0.0,0.0,0.0,0.0,0.0,0.0,0.0,0.0,0.0,40.0,20.0,333333.3333,333333.3333,0.0,0.0,0.0,0.0,0.0,0.0,0.0,0.0,1.0,0.0,0.0,0.0,0.0,1.0,0.0,0.0,0.0,1.0,0.0,1.0,0.0,26883.0,0.0,0.0,40.0,0.0,0.0,0.0,0.0,0.0,0.0,0.0,0.0,DoS attacks-SlowHTTPTest
21.0,6.0,2018-02-16 10:16:03,2.0,1.0,1.0,0.0,0.0,0.0,0.0,0.0,0.0,0.0,0.0,0.0,0.0,0.0,1000000.0,2.0,0.0,2.0,2.0,0.0,0.0,0.0,0.0,0.0,0.0,0.0,0.0,0.0,0.0,0.0,0.0,40.0,20.0,500000.0,500000.0,0.0,0.0,0.0,0.0,0.0,0.0,0.0,0.0,1.0,0.0,0.0,0.0,0.0,1.0,0.0,0.0,0.0,1.0,0.0,1.0,0.0,26883.0,0.0,0.0,40.0,0.0,0.0,0.0,0.0,0.0,0.0,0.0,0.0,DoS attacks-SlowHTTPTest
21.0,6.0,2018-02-16 10:42:41,2.0,1.0,1.0,0.0,0.0,0.0,0.0,0.0,0.0,0.0,0.0,0.0,0.0,0.0,1000000.0,2.0,0.0,2.0,2.0,0.0,0.0,0.0,0.0,0.0,0.0,0.0,0.0,0.0,0.0,0.0,0.0,40.0,20.0,500000.0,500000.0,0.0,0.0,0.0,0.0,0.0,0.0,0.0,0.0,1.0,0.0,0.0,0.0,0.0,1.0,0.0,0.0,0.0,1.0,0.0,1.0,0.0,26883.0,0.0,0.0,40.0,0.0,0.0,0.0,0.0,0.0,0.0,0.0,0.0,DoS attacks-SlowHTTPTest
21.0,6.0,2018-02-16 10:22:42,2.0,1.0,1.0,0.0,0.0,0.0,0.0,0.0,0.0,0.0,0.0,0.0,0.0,0.0,1000000.0,2.0,0.0,2.0,2.0,0.0,0.0,0.0,0.0,0.0,0.0,0.0,0.0,0.0,0.0,0.0,0.0,40.0,20.0,500000.0,500000.0,0.0,0.0,0.0,0.0,0.0,0.0,0.0,0.0,1.0,0.0,0.0,0.0,0.0,1.0,0.0,0.0,0.0,1.0,0.0,1.0,0.0,26883.0,0.0,0.0,40.0,0.0,0.0,0.0,0.0,0.0,0.0,0.0,0.0,DoS attacks-SlowHTTPTest
21.0,6.0,2018-02-16 10:24:28,2.0,1.0,1.0,0.0,0.0,0.0,0.0,0.0,0.0,0.0,0.0,0.0,0.0,0.0,1000000.0,2.0,0.0,2.0,2.0,0.0,0.0,0.0,0.0,0.0,0.0,0.0,0.0,0.0,0.0,0.0,0.0,40.0,20.0,500000.0,500000.0,0.0,0.0,0.0,0.0,0.0,0.0,0.0,0.0,1.0,0.0,0.0,0.0,0.0,1.0,0.0,0.0,0.0,1.0,0.0,1.0,0.0,26883.0,0.0,0.0,40.0,0.0,0.0,0.0,0.0,0.0,0.0,0.0,0.0,DoS attacks-SlowHTTPTest
21.0,6.0,2018-02-16 10:12:29,2.0,1.0,1.0,0.0,0.0,0.0,0.0,0.0,0.0,0.0,0.0,0.0,0.0,0.0,1000000.0,2.0,0.0,2.0,2.0,0.0,0.0,0.0,0.0,0.0,0.0,0.0,0.0,0.0,0.0,0.0,0.0,40.0,20.0,500000.0,500000.0,0.0,0.0,0.0,0.0,0.0,0.0,0.0,0.0,1.0,0.0,0.0,0.0,0.0,1.0,0.0,0.0,0.0,1.0,0.0,1.0,0.0,26883.0,0.0,0.0,40.0,0.0,0.0,0.0,0.0,0.0,0.0,0.0,0.0,DoS attacks-SlowHTTPTest
21.0,6.0,2018-02-16 10:28:58,5.0,1.0,1.0,0.0,0.0,0.0,0.0,0.0,0.0,0.0,0.0,0.0,0.0,0.0,400000.0,5.0,0.0,5.0,5.0,0.0,0.0,0.0,0.0,0.0,0.0,0.0,0.0,0.0,0.0,0.0,0.0,40.0,20.0,200000.0,200000.0,0.0,0.0,0.0,0.0,0.0,0.0,0.0,0.0,1.0,0.0,0.0,0.0,0.0,1.0,0.0,0.0,0.0,1.0,0.0,1.0,0.0,26883.0,0.0,0.0,40.0,0.0,0.0,0.0,0.0,0.0,0.0,0.0,0.0,DoS attacks-SlowHTTPTest
21.0,6.0,2018-02-16 10:33:48,22.0,1.0,1.0,0.0,0.0,0.0,0.0,0.0,0.0,0.0,0.0,0.0,0.0,0.0,90909.09091,22.0,0.0,22.0,22.0,0.0,0.0,0.0,0.0,0.0,0.0,0.0,0.0,0.0,0.0,0.0,0.0,40.0,20.0,45454.54545,45454.54545,0.0,0.0,0.0,0.0,0.0,0.0,0.0,0.0,1.0,0.0,0.0,0.0,0.0,1.0,0.0,0.0,0.0,1.0,0.0,1.0,0.0,26883.0,0.0,0.0,40.0,0.0,0.0,0.0,0.0,0.0,0.0,0.0,0.0,DoS attacks-SlowHTTPTest
21.0,6.0,2018-02-16 10:46:35,2.0,1.0,1.0,0.0,0.0,0.0,0.0,0.0,0.0,0.0,0.0,0.0,0.0,0.0,1000000.0,2.0,0.0,2.0,2.0,0.0,0.0,0.0,0.0,0.0,0.0,0.0,0.0,0.0,0.0,0.0,0.0,40.0,20.0,500000.0,500000.0,0.0,0.0,0.0,0.0,0.0,0.0,0.0,0.0,1.0,0.0,0.0,0.0,0.0,1.0,0.0,0.0,0.0,1.0,0.0,1.0,0.0,26883.0,0.0,0.0,40.0,0.0,0.0,0.0,0.0,0.0,0.0,0.0,0.0,DoS attacks-SlowHTTPTest
21.0,6.0,2018-02-16 10:38:49,3.0,1.0,1.0,0.0,0.0,0.0,0.0,0.0,0.0,0.0,0.0,0.0,0.0,0.0,666666.6667,3.0,0.0,3.0,3.0,0.0,0.0,0.0,0.0,0.0,0.0,0.0,0.0,0.0,0.0,0.0,0.0,40.0,20.0,333333.3333,333333.3333,0.0,0.0,0.0,0.0,0.0,0.0,0.0,0.0,1.0,0.0,0.0,0.0,0.0,1.0,0.0,0.0,0.0,1.0,0.0,1.0,0.0,26883.0,0.0,0.0,40.0,0.0,0.0,0.0,0.0,0.0,0.0,0.0,0.0,DoS attacks-SlowHTTPTest
21.0,6.0,2018-02-16 10:37:28,2.0,1.0,1.0,0.0,0.0,0.0,0.0,0.0,0.0,0.0,0.0,0.0,0.0,0.0,1000000.0,2.0,0.0,2.0,2.0,0.0,0.0,0.0,0.0,0.0,0.0,0.0,0.0,0.0,0.0,0.0,0.0,40.0,20.0,500000.0,500000.0,0.0,0.0,0.0,0.0,0.0,0.0,0.0,0.0,1.0,0.0,0.0,0.0,0.0,1.0,0.0,0.0,0.0,1.0,0.0,1.0,0.0,26883.0,0.0,0.0,40.0,0.0,0.0,0.0,0.0,0.0,0.0,0.0,0.0,DoS attacks-SlowHTTPTest
21.0,6.0,2018-02-16 10:26:03,2.0,1.0,1.0,0.0,0.0,0.0,0.0,0.0,0.0,0.0,0.0,0.0,0.0,0.0,1000000.0,2.0,0.0,2.0,2.0,0.0,0.0,0.0,0.0,0.0,0.0,0.0,0.0,0.0,0.0,0.0,0.0,40.0,20.0,500000.0,500000.0,0.0,0.0,0.0,0.0,0.0,0.0,0.0,0.0,1.0,0.0,0.0,0.0,0.0,1.0,0.0,0.0,0.0,1.0,0.0,1.0,0.0,26883.0,0.0,0.0,40.0,0.0,0.0,0.0,0.0,0.0,0.0,0.0,0.0,DoS attacks-SlowHTTPTest
21.0,6.0,2018-02-16 10:56:15,2.0,1.0,1.0,0.0,0.0,0.0,0.0,0.0,0.0,0.0,0.0,0.0,0.0,0.0,1000000.0,2.0,0.0,2.0,2.0,0.0,0.0,0.0,0.0,0.0,0.0,0.0,0.0,0.0,0.0,0.0,0.0,40.0,20.0,500000.0,500000.0,0.0,0.0,0.0,0.0,0.0,0.0,0.0,0.0,1.0,0.0,0.0,0.0,0.0,1.0,0.0,0.0,0.0,1.0,0.0,1.0,0.0,26883.0,0.0,0.0,40.0,0.0,0.0,0.0,0.0,0.0,0.0,0.0,0.0,DoS attacks-SlowHTTPTest
21.0,6.0,2018-02-16 10:19:04,2.0,1.0,1.0,0.0,0.0,0.0,0.0,0.0,0.0,0.0,0.0,0.0,0.0,0.0,1000000.0,2.0,0.0,2.0,2.0,0.0,0.0,0.0,0.0,0.0,0.0,0.0,0.0,0.0,0.0,0.0,0.0,40.0,20.0,500000.0,500000.0,0.0,0.0,0.0,0.0,0.0,0.0,0.0,0.0,1.0,0.0,0.0,0.0,0.0,1.0,0.0,0.0,0.0,1.0,0.0,1.0,0.0,26883.0,0.0,0.0,40.0,0.0,0.0,0.0,0.0,0.0,0.0,0.0,0.0,DoS attacks-SlowHTTPTest
21.0,6.0,2018-02-16 10:40:53,2.0,1.0,1.0,0.0,0.0,0.0,0.0,0.0,0.0,0.0,0.0,0.0,0.0,0.0,1000000.0,2.0,0.0,2.0,2.0,0.0,0.0,0.0,0.0,0.0,0.0,0.0,0.0,0.0,0.0,0.0,0.0,40.0,20.0,500000.0,500000.0,0.0,0.0,0.0,0.0,0.0,0.0,0.0,0.0,1.0,0.0,0.0,0.0,0.0,1.0,0.0,0.0,0.0,1.0,0.0,1.0,0.0,26883.0,0.0,0.0,40.0,0.0,0.0,0.0,0.0,0.0,0.0,0.0,0.0,DoS attacks-SlowHTTPTest
21.0,6.0,2018-02-16 10:24:06,3.0,1.0,1.0,0.0,0.0,0.0,0.0,0.0,0.0,0.0,0.0,0.0,0.0,0.0,666666.6667,3.0,0.0,3.0,3.0,0.0,0.0,0.0,0.0,0.0,0.0,0.0,0.0,0.0,0.0,0.0,0.0,40.0,20.0,333333.3333,333333.3333,0.0,0.0,0.0,0.0,0.0,0.0,0.0,0.0,1.0,0.0,0.0,0.0,0.0,1.0,0.0,0.0,0.0,1.0,0.0,1.0,0.0,26883.0,0.0,0.0,40.0,0.0,0.0,0.0,0.0,0.0,0.0,0.0,0.0,DoS attacks-SlowHTTPTest
21.0,6.0,2018-02-16 10:24:44,2.0,1.0,1.0,0.0,0.0,0.0,0.0,0.0,0.0,0.0,0.0,0.0,0.0,0.0,1000000.0,2.0,0.0,2.0,2.0,0.0,0.0,0.0,0.0,0.0,0.0,0.0,0.0,0.0,0.0,0.0,0.0,40.0,20.0,500000.0,500000.0,0.0,0.0,0.0,0.0,0.0,0.0,0.0,0.0,1.0,0.0,0.0,0.0,0.0,1.0,0.0,0.0,0.0,1.0,0.0,1.0,0.0,26883.0,0.0,0.0,40.0,0.0,0.0,0.0,0.0,0.0,0.0,0.0,0.0,DoS attacks-SlowHTTPTest
21.0,6.0,2018-02-16 10:45:12,4.0,1.0,1.0,0.0,0.0,0.0,0.0,0.0,0.0,0.0,0.0,0.0,0.0,0.0,500000.0,4.0,0.0,4.0,4.0,0.0,0.0,0.0,0.0,0.0,0.0,0.0,0.0,0.0,0.0,0.0,0.0,40.0,20.0,250000.0,250000.0,0.0,0.0,0.0,0.0,0.0,0.0,0.0,0.0,1.0,0.0,0.0,0.0,0.0,1.0,0.0,0.0,0.0,1.0,0.0,1.0,0.0,26883.0,0.0,0.0,40.0,0.0,0.0,0.0,0.0,0.0,0.0,0.0,0.0,DoS attacks-SlowHTTPTest
21.0,6.0,2018-02-16 10:51:40,2.0,1.0,1.0,0.0,0.0,0.0,0.0,0.0,0.0,0.0,0.0,0.0,0.0,0.0,1000000.0,2.0,0.0,2.0,2.0,0.0,0.0,0.0,0.0,0.0,0.0,0.0,0.0,0.0,0.0,0.0,0.0,40.0,20.0,500000.0,500000.0,0.0,0.0,0.0,0.0,0.0,0.0,0.0,0.0,1.0,0.0,0.0,0.0,0.0,1.0,0.0,0.0,0.0,1.0,0.0,1.0,0.0,26883.0,0.0,0.0,40.0,0.0,0.0,0.0,0.0,0.0,0.0,0.0,0.0,DoS attacks-SlowHTTPTest
21.0,6.0,2018-02-16 10:18:54,3.0,1.0,1.0,0.0,0.0,0.0,0.0,0.0,0.0,0.0,0.0,0.0,0.0,0.0,666666.6667,3.0,0.0,3.0,3.0,0.0,0.0,0.0,0.0,0.0,0.0,0.0,0.0,0.0,0.0,0.0,0.0,40.0,20.0,333333.3333,333333.3333,0.0,0.0,0.0,0.0,0.0,0.0,0.0,0.0,1.0,0.0,0.0,0.0,0.0,1.0,0.0,0.0,0.0,1.0,0.0,1.0,0.0,26883.0,0.0,0.0,40.0,0.0,0.0,0.0,0.0,0.0,0.0,0.0,0.0,DoS attacks-SlowHTTPTest
21.0,6.0,2018-02-16 10:46:03,2.0,1.0,1.0,0.0,0.0,0.0,0.0,0.0,0.0,0.0,0.0,0.0,0.0,0.0,1000000.0,2.0,0.0,2.0,2.0,0.0,0.0,0.0,0.0,0.0,0.0,0.0,0.0,0.0,0.0,0.0,0.0,40.0,20.0,500000.0,500000.0,0.0,0.0,0.0,0.0,0.0,0.0,0.0,0.0,1.0,0.0,0.0,0.0,0.0,1.0,0.0,0.0,0.0,1.0,0.0,1.0,0.0,26883.0,0.0,0.0,40.0,0.0,0.0,0.0,0.0,0.0,0.0,0.0,0.0,DoS attacks-SlowHTTPTest
21.0,6.0,2018-02-16 10:25:04,2.0,1.0,1.0,0.0,0.0,0.0,0.0,0.0,0.0,0.0,0.0,0.0,0.0,0.0,1000000.0,2.0,0.0,2.0,2.0,0.0,0.0,0.0,0.0,0.0,0.0,0.0,0.0,0.0,0.0,0.0,0.0,40.0,20.0,500000.0,500000.0,0.0,0.0,0.0,0.0,0.0,0.0,0.0,0.0,1.0,0.0,0.0,0.0,0.0,1.0,0.0,0.0,0.0,1.0,0.0,1.0,0.0,26883.0,0.0,0.0,40.0,0.0,0.0,0.0,0.0,0.0,0.0,0.0,0.0,DoS attacks-SlowHTTPTest
21.0,6.0,2018-02-16 10:56:16,3.0,1.0,1.0,0.0,0.0,0.0,0.0,0.0,0.0,0.0,0.0,0.0,0.0,0.0,666666.6667,3.0,0.0,3.0,3.0,0.0,0.0,0.0,0.0,0.0,0.0,0.0,0.0,0.0,0.0,0.0,0.0,40.0,20.0,333333.3333,333333.3333,0.0,0.0,0.0,0.0,0.0,0.0,0.0,0.0,1.0,0.0,0.0,0.0,0.0,1.0,0.0,0.0,0.0,1.0,0.0,1.0,0.0,26883.0,0.0,0.0,40.0,0.0,0.0,0.0,0.0,0.0,0.0,0.0,0.0,DoS attacks-SlowHTTPTest
21.0,6.0,2018-02-16 10:48:12,5.0,1.0,1.0,0.0,0.0,0.0,0.0,0.0,0.0,0.0,0.0,0.0,0.0,0.0,400000.0,5.0,0.0,5.0,5.0,0.0,0.0,0.0,0.0,0.0,0.0,0.0,0.0,0.0,0.0,0.0,0.0,40.0,20.0,200000.0,200000.0,0.0,0.0,0.0,0.0,0.0,0.0,0.0,0.0,1.0,0.0,0.0,0.0,0.0,1.0,0.0,0.0,0.0,1.0,0.0,1.0,0.0,26883.0,0.0,0.0,40.0,0.0,0.0,0.0,0.0,0.0,0.0,0.0,0.0,DoS attacks-SlowHTTPTest
21.0,6.0,2018-02-16 10:16:00,2.0,1.0,1.0,0.0,0.0,0.0,0.0,0.0,0.0,0.0,0.0,0.0,0.0,0.0,1000000.0,2.0,0.0,2.0,2.0,0.0,0.0,0.0,0.0,0.0,0.0,0.0,0.0,0.0,0.0,0.0,0.0,40.0,20.0,500000.0,500000.0,0.0,0.0,0.0,0.0,0.0,0.0,0.0,0.0,1.0,0.0,0.0,0.0,0.0,1.0,0.0,0.0,0.0,1.0,0.0,1.0,0.0,26883.0,0.0,0.0,40.0,0.0,0.0,0.0,0.0,0.0,0.0,0.0,0.0,DoS attacks-SlowHTTPTest
21.0,6.0,2018-02-16 10:31:56,2.0,1.0,1.0,0.0,0.0,0.0,0.0,0.0,0.0,0.0,0.0,0.0,0.0,0.0,1000000.0,2.0,0.0,2.0,2.0,0.0,0.0,0.0,0.0,0.0,0.0,0.0,0.0,0.0,0.0,0.0,0.0,40.0,20.0,500000.0,500000.0,0.0,0.0,0.0,0.0,0.0,0.0,0.0,0.0,1.0,0.0,0.0,0.0,0.0,1.0,0.0,0.0,0.0,1.0,0.0,1.0,0.0,26883.0,0.0,0.0,40.0,0.0,0.0,0.0,0.0,0.0,0.0,0.0,0.0,DoS attacks-SlowHTTPTest
21.0,6.0,2018-02-16 10:31:24,4.0,1.0,1.0,0.0,0.0,0.0,0.0,0.0,0.0,0.0,0.0,0.0,0.0,0.0,500000.0,4.0,0.0,4.0,4.0,0.0,0.0,0.0,0.0,0.0,0.0,0.0,0.0,0.0,0.0,0.0,0.0,40.0,20.0,250000.0,250000.0,0.0,0.0,0.0,0.0,0.0,0.0,0.0,0.0,1.0,0.0,0.0,0.0,0.0,1.0,0.0,0.0,0.0,1.0,0.0,1.0,0.0,26883.0,0.0,0.0,40.0,0.0,0.0,0.0,0.0,0.0,0.0,0.0,0.0,DoS attacks-SlowHTTPTest
21.0,6.0,2018-02-16 10:29:56,1.0,1.0,1.0,0.0,0.0,0.0,0.0,0.0,0.0,0.0,0.0,0.0,0.0,0.0,2000000.0,1.0,0.0,1.0,1.0,0.0,0.0,0.0,0.0,0.0,0.0,0.0,0.0,0.0,0.0,0.0,0.0,40.0,20.0,1000000.0,1000000.0,0.0,0.0,0.0,0.0,0.0,0.0,0.0,0.0,1.0,0.0,0.0,0.0,0.0,1.0,0.0,0.0,0.0,1.0,0.0,1.0,0.0,26883.0,0.0,0.0,40.0,0.0,0.0,0.0,0.0,0.0,0.0,0.0,0.0,DoS attacks-SlowHTTPTest
21.0,6.0,2018-02-16 10:35:20,2.0,1.0,1.0,0.0,0.0,0.0,0.0,0.0,0.0,0.0,0.0,0.0,0.0,0.0,1000000.0,2.0,0.0,2.0,2.0,0.0,0.0,0.0,0.0,0.0,0.0,0.0,0.0,0.0,0.0,0.0,0.0,40.0,20.0,500000.0,500000.0,0.0,0.0,0.0,0.0,0.0,0.0,0.0,0.0,1.0,0.0,0.0,0.0,0.0,1.0,0.0,0.0,0.0,1.0,0.0,1.0,0.0,26883.0,0.0,0.0,40.0,0.0,0.0,0.0,0.0,0.0,0.0,0.0,0.0,DoS attacks-SlowHTTPTest
21.0,6.0,2018-02-16 10:51:18,2.0,1.0,1.0,0.0,0.0,0.0,0.0,0.0,0.0,0.0,0.0,0.0,0.0,0.0,1000000.0,2.0,0.0,2.0,2.0,0.0,0.0,0.0,0.0,0.0,0.0,0.0,0.0,0.0,0.0,0.0,0.0,40.0,20.0,500000.0,500000.0,0.0,0.0,0.0,0.0,0.0,0.0,0.0,0.0,1.0,0.0,0.0,0.0,0.0,1.0,0.0,0.0,0.0,1.0,0.0,1.0,0.0,26883.0,0.0,0.0,40.0,0.0,0.0,0.0,0.0,0.0,0.0,0.0,0.0,DoS attacks-SlowHTTPTest
21.0,6.0,2018-02-16 10:30:11,2.0,1.0,1.0,0.0,0.0,0.0,0.0,0.0,0.0,0.0,0.0,0.0,0.0,0.0,1000000.0,2.0,0.0,2.0,2.0,0.0,0.0,0.0,0.0,0.0,0.0,0.0,0.0,0.0,0.0,0.0,0.0,40.0,20.0,500000.0,500000.0,0.0,0.0,0.0,0.0,0.0,0.0,0.0,0.0,1.0,0.0,0.0,0.0,0.0,1.0,0.0,0.0,0.0,1.0,0.0,1.0,0.0,26883.0,0.0,0.0,40.0,0.0,0.0,0.0,0.0,0.0,0.0,0.0,0.0,DoS attacks-SlowHTTPTest
21.0,6.0,2018-02-16 10:16:13,3.0,1.0,1.0,0.0,0.0,0.0,0.0,0.0,0.0,0.0,0.0,0.0,0.0,0.0,666666.6667,3.0,0.0,3.0,3.0,0.0,0.0,0.0,0.0,0.0,0.0,0.0,0.0,0.0,0.0,0.0,0.0,40.0,20.0,333333.3333,333333.3333,0.0,0.0,0.0,0.0,0.0,0.0,0.0,0.0,1.0,0.0,0.0,0.0,0.0,1.0,0.0,0.0,0.0,1.0,0.0,1.0,0.0,26883.0,0.0,0.0,40.0,0.0,0.0,0.0,0.0,0.0,0.0,0.0,0.0,DoS attacks-SlowHTTPTest
21.0,6.0,2018-02-16 10:28:21,2.0,1.0,1.0,0.0,0.0,0.0,0.0,0.0,0.0,0.0,0.0,0.0,0.0,0.0,1000000.0,2.0,0.0,2.0,2.0,0.0,0.0,0.0,0.0,0.0,0.0,0.0,0.0,0.0,0.0,0.0,0.0,40.0,20.0,500000.0,500000.0,0.0,0.0,0.0,0.0,0.0,0.0,0.0,0.0,1.0,0.0,0.0,0.0,0.0,1.0,0.0,0.0,0.0,1.0,0.0,1.0,0.0,26883.0,0.0,0.0,40.0,0.0,0.0,0.0,0.0,0.0,0.0,0.0,0.0,DoS attacks-SlowHTTPTest
21.0,6.0,2018-02-16 10:22:21,5.0,1.0,1.0,0.0,0.0,0.0,0.0,0.0,0.0,0.0,0.0,0.0,0.0,0.0,400000.0,5.0,0.0,5.0,5.0,0.0,0.0,0.0,0.0,0.0,0.0,0.0,0.0,0.0,0.0,0.0,0.0,40.0,20.0,200000.0,200000.0,0.0,0.0,0.0,0.0,0.0,0.0,0.0,0.0,1.0,0.0,0.0,0.0,0.0,1.0,0.0,0.0,0.0,1.0,0.0,1.0,0.0,26883.0,0.0,0.0,40.0,0.0,0.0,0.0,0.0,0.0,0.0,0.0,0.0,DoS attacks-SlowHTTPTest
21.0,6.0,2018-02-16 10:55:02,3.0,1.0,1.0,0.0,0.0,0.0,0.0,0.0,0.0,0.0,0.0,0.0,0.0,0.0,666666.6667,3.0,0.0,3.0,3.0,0.0,0.0,0.0,0.0,0.0,0.0,0.0,0.0,0.0,0.0,0.0,0.0,40.0,20.0,333333.3333,333333.3333,0.0,0.0,0.0,0.0,0.0,0.0,0.0,0.0,1.0,0.0,0.0,0.0,0.0,1.0,0.0,0.0,0.0,1.0,0.0,1.0,0.0,26883.0,0.0,0.0,40.0,0.0,0.0,0.0,0.0,0.0,0.0,0.0,0.0,DoS attacks-SlowHTTPTest
21.0,6.0,2018-02-16 10:25:13,2.0,1.0,1.0,0.0,0.0,0.0,0.0,0.0,0.0,0.0,0.0,0.0,0.0,0.0,1000000.0,2.0,0.0,2.0,2.0,0.0,0.0,0.0,0.0,0.0,0.0,0.0,0.0,0.0,0.0,0.0,0.0,40.0,20.0,500000.0,500000.0,0.0,0.0,0.0,0.0,0.0,0.0,0.0,0.0,1.0,0.0,0.0,0.0,0.0,1.0,0.0,0.0,0.0,1.0,0.0,1.0,0.0,26883.0,0.0,0.0,40.0,0.0,0.0,0.0,0.0,0.0,0.0,0.0,0.0,DoS attacks-SlowHTTPTest
21.0,6.0,2018-02-16 10:28:03,5.0,1.0,1.0,0.0,0.0,0.0,0.0,0.0,0.0,0.0,0.0,0.0,0.0,0.0,400000.0,5.0,0.0,5.0,5.0,0.0,0.0,0.0,0.0,0.0,0.0,0.0,0.0,0.0,0.0,0.0,0.0,40.0,20.0,200000.0,200000.0,0.0,0.0,0.0,0.0,0.0,0.0,0.0,0.0,1.0,0.0,0.0,0.0,0.0,1.0,0.0,0.0,0.0,1.0,0.0,1.0,0.0,26883.0,0.0,0.0,40.0,0.0,0.0,0.0,0.0,0.0,0.0,0.0,0.0,DoS attacks-SlowHTTPTest
21.0,6.0,2018-02-16 10:53:31,3.0,1.0,1.0,0.0,0.0,0.0,0.0,0.0,0.0,0.0,0.0,0.0,0.0,0.0,666666.6667,3.0,0.0,3.0,3.0,0.0,0.0,0.0,0.0,0.0,0.0,0.0,0.0,0.0,0.0,0.0,0.0,40.0,20.0,333333.3333,333333.3333,0.0,0.0,0.0,0.0,0.0,0.0,0.0,0.0,1.0,0.0,0.0,0.0,0.0,1.0,0.0,0.0,0.0,1.0,0.0,1.0,0.0,26883.0,0.0,0.0,40.0,0.0,0.0,0.0,0.0,0.0,0.0,0.0,0.0,DoS attacks-SlowHTTPTest
21.0,6.0,2018-02-16 10:18:01,4.0,1.0,1.0,0.0,0.0,0.0,0.0,0.0,0.0,0.0,0.0,0.0,0.0,0.0,500000.0,4.0,0.0,4.0,4.0,0.0,0.0,0.0,0.0,0.0,0.0,0.0,0.0,0.0,0.0,0.0,0.0,40.0,20.0,250000.0,250000.0,0.0,0.0,0.0,0.0,0.0,0.0,0.0,0.0,1.0,0.0,0.0,0.0,0.0,1.0,0.0,0.0,0.0,1.0,0.0,1.0,0.0,26883.0,0.0,0.0,40.0,0.0,0.0,0.0,0.0,0.0,0.0,0.0,0.0,DoS attacks-SlowHTTPTest
21.0,6.0,2018-02-16 10:19:02,21.0,1.0,1.0,0.0,0.0,0.0,0.0,0.0,0.0,0.0,0.0,0.0,0.0,0.0,95238.09524,21.0,0.0,21.0,21.0,0.0,0.0,0.0,0.0,0.0,0.0,0.0,0.0,0.0,0.0,0.0,0.0,40.0,20.0,47619.04762,47619.04762,0.0,0.0,0.0,0.0,0.0,0.0,0.0,0.0,1.0,0.0,0.0,0.0,0.0,1.0,0.0,0.0,0.0,1.0,0.0,1.0,0.0,26883.0,0.0,0.0,40.0,0.0,0.0,0.0,0.0,0.0,0.0,0.0,0.0,DoS attacks-SlowHTTPTest
21.0,6.0,2018-02-16 10:35:03,3.0,1.0,1.0,0.0,0.0,0.0,0.0,0.0,0.0,0.0,0.0,0.0,0.0,0.0,666666.6667,3.0,0.0,3.0,3.0,0.0,0.0,0.0,0.0,0.0,0.0,0.0,0.0,0.0,0.0,0.0,0.0,40.0,20.0,333333.3333,333333.3333,0.0,0.0,0.0,0.0,0.0,0.0,0.0,0.0,1.0,0.0,0.0,0.0,0.0,1.0,0.0,0.0,0.0,1.0,0.0,1.0,0.0,26883.0,0.0,0.0,40.0,0.0,0.0,0.0,0.0,0.0,0.0,0.0,0.0,DoS attacks-SlowHTTPTest
21.0,6.0,2018-02-16 10:26:42,2.0,1.0,1.0,0.0,0.0,0.0,0.0,0.0,0.0,0.0,0.0,0.0,0.0,0.0,1000000.0,2.0,0.0,2.0,2.0,0.0,0.0,0.0,0.0,0.0,0.0,0.0,0.0,0.0,0.0,0.0,0.0,40.0,20.0,500000.0,500000.0,0.0,0.0,0.0,0.0,0.0,0.0,0.0,0.0,1.0,0.0,0.0,0.0,0.0,1.0,0.0,0.0,0.0,1.0,0.0,1.0,0.0,26883.0,0.0,0.0,40.0,0.0,0.0,0.0,0.0,0.0,0.0,0.0,0.0,DoS attacks-SlowHTTPTest
21.0,6.0,2018-02-16 10:21:59,2.0,1.0,1.0,0.0,0.0,0.0,0.0,0.0,0.0,0.0,0.0,0.0,0.0,0.0,1000000.0,2.0,0.0,2.0,2.0,0.0,0.0,0.0,0.0,0.0,0.0,0.0,0.0,0.0,0.0,0.0,0.0,40.0,20.0,500000.0,500000.0,0.0,0.0,0.0,0.0,0.0,0.0,0.0,0.0,1.0,0.0,0.0,0.0,0.0,1.0,0.0,0.0,0.0,1.0,0.0,1.0,0.0,26883.0,0.0,0.0,40.0,0.0,0.0,0.0,0.0,0.0,0.0,0.0,0.0,DoS attacks-SlowHTTPTest
21.0,6.0,2018-02-16 10:42:38,3.0,1.0,1.0,0.0,0.0,0.0,0.0,0.0,0.0,0.0,0.0,0.0,0.0,0.0,666666.6667,3.0,0.0,3.0,3.0,0.0,0.0,0.0,0.0,0.0,0.0,0.0,0.0,0.0,0.0,0.0,0.0,40.0,20.0,333333.3333,333333.3333,0.0,0.0,0.0,0.0,0.0,0.0,0.0,0.0,1.0,0.0,0.0,0.0,0.0,1.0,0.0,0.0,0.0,1.0,0.0,1.0,0.0,26883.0,0.0,0.0,40.0,0.0,0.0,0.0,0.0,0.0,0.0,0.0,0.0,DoS attacks-SlowHTTPTest
21.0,6.0,2018-02-16 10:16:34,1.0,1.0,1.0,0.0,0.0,0.0,0.0,0.0,0.0,0.0,0.0,0.0,0.0,0.0,2000000.0,1.0,0.0,1.0,1.0,0.0,0.0,0.0,0.0,0.0,0.0,0.0,0.0,0.0,0.0,0.0,0.0,40.0,20.0,1000000.0,1000000.0,0.0,0.0,0.0,0.0,0.0,0.0,0.0,0.0,1.0,0.0,0.0,0.0,0.0,1.0,0.0,0.0,0.0,1.0,0.0,1.0,0.0,26883.0,0.0,0.0,40.0,0.0,0.0,0.0,0.0,0.0,0.0,0.0,0.0,DoS attacks-SlowHTTPTest
21.0,6.0,2018-02-16 10:47:59,10.0,1.0,1.0,0.0,0.0,0.0,0.0,0.0,0.0,0.0,0.0,0.0,0.0,0.0,200000.0,10.0,0.0,10.0,10.0,0.0,0.0,0.0,0.0,0.0,0.0,0.0,0.0,0.0,0.0,0.0,0.0,40.0,20.0,100000.0,100000.0,0.0,0.0,0.0,0.0,0.0,0.0,0.0,0.0,1.0,0.0,0.0,0.0,0.0,1.0,0.0,0.0,0.0,1.0,0.0,1.0,0.0,26883.0,0.0,0.0,40.0,0.0,0.0,0.0,0.0,0.0,0.0,0.0,0.0,DoS attacks-SlowHTTPTest
21.0,6.0,2018-02-16 10:28:58,2.0,1.0,1.0,0.0,0.0,0.0,0.0,0.0,0.0,0.0,0.0,0.0,0.0,0.0,1000000.0,2.0,0.0,2.0,2.0,0.0,0.0,0.0,0.0,0.0,0.0,0.0,0.0,0.0,0.0,0.0,0.0,40.0,20.0,500000.0,500000.0,0.0,0.0,0.0,0.0,0.0,0.0,0.0,0.0,1.0,0.0,0.0,0.0,0.0,1.0,0.0,0.0,0.0,1.0,0.0,1.0,0.0,26883.0,0.0,0.0,40.0,0.0,0.0,0.0,0.0,0.0,0.0,0.0,0.0,DoS attacks-SlowHTTPTest
21.0,6.0,2018-02-16 10:17:39,3.0,1.0,1.0,0.0,0.0,0.0,0.0,0.0,0.0,0.0,0.0,0.0,0.0,0.0,666666.6667,3.0,0.0,3.0,3.0,0.0,0.0,0.0,0.0,0.0,0.0,0.0,0.0,0.0,0.0,0.0,0.0,40.0,20.0,333333.3333,333333.3333,0.0,0.0,0.0,0.0,0.0,0.0,0.0,0.0,1.0,0.0,0.0,0.0,0.0,1.0,0.0,0.0,0.0,1.0,0.0,1.0,0.0,26883.0,0.0,0.0,40.0,0.0,0.0,0.0,0.0,0.0,0.0,0.0,0.0,DoS attacks-SlowHTTPTest
21.0,6.0,2018-02-16 10:27:50,2.0,1.0,1.0,0.0,0.0,0.0,0.0,0.0,0.0,0.0,0.0,0.0,0.0,0.0,1000000.0,2.0,0.0,2.0,2.0,0.0,0.0,0.0,0.0,0.0,0.0,0.0,0.0,0.0,0.0,0.0,0.0,40.0,20.0,500000.0,500000.0,0.0,0.0,0.0,0.0,0.0,0.0,0.0,0.0,1.0,0.0,0.0,0.0,0.0,1.0,0.0,0.0,0.0,1.0,0.0,1.0,0.0,26883.0,0.0,0.0,40.0,0.0,0.0,0.0,0.0,0.0,0.0,0.0,0.0,DoS attacks-SlowHTTPTest
21.0,6.0,2018-02-16 10:27:43,2.0,1.0,1.0,0.0,0.0,0.0,0.0,0.0,0.0,0.0,0.0,0.0,0.0,0.0,1000000.0,2.0,0.0,2.0,2.0,0.0,0.0,0.0,0.0,0.0,0.0,0.0,0.0,0.0,0.0,0.0,0.0,40.0,20.0,500000.0,500000.0,0.0,0.0,0.0,0.0,0.0,0.0,0.0,0.0,1.0,0.0,0.0,0.0,0.0,1.0,0.0,0.0,0.0,1.0,0.0,1.0,0.0,26883.0,0.0,0.0,40.0,0.0,0.0,0.0,0.0,0.0,0.0,0.0,0.0,DoS attacks-SlowHTTPTest
21.0,6.0,2018-02-16 10:34:04,3.0,1.0,1.0,0.0,0.0,0.0,0.0,0.0,0.0,0.0,0.0,0.0,0.0,0.0,666666.6667,3.0,0.0,3.0,3.0,0.0,0.0,0.0,0.0,0.0,0.0,0.0,0.0,0.0,0.0,0.0,0.0,40.0,20.0,333333.3333,333333.3333,0.0,0.0,0.0,0.0,0.0,0.0,0.0,0.0,1.0,0.0,0.0,0.0,0.0,1.0,0.0,0.0,0.0,1.0,0.0,1.0,0.0,26883.0,0.0,0.0,40.0,0.0,0.0,0.0,0.0,0.0,0.0,0.0,0.0,DoS attacks-SlowHTTPTest
21.0,6.0,2018-02-16 10:25:07,3.0,1.0,1.0,0.0,0.0,0.0,0.0,0.0,0.0,0.0,0.0,0.0,0.0,0.0,666666.6667,3.0,0.0,3.0,3.0,0.0,0.0,0.0,0.0,0.0,0.0,0.0,0.0,0.0,0.0,0.0,0.0,40.0,20.0,333333.3333,333333.3333,0.0,0.0,0.0,0.0,0.0,0.0,0.0,0.0,1.0,0.0,0.0,0.0,0.0,1.0,0.0,0.0,0.0,1.0,0.0,1.0,0.0,26883.0,0.0,0.0,40.0,0.0,0.0,0.0,0.0,0.0,0.0,0.0,0.0,DoS attacks-SlowHTTPTest
21.0,6.0,2018-02-16 10:56:54,3.0,1.0,1.0,0.0,0.0,0.0,0.0,0.0,0.0,0.0,0.0,0.0,0.0,0.0,666666.6667,3.0,0.0,3.0,3.0,0.0,0.0,0.0,0.0,0.0,0.0,0.0,0.0,0.0,0.0,0.0,0.0,40.0,20.0,333333.3333,333333.3333,0.0,0.0,0.0,0.0,0.0,0.0,0.0,0.0,1.0,0.0,0.0,0.0,0.0,1.0,0.0,0.0,0.0,1.0,0.0,1.0,0.0,26883.0,0.0,0.0,40.0,0.0,0.0,0.0,0.0,0.0,0.0,0.0,0.0,DoS attacks-SlowHTTPTest
21.0,6.0,2018-02-16 10:33:00,20.0,1.0,1.0,0.0,0.0,0.0,0.0,0.0,0.0,0.0,0.0,0.0,0.0,0.0,100000.0,20.0,0.0,20.0,20.0,0.0,0.0,0.0,0.0,0.0,0.0,0.0,0.0,0.0,0.0,0.0,0.0,40.0,20.0,50000.0,50000.0,0.0,0.0,0.0,0.0,0.0,0.0,0.0,0.0,1.0,0.0,0.0,0.0,0.0,1.0,0.0,0.0,0.0,1.0,0.0,1.0,0.0,26883.0,0.0,0.0,40.0,0.0,0.0,0.0,0.0,0.0,0.0,0.0,0.0,DoS attacks-SlowHTTPTest
21.0,6.0,2018-02-16 10:27:30,3.0,1.0,1.0,0.0,0.0,0.0,0.0,0.0,0.0,0.0,0.0,0.0,0.0,0.0,666666.6667,3.0,0.0,3.0,3.0,0.0,0.0,0.0,0.0,0.0,0.0,0.0,0.0,0.0,0.0,0.0,0.0,40.0,20.0,333333.3333,333333.3333,0.0,0.0,0.0,0.0,0.0,0.0,0.0,0.0,1.0,0.0,0.0,0.0,0.0,1.0,0.0,0.0,0.0,1.0,0.0,1.0,0.0,26883.0,0.0,0.0,40.0,0.0,0.0,0.0,0.0,0.0,0.0,0.0,0.0,DoS attacks-SlowHTTPTest
21.0,6.0,2018-02-16 10:14:11,3.0,1.0,1.0,0.0,0.0,0.0,0.0,0.0,0.0,0.0,0.0,0.0,0.0,0.0,666666.6667,3.0,0.0,3.0,3.0,0.0,0.0,0.0,0.0,0.0,0.0,0.0,0.0,0.0,0.0,0.0,0.0,40.0,20.0,333333.3333,333333.3333,0.0,0.0,0.0,0.0,0.0,0.0,0.0,0.0,1.0,0.0,0.0,0.0,0.0,1.0,0.0,0.0,0.0,1.0,0.0,1.0,0.0,26883.0,0.0,0.0,40.0,0.0,0.0,0.0,0.0,0.0,0.0,0.0,0.0,DoS attacks-SlowHTTPTest
21.0,6.0,2018-02-16 10:34:13,3.0,1.0,1.0,0.0,0.0,0.0,0.0,0.0,0.0,0.0,0.0,0.0,0.0,0.0,666666.6667,3.0,0.0,3.0,3.0,0.0,0.0,0.0,0.0,0.0,0.0,0.0,0.0,0.0,0.0,0.0,0.0,40.0,20.0,333333.3333,333333.3333,0.0,0.0,0.0,0.0,0.0,0.0,0.0,0.0,1.0,0.0,0.0,0.0,0.0,1.0,0.0,0.0,0.0,1.0,0.0,1.0,0.0,26883.0,0.0,0.0,40.0,0.0,0.0,0.0,0.0,0.0,0.0,0.0,0.0,DoS attacks-SlowHTTPTest
21.0,6.0,2018-02-16 10:17:53,5.0,1.0,1.0,0.0,0.0,0.0,0.0,0.0,0.0,0.0,0.0,0.0,0.0,0.0,400000.0,5.0,0.0,5.0,5.0,0.0,0.0,0.0,0.0,0.0,0.0,0.0,0.0,0.0,0.0,0.0,0.0,40.0,20.0,200000.0,200000.0,0.0,0.0,0.0,0.0,0.0,0.0,0.0,0.0,1.0,0.0,0.0,0.0,0.0,1.0,0.0,0.0,0.0,1.0,0.0,1.0,0.0,26883.0,0.0,0.0,40.0,0.0,0.0,0.0,0.0,0.0,0.0,0.0,0.0,DoS attacks-SlowHTTPTest
21.0,6.0,2018-02-16 10:28:25,2.0,1.0,1.0,0.0,0.0,0.0,0.0,0.0,0.0,0.0,0.0,0.0,0.0,0.0,1000000.0,2.0,0.0,2.0,2.0,0.0,0.0,0.0,0.0,0.0,0.0,0.0,0.0,0.0,0.0,0.0,0.0,40.0,20.0,500000.0,500000.0,0.0,0.0,0.0,0.0,0.0,0.0,0.0,0.0,1.0,0.0,0.0,0.0,0.0,1.0,0.0,0.0,0.0,1.0,0.0,1.0,0.0,26883.0,0.0,0.0,40.0,0.0,0.0,0.0,0.0,0.0,0.0,0.0,0.0,DoS attacks-SlowHTTPTest
21.0,6.0,2018-02-16 10:23:27,2.0,1.0,1.0,0.0,0.0,0.0,0.0,0.0,0.0,0.0,0.0,0.0,0.0,0.0,1000000.0,2.0,0.0,2.0,2.0,0.0,0.0,0.0,0.0,0.0,0.0,0.0,0.0,0.0,0.0,0.0,0.0,40.0,20.0,500000.0,500000.0,0.0,0.0,0.0,0.0,0.0,0.0,0.0,0.0,1.0,0.0,0.0,0.0,0.0,1.0,0.0,0.0,0.0,1.0,0.0,1.0,0.0,26883.0,0.0,0.0,40.0,0.0,0.0,0.0,0.0,0.0,0.0,0.0,0.0,DoS attacks-SlowHTTPTest
21.0,6.0,2018-02-16 10:25:46,4.0,1.0,1.0,0.0,0.0,0.0,0.0,0.0,0.0,0.0,0.0,0.0,0.0,0.0,500000.0,4.0,0.0,4.0,4.0,0.0,0.0,0.0,0.0,0.0,0.0,0.0,0.0,0.0,0.0,0.0,0.0,40.0,20.0,250000.0,250000.0,0.0,0.0,0.0,0.0,0.0,0.0,0.0,0.0,1.0,0.0,0.0,0.0,0.0,1.0,0.0,0.0,0.0,1.0,0.0,1.0,0.0,26883.0,0.0,0.0,40.0,0.0,0.0,0.0,0.0,0.0,0.0,0.0,0.0,DoS attacks-SlowHTTPTest
21.0,6.0,2018-02-16 10:25:33,2.0,1.0,1.0,0.0,0.0,0.0,0.0,0.0,0.0,0.0,0.0,0.0,0.0,0.0,1000000.0,2.0,0.0,2.0,2.0,0.0,0.0,0.0,0.0,0.0,0.0,0.0,0.0,0.0,0.0,0.0,0.0,40.0,20.0,500000.0,500000.0,0.0,0.0,0.0,0.0,0.0,0.0,0.0,0.0,1.0,0.0,0.0,0.0,0.0,1.0,0.0,0.0,0.0,1.0,0.0,1.0,0.0,26883.0,0.0,0.0,40.0,0.0,0.0,0.0,0.0,0.0,0.0,0.0,0.0,DoS attacks-SlowHTTPTest
21.0,6.0,2018-02-16 10:45:37,10.0,1.0,1.0,0.0,0.0,0.0,0.0,0.0,0.0,0.0,0.0,0.0,0.0,0.0,200000.0,10.0,0.0,10.0,10.0,0.0,0.0,0.0,0.0,0.0,0.0,0.0,0.0,0.0,0.0,0.0,0.0,40.0,20.0,100000.0,100000.0,0.0,0.0,0.0,0.0,0.0,0.0,0.0,0.0,1.0,0.0,0.0,0.0,0.0,1.0,0.0,0.0,0.0,1.0,0.0,1.0,0.0,26883.0,0.0,0.0,40.0,0.0,0.0,0.0,0.0,0.0,0.0,0.0,0.0,DoS attacks-SlowHTTPTest
21.0,6.0,2018-02-16 10:19:55,3.0,1.0,1.0,0.0,0.0,0.0,0.0,0.0,0.0,0.0,0.0,0.0,0.0,0.0,666666.6667,3.0,0.0,3.0,3.0,0.0,0.0,0.0,0.0,0.0,0.0,0.0,0.0,0.0,0.0,0.0,0.0,40.0,20.0,333333.3333,333333.3333,0.0,0.0,0.0,0.0,0.0,0.0,0.0,0.0,1.0,0.0,0.0,0.0,0.0,1.0,0.0,0.0,0.0,1.0,0.0,1.0,0.0,26883.0,0.0,0.0,40.0,0.0,0.0,0.0,0.0,0.0,0.0,0.0,0.0,DoS attacks-SlowHTTPTest
21.0,6.0,2018-02-16 10:40:35,2.0,1.0,1.0,0.0,0.0,0.0,0.0,0.0,0.0,0.0,0.0,0.0,0.0,0.0,1000000.0,2.0,0.0,2.0,2.0,0.0,0.0,0.0,0.0,0.0,0.0,0.0,0.0,0.0,0.0,0.0,0.0,40.0,20.0,500000.0,500000.0,0.0,0.0,0.0,0.0,0.0,0.0,0.0,0.0,1.0,0.0,0.0,0.0,0.0,1.0,0.0,0.0,0.0,1.0,0.0,1.0,0.0,26883.0,0.0,0.0,40.0,0.0,0.0,0.0,0.0,0.0,0.0,0.0,0.0,DoS attacks-SlowHTTPTest
21.0,6.0,2018-02-16 10:31:09,3.0,1.0,1.0,0.0,0.0,0.0,0.0,0.0,0.0,0.0,0.0,0.0,0.0,0.0,666666.6667,3.0,0.0,3.0,3.0,0.0,0.0,0.0,0.0,0.0,0.0,0.0,0.0,0.0,0.0,0.0,0.0,40.0,20.0,333333.3333,333333.3333,0.0,0.0,0.0,0.0,0.0,0.0,0.0,0.0,1.0,0.0,0.0,0.0,0.0,1.0,0.0,0.0,0.0,1.0,0.0,1.0,0.0,26883.0,0.0,0.0,40.0,0.0,0.0,0.0,0.0,0.0,0.0,0.0,0.0,DoS attacks-SlowHTTPTest
21.0,6.0,2018-02-16 10:49:14,3.0,1.0,1.0,0.0,0.0,0.0,0.0,0.0,0.0,0.0,0.0,0.0,0.0,0.0,666666.6667,3.0,0.0,3.0,3.0,0.0,0.0,0.0,0.0,0.0,0.0,0.0,0.0,0.0,0.0,0.0,0.0,40.0,20.0,333333.3333,333333.3333,0.0,0.0,0.0,0.0,0.0,0.0,0.0,0.0,1.0,0.0,0.0,0.0,0.0,1.0,0.0,0.0,0.0,1.0,0.0,1.0,0.0,26883.0,0.0,0.0,40.0,0.0,0.0,0.0,0.0,0.0,0.0,0.0,0.0,DoS attacks-SlowHTTPTest
21.0,6.0,2018-02-16 10:38:51,2.0,1.0,1.0,0.0,0.0,0.0,0.0,0.0,0.0,0.0,0.0,0.0,0.0,0.0,1000000.0,2.0,0.0,2.0,2.0,0.0,0.0,0.0,0.0,0.0,0.0,0.0,0.0,0.0,0.0,0.0,0.0,40.0,20.0,500000.0,500000.0,0.0,0.0,0.0,0.0,0.0,0.0,0.0,0.0,1.0,0.0,0.0,0.0,0.0,1.0,0.0,0.0,0.0,1.0,0.0,1.0,0.0,26883.0,0.0,0.0,40.0,0.0,0.0,0.0,0.0,0.0,0.0,0.0,0.0,DoS attacks-SlowHTTPTest
21.0,6.0,2018-02-16 10:34:51,2.0,1.0,1.0,0.0,0.0,0.0,0.0,0.0,0.0,0.0,0.0,0.0,0.0,0.0,1000000.0,2.0,0.0,2.0,2.0,0.0,0.0,0.0,0.0,0.0,0.0,0.0,0.0,0.0,0.0,0.0,0.0,40.0,20.0,500000.0,500000.0,0.0,0.0,0.0,0.0,0.0,0.0,0.0,0.0,1.0,0.0,0.0,0.0,0.0,1.0,0.0,0.0,0.0,1.0,0.0,1.0,0.0,26883.0,0.0,0.0,40.0,0.0,0.0,0.0,0.0,0.0,0.0,0.0,0.0,DoS attacks-SlowHTTPTest
21.0,6.0,2018-02-16 10:39:31,20.0,1.0,1.0,0.0,0.0,0.0,0.0,0.0,0.0,0.0,0.0,0.0,0.0,0.0,100000.0,20.0,0.0,20.0,20.0,0.0,0.0,0.0,0.0,0.0,0.0,0.0,0.0,0.0,0.0,0.0,0.0,40.0,20.0,50000.0,50000.0,0.0,0.0,0.0,0.0,0.0,0.0,0.0,0.0,1.0,0.0,0.0,0.0,0.0,1.0,0.0,0.0,0.0,1.0,0.0,1.0,0.0,26883.0,0.0,0.0,40.0,0.0,0.0,0.0,0.0,0.0,0.0,0.0,0.0,DoS attacks-SlowHTTPTest
21.0,6.0,2018-02-16 10:25:56,2.0,1.0,1.0,0.0,0.0,0.0,0.0,0.0,0.0,0.0,0.0,0.0,0.0,0.0,1000000.0,2.0,0.0,2.0,2.0,0.0,0.0,0.0,0.0,0.0,0.0,0.0,0.0,0.0,0.0,0.0,0.0,40.0,20.0,500000.0,500000.0,0.0,0.0,0.0,0.0,0.0,0.0,0.0,0.0,1.0,0.0,0.0,0.0,0.0,1.0,0.0,0.0,0.0,1.0,0.0,1.0,0.0,26883.0,0.0,0.0,40.0,0.0,0.0,0.0,0.0,0.0,0.0,0.0,0.0,DoS attacks-SlowHTTPTest
21.0,6.0,2018-02-16 10:12:38,3.0,1.0,1.0,0.0,0.0,0.0,0.0,0.0,0.0,0.0,0.0,0.0,0.0,0.0,666666.6667,3.0,0.0,3.0,3.0,0.0,0.0,0.0,0.0,0.0,0.0,0.0,0.0,0.0,0.0,0.0,0.0,40.0,20.0,333333.3333,333333.3333,0.0,0.0,0.0,0.0,0.0,0.0,0.0,0.0,1.0,0.0,0.0,0.0,0.0,1.0,0.0,0.0,0.0,1.0,0.0,1.0,0.0,26883.0,0.0,0.0,40.0,0.0,0.0,0.0,0.0,0.0,0.0,0.0,0.0,DoS attacks-SlowHTTPTest
21.0,6.0,2018-02-16 10:28:16,2.0,1.0,1.0,0.0,0.0,0.0,0.0,0.0,0.0,0.0,0.0,0.0,0.0,0.0,1000000.0,2.0,0.0,2.0,2.0,0.0,0.0,0.0,0.0,0.0,0.0,0.0,0.0,0.0,0.0,0.0,0.0,40.0,20.0,500000.0,500000.0,0.0,0.0,0.0,0.0,0.0,0.0,0.0,0.0,1.0,0.0,0.0,0.0,0.0,1.0,0.0,0.0,0.0,1.0,0.0,1.0,0.0,26883.0,0.0,0.0,40.0,0.0,0.0,0.0,0.0,0.0,0.0,0.0,0.0,DoS attacks-SlowHTTPTest
21.0,6.0,2018-02-16 10:46:55,2.0,1.0,1.0,0.0,0.0,0.0,0.0,0.0,0.0,0.0,0.0,0.0,0.0,0.0,1000000.0,2.0,0.0,2.0,2.0,0.0,0.0,0.0,0.0,0.0,0.0,0.0,0.0,0.0,0.0,0.0,0.0,40.0,20.0,500000.0,500000.0,0.0,0.0,0.0,0.0,0.0,0.0,0.0,0.0,1.0,0.0,0.0,0.0,0.0,1.0,0.0,0.0,0.0,1.0,0.0,1.0,0.0,26883.0,0.0,0.0,40.0,0.0,0.0,0.0,0.0,0.0,0.0,0.0,0.0,DoS attacks-SlowHTTPTest
21.0,6.0,2018-02-16 10:36:27,3.0,1.0,1.0,0.0,0.0,0.0,0.0,0.0,0.0,0.0,0.0,0.0,0.0,0.0,666666.6667,3.0,0.0,3.0,3.0,0.0,0.0,0.0,0.0,0.0,0.0,0.0,0.0,0.0,0.0,0.0,0.0,40.0,20.0,333333.3333,333333.3333,0.0,0.0,0.0,0.0,0.0,0.0,0.0,0.0,1.0,0.0,0.0,0.0,0.0,1.0,0.0,0.0,0.0,1.0,0.0,1.0,0.0,26883.0,0.0,0.0,40.0,0.0,0.0,0.0,0.0,0.0,0.0,0.0,0.0,DoS attacks-SlowHTTPTest
21.0,6.0,2018-02-16 10:31:31,4.0,1.0,1.0,0.0,0.0,0.0,0.0,0.0,0.0,0.0,0.0,0.0,0.0,0.0,500000.0,4.0,0.0,4.0,4.0,0.0,0.0,0.0,0.0,0.0,0.0,0.0,0.0,0.0,0.0,0.0,0.0,40.0,20.0,250000.0,250000.0,0.0,0.0,0.0,0.0,0.0,0.0,0.0,0.0,1.0,0.0,0.0,0.0,0.0,1.0,0.0,0.0,0.0,1.0,0.0,1.0,0.0,26883.0,0.0,0.0,40.0,0.0,0.0,0.0,0.0,0.0,0.0,0.0,0.0,DoS attacks-SlowHTTPTest
21.0,6.0,2018-02-16 10:22:21,2.0,1.0,1.0,0.0,0.0,0.0,0.0,0.0,0.0,0.0,0.0,0.0,0.0,0.0,1000000.0,2.0,0.0,2.0,2.0,0.0,0.0,0.0,0.0,0.0,0.0,0.0,0.0,0.0,0.0,0.0,0.0,40.0,20.0,500000.0,500000.0,0.0,0.0,0.0,0.0,0.0,0.0,0.0,0.0,1.0,0.0,0.0,0.0,0.0,1.0,0.0,0.0,0.0,1.0,0.0,1.0,0.0,26883.0,0.0,0.0,40.0,0.0,0.0,0.0,0.0,0.0,0.0,0.0,0.0,DoS attacks-SlowHTTPTest
21.0,6.0,2018-02-16 10:12:19,2.0,1.0,1.0,0.0,0.0,0.0,0.0,0.0,0.0,0.0,0.0,0.0,0.0,0.0,1000000.0,2.0,0.0,2.0,2.0,0.0,0.0,0.0,0.0,0.0,0.0,0.0,0.0,0.0,0.0,0.0,0.0,40.0,20.0,500000.0,500000.0,0.0,0.0,0.0,0.0,0.0,0.0,0.0,0.0,1.0,0.0,0.0,0.0,0.0,1.0,0.0,0.0,0.0,1.0,0.0,1.0,0.0,26883.0,0.0,0.0,40.0,0.0,0.0,0.0,0.0,0.0,0.0,0.0,0.0,DoS attacks-SlowHTTPTest
21.0,6.0,2018-02-16 10:24:13,2.0,1.0,1.0,0.0,0.0,0.0,0.0,0.0,0.0,0.0,0.0,0.0,0.0,0.0,1000000.0,2.0,0.0,2.0,2.0,0.0,0.0,0.0,0.0,0.0,0.0,0.0,0.0,0.0,0.0,0.0,0.0,40.0,20.0,500000.0,500000.0,0.0,0.0,0.0,0.0,0.0,0.0,0.0,0.0,1.0,0.0,0.0,0.0,0.0,1.0,0.0,0.0,0.0,1.0,0.0,1.0,0.0,26883.0,0.0,0.0,40.0,0.0,0.0,0.0,0.0,0.0,0.0,0.0,0.0,DoS attacks-SlowHTTPTest
21.0,6.0,2018-02-16 10:40:29,2.0,1.0,1.0,0.0,0.0,0.0,0.0,0.0,0.0,0.0,0.0,0.0,0.0,0.0,1000000.0,2.0,0.0,2.0,2.0,0.0,0.0,0.0,0.0,0.0,0.0,0.0,0.0,0.0,0.0,0.0,0.0,40.0,20.0,500000.0,500000.0,0.0,0.0,0.0,0.0,0.0,0.0,0.0,0.0,1.0,0.0,0.0,0.0,0.0,1.0,0.0,0.0,0.0,1.0,0.0,1.0,0.0,26883.0,0.0,0.0,40.0,0.0,0.0,0.0,0.0,0.0,0.0,0.0,0.0,DoS attacks-SlowHTTPTest
21.0,6.0,2018-02-16 10:16:03,3.0,1.0,1.0,0.0,0.0,0.0,0.0,0.0,0.0,0.0,0.0,0.0,0.0,0.0,666666.6667,3.0,0.0,3.0,3.0,0.0,0.0,0.0,0.0,0.0,0.0,0.0,0.0,0.0,0.0,0.0,0.0,40.0,20.0,333333.3333,333333.3333,0.0,0.0,0.0,0.0,0.0,0.0,0.0,0.0,1.0,0.0,0.0,0.0,0.0,1.0,0.0,0.0,0.0,1.0,0.0,1.0,0.0,26883.0,0.0,0.0,40.0,0.0,0.0,0.0,0.0,0.0,0.0,0.0,0.0,DoS attacks-SlowHTTPTest
21.0,6.0,2018-02-16 10:30:31,22.0,1.0,1.0,0.0,0.0,0.0,0.0,0.0,0.0,0.0,0.0,0.0,0.0,0.0,90909.09091,22.0,0.0,22.0,22.0,0.0,0.0,0.0,0.0,0.0,0.0,0.0,0.0,0.0,0.0,0.0,0.0,40.0,20.0,45454.54545,45454.54545,0.0,0.0,0.0,0.0,0.0,0.0,0.0,0.0,1.0,0.0,0.0,0.0,0.0,1.0,0.0,0.0,0.0,1.0,0.0,1.0,0.0,26883.0,0.0,0.0,40.0,0.0,0.0,0.0,0.0,0.0,0.0,0.0,0.0,DoS attacks-SlowHTTPTest
21.0,6.0,2018-02-16 10:27:08,3.0,1.0,1.0,0.0,0.0,0.0,0.0,0.0,0.0,0.0,0.0,0.0,0.0,0.0,666666.6667,3.0,0.0,3.0,3.0,0.0,0.0,0.0,0.0,0.0,0.0,0.0,0.0,0.0,0.0,0.0,0.0,40.0,20.0,333333.3333,333333.3333,0.0,0.0,0.0,0.0,0.0,0.0,0.0,0.0,1.0,0.0,0.0,0.0,0.0,1.0,0.0,0.0,0.0,1.0,0.0,1.0,0.0,26883.0,0.0,0.0,40.0,0.0,0.0,0.0,0.0,0.0,0.0,0.0,0.0,DoS attacks-SlowHTTPTest
21.0,6.0,2018-02-16 10:36:29,3.0,1.0,1.0,0.0,0.0,0.0,0.0,0.0,0.0,0.0,0.0,0.0,0.0,0.0,666666.6667,3.0,0.0,3.0,3.0,0.0,0.0,0.0,0.0,0.0,0.0,0.0,0.0,0.0,0.0,0.0,0.0,40.0,20.0,333333.3333,333333.3333,0.0,0.0,0.0,0.0,0.0,0.0,0.0,0.0,1.0,0.0,0.0,0.0,0.0,1.0,0.0,0.0,0.0,1.0,0.0,1.0,0.0,26883.0,0.0,0.0,40.0,0.0,0.0,0.0,0.0,0.0,0.0,0.0,0.0,DoS attacks-SlowHTTPTest
21.0,6.0,2018-02-16 10:32:58,5.0,1.0,1.0,0.0,0.0,0.0,0.0,0.0,0.0,0.0,0.0,0.0,0.0,0.0,400000.0,5.0,0.0,5.0,5.0,0.0,0.0,0.0,0.0,0.0,0.0,0.0,0.0,0.0,0.0,0.0,0.0,40.0,20.0,200000.0,200000.0,0.0,0.0,0.0,0.0,0.0,0.0,0.0,0.0,1.0,0.0,0.0,0.0,0.0,1.0,0.0,0.0,0.0,1.0,0.0,1.0,0.0,26883.0,0.0,0.0,40.0,0.0,0.0,0.0,0.0,0.0,0.0,0.0,0.0,DoS attacks-SlowHTTPTest
21.0,6.0,2018-02-16 10:16:13,2.0,1.0,1.0,0.0,0.0,0.0,0.0,0.0,0.0,0.0,0.0,0.0,0.0,0.0,1000000.0,2.0,0.0,2.0,2.0,0.0,0.0,0.0,0.0,0.0,0.0,0.0,0.0,0.0,0.0,0.0,0.0,40.0,20.0,500000.0,500000.0,0.0,0.0,0.0,0.0,0.0,0.0,0.0,0.0,1.0,0.0,0.0,0.0,0.0,1.0,0.0,0.0,0.0,1.0,0.0,1.0,0.0,26883.0,0.0,0.0,40.0,0.0,0.0,0.0,0.0,0.0,0.0,0.0,0.0,DoS attacks-SlowHTTPTest
21.0,6.0,2018-02-16 10:28:38,2.0,1.0,1.0,0.0,0.0,0.0,0.0,0.0,0.0,0.0,0.0,0.0,0.0,0.0,1000000.0,2.0,0.0,2.0,2.0,0.0,0.0,0.0,0.0,0.0,0.0,0.0,0.0,0.0,0.0,0.0,0.0,40.0,20.0,500000.0,500000.0,0.0,0.0,0.0,0.0,0.0,0.0,0.0,0.0,1.0,0.0,0.0,0.0,0.0,1.0,0.0,0.0,0.0,1.0,0.0,1.0,0.0,26883.0,0.0,0.0,40.0,0.0,0.0,0.0,0.0,0.0,0.0,0.0,0.0,DoS attacks-SlowHTTPTest
21.0,6.0,2018-02-16 10:25:46,2.0,1.0,1.0,0.0,0.0,0.0,0.0,0.0,0.0,0.0,0.0,0.0,0.0,0.0,1000000.0,2.0,0.0,2.0,2.0,0.0,0.0,0.0,0.0,0.0,0.0,0.0,0.0,0.0,0.0,0.0,0.0,40.0,20.0,500000.0,500000.0,0.0,0.0,0.0,0.0,0.0,0.0,0.0,0.0,1.0,0.0,0.0,0.0,0.0,1.0,0.0,0.0,0.0,1.0,0.0,1.0,0.0,26883.0,0.0,0.0,40.0,0.0,0.0,0.0,0.0,0.0,0.0,0.0,0.0,DoS attacks-SlowHTTPTest
21.0,6.0,2018-02-16 10:19:06,2.0,1.0,1.0,0.0,0.0,0.0,0.0,0.0,0.0,0.0,0.0,0.0,0.0,0.0,1000000.0,2.0,0.0,2.0,2.0,0.0,0.0,0.0,0.0,0.0,0.0,0.0,0.0,0.0,0.0,0.0,0.0,40.0,20.0,500000.0,500000.0,0.0,0.0,0.0,0.0,0.0,0.0,0.0,0.0,1.0,0.0,0.0,0.0,0.0,1.0,0.0,0.0,0.0,1.0,0.0,1.0,0.0,26883.0,0.0,0.0,40.0,0.0,0.0,0.0,0.0,0.0,0.0,0.0,0.0,DoS attacks-SlowHTTPTest
21.0,6.0,2018-02-16 10:35:39,2.0,1.0,1.0,0.0,0.0,0.0,0.0,0.0,0.0,0.0,0.0,0.0,0.0,0.0,1000000.0,2.0,0.0,2.0,2.0,0.0,0.0,0.0,0.0,0.0,0.0,0.0,0.0,0.0,0.0,0.0,0.0,40.0,20.0,500000.0,500000.0,0.0,0.0,0.0,0.0,0.0,0.0,0.0,0.0,1.0,0.0,0.0,0.0,0.0,1.0,0.0,0.0,0.0,1.0,0.0,1.0,0.0,26883.0,0.0,0.0,40.0,0.0,0.0,0.0,0.0,0.0,0.0,0.0,0.0,DoS attacks-SlowHTTPTest
21.0,6.0,2018-02-16 10:48:32,2.0,1.0,1.0,0.0,0.0,0.0,0.0,0.0,0.0,0.0,0.0,0.0,0.0,0.0,1000000.0,2.0,0.0,2.0,2.0,0.0,0.0,0.0,0.0,0.0,0.0,0.0,0.0,0.0,0.0,0.0,0.0,40.0,20.0,500000.0,500000.0,0.0,0.0,0.0,0.0,0.0,0.0,0.0,0.0,1.0,0.0,0.0,0.0,0.0,1.0,0.0,0.0,0.0,1.0,0.0,1.0,0.0,26883.0,0.0,0.0,40.0,0.0,0.0,0.0,0.0,0.0,0.0,0.0,0.0,DoS attacks-SlowHTTPTest
21.0,6.0,2018-02-16 10:46:21,6.0,1.0,1.0,0.0,0.0,0.0,0.0,0.0,0.0,0.0,0.0,0.0,0.0,0.0,333333.3333,6.0,0.0,6.0,6.0,0.0,0.0,0.0,0.0,0.0,0.0,0.0,0.0,0.0,0.0,0.0,0.0,40.0,20.0,166666.6667,166666.6667,0.0,0.0,0.0,0.0,0.0,0.0,0.0,0.0,1.0,0.0,0.0,0.0,0.0,1.0,0.0,0.0,0.0,1.0,0.0,1.0,0.0,26883.0,0.0,0.0,40.0,0.0,0.0,0.0,0.0,0.0,0.0,0.0,0.0,DoS attacks-SlowHTTPTest
21.0,6.0,2018-02-16 10:34:17,3.0,1.0,1.0,0.0,0.0,0.0,0.0,0.0,0.0,0.0,0.0,0.0,0.0,0.0,666666.6667,3.0,0.0,3.0,3.0,0.0,0.0,0.0,0.0,0.0,0.0,0.0,0.0,0.0,0.0,0.0,0.0,40.0,20.0,333333.3333,333333.3333,0.0,0.0,0.0,0.0,0.0,0.0,0.0,0.0,1.0,0.0,0.0,0.0,0.0,1.0,0.0,0.0,0.0,1.0,0.0,1.0,0.0,26883.0,0.0,0.0,40.0,0.0,0.0,0.0,0.0,0.0,0.0,0.0,0.0,DoS attacks-SlowHTTPTest
21.0,6.0,2018-02-16 10:53:47,4.0,1.0,1.0,0.0,0.0,0.0,0.0,0.0,0.0,0.0,0.0,0.0,0.0,0.0,500000.0,4.0,0.0,4.0,4.0,0.0,0.0,0.0,0.0,0.0,0.0,0.0,0.0,0.0,0.0,0.0,0.0,40.0,20.0,250000.0,250000.0,0.0,0.0,0.0,0.0,0.0,0.0,0.0,0.0,1.0,0.0,0.0,0.0,0.0,1.0,0.0,0.0,0.0,1.0,0.0,1.0,0.0,26883.0,0.0,0.0,40.0,0.0,0.0,0.0,0.0,0.0,0.0,0.0,0.0,DoS attacks-SlowHTTPTest
21.0,6.0,2018-02-16 10:17:29,3.0,1.0,1.0,0.0,0.0,0.0,0.0,0.0,0.0,0.0,0.0,0.0,0.0,0.0,666666.6667,3.0,0.0,3.0,3.0,0.0,0.0,0.0,0.0,0.0,0.0,0.0,0.0,0.0,0.0,0.0,0.0,40.0,20.0,333333.3333,333333.3333,0.0,0.0,0.0,0.0,0.0,0.0,0.0,0.0,1.0,0.0,0.0,0.0,0.0,1.0,0.0,0.0,0.0,1.0,0.0,1.0,0.0,26883.0,0.0,0.0,40.0,0.0,0.0,0.0,0.0,0.0,0.0,0.0,0.0,DoS attacks-SlowHTTPTest
21.0,6.0,2018-02-16 10:33:10,3.0,1.0,1.0,0.0,0.0,0.0,0.0,0.0,0.0,0.0,0.0,0.0,0.0,0.0,666666.6667,3.0,0.0,3.0,3.0,0.0,0.0,0.0,0.0,0.0,0.0,0.0,0.0,0.0,0.0,0.0,0.0,40.0,20.0,333333.3333,333333.3333,0.0,0.0,0.0,0.0,0.0,0.0,0.0,0.0,1.0,0.0,0.0,0.0,0.0,1.0,0.0,0.0,0.0,1.0,0.0,1.0,0.0,26883.0,0.0,0.0,40.0,0.0,0.0,0.0,0.0,0.0,0.0,0.0,0.0,DoS attacks-SlowHTTPTest
21.0,6.0,2018-02-16 10:22:28,2.0,1.0,1.0,0.0,0.0,0.0,0.0,0.0,0.0,0.0,0.0,0.0,0.0,0.0,1000000.0,2.0,0.0,2.0,2.0,0.0,0.0,0.0,0.0,0.0,0.0,0.0,0.0,0.0,0.0,0.0,0.0,40.0,20.0,500000.0,500000.0,0.0,0.0,0.0,0.0,0.0,0.0,0.0,0.0,1.0,0.0,0.0,0.0,0.0,1.0,0.0,0.0,0.0,1.0,0.0,1.0,0.0,26883.0,0.0,0.0,40.0,0.0,0.0,0.0,0.0,0.0,0.0,0.0,0.0,DoS attacks-SlowHTTPTest
21.0,6.0,2018-02-16 10:36:45,3.0,1.0,1.0,0.0,0.0,0.0,0.0,0.0,0.0,0.0,0.0,0.0,0.0,0.0,666666.6667,3.0,0.0,3.0,3.0,0.0,0.0,0.0,0.0,0.0,0.0,0.0,0.0,0.0,0.0,0.0,0.0,40.0,20.0,333333.3333,333333.3333,0.0,0.0,0.0,0.0,0.0,0.0,0.0,0.0,1.0,0.0,0.0,0.0,0.0,1.0,0.0,0.0,0.0,1.0,0.0,1.0,0.0,26883.0,0.0,0.0,40.0,0.0,0.0,0.0,0.0,0.0,0.0,0.0,0.0,DoS attacks-SlowHTTPTest
21.0,6.0,2018-02-16 10:23:47,2.0,1.0,1.0,0.0,0.0,0.0,0.0,0.0,0.0,0.0,0.0,0.0,0.0,0.0,1000000.0,2.0,0.0,2.0,2.0,0.0,0.0,0.0,0.0,0.0,0.0,0.0,0.0,0.0,0.0,0.0,0.0,40.0,20.0,500000.0,500000.0,0.0,0.0,0.0,0.0,0.0,0.0,0.0,0.0,1.0,0.0,0.0,0.0,0.0,1.0,0.0,0.0,0.0,1.0,0.0,1.0,0.0,26883.0,0.0,0.0,40.0,0.0,0.0,0.0,0.0,0.0,0.0,0.0,0.0,DoS attacks-SlowHTTPTest
21.0,6.0,2018-02-16 10:45:44,2.0,1.0,1.0,0.0,0.0,0.0,0.0,0.0,0.0,0.0,0.0,0.0,0.0,0.0,1000000.0,2.0,0.0,2.0,2.0,0.0,0.0,0.0,0.0,0.0,0.0,0.0,0.0,0.0,0.0,0.0,0.0,40.0,20.0,500000.0,500000.0,0.0,0.0,0.0,0.0,0.0,0.0,0.0,0.0,1.0,0.0,0.0,0.0,0.0,1.0,0.0,0.0,0.0,1.0,0.0,1.0,0.0,26883.0,0.0,0.0,40.0,0.0,0.0,0.0,0.0,0.0,0.0,0.0,0.0,DoS attacks-SlowHTTPTest
21.0,6.0,2018-02-16 10:38:38,1.0,1.0,1.0,0.0,0.0,0.0,0.0,0.0,0.0,0.0,0.0,0.0,0.0,0.0,2000000.0,1.0,0.0,1.0,1.0,0.0,0.0,0.0,0.0,0.0,0.0,0.0,0.0,0.0,0.0,0.0,0.0,40.0,20.0,1000000.0,1000000.0,0.0,0.0,0.0,0.0,0.0,0.0,0.0,0.0,1.0,0.0,0.0,0.0,0.0,1.0,0.0,0.0,0.0,1.0,0.0,1.0,0.0,26883.0,0.0,0.0,40.0,0.0,0.0,0.0,0.0,0.0,0.0,0.0,0.0,DoS attacks-SlowHTTPTest
21.0,6.0,2018-02-16 10:55:56,3.0,1.0,1.0,0.0,0.0,0.0,0.0,0.0,0.0,0.0,0.0,0.0,0.0,0.0,666666.6667,3.0,0.0,3.0,3.0,0.0,0.0,0.0,0.0,0.0,0.0,0.0,0.0,0.0,0.0,0.0,0.0,40.0,20.0,333333.3333,333333.3333,0.0,0.0,0.0,0.0,0.0,0.0,0.0,0.0,1.0,0.0,0.0,0.0,0.0,1.0,0.0,0.0,0.0,1.0,0.0,1.0,0.0,26883.0,0.0,0.0,40.0,0.0,0.0,0.0,0.0,0.0,0.0,0.0,0.0,DoS attacks-SlowHTTPTest
21.0,6.0,2018-02-16 10:19:59,2.0,1.0,1.0,0.0,0.0,0.0,0.0,0.0,0.0,0.0,0.0,0.0,0.0,0.0,1000000.0,2.0,0.0,2.0,2.0,0.0,0.0,0.0,0.0,0.0,0.0,0.0,0.0,0.0,0.0,0.0,0.0,40.0,20.0,500000.0,500000.0,0.0,0.0,0.0,0.0,0.0,0.0,0.0,0.0,1.0,0.0,0.0,0.0,0.0,1.0,0.0,0.0,0.0,1.0,0.0,1.0,0.0,26883.0,0.0,0.0,40.0,0.0,0.0,0.0,0.0,0.0,0.0,0.0,0.0,DoS attacks-SlowHTTPTest
21.0,6.0,2018-02-16 10:23:54,2.0,1.0,1.0,0.0,0.0,0.0,0.0,0.0,0.0,0.0,0.0,0.0,0.0,0.0,1000000.0,2.0,0.0,2.0,2.0,0.0,0.0,0.0,0.0,0.0,0.0,0.0,0.0,0.0,0.0,0.0,0.0,40.0,20.0,500000.0,500000.0,0.0,0.0,0.0,0.0,0.0,0.0,0.0,0.0,1.0,0.0,0.0,0.0,0.0,1.0,0.0,0.0,0.0,1.0,0.0,1.0,0.0,26883.0,0.0,0.0,40.0,0.0,0.0,0.0,0.0,0.0,0.0,0.0,0.0,DoS attacks-SlowHTTPTest
21.0,6.0,2018-02-16 10:52:58,3.0,1.0,1.0,0.0,0.0,0.0,0.0,0.0,0.0,0.0,0.0,0.0,0.0,0.0,666666.6667,3.0,0.0,3.0,3.0,0.0,0.0,0.0,0.0,0.0,0.0,0.0,0.0,0.0,0.0,0.0,0.0,40.0,20.0,333333.3333,333333.3333,0.0,0.0,0.0,0.0,0.0,0.0,0.0,0.0,1.0,0.0,0.0,0.0,0.0,1.0,0.0,0.0,0.0,1.0,0.0,1.0,0.0,26883.0,0.0,0.0,40.0,0.0,0.0,0.0,0.0,0.0,0.0,0.0,0.0,DoS attacks-SlowHTTPTest
21.0,6.0,2018-02-16 10:28:26,2.0,1.0,1.0,0.0,0.0,0.0,0.0,0.0,0.0,0.0,0.0,0.0,0.0,0.0,1000000.0,2.0,0.0,2.0,2.0,0.0,0.0,0.0,0.0,0.0,0.0,0.0,0.0,0.0,0.0,0.0,0.0,40.0,20.0,500000.0,500000.0,0.0,0.0,0.0,0.0,0.0,0.0,0.0,0.0,1.0,0.0,0.0,0.0,0.0,1.0,0.0,0.0,0.0,1.0,0.0,1.0,0.0,26883.0,0.0,0.0,40.0,0.0,0.0,0.0,0.0,0.0,0.0,0.0,0.0,DoS attacks-SlowHTTPTest
21.0,6.0,2018-02-16 10:25:29,4.0,1.0,1.0,0.0,0.0,0.0,0.0,0.0,0.0,0.0,0.0,0.0,0.0,0.0,500000.0,4.0,0.0,4.0,4.0,0.0,0.0,0.0,0.0,0.0,0.0,0.0,0.0,0.0,0.0,0.0,0.0,40.0,20.0,250000.0,250000.0,0.0,0.0,0.0,0.0,0.0,0.0,0.0,0.0,1.0,0.0,0.0,0.0,0.0,1.0,0.0,0.0,0.0,1.0,0.0,1.0,0.0,26883.0,0.0,0.0,40.0,0.0,0.0,0.0,0.0,0.0,0.0,0.0,0.0,DoS attacks-SlowHTTPTest
21.0,6.0,2018-02-16 10:58:06,3.0,1.0,1.0,0.0,0.0,0.0,0.0,0.0,0.0,0.0,0.0,0.0,0.0,0.0,666666.6667,3.0,0.0,3.0,3.0,0.0,0.0,0.0,0.0,0.0,0.0,0.0,0.0,0.0,0.0,0.0,0.0,40.0,20.0,333333.3333,333333.3333,0.0,0.0,0.0,0.0,0.0,0.0,0.0,0.0,1.0,0.0,0.0,0.0,0.0,1.0,0.0,0.0,0.0,1.0,0.0,1.0,0.0,26883.0,0.0,0.0,40.0,0.0,0.0,0.0,0.0,0.0,0.0,0.0,0.0,DoS attacks-SlowHTTPTest
21.0,6.0,2018-02-16 10:42:38,3.0,1.0,1.0,0.0,0.0,0.0,0.0,0.0,0.0,0.0,0.0,0.0,0.0,0.0,666666.6667,3.0,0.0,3.0,3.0,0.0,0.0,0.0,0.0,0.0,0.0,0.0,0.0,0.0,0.0,0.0,0.0,40.0,20.0,333333.3333,333333.3333,0.0,0.0,0.0,0.0,0.0,0.0,0.0,0.0,1.0,0.0,0.0,0.0,0.0,1.0,0.0,0.0,0.0,1.0,0.0,1.0,0.0,26883.0,0.0,0.0,40.0,0.0,0.0,0.0,0.0,0.0,0.0,0.0,0.0,DoS attacks-SlowHTTPTest
21.0,6.0,2018-02-16 10:57:30,3.0,1.0,1.0,0.0,0.0,0.0,0.0,0.0,0.0,0.0,0.0,0.0,0.0,0.0,666666.6667,3.0,0.0,3.0,3.0,0.0,0.0,0.0,0.0,0.0,0.0,0.0,0.0,0.0,0.0,0.0,0.0,40.0,20.0,333333.3333,333333.3333,0.0,0.0,0.0,0.0,0.0,0.0,0.0,0.0,1.0,0.0,0.0,0.0,0.0,1.0,0.0,0.0,0.0,1.0,0.0,1.0,0.0,26883.0,0.0,0.0,40.0,0.0,0.0,0.0,0.0,0.0,0.0,0.0,0.0,DoS attacks-SlowHTTPTest
21.0,6.0,2018-02-16 10:34:41,3.0,1.0,1.0,0.0,0.0,0.0,0.0,0.0,0.0,0.0,0.0,0.0,0.0,0.0,666666.6667,3.0,0.0,3.0,3.0,0.0,0.0,0.0,0.0,0.0,0.0,0.0,0.0,0.0,0.0,0.0,0.0,40.0,20.0,333333.3333,333333.3333,0.0,0.0,0.0,0.0,0.0,0.0,0.0,0.0,1.0,0.0,0.0,0.0,0.0,1.0,0.0,0.0,0.0,1.0,0.0,1.0,0.0,26883.0,0.0,0.0,40.0,0.0,0.0,0.0,0.0,0.0,0.0,0.0,0.0,DoS attacks-SlowHTTPTest
21.0,6.0,2018-02-16 10:45:03,2.0,1.0,1.0,0.0,0.0,0.0,0.0,0.0,0.0,0.0,0.0,0.0,0.0,0.0,1000000.0,2.0,0.0,2.0,2.0,0.0,0.0,0.0,0.0,0.0,0.0,0.0,0.0,0.0,0.0,0.0,0.0,40.0,20.0,500000.0,500000.0,0.0,0.0,0.0,0.0,0.0,0.0,0.0,0.0,1.0,0.0,0.0,0.0,0.0,1.0,0.0,0.0,0.0,1.0,0.0,1.0,0.0,26883.0,0.0,0.0,40.0,0.0,0.0,0.0,0.0,0.0,0.0,0.0,0.0,DoS attacks-SlowHTTPTest
21.0,6.0,2018-02-16 10:19:41,2.0,1.0,1.0,0.0,0.0,0.0,0.0,0.0,0.0,0.0,0.0,0.0,0.0,0.0,1000000.0,2.0,0.0,2.0,2.0,0.0,0.0,0.0,0.0,0.0,0.0,0.0,0.0,0.0,0.0,0.0,0.0,40.0,20.0,500000.0,500000.0,0.0,0.0,0.0,0.0,0.0,0.0,0.0,0.0,1.0,0.0,0.0,0.0,0.0,1.0,0.0,0.0,0.0,1.0,0.0,1.0,0.0,26883.0,0.0,0.0,40.0,0.0,0.0,0.0,0.0,0.0,0.0,0.0,0.0,DoS attacks-SlowHTTPTest
21.0,6.0,2018-02-16 10:23:26,3.0,1.0,1.0,0.0,0.0,0.0,0.0,0.0,0.0,0.0,0.0,0.0,0.0,0.0,666666.6667,3.0,0.0,3.0,3.0,0.0,0.0,0.0,0.0,0.0,0.0,0.0,0.0,0.0,0.0,0.0,0.0,40.0,20.0,333333.3333,333333.3333,0.0,0.0,0.0,0.0,0.0,0.0,0.0,0.0,1.0,0.0,0.0,0.0,0.0,1.0,0.0,0.0,0.0,1.0,0.0,1.0,0.0,26883.0,0.0,0.0,40.0,0.0,0.0,0.0,0.0,0.0,0.0,0.0,0.0,DoS attacks-SlowHTTPTest
21.0,6.0,2018-02-16 10:32:03,2.0,1.0,1.0,0.0,0.0,0.0,0.0,0.0,0.0,0.0,0.0,0.0,0.0,0.0,1000000.0,2.0,0.0,2.0,2.0,0.0,0.0,0.0,0.0,0.0,0.0,0.0,0.0,0.0,0.0,0.0,0.0,40.0,20.0,500000.0,500000.0,0.0,0.0,0.0,0.0,0.0,0.0,0.0,0.0,1.0,0.0,0.0,0.0,0.0,1.0,0.0,0.0,0.0,1.0,0.0,1.0,0.0,26883.0,0.0,0.0,40.0,0.0,0.0,0.0,0.0,0.0,0.0,0.0,0.0,DoS attacks-SlowHTTPTest
21.0,6.0,2018-02-16 10:42:00,20.0,1.0,1.0,0.0,0.0,0.0,0.0,0.0,0.0,0.0,0.0,0.0,0.0,0.0,100000.0,20.0,0.0,20.0,20.0,0.0,0.0,0.0,0.0,0.0,0.0,0.0,0.0,0.0,0.0,0.0,0.0,40.0,20.0,50000.0,50000.0,0.0,0.0,0.0,0.0,0.0,0.0,0.0,0.0,1.0,0.0,0.0,0.0,0.0,1.0,0.0,0.0,0.0,1.0,0.0,1.0,0.0,26883.0,0.0,0.0,40.0,0.0,0.0,0.0,0.0,0.0,0.0,0.0,0.0,DoS attacks-SlowHTTPTest
21.0,6.0,2018-02-16 10:23:14,2.0,1.0,1.0,0.0,0.0,0.0,0.0,0.0,0.0,0.0,0.0,0.0,0.0,0.0,1000000.0,2.0,0.0,2.0,2.0,0.0,0.0,0.0,0.0,0.0,0.0,0.0,0.0,0.0,0.0,0.0,0.0,40.0,20.0,500000.0,500000.0,0.0,0.0,0.0,0.0,0.0,0.0,0.0,0.0,1.0,0.0,0.0,0.0,0.0,1.0,0.0,0.0,0.0,1.0,0.0,1.0,0.0,26883.0,0.0,0.0,40.0,0.0,0.0,0.0,0.0,0.0,0.0,0.0,0.0,DoS attacks-SlowHTTPTest
21.0,6.0,2018-02-16 10:33:19,3.0,1.0,1.0,0.0,0.0,0.0,0.0,0.0,0.0,0.0,0.0,0.0,0.0,0.0,666666.6667,3.0,0.0,3.0,3.0,0.0,0.0,0.0,0.0,0.0,0.0,0.0,0.0,0.0,0.0,0.0,0.0,40.0,20.0,333333.3333,333333.3333,0.0,0.0,0.0,0.0,0.0,0.0,0.0,0.0,1.0,0.0,0.0,0.0,0.0,1.0,0.0,0.0,0.0,1.0,0.0,1.0,0.0,26883.0,0.0,0.0,40.0,0.0,0.0,0.0,0.0,0.0,0.0,0.0,0.0,DoS attacks-SlowHTTPTest
21.0,6.0,2018-02-16 10:31:19,3.0,1.0,1.0,0.0,0.0,0.0,0.0,0.0,0.0,0.0,0.0,0.0,0.0,0.0,666666.6667,3.0,0.0,3.0,3.0,0.0,0.0,0.0,0.0,0.0,0.0,0.0,0.0,0.0,0.0,0.0,0.0,40.0,20.0,333333.3333,333333.3333,0.0,0.0,0.0,0.0,0.0,0.0,0.0,0.0,1.0,0.0,0.0,0.0,0.0,1.0,0.0,0.0,0.0,1.0,0.0,1.0,0.0,26883.0,0.0,0.0,40.0,0.0,0.0,0.0,0.0,0.0,0.0,0.0,0.0,DoS attacks-SlowHTTPTest
21.0,6.0,2018-02-16 10:26:19,2.0,1.0,1.0,0.0,0.0,0.0,0.0,0.0,0.0,0.0,0.0,0.0,0.0,0.0,1000000.0,2.0,0.0,2.0,2.0,0.0,0.0,0.0,0.0,0.0,0.0,0.0,0.0,0.0,0.0,0.0,0.0,40.0,20.0,500000.0,500000.0,0.0,0.0,0.0,0.0,0.0,0.0,0.0,0.0,1.0,0.0,0.0,0.0,0.0,1.0,0.0,0.0,0.0,1.0,0.0,1.0,0.0,26883.0,0.0,0.0,40.0,0.0,0.0,0.0,0.0,0.0,0.0,0.0,0.0,DoS attacks-SlowHTTPTest
21.0,6.0,2018-02-16 10:15:26,2.0,1.0,1.0,0.0,0.0,0.0,0.0,0.0,0.0,0.0,0.0,0.0,0.0,0.0,1000000.0,2.0,0.0,2.0,2.0,0.0,0.0,0.0,0.0,0.0,0.0,0.0,0.0,0.0,0.0,0.0,0.0,40.0,20.0,500000.0,500000.0,0.0,0.0,0.0,0.0,0.0,0.0,0.0,0.0,1.0,0.0,0.0,0.0,0.0,1.0,0.0,0.0,0.0,1.0,0.0,1.0,0.0,26883.0,0.0,0.0,40.0,0.0,0.0,0.0,0.0,0.0,0.0,0.0,0.0,DoS attacks-SlowHTTPTest
21.0,6.0,2018-02-16 10:46:39,5.0,1.0,1.0,0.0,0.0,0.0,0.0,0.0,0.0,0.0,0.0,0.0,0.0,0.0,400000.0,5.0,0.0,5.0,5.0,0.0,0.0,0.0,0.0,0.0,0.0,0.0,0.0,0.0,0.0,0.0,0.0,40.0,20.0,200000.0,200000.0,0.0,0.0,0.0,0.0,0.0,0.0,0.0,0.0,1.0,0.0,0.0,0.0,0.0,1.0,0.0,0.0,0.0,1.0,0.0,1.0,0.0,26883.0,0.0,0.0,40.0,0.0,0.0,0.0,0.0,0.0,0.0,0.0,0.0,DoS attacks-SlowHTTPTest
21.0,6.0,2018-02-16 10:53:19,2.0,1.0,1.0,0.0,0.0,0.0,0.0,0.0,0.0,0.0,0.0,0.0,0.0,0.0,1000000.0,2.0,0.0,2.0,2.0,0.0,0.0,0.0,0.0,0.0,0.0,0.0,0.0,0.0,0.0,0.0,0.0,40.0,20.0,500000.0,500000.0,0.0,0.0,0.0,0.0,0.0,0.0,0.0,0.0,1.0,0.0,0.0,0.0,0.0,1.0,0.0,0.0,0.0,1.0,0.0,1.0,0.0,26883.0,0.0,0.0,40.0,0.0,0.0,0.0,0.0,0.0,0.0,0.0,0.0,DoS attacks-SlowHTTPTest
21.0,6.0,2018-02-16 10:27:55,2.0,1.0,1.0,0.0,0.0,0.0,0.0,0.0,0.0,0.0,0.0,0.0,0.0,0.0,1000000.0,2.0,0.0,2.0,2.0,0.0,0.0,0.0,0.0,0.0,0.0,0.0,0.0,0.0,0.0,0.0,0.0,40.0,20.0,500000.0,500000.0,0.0,0.0,0.0,0.0,0.0,0.0,0.0,0.0,1.0,0.0,0.0,0.0,0.0,1.0,0.0,0.0,0.0,1.0,0.0,1.0,0.0,26883.0,0.0,0.0,40.0,0.0,0.0,0.0,0.0,0.0,0.0,0.0,0.0,DoS attacks-SlowHTTPTest
21.0,6.0,2018-02-16 10:41:55,3.0,1.0,1.0,0.0,0.0,0.0,0.0,0.0,0.0,0.0,0.0,0.0,0.0,0.0,666666.6667,3.0,0.0,3.0,3.0,0.0,0.0,0.0,0.0,0.0,0.0,0.0,0.0,0.0,0.0,0.0,0.0,40.0,20.0,333333.3333,333333.3333,0.0,0.0,0.0,0.0,0.0,0.0,0.0,0.0,1.0,0.0,0.0,0.0,0.0,1.0,0.0,0.0,0.0,1.0,0.0,1.0,0.0,26883.0,0.0,0.0,40.0,0.0,0.0,0.0,0.0,0.0,0.0,0.0,0.0,DoS attacks-SlowHTTPTest
21.0,6.0,2018-02-16 10:25:08,2.0,1.0,1.0,0.0,0.0,0.0,0.0,0.0,0.0,0.0,0.0,0.0,0.0,0.0,1000000.0,2.0,0.0,2.0,2.0,0.0,0.0,0.0,0.0,0.0,0.0,0.0,0.0,0.0,0.0,0.0,0.0,40.0,20.0,500000.0,500000.0,0.0,0.0,0.0,0.0,0.0,0.0,0.0,0.0,1.0,0.0,0.0,0.0,0.0,1.0,0.0,0.0,0.0,1.0,0.0,1.0,0.0,26883.0,0.0,0.0,40.0,0.0,0.0,0.0,0.0,0.0,0.0,0.0,0.0,DoS attacks-SlowHTTPTest
21.0,6.0,2018-02-16 10:44:58,5.0,1.0,1.0,0.0,0.0,0.0,0.0,0.0,0.0,0.0,0.0,0.0,0.0,0.0,400000.0,5.0,0.0,5.0,5.0,0.0,0.0,0.0,0.0,0.0,0.0,0.0,0.0,0.0,0.0,0.0,0.0,40.0,20.0,200000.0,200000.0,0.0,0.0,0.0,0.0,0.0,0.0,0.0,0.0,1.0,0.0,0.0,0.0,0.0,1.0,0.0,0.0,0.0,1.0,0.0,1.0,0.0,26883.0,0.0,0.0,40.0,0.0,0.0,0.0,0.0,0.0,0.0,0.0,0.0,DoS attacks-SlowHTTPTest
21.0,6.0,2018-02-16 10:21:17,2.0,1.0,1.0,0.0,0.0,0.0,0.0,0.0,0.0,0.0,0.0,0.0,0.0,0.0,1000000.0,2.0,0.0,2.0,2.0,0.0,0.0,0.0,0.0,0.0,0.0,0.0,0.0,0.0,0.0,0.0,0.0,40.0,20.0,500000.0,500000.0,0.0,0.0,0.0,0.0,0.0,0.0,0.0,0.0,1.0,0.0,0.0,0.0,0.0,1.0,0.0,0.0,0.0,1.0,0.0,1.0,0.0,26883.0,0.0,0.0,40.0,0.0,0.0,0.0,0.0,0.0,0.0,0.0,0.0,DoS attacks-SlowHTTPTest
21.0,6.0,2018-02-16 10:26:00,2.0,1.0,1.0,0.0,0.0,0.0,0.0,0.0,0.0,0.0,0.0,0.0,0.0,0.0,1000000.0,2.0,0.0,2.0,2.0,0.0,0.0,0.0,0.0,0.0,0.0,0.0,0.0,0.0,0.0,0.0,0.0,40.0,20.0,500000.0,500000.0,0.0,0.0,0.0,0.0,0.0,0.0,0.0,0.0,1.0,0.0,0.0,0.0,0.0,1.0,0.0,0.0,0.0,1.0,0.0,1.0,0.0,26883.0,0.0,0.0,40.0,0.0,0.0,0.0,0.0,0.0,0.0,0.0,0.0,DoS attacks-SlowHTTPTest
21.0,6.0,2018-02-16 10:12:21,2.0,1.0,1.0,0.0,0.0,0.0,0.0,0.0,0.0,0.0,0.0,0.0,0.0,0.0,1000000.0,2.0,0.0,2.0,2.0,0.0,0.0,0.0,0.0,0.0,0.0,0.0,0.0,0.0,0.0,0.0,0.0,40.0,20.0,500000.0,500000.0,0.0,0.0,0.0,0.0,0.0,0.0,0.0,0.0,1.0,0.0,0.0,0.0,0.0,1.0,0.0,0.0,0.0,1.0,0.0,1.0,0.0,26883.0,0.0,0.0,40.0,0.0,0.0,0.0,0.0,0.0,0.0,0.0,0.0,DoS attacks-SlowHTTPTest
21.0,6.0,2018-02-16 10:41:05,2.0,1.0,1.0,0.0,0.0,0.0,0.0,0.0,0.0,0.0,0.0,0.0,0.0,0.0,1000000.0,2.0,0.0,2.0,2.0,0.0,0.0,0.0,0.0,0.0,0.0,0.0,0.0,0.0,0.0,0.0,0.0,40.0,20.0,500000.0,500000.0,0.0,0.0,0.0,0.0,0.0,0.0,0.0,0.0,1.0,0.0,0.0,0.0,0.0,1.0,0.0,0.0,0.0,1.0,0.0,1.0,0.0,26883.0,0.0,0.0,40.0,0.0,0.0,0.0,0.0,0.0,0.0,0.0,0.0,DoS attacks-SlowHTTPTest
21.0,6.0,2018-02-16 10:36:40,5.0,1.0,1.0,0.0,0.0,0.0,0.0,0.0,0.0,0.0,0.0,0.0,0.0,0.0,400000.0,5.0,0.0,5.0,5.0,0.0,0.0,0.0,0.0,0.0,0.0,0.0,0.0,0.0,0.0,0.0,0.0,40.0,20.0,200000.0,200000.0,0.0,0.0,0.0,0.0,0.0,0.0,0.0,0.0,1.0,0.0,0.0,0.0,0.0,1.0,0.0,0.0,0.0,1.0,0.0,1.0,0.0,26883.0,0.0,0.0,40.0,0.0,0.0,0.0,0.0,0.0,0.0,0.0,0.0,DoS attacks-SlowHTTPTest
21.0,6.0,2018-02-16 10:30:20,2.0,1.0,1.0,0.0,0.0,0.0,0.0,0.0,0.0,0.0,0.0,0.0,0.0,0.0,1000000.0,2.0,0.0,2.0,2.0,0.0,0.0,0.0,0.0,0.0,0.0,0.0,0.0,0.0,0.0,0.0,0.0,40.0,20.0,500000.0,500000.0,0.0,0.0,0.0,0.0,0.0,0.0,0.0,0.0,1.0,0.0,0.0,0.0,0.0,1.0,0.0,0.0,0.0,1.0,0.0,1.0,0.0,26883.0,0.0,0.0,40.0,0.0,0.0,0.0,0.0,0.0,0.0,0.0,0.0,DoS attacks-SlowHTTPTest
21.0,6.0,2018-02-16 10:30:41,2.0,1.0,1.0,0.0,0.0,0.0,0.0,0.0,0.0,0.0,0.0,0.0,0.0,0.0,1000000.0,2.0,0.0,2.0,2.0,0.0,0.0,0.0,0.0,0.0,0.0,0.0,0.0,0.0,0.0,0.0,0.0,40.0,20.0,500000.0,500000.0,0.0,0.0,0.0,0.0,0.0,0.0,0.0,0.0,1.0,0.0,0.0,0.0,0.0,1.0,0.0,0.0,0.0,1.0,0.0,1.0,0.0,26883.0,0.0,0.0,40.0,0.0,0.0,0.0,0.0,0.0,0.0,0.0,0.0,DoS attacks-SlowHTTPTest
21.0,6.0,2018-02-16 10:35:30,3.0,1.0,1.0,0.0,0.0,0.0,0.0,0.0,0.0,0.0,0.0,0.0,0.0,0.0,666666.6667,3.0,0.0,3.0,3.0,0.0,0.0,0.0,0.0,0.0,0.0,0.0,0.0,0.0,0.0,0.0,0.0,40.0,20.0,333333.3333,333333.3333,0.0,0.0,0.0,0.0,0.0,0.0,0.0,0.0,1.0,0.0,0.0,0.0,0.0,1.0,0.0,0.0,0.0,1.0,0.0,1.0,0.0,26883.0,0.0,0.0,40.0,0.0,0.0,0.0,0.0,0.0,0.0,0.0,0.0,DoS attacks-SlowHTTPTest
21.0,6.0,2018-02-16 10:31:47,3.0,1.0,1.0,0.0,0.0,0.0,0.0,0.0,0.0,0.0,0.0,0.0,0.0,0.0,666666.6667,3.0,0.0,3.0,3.0,0.0,0.0,0.0,0.0,0.0,0.0,0.0,0.0,0.0,0.0,0.0,0.0,40.0,20.0,333333.3333,333333.3333,0.0,0.0,0.0,0.0,0.0,0.0,0.0,0.0,1.0,0.0,0.0,0.0,0.0,1.0,0.0,0.0,0.0,1.0,0.0,1.0,0.0,26883.0,0.0,0.0,40.0,0.0,0.0,0.0,0.0,0.0,0.0,0.0,0.0,DoS attacks-SlowHTTPTest
21.0,6.0,2018-02-16 10:25:50,3.0,1.0,1.0,0.0,0.0,0.0,0.0,0.0,0.0,0.0,0.0,0.0,0.0,0.0,666666.6667,3.0,0.0,3.0,3.0,0.0,0.0,0.0,0.0,0.0,0.0,0.0,0.0,0.0,0.0,0.0,0.0,40.0,20.0,333333.3333,333333.3333,0.0,0.0,0.0,0.0,0.0,0.0,0.0,0.0,1.0,0.0,0.0,0.0,0.0,1.0,0.0,0.0,0.0,1.0,0.0,1.0,0.0,26883.0,0.0,0.0,40.0,0.0,0.0,0.0,0.0,0.0,0.0,0.0,0.0,DoS attacks-SlowHTTPTest
21.0,6.0,2018-02-16 10:51:53,3.0,1.0,1.0,0.0,0.0,0.0,0.0,0.0,0.0,0.0,0.0,0.0,0.0,0.0,666666.6667,3.0,0.0,3.0,3.0,0.0,0.0,0.0,0.0,0.0,0.0,0.0,0.0,0.0,0.0,0.0,0.0,40.0,20.0,333333.3333,333333.3333,0.0,0.0,0.0,0.0,0.0,0.0,0.0,0.0,1.0,0.0,0.0,0.0,0.0,1.0,0.0,0.0,0.0,1.0,0.0,1.0,0.0,26883.0,0.0,0.0,40.0,0.0,0.0,0.0,0.0,0.0,0.0,0.0,0.0,DoS attacks-SlowHTTPTest
21.0,6.0,2018-02-16 10:34:14,3.0,1.0,1.0,0.0,0.0,0.0,0.0,0.0,0.0,0.0,0.0,0.0,0.0,0.0,666666.6667,3.0,0.0,3.0,3.0,0.0,0.0,0.0,0.0,0.0,0.0,0.0,0.0,0.0,0.0,0.0,0.0,40.0,20.0,333333.3333,333333.3333,0.0,0.0,0.0,0.0,0.0,0.0,0.0,0.0,1.0,0.0,0.0,0.0,0.0,1.0,0.0,0.0,0.0,1.0,0.0,1.0,0.0,26883.0,0.0,0.0,40.0,0.0,0.0,0.0,0.0,0.0,0.0,0.0,0.0,DoS attacks-SlowHTTPTest
21.0,6.0,2018-02-16 10:41:54,2.0,1.0,1.0,0.0,0.0,0.0,0.0,0.0,0.0,0.0,0.0,0.0,0.0,0.0,1000000.0,2.0,0.0,2.0,2.0,0.0,0.0,0.0,0.0,0.0,0.0,0.0,0.0,0.0,0.0,0.0,0.0,40.0,20.0,500000.0,500000.0,0.0,0.0,0.0,0.0,0.0,0.0,0.0,0.0,1.0,0.0,0.0,0.0,0.0,1.0,0.0,0.0,0.0,1.0,0.0,1.0,0.0,26883.0,0.0,0.0,40.0,0.0,0.0,0.0,0.0,0.0,0.0,0.0,0.0,DoS attacks-SlowHTTPTest
21.0,6.0,2018-02-16 10:51:23,2.0,1.0,1.0,0.0,0.0,0.0,0.0,0.0,0.0,0.0,0.0,0.0,0.0,0.0,1000000.0,2.0,0.0,2.0,2.0,0.0,0.0,0.0,0.0,0.0,0.0,0.0,0.0,0.0,0.0,0.0,0.0,40.0,20.0,500000.0,500000.0,0.0,0.0,0.0,0.0,0.0,0.0,0.0,0.0,1.0,0.0,0.0,0.0,0.0,1.0,0.0,0.0,0.0,1.0,0.0,1.0,0.0,26883.0,0.0,0.0,40.0,0.0,0.0,0.0,0.0,0.0,0.0,0.0,0.0,DoS attacks-SlowHTTPTest
21.0,6.0,2018-02-16 10:22:29,3.0,1.0,1.0,0.0,0.0,0.0,0.0,0.0,0.0,0.0,0.0,0.0,0.0,0.0,666666.6667,3.0,0.0,3.0,3.0,0.0,0.0,0.0,0.0,0.0,0.0,0.0,0.0,0.0,0.0,0.0,0.0,40.0,20.0,333333.3333,333333.3333,0.0,0.0,0.0,0.0,0.0,0.0,0.0,0.0,1.0,0.0,0.0,0.0,0.0,1.0,0.0,0.0,0.0,1.0,0.0,1.0,0.0,26883.0,0.0,0.0,40.0,0.0,0.0,0.0,0.0,0.0,0.0,0.0,0.0,DoS attacks-SlowHTTPTest
21.0,6.0,2018-02-16 10:39:11,3.0,1.0,1.0,0.0,0.0,0.0,0.0,0.0,0.0,0.0,0.0,0.0,0.0,0.0,666666.6667,3.0,0.0,3.0,3.0,0.0,0.0,0.0,0.0,0.0,0.0,0.0,0.0,0.0,0.0,0.0,0.0,40.0,20.0,333333.3333,333333.3333,0.0,0.0,0.0,0.0,0.0,0.0,0.0,0.0,1.0,0.0,0.0,0.0,0.0,1.0,0.0,0.0,0.0,1.0,0.0,1.0,0.0,26883.0,0.0,0.0,40.0,0.0,0.0,0.0,0.0,0.0,0.0,0.0,0.0,DoS attacks-SlowHTTPTest
21.0,6.0,2018-02-16 10:51:36,2.0,1.0,1.0,0.0,0.0,0.0,0.0,0.0,0.0,0.0,0.0,0.0,0.0,0.0,1000000.0,2.0,0.0,2.0,2.0,0.0,0.0,0.0,0.0,0.0,0.0,0.0,0.0,0.0,0.0,0.0,0.0,40.0,20.0,500000.0,500000.0,0.0,0.0,0.0,0.0,0.0,0.0,0.0,0.0,1.0,0.0,0.0,0.0,0.0,1.0,0.0,0.0,0.0,1.0,0.0,1.0,0.0,26883.0,0.0,0.0,40.0,0.0,0.0,0.0,0.0,0.0,0.0,0.0,0.0,DoS attacks-SlowHTTPTest
21.0,6.0,2018-02-16 10:49:37,3.0,1.0,1.0,0.0,0.0,0.0,0.0,0.0,0.0,0.0,0.0,0.0,0.0,0.0,666666.6667,3.0,0.0,3.0,3.0,0.0,0.0,0.0,0.0,0.0,0.0,0.0,0.0,0.0,0.0,0.0,0.0,40.0,20.0,333333.3333,333333.3333,0.0,0.0,0.0,0.0,0.0,0.0,0.0,0.0,1.0,0.0,0.0,0.0,0.0,1.0,0.0,0.0,0.0,1.0,0.0,1.0,0.0,26883.0,0.0,0.0,40.0,0.0,0.0,0.0,0.0,0.0,0.0,0.0,0.0,DoS attacks-SlowHTTPTest
21.0,6.0,2018-02-16 10:40:18,2.0,1.0,1.0,0.0,0.0,0.0,0.0,0.0,0.0,0.0,0.0,0.0,0.0,0.0,1000000.0,2.0,0.0,2.0,2.0,0.0,0.0,0.0,0.0,0.0,0.0,0.0,0.0,0.0,0.0,0.0,0.0,40.0,20.0,500000.0,500000.0,0.0,0.0,0.0,0.0,0.0,0.0,0.0,0.0,1.0,0.0,0.0,0.0,0.0,1.0,0.0,0.0,0.0,1.0,0.0,1.0,0.0,26883.0,0.0,0.0,40.0,0.0,0.0,0.0,0.0,0.0,0.0,0.0,0.0,DoS attacks-SlowHTTPTest
21.0,6.0,2018-02-16 10:25:02,5.0,1.0,1.0,0.0,0.0,0.0,0.0,0.0,0.0,0.0,0.0,0.0,0.0,0.0,400000.0,5.0,0.0,5.0,5.0,0.0,0.0,0.0,0.0,0.0,0.0,0.0,0.0,0.0,0.0,0.0,0.0,40.0,20.0,200000.0,200000.0,0.0,0.0,0.0,0.0,0.0,0.0,0.0,0.0,1.0,0.0,0.0,0.0,0.0,1.0,0.0,0.0,0.0,1.0,0.0,1.0,0.0,26883.0,0.0,0.0,40.0,0.0,0.0,0.0,0.0,0.0,0.0,0.0,0.0,DoS attacks-SlowHTTPTest
21.0,6.0,2018-02-16 10:24:22,2.0,1.0,1.0,0.0,0.0,0.0,0.0,0.0,0.0,0.0,0.0,0.0,0.0,0.0,1000000.0,2.0,0.0,2.0,2.0,0.0,0.0,0.0,0.0,0.0,0.0,0.0,0.0,0.0,0.0,0.0,0.0,40.0,20.0,500000.0,500000.0,0.0,0.0,0.0,0.0,0.0,0.0,0.0,0.0,1.0,0.0,0.0,0.0,0.0,1.0,0.0,0.0,0.0,1.0,0.0,1.0,0.0,26883.0,0.0,0.0,40.0,0.0,0.0,0.0,0.0,0.0,0.0,0.0,0.0,DoS attacks-SlowHTTPTest
21.0,6.0,2018-02-16 10:22:52,2.0,1.0,1.0,0.0,0.0,0.0,0.0,0.0,0.0,0.0,0.0,0.0,0.0,0.0,1000000.0,2.0,0.0,2.0,2.0,0.0,0.0,0.0,0.0,0.0,0.0,0.0,0.0,0.0,0.0,0.0,0.0,40.0,20.0,500000.0,500000.0,0.0,0.0,0.0,0.0,0.0,0.0,0.0,0.0,1.0,0.0,0.0,0.0,0.0,1.0,0.0,0.0,0.0,1.0,0.0,1.0,0.0,26883.0,0.0,0.0,40.0,0.0,0.0,0.0,0.0,0.0,0.0,0.0,0.0,DoS attacks-SlowHTTPTest
21.0,6.0,2018-02-16 10:50:18,1.0,1.0,1.0,0.0,0.0,0.0,0.0,0.0,0.0,0.0,0.0,0.0,0.0,0.0,2000000.0,1.0,0.0,1.0,1.0,0.0,0.0,0.0,0.0,0.0,0.0,0.0,0.0,0.0,0.0,0.0,0.0,40.0,20.0,1000000.0,1000000.0,0.0,0.0,0.0,0.0,0.0,0.0,0.0,0.0,1.0,0.0,0.0,0.0,0.0,1.0,0.0,0.0,0.0,1.0,0.0,1.0,0.0,26883.0,0.0,0.0,40.0,0.0,0.0,0.0,0.0,0.0,0.0,0.0,0.0,DoS attacks-SlowHTTPTest
21.0,6.0,2018-02-16 10:20:15,3.0,1.0,1.0,0.0,0.0,0.0,0.0,0.0,0.0,0.0,0.0,0.0,0.0,0.0,666666.6667,3.0,0.0,3.0,3.0,0.0,0.0,0.0,0.0,0.0,0.0,0.0,0.0,0.0,0.0,0.0,0.0,40.0,20.0,333333.3333,333333.3333,0.0,0.0,0.0,0.0,0.0,0.0,0.0,0.0,1.0,0.0,0.0,0.0,0.0,1.0,0.0,0.0,0.0,1.0,0.0,1.0,0.0,26883.0,0.0,0.0,40.0,0.0,0.0,0.0,0.0,0.0,0.0,0.0,0.0,DoS attacks-SlowHTTPTest
21.0,6.0,2018-02-16 10:57:59,3.0,1.0,1.0,0.0,0.0,0.0,0.0,0.0,0.0,0.0,0.0,0.0,0.0,0.0,666666.6667,3.0,0.0,3.0,3.0,0.0,0.0,0.0,0.0,0.0,0.0,0.0,0.0,0.0,0.0,0.0,0.0,40.0,20.0,333333.3333,333333.3333,0.0,0.0,0.0,0.0,0.0,0.0,0.0,0.0,1.0,0.0,0.0,0.0,0.0,1.0,0.0,0.0,0.0,1.0,0.0,1.0,0.0,26883.0,0.0,0.0,40.0,0.0,0.0,0.0,0.0,0.0,0.0,0.0,0.0,DoS attacks-SlowHTTPTest
21.0,6.0,2018-02-16 10:23:16,29.0,1.0,1.0,0.0,0.0,0.0,0.0,0.0,0.0,0.0,0.0,0.0,0.0,0.0,68965.51724,29.0,0.0,29.0,29.0,0.0,0.0,0.0,0.0,0.0,0.0,0.0,0.0,0.0,0.0,0.0,0.0,40.0,20.0,34482.75862,34482.75862,0.0,0.0,0.0,0.0,0.0,0.0,0.0,0.0,1.0,0.0,0.0,0.0,0.0,1.0,0.0,0.0,0.0,1.0,0.0,1.0,0.0,26883.0,0.0,0.0,40.0,0.0,0.0,0.0,0.0,0.0,0.0,0.0,0.0,DoS attacks-SlowHTTPTest
21.0,6.0,2018-02-16 10:35:57,3.0,1.0,1.0,0.0,0.0,0.0,0.0,0.0,0.0,0.0,0.0,0.0,0.0,0.0,666666.6667,3.0,0.0,3.0,3.0,0.0,0.0,0.0,0.0,0.0,0.0,0.0,0.0,0.0,0.0,0.0,0.0,40.0,20.0,333333.3333,333333.3333,0.0,0.0,0.0,0.0,0.0,0.0,0.0,0.0,1.0,0.0,0.0,0.0,0.0,1.0,0.0,0.0,0.0,1.0,0.0,1.0,0.0,26883.0,0.0,0.0,40.0,0.0,0.0,0.0,0.0,0.0,0.0,0.0,0.0,DoS attacks-SlowHTTPTest
21.0,6.0,2018-02-16 10:22:42,3.0,1.0,1.0,0.0,0.0,0.0,0.0,0.0,0.0,0.0,0.0,0.0,0.0,0.0,666666.6667,3.0,0.0,3.0,3.0,0.0,0.0,0.0,0.0,0.0,0.0,0.0,0.0,0.0,0.0,0.0,0.0,40.0,20.0,333333.3333,333333.3333,0.0,0.0,0.0,0.0,0.0,0.0,0.0,0.0,1.0,0.0,0.0,0.0,0.0,1.0,0.0,0.0,0.0,1.0,0.0,1.0,0.0,26883.0,0.0,0.0,40.0,0.0,0.0,0.0,0.0,0.0,0.0,0.0,0.0,DoS attacks-SlowHTTPTest
21.0,6.0,2018-02-16 10:18:44,21.0,1.0,1.0,0.0,0.0,0.0,0.0,0.0,0.0,0.0,0.0,0.0,0.0,0.0,95238.09524,21.0,0.0,21.0,21.0,0.0,0.0,0.0,0.0,0.0,0.0,0.0,0.0,0.0,0.0,0.0,0.0,40.0,20.0,47619.04762,47619.04762,0.0,0.0,0.0,0.0,0.0,0.0,0.0,0.0,1.0,0.0,0.0,0.0,0.0,1.0,0.0,0.0,0.0,1.0,0.0,1.0,0.0,26883.0,0.0,0.0,40.0,0.0,0.0,0.0,0.0,0.0,0.0,0.0,0.0,DoS attacks-SlowHTTPTest
21.0,6.0,2018-02-16 10:36:03,3.0,1.0,1.0,0.0,0.0,0.0,0.0,0.0,0.0,0.0,0.0,0.0,0.0,0.0,666666.6667,3.0,0.0,3.0,3.0,0.0,0.0,0.0,0.0,0.0,0.0,0.0,0.0,0.0,0.0,0.0,0.0,40.0,20.0,333333.3333,333333.3333,0.0,0.0,0.0,0.0,0.0,0.0,0.0,0.0,1.0,0.0,0.0,0.0,0.0,1.0,0.0,0.0,0.0,1.0,0.0,1.0,0.0,26883.0,0.0,0.0,40.0,0.0,0.0,0.0,0.0,0.0,0.0,0.0,0.0,DoS attacks-SlowHTTPTest
21.0,6.0,2018-02-16 10:20:55,2.0,1.0,1.0,0.0,0.0,0.0,0.0,0.0,0.0,0.0,0.0,0.0,0.0,0.0,1000000.0,2.0,0.0,2.0,2.0,0.0,0.0,0.0,0.0,0.0,0.0,0.0,0.0,0.0,0.0,0.0,0.0,40.0,20.0,500000.0,500000.0,0.0,0.0,0.0,0.0,0.0,0.0,0.0,0.0,1.0,0.0,0.0,0.0,0.0,1.0,0.0,0.0,0.0,1.0,0.0,1.0,0.0,26883.0,0.0,0.0,40.0,0.0,0.0,0.0,0.0,0.0,0.0,0.0,0.0,DoS attacks-SlowHTTPTest
21.0,6.0,2018-02-16 10:15:58,2.0,1.0,1.0,0.0,0.0,0.0,0.0,0.0,0.0,0.0,0.0,0.0,0.0,0.0,1000000.0,2.0,0.0,2.0,2.0,0.0,0.0,0.0,0.0,0.0,0.0,0.0,0.0,0.0,0.0,0.0,0.0,40.0,20.0,500000.0,500000.0,0.0,0.0,0.0,0.0,0.0,0.0,0.0,0.0,1.0,0.0,0.0,0.0,0.0,1.0,0.0,0.0,0.0,1.0,0.0,1.0,0.0,26883.0,0.0,0.0,40.0,0.0,0.0,0.0,0.0,0.0,0.0,0.0,0.0,DoS attacks-SlowHTTPTest
21.0,6.0,2018-02-16 10:45:17,3.0,1.0,1.0,0.0,0.0,0.0,0.0,0.0,0.0,0.0,0.0,0.0,0.0,0.0,666666.6667,3.0,0.0,3.0,3.0,0.0,0.0,0.0,0.0,0.0,0.0,0.0,0.0,0.0,0.0,0.0,0.0,40.0,20.0,333333.3333,333333.3333,0.0,0.0,0.0,0.0,0.0,0.0,0.0,0.0,1.0,0.0,0.0,0.0,0.0,1.0,0.0,0.0,0.0,1.0,0.0,1.0,0.0,26883.0,0.0,0.0,40.0,0.0,0.0,0.0,0.0,0.0,0.0,0.0,0.0,DoS attacks-SlowHTTPTest
21.0,6.0,2018-02-16 10:22:20,22.0,1.0,1.0,0.0,0.0,0.0,0.0,0.0,0.0,0.0,0.0,0.0,0.0,0.0,90909.09091,22.0,0.0,22.0,22.0,0.0,0.0,0.0,0.0,0.0,0.0,0.0,0.0,0.0,0.0,0.0,0.0,40.0,20.0,45454.54545,45454.54545,0.0,0.0,0.0,0.0,0.0,0.0,0.0,0.0,1.0,0.0,0.0,0.0,0.0,1.0,0.0,0.0,0.0,1.0,0.0,1.0,0.0,26883.0,0.0,0.0,40.0,0.0,0.0,0.0,0.0,0.0,0.0,0.0,0.0,DoS attacks-SlowHTTPTest
21.0,6.0,2018-02-16 10:37:55,3.0,1.0,1.0,0.0,0.0,0.0,0.0,0.0,0.0,0.0,0.0,0.0,0.0,0.0,666666.6667,3.0,0.0,3.0,3.0,0.0,0.0,0.0,0.0,0.0,0.0,0.0,0.0,0.0,0.0,0.0,0.0,40.0,20.0,333333.3333,333333.3333,0.0,0.0,0.0,0.0,0.0,0.0,0.0,0.0,1.0,0.0,0.0,0.0,0.0,1.0,0.0,0.0,0.0,1.0,0.0,1.0,0.0,26883.0,0.0,0.0,40.0,0.0,0.0,0.0,0.0,0.0,0.0,0.0,0.0,DoS attacks-SlowHTTPTest
21.0,6.0,2018-02-16 10:38:06,4.0,1.0,1.0,0.0,0.0,0.0,0.0,0.0,0.0,0.0,0.0,0.0,0.0,0.0,500000.0,4.0,0.0,4.0,4.0,0.0,0.0,0.0,0.0,0.0,0.0,0.0,0.0,0.0,0.0,0.0,0.0,40.0,20.0,250000.0,250000.0,0.0,0.0,0.0,0.0,0.0,0.0,0.0,0.0,1.0,0.0,0.0,0.0,0.0,1.0,0.0,0.0,0.0,1.0,0.0,1.0,0.0,26883.0,0.0,0.0,40.0,0.0,0.0,0.0,0.0,0.0,0.0,0.0,0.0,DoS attacks-SlowHTTPTest
21.0,6.0,2018-02-16 10:36:05,2.0,1.0,1.0,0.0,0.0,0.0,0.0,0.0,0.0,0.0,0.0,0.0,0.0,0.0,1000000.0,2.0,0.0,2.0,2.0,0.0,0.0,0.0,0.0,0.0,0.0,0.0,0.0,0.0,0.0,0.0,0.0,40.0,20.0,500000.0,500000.0,0.0,0.0,0.0,0.0,0.0,0.0,0.0,0.0,1.0,0.0,0.0,0.0,0.0,1.0,0.0,0.0,0.0,1.0,0.0,1.0,0.0,26883.0,0.0,0.0,40.0,0.0,0.0,0.0,0.0,0.0,0.0,0.0,0.0,DoS attacks-SlowHTTPTest
21.0,6.0,2018-02-16 10:19:16,3.0,1.0,1.0,0.0,0.0,0.0,0.0,0.0,0.0,0.0,0.0,0.0,0.0,0.0,666666.6667,3.0,0.0,3.0,3.0,0.0,0.0,0.0,0.0,0.0,0.0,0.0,0.0,0.0,0.0,0.0,0.0,40.0,20.0,333333.3333,333333.3333,0.0,0.0,0.0,0.0,0.0,0.0,0.0,0.0,1.0,0.0,0.0,0.0,0.0,1.0,0.0,0.0,0.0,1.0,0.0,1.0,0.0,26883.0,0.0,0.0,40.0,0.0,0.0,0.0,0.0,0.0,0.0,0.0,0.0,DoS attacks-SlowHTTPTest
21.0,6.0,2018-02-16 10:26:13,1.0,1.0,1.0,0.0,0.0,0.0,0.0,0.0,0.0,0.0,0.0,0.0,0.0,0.0,2000000.0,1.0,0.0,1.0,1.0,0.0,0.0,0.0,0.0,0.0,0.0,0.0,0.0,0.0,0.0,0.0,0.0,40.0,20.0,1000000.0,1000000.0,0.0,0.0,0.0,0.0,0.0,0.0,0.0,0.0,1.0,0.0,0.0,0.0,0.0,1.0,0.0,0.0,0.0,1.0,0.0,1.0,0.0,26883.0,0.0,0.0,40.0,0.0,0.0,0.0,0.0,0.0,0.0,0.0,0.0,DoS attacks-SlowHTTPTest
21.0,6.0,2018-02-16 10:47:29,5.0,1.0,1.0,0.0,0.0,0.0,0.0,0.0,0.0,0.0,0.0,0.0,0.0,0.0,400000.0,5.0,0.0,5.0,5.0,0.0,0.0,0.0,0.0,0.0,0.0,0.0,0.0,0.0,0.0,0.0,0.0,40.0,20.0,200000.0,200000.0,0.0,0.0,0.0,0.0,0.0,0.0,0.0,0.0,1.0,0.0,0.0,0.0,0.0,1.0,0.0,0.0,0.0,1.0,0.0,1.0,0.0,26883.0,0.0,0.0,40.0,0.0,0.0,0.0,0.0,0.0,0.0,0.0,0.0,DoS attacks-SlowHTTPTest
21.0,6.0,2018-02-16 10:26:31,2.0,1.0,1.0,0.0,0.0,0.0,0.0,0.0,0.0,0.0,0.0,0.0,0.0,0.0,1000000.0,2.0,0.0,2.0,2.0,0.0,0.0,0.0,0.0,0.0,0.0,0.0,0.0,0.0,0.0,0.0,0.0,40.0,20.0,500000.0,500000.0,0.0,0.0,0.0,0.0,0.0,0.0,0.0,0.0,1.0,0.0,0.0,0.0,0.0,1.0,0.0,0.0,0.0,1.0,0.0,1.0,0.0,26883.0,0.0,0.0,40.0,0.0,0.0,0.0,0.0,0.0,0.0,0.0,0.0,DoS attacks-SlowHTTPTest
21.0,6.0,2018-02-16 10:36:10,3.0,1.0,1.0,0.0,0.0,0.0,0.0,0.0,0.0,0.0,0.0,0.0,0.0,0.0,666666.6667,3.0,0.0,3.0,3.0,0.0,0.0,0.0,0.0,0.0,0.0,0.0,0.0,0.0,0.0,0.0,0.0,40.0,20.0,333333.3333,333333.3333,0.0,0.0,0.0,0.0,0.0,0.0,0.0,0.0,1.0,0.0,0.0,0.0,0.0,1.0,0.0,0.0,0.0,1.0,0.0,1.0,0.0,26883.0,0.0,0.0,40.0,0.0,0.0,0.0,0.0,0.0,0.0,0.0,0.0,DoS attacks-SlowHTTPTest
21.0,6.0,2018-02-16 10:48:22,2.0,1.0,1.0,0.0,0.0,0.0,0.0,0.0,0.0,0.0,0.0,0.0,0.0,0.0,1000000.0,2.0,0.0,2.0,2.0,0.0,0.0,0.0,0.0,0.0,0.0,0.0,0.0,0.0,0.0,0.0,0.0,40.0,20.0,500000.0,500000.0,0.0,0.0,0.0,0.0,0.0,0.0,0.0,0.0,1.0,0.0,0.0,0.0,0.0,1.0,0.0,0.0,0.0,1.0,0.0,1.0,0.0,26883.0,0.0,0.0,40.0,0.0,0.0,0.0,0.0,0.0,0.0,0.0,0.0,DoS attacks-SlowHTTPTest
21.0,6.0,2018-02-16 10:27:07,2.0,1.0,1.0,0.0,0.0,0.0,0.0,0.0,0.0,0.0,0.0,0.0,0.0,0.0,1000000.0,2.0,0.0,2.0,2.0,0.0,0.0,0.0,0.0,0.0,0.0,0.0,0.0,0.0,0.0,0.0,0.0,40.0,20.0,500000.0,500000.0,0.0,0.0,0.0,0.0,0.0,0.0,0.0,0.0,1.0,0.0,0.0,0.0,0.0,1.0,0.0,0.0,0.0,1.0,0.0,1.0,0.0,26883.0,0.0,0.0,40.0,0.0,0.0,0.0,0.0,0.0,0.0,0.0,0.0,DoS attacks-SlowHTTPTest
21.0,6.0,2018-02-16 10:49:00,3.0,1.0,1.0,0.0,0.0,0.0,0.0,0.0,0.0,0.0,0.0,0.0,0.0,0.0,666666.6667,3.0,0.0,3.0,3.0,0.0,0.0,0.0,0.0,0.0,0.0,0.0,0.0,0.0,0.0,0.0,0.0,40.0,20.0,333333.3333,333333.3333,0.0,0.0,0.0,0.0,0.0,0.0,0.0,0.0,1.0,0.0,0.0,0.0,0.0,1.0,0.0,0.0,0.0,1.0,0.0,1.0,0.0,26883.0,0.0,0.0,40.0,0.0,0.0,0.0,0.0,0.0,0.0,0.0,0.0,DoS attacks-SlowHTTPTest
21.0,6.0,2018-02-16 10:25:25,22.0,1.0,1.0,0.0,0.0,0.0,0.0,0.0,0.0,0.0,0.0,0.0,0.0,0.0,90909.09091,22.0,0.0,22.0,22.0,0.0,0.0,0.0,0.0,0.0,0.0,0.0,0.0,0.0,0.0,0.0,0.0,40.0,20.0,45454.54545,45454.54545,0.0,0.0,0.0,0.0,0.0,0.0,0.0,0.0,1.0,0.0,0.0,0.0,0.0,1.0,0.0,0.0,0.0,1.0,0.0,1.0,0.0,26883.0,0.0,0.0,40.0,0.0,0.0,0.0,0.0,0.0,0.0,0.0,0.0,DoS attacks-SlowHTTPTest
21.0,6.0,2018-02-16 10:49:22,2.0,1.0,1.0,0.0,0.0,0.0,0.0,0.0,0.0,0.0,0.0,0.0,0.0,0.0,1000000.0,2.0,0.0,2.0,2.0,0.0,0.0,0.0,0.0,0.0,0.0,0.0,0.0,0.0,0.0,0.0,0.0,40.0,20.0,500000.0,500000.0,0.0,0.0,0.0,0.0,0.0,0.0,0.0,0.0,1.0,0.0,0.0,0.0,0.0,1.0,0.0,0.0,0.0,1.0,0.0,1.0,0.0,26883.0,0.0,0.0,40.0,0.0,0.0,0.0,0.0,0.0,0.0,0.0,0.0,DoS attacks-SlowHTTPTest
21.0,6.0,2018-02-16 10:23:26,2.0,1.0,1.0,0.0,0.0,0.0,0.0,0.0,0.0,0.0,0.0,0.0,0.0,0.0,1000000.0,2.0,0.0,2.0,2.0,0.0,0.0,0.0,0.0,0.0,0.0,0.0,0.0,0.0,0.0,0.0,0.0,40.0,20.0,500000.0,500000.0,0.0,0.0,0.0,0.0,0.0,0.0,0.0,0.0,1.0,0.0,0.0,0.0,0.0,1.0,0.0,0.0,0.0,1.0,0.0,1.0,0.0,26883.0,0.0,0.0,40.0,0.0,0.0,0.0,0.0,0.0,0.0,0.0,0.0,DoS attacks-SlowHTTPTest
21.0,6.0,2018-02-16 10:52:02,2.0,1.0,1.0,0.0,0.0,0.0,0.0,0.0,0.0,0.0,0.0,0.0,0.0,0.0,1000000.0,2.0,0.0,2.0,2.0,0.0,0.0,0.0,0.0,0.0,0.0,0.0,0.0,0.0,0.0,0.0,0.0,40.0,20.0,500000.0,500000.0,0.0,0.0,0.0,0.0,0.0,0.0,0.0,0.0,1.0,0.0,0.0,0.0,0.0,1.0,0.0,0.0,0.0,1.0,0.0,1.0,0.0,26883.0,0.0,0.0,40.0,0.0,0.0,0.0,0.0,0.0,0.0,0.0,0.0,DoS attacks-SlowHTTPTest
21.0,6.0,2018-02-16 10:23:37,3.0,1.0,1.0,0.0,0.0,0.0,0.0,0.0,0.0,0.0,0.0,0.0,0.0,0.0,666666.6667,3.0,0.0,3.0,3.0,0.0,0.0,0.0,0.0,0.0,0.0,0.0,0.0,0.0,0.0,0.0,0.0,40.0,20.0,333333.3333,333333.3333,0.0,0.0,0.0,0.0,0.0,0.0,0.0,0.0,1.0,0.0,0.0,0.0,0.0,1.0,0.0,0.0,0.0,1.0,0.0,1.0,0.0,26883.0,0.0,0.0,40.0,0.0,0.0,0.0,0.0,0.0,0.0,0.0,0.0,DoS attacks-SlowHTTPTest
21.0,6.0,2018-02-16 10:29:00,2.0,1.0,1.0,0.0,0.0,0.0,0.0,0.0,0.0,0.0,0.0,0.0,0.0,0.0,1000000.0,2.0,0.0,2.0,2.0,0.0,0.0,0.0,0.0,0.0,0.0,0.0,0.0,0.0,0.0,0.0,0.0,40.0,20.0,500000.0,500000.0,0.0,0.0,0.0,0.0,0.0,0.0,0.0,0.0,1.0,0.0,0.0,0.0,0.0,1.0,0.0,0.0,0.0,1.0,0.0,1.0,0.0,26883.0,0.0,0.0,40.0,0.0,0.0,0.0,0.0,0.0,0.0,0.0,0.0,DoS attacks-SlowHTTPTest
21.0,6.0,2018-02-16 10:23:47,5.0,1.0,1.0,0.0,0.0,0.0,0.0,0.0,0.0,0.0,0.0,0.0,0.0,0.0,400000.0,5.0,0.0,5.0,5.0,0.0,0.0,0.0,0.0,0.0,0.0,0.0,0.0,0.0,0.0,0.0,0.0,40.0,20.0,200000.0,200000.0,0.0,0.0,0.0,0.0,0.0,0.0,0.0,0.0,1.0,0.0,0.0,0.0,0.0,1.0,0.0,0.0,0.0,1.0,0.0,1.0,0.0,26883.0,0.0,0.0,40.0,0.0,0.0,0.0,0.0,0.0,0.0,0.0,0.0,DoS attacks-SlowHTTPTest
21.0,6.0,2018-02-16 10:25:52,2.0,1.0,1.0,0.0,0.0,0.0,0.0,0.0,0.0,0.0,0.0,0.0,0.0,0.0,1000000.0,2.0,0.0,2.0,2.0,0.0,0.0,0.0,0.0,0.0,0.0,0.0,0.0,0.0,0.0,0.0,0.0,40.0,20.0,500000.0,500000.0,0.0,0.0,0.0,0.0,0.0,0.0,0.0,0.0,1.0,0.0,0.0,0.0,0.0,1.0,0.0,0.0,0.0,1.0,0.0,1.0,0.0,26883.0,0.0,0.0,40.0,0.0,0.0,0.0,0.0,0.0,0.0,0.0,0.0,DoS attacks-SlowHTTPTest
21.0,6.0,2018-02-16 10:29:36,5.0,1.0,1.0,0.0,0.0,0.0,0.0,0.0,0.0,0.0,0.0,0.0,0.0,0.0,400000.0,5.0,0.0,5.0,5.0,0.0,0.0,0.0,0.0,0.0,0.0,0.0,0.0,0.0,0.0,0.0,0.0,40.0,20.0,200000.0,200000.0,0.0,0.0,0.0,0.0,0.0,0.0,0.0,0.0,1.0,0.0,0.0,0.0,0.0,1.0,0.0,0.0,0.0,1.0,0.0,1.0,0.0,26883.0,0.0,0.0,40.0,0.0,0.0,0.0,0.0,0.0,0.0,0.0,0.0,DoS attacks-SlowHTTPTest
21.0,6.0,2018-02-16 10:25:46,2.0,1.0,1.0,0.0,0.0,0.0,0.0,0.0,0.0,0.0,0.0,0.0,0.0,0.0,1000000.0,2.0,0.0,2.0,2.0,0.0,0.0,0.0,0.0,0.0,0.0,0.0,0.0,0.0,0.0,0.0,0.0,40.0,20.0,500000.0,500000.0,0.0,0.0,0.0,0.0,0.0,0.0,0.0,0.0,1.0,0.0,0.0,0.0,0.0,1.0,0.0,0.0,0.0,1.0,0.0,1.0,0.0,26883.0,0.0,0.0,40.0,0.0,0.0,0.0,0.0,0.0,0.0,0.0,0.0,DoS attacks-SlowHTTPTest
21.0,6.0,2018-02-16 10:34:27,2.0,1.0,1.0,0.0,0.0,0.0,0.0,0.0,0.0,0.0,0.0,0.0,0.0,0.0,1000000.0,2.0,0.0,2.0,2.0,0.0,0.0,0.0,0.0,0.0,0.0,0.0,0.0,0.0,0.0,0.0,0.0,40.0,20.0,500000.0,500000.0,0.0,0.0,0.0,0.0,0.0,0.0,0.0,0.0,1.0,0.0,0.0,0.0,0.0,1.0,0.0,0.0,0.0,1.0,0.0,1.0,0.0,26883.0,0.0,0.0,40.0,0.0,0.0,0.0,0.0,0.0,0.0,0.0,0.0,DoS attacks-SlowHTTPTest
21.0,6.0,2018-02-16 10:12:19,2.0,1.0,1.0,0.0,0.0,0.0,0.0,0.0,0.0,0.0,0.0,0.0,0.0,0.0,1000000.0,2.0,0.0,2.0,2.0,0.0,0.0,0.0,0.0,0.0,0.0,0.0,0.0,0.0,0.0,0.0,0.0,40.0,20.0,500000.0,500000.0,0.0,0.0,0.0,0.0,0.0,0.0,0.0,0.0,1.0,0.0,0.0,0.0,0.0,1.0,0.0,0.0,0.0,1.0,0.0,1.0,0.0,26883.0,0.0,0.0,40.0,0.0,0.0,0.0,0.0,0.0,0.0,0.0,0.0,DoS attacks-SlowHTTPTest
21.0,6.0,2018-02-16 10:34:32,5.0,1.0,1.0,0.0,0.0,0.0,0.0,0.0,0.0,0.0,0.0,0.0,0.0,0.0,400000.0,5.0,0.0,5.0,5.0,0.0,0.0,0.0,0.0,0.0,0.0,0.0,0.0,0.0,0.0,0.0,0.0,40.0,20.0,200000.0,200000.0,0.0,0.0,0.0,0.0,0.0,0.0,0.0,0.0,1.0,0.0,0.0,0.0,0.0,1.0,0.0,0.0,0.0,1.0,0.0,1.0,0.0,26883.0,0.0,0.0,40.0,0.0,0.0,0.0,0.0,0.0,0.0,0.0,0.0,DoS attacks-SlowHTTPTest
21.0,6.0,2018-02-16 10:12:48,3.0,1.0,1.0,0.0,0.0,0.0,0.0,0.0,0.0,0.0,0.0,0.0,0.0,0.0,666666.6667,3.0,0.0,3.0,3.0,0.0,0.0,0.0,0.0,0.0,0.0,0.0,0.0,0.0,0.0,0.0,0.0,40.0,20.0,333333.3333,333333.3333,0.0,0.0,0.0,0.0,0.0,0.0,0.0,0.0,1.0,0.0,0.0,0.0,0.0,1.0,0.0,0.0,0.0,1.0,0.0,1.0,0.0,26883.0,0.0,0.0,40.0,0.0,0.0,0.0,0.0,0.0,0.0,0.0,0.0,DoS attacks-SlowHTTPTest
21.0,6.0,2018-02-16 10:44:47,2.0,1.0,1.0,0.0,0.0,0.0,0.0,0.0,0.0,0.0,0.0,0.0,0.0,0.0,1000000.0,2.0,0.0,2.0,2.0,0.0,0.0,0.0,0.0,0.0,0.0,0.0,0.0,0.0,0.0,0.0,0.0,40.0,20.0,500000.0,500000.0,0.0,0.0,0.0,0.0,0.0,0.0,0.0,0.0,1.0,0.0,0.0,0.0,0.0,1.0,0.0,0.0,0.0,1.0,0.0,1.0,0.0,26883.0,0.0,0.0,40.0,0.0,0.0,0.0,0.0,0.0,0.0,0.0,0.0,DoS attacks-SlowHTTPTest
21.0,6.0,2018-02-16 10:38:32,2.0,1.0,1.0,0.0,0.0,0.0,0.0,0.0,0.0,0.0,0.0,0.0,0.0,0.0,1000000.0,2.0,0.0,2.0,2.0,0.0,0.0,0.0,0.0,0.0,0.0,0.0,0.0,0.0,0.0,0.0,0.0,40.0,20.0,500000.0,500000.0,0.0,0.0,0.0,0.0,0.0,0.0,0.0,0.0,1.0,0.0,0.0,0.0,0.0,1.0,0.0,0.0,0.0,1.0,0.0,1.0,0.0,26883.0,0.0,0.0,40.0,0.0,0.0,0.0,0.0,0.0,0.0,0.0,0.0,DoS attacks-SlowHTTPTest
21.0,6.0,2018-02-16 10:18:10,33.0,1.0,1.0,0.0,0.0,0.0,0.0,0.0,0.0,0.0,0.0,0.0,0.0,0.0,60606.06061,33.0,0.0,33.0,33.0,0.0,0.0,0.0,0.0,0.0,0.0,0.0,0.0,0.0,0.0,0.0,0.0,40.0,20.0,30303.0303,30303.0303,0.0,0.0,0.0,0.0,0.0,0.0,0.0,0.0,1.0,0.0,0.0,0.0,0.0,1.0,0.0,0.0,0.0,1.0,0.0,1.0,0.0,26883.0,0.0,0.0,40.0,0.0,0.0,0.0,0.0,0.0,0.0,0.0,0.0,DoS attacks-SlowHTTPTest
21.0,6.0,2018-02-16 10:35:30,3.0,1.0,1.0,0.0,0.0,0.0,0.0,0.0,0.0,0.0,0.0,0.0,0.0,0.0,666666.6667,3.0,0.0,3.0,3.0,0.0,0.0,0.0,0.0,0.0,0.0,0.0,0.0,0.0,0.0,0.0,0.0,40.0,20.0,333333.3333,333333.3333,0.0,0.0,0.0,0.0,0.0,0.0,0.0,0.0,1.0,0.0,0.0,0.0,0.0,1.0,0.0,0.0,0.0,1.0,0.0,1.0,0.0,26883.0,0.0,0.0,40.0,0.0,0.0,0.0,0.0,0.0,0.0,0.0,0.0,DoS attacks-SlowHTTPTest
21.0,6.0,2018-02-16 10:28:06,3.0,1.0,1.0,0.0,0.0,0.0,0.0,0.0,0.0,0.0,0.0,0.0,0.0,0.0,666666.6667,3.0,0.0,3.0,3.0,0.0,0.0,0.0,0.0,0.0,0.0,0.0,0.0,0.0,0.0,0.0,0.0,40.0,20.0,333333.3333,333333.3333,0.0,0.0,0.0,0.0,0.0,0.0,0.0,0.0,1.0,0.0,0.0,0.0,0.0,1.0,0.0,0.0,0.0,1.0,0.0,1.0,0.0,26883.0,0.0,0.0,40.0,0.0,0.0,0.0,0.0,0.0,0.0,0.0,0.0,DoS attacks-SlowHTTPTest
21.0,6.0,2018-02-16 10:52:00,3.0,1.0,1.0,0.0,0.0,0.0,0.0,0.0,0.0,0.0,0.0,0.0,0.0,0.0,666666.6667,3.0,0.0,3.0,3.0,0.0,0.0,0.0,0.0,0.0,0.0,0.0,0.0,0.0,0.0,0.0,0.0,40.0,20.0,333333.3333,333333.3333,0.0,0.0,0.0,0.0,0.0,0.0,0.0,0.0,1.0,0.0,0.0,0.0,0.0,1.0,0.0,0.0,0.0,1.0,0.0,1.0,0.0,26883.0,0.0,0.0,40.0,0.0,0.0,0.0,0.0,0.0,0.0,0.0,0.0,DoS attacks-SlowHTTPTest
21.0,6.0,2018-02-16 10:22:04,2.0,1.0,1.0,0.0,0.0,0.0,0.0,0.0,0.0,0.0,0.0,0.0,0.0,0.0,1000000.0,2.0,0.0,2.0,2.0,0.0,0.0,0.0,0.0,0.0,0.0,0.0,0.0,0.0,0.0,0.0,0.0,40.0,20.0,500000.0,500000.0,0.0,0.0,0.0,0.0,0.0,0.0,0.0,0.0,1.0,0.0,0.0,0.0,0.0,1.0,0.0,0.0,0.0,1.0,0.0,1.0,0.0,26883.0,0.0,0.0,40.0,0.0,0.0,0.0,0.0,0.0,0.0,0.0,0.0,DoS attacks-SlowHTTPTest
21.0,6.0,2018-02-16 10:41:35,3.0,1.0,1.0,0.0,0.0,0.0,0.0,0.0,0.0,0.0,0.0,0.0,0.0,0.0,666666.6667,3.0,0.0,3.0,3.0,0.0,0.0,0.0,0.0,0.0,0.0,0.0,0.0,0.0,0.0,0.0,0.0,40.0,20.0,333333.3333,333333.3333,0.0,0.0,0.0,0.0,0.0,0.0,0.0,0.0,1.0,0.0,0.0,0.0,0.0,1.0,0.0,0.0,0.0,1.0,0.0,1.0,0.0,26883.0,0.0,0.0,40.0,0.0,0.0,0.0,0.0,0.0,0.0,0.0,0.0,DoS attacks-SlowHTTPTest
21.0,6.0,2018-02-16 10:45:04,2.0,1.0,1.0,0.0,0.0,0.0,0.0,0.0,0.0,0.0,0.0,0.0,0.0,0.0,1000000.0,2.0,0.0,2.0,2.0,0.0,0.0,0.0,0.0,0.0,0.0,0.0,0.0,0.0,0.0,0.0,0.0,40.0,20.0,500000.0,500000.0,0.0,0.0,0.0,0.0,0.0,0.0,0.0,0.0,1.0,0.0,0.0,0.0,0.0,1.0,0.0,0.0,0.0,1.0,0.0,1.0,0.0,26883.0,0.0,0.0,40.0,0.0,0.0,0.0,0.0,0.0,0.0,0.0,0.0,DoS attacks-SlowHTTPTest
21.0,6.0,2018-02-16 10:26:28,2.0,1.0,1.0,0.0,0.0,0.0,0.0,0.0,0.0,0.0,0.0,0.0,0.0,0.0,1000000.0,2.0,0.0,2.0,2.0,0.0,0.0,0.0,0.0,0.0,0.0,0.0,0.0,0.0,0.0,0.0,0.0,40.0,20.0,500000.0,500000.0,0.0,0.0,0.0,0.0,0.0,0.0,0.0,0.0,1.0,0.0,0.0,0.0,0.0,1.0,0.0,0.0,0.0,1.0,0.0,1.0,0.0,26883.0,0.0,0.0,40.0,0.0,0.0,0.0,0.0,0.0,0.0,0.0,0.0,DoS attacks-SlowHTTPTest
21.0,6.0,2018-02-16 10:26:22,2.0,1.0,1.0,0.0,0.0,0.0,0.0,0.0,0.0,0.0,0.0,0.0,0.0,0.0,1000000.0,2.0,0.0,2.0,2.0,0.0,0.0,0.0,0.0,0.0,0.0,0.0,0.0,0.0,0.0,0.0,0.0,40.0,20.0,500000.0,500000.0,0.0,0.0,0.0,0.0,0.0,0.0,0.0,0.0,1.0,0.0,0.0,0.0,0.0,1.0,0.0,0.0,0.0,1.0,0.0,1.0,0.0,26883.0,0.0,0.0,40.0,0.0,0.0,0.0,0.0,0.0,0.0,0.0,0.0,DoS attacks-SlowHTTPTest
21.0,6.0,2018-02-16 10:20:31,3.0,1.0,1.0,0.0,0.0,0.0,0.0,0.0,0.0,0.0,0.0,0.0,0.0,0.0,666666.6667,3.0,0.0,3.0,3.0,0.0,0.0,0.0,0.0,0.0,0.0,0.0,0.0,0.0,0.0,0.0,0.0,40.0,20.0,333333.3333,333333.3333,0.0,0.0,0.0,0.0,0.0,0.0,0.0,0.0,1.0,0.0,0.0,0.0,0.0,1.0,0.0,0.0,0.0,1.0,0.0,1.0,0.0,26883.0,0.0,0.0,40.0,0.0,0.0,0.0,0.0,0.0,0.0,0.0,0.0,DoS attacks-SlowHTTPTest
21.0,6.0,2018-02-16 10:24:01,1.0,1.0,1.0,0.0,0.0,0.0,0.0,0.0,0.0,0.0,0.0,0.0,0.0,0.0,2000000.0,1.0,0.0,1.0,1.0,0.0,0.0,0.0,0.0,0.0,0.0,0.0,0.0,0.0,0.0,0.0,0.0,40.0,20.0,1000000.0,1000000.0,0.0,0.0,0.0,0.0,0.0,0.0,0.0,0.0,1.0,0.0,0.0,0.0,0.0,1.0,0.0,0.0,0.0,1.0,0.0,1.0,0.0,26883.0,0.0,0.0,40.0,0.0,0.0,0.0,0.0,0.0,0.0,0.0,0.0,DoS attacks-SlowHTTPTest
21.0,6.0,2018-02-16 10:24:47,2.0,1.0,1.0,0.0,0.0,0.0,0.0,0.0,0.0,0.0,0.0,0.0,0.0,0.0,1000000.0,2.0,0.0,2.0,2.0,0.0,0.0,0.0,0.0,0.0,0.0,0.0,0.0,0.0,0.0,0.0,0.0,40.0,20.0,500000.0,500000.0,0.0,0.0,0.0,0.0,0.0,0.0,0.0,0.0,1.0,0.0,0.0,0.0,0.0,1.0,0.0,0.0,0.0,1.0,0.0,1.0,0.0,26883.0,0.0,0.0,40.0,0.0,0.0,0.0,0.0,0.0,0.0,0.0,0.0,DoS attacks-SlowHTTPTest
21.0,6.0,2018-02-16 10:17:17,34.0,1.0,1.0,0.0,0.0,0.0,0.0,0.0,0.0,0.0,0.0,0.0,0.0,0.0,58823.52941,34.0,0.0,34.0,34.0,0.0,0.0,0.0,0.0,0.0,0.0,0.0,0.0,0.0,0.0,0.0,0.0,40.0,20.0,29411.76471,29411.76471,0.0,0.0,0.0,0.0,0.0,0.0,0.0,0.0,1.0,0.0,0.0,0.0,0.0,1.0,0.0,0.0,0.0,1.0,0.0,1.0,0.0,26883.0,0.0,0.0,40.0,0.0,0.0,0.0,0.0,0.0,0.0,0.0,0.0,DoS attacks-SlowHTTPTest
21.0,6.0,2018-02-16 10:13:33,2.0,1.0,1.0,0.0,0.0,0.0,0.0,0.0,0.0,0.0,0.0,0.0,0.0,0.0,1000000.0,2.0,0.0,2.0,2.0,0.0,0.0,0.0,0.0,0.0,0.0,0.0,0.0,0.0,0.0,0.0,0.0,40.0,20.0,500000.0,500000.0,0.0,0.0,0.0,0.0,0.0,0.0,0.0,0.0,1.0,0.0,0.0,0.0,0.0,1.0,0.0,0.0,0.0,1.0,0.0,1.0,0.0,26883.0,0.0,0.0,40.0,0.0,0.0,0.0,0.0,0.0,0.0,0.0,0.0,DoS attacks-SlowHTTPTest
21.0,6.0,2018-02-16 10:30:20,2.0,1.0,1.0,0.0,0.0,0.0,0.0,0.0,0.0,0.0,0.0,0.0,0.0,0.0,1000000.0,2.0,0.0,2.0,2.0,0.0,0.0,0.0,0.0,0.0,0.0,0.0,0.0,0.0,0.0,0.0,0.0,40.0,20.0,500000.0,500000.0,0.0,0.0,0.0,0.0,0.0,0.0,0.0,0.0,1.0,0.0,0.0,0.0,0.0,1.0,0.0,0.0,0.0,1.0,0.0,1.0,0.0,26883.0,0.0,0.0,40.0,0.0,0.0,0.0,0.0,0.0,0.0,0.0,0.0,DoS attacks-SlowHTTPTest
21.0,6.0,2018-02-16 10:46:08,2.0,1.0,1.0,0.0,0.0,0.0,0.0,0.0,0.0,0.0,0.0,0.0,0.0,0.0,1000000.0,2.0,0.0,2.0,2.0,0.0,0.0,0.0,0.0,0.0,0.0,0.0,0.0,0.0,0.0,0.0,0.0,40.0,20.0,500000.0,500000.0,0.0,0.0,0.0,0.0,0.0,0.0,0.0,0.0,1.0,0.0,0.0,0.0,0.0,1.0,0.0,0.0,0.0,1.0,0.0,1.0,0.0,26883.0,0.0,0.0,40.0,0.0,0.0,0.0,0.0,0.0,0.0,0.0,0.0,DoS attacks-SlowHTTPTest
21.0,6.0,2018-02-16 10:26:29,2.0,1.0,1.0,0.0,0.0,0.0,0.0,0.0,0.0,0.0,0.0,0.0,0.0,0.0,1000000.0,2.0,0.0,2.0,2.0,0.0,0.0,0.0,0.0,0.0,0.0,0.0,0.0,0.0,0.0,0.0,0.0,40.0,20.0,500000.0,500000.0,0.0,0.0,0.0,0.0,0.0,0.0,0.0,0.0,1.0,0.0,0.0,0.0,0.0,1.0,0.0,0.0,0.0,1.0,0.0,1.0,0.0,26883.0,0.0,0.0,40.0,0.0,0.0,0.0,0.0,0.0,0.0,0.0,0.0,DoS attacks-SlowHTTPTest
21.0,6.0,2018-02-16 10:36:02,3.0,1.0,1.0,0.0,0.0,0.0,0.0,0.0,0.0,0.0,0.0,0.0,0.0,0.0,666666.6667,3.0,0.0,3.0,3.0,0.0,0.0,0.0,0.0,0.0,0.0,0.0,0.0,0.0,0.0,0.0,0.0,40.0,20.0,333333.3333,333333.3333,0.0,0.0,0.0,0.0,0.0,0.0,0.0,0.0,1.0,0.0,0.0,0.0,0.0,1.0,0.0,0.0,0.0,1.0,0.0,1.0,0.0,26883.0,0.0,0.0,40.0,0.0,0.0,0.0,0.0,0.0,0.0,0.0,0.0,DoS attacks-SlowHTTPTest
21.0,6.0,2018-02-16 10:21:48,2.0,1.0,1.0,0.0,0.0,0.0,0.0,0.0,0.0,0.0,0.0,0.0,0.0,0.0,1000000.0,2.0,0.0,2.0,2.0,0.0,0.0,0.0,0.0,0.0,0.0,0.0,0.0,0.0,0.0,0.0,0.0,40.0,20.0,500000.0,500000.0,0.0,0.0,0.0,0.0,0.0,0.0,0.0,0.0,1.0,0.0,0.0,0.0,0.0,1.0,0.0,0.0,0.0,1.0,0.0,1.0,0.0,26883.0,0.0,0.0,40.0,0.0,0.0,0.0,0.0,0.0,0.0,0.0,0.0,DoS attacks-SlowHTTPTest
21.0,6.0,2018-02-16 10:22:22,3.0,1.0,1.0,0.0,0.0,0.0,0.0,0.0,0.0,0.0,0.0,0.0,0.0,0.0,666666.6667,3.0,0.0,3.0,3.0,0.0,0.0,0.0,0.0,0.0,0.0,0.0,0.0,0.0,0.0,0.0,0.0,40.0,20.0,333333.3333,333333.3333,0.0,0.0,0.0,0.0,0.0,0.0,0.0,0.0,1.0,0.0,0.0,0.0,0.0,1.0,0.0,0.0,0.0,1.0,0.0,1.0,0.0,26883.0,0.0,0.0,40.0,0.0,0.0,0.0,0.0,0.0,0.0,0.0,0.0,DoS attacks-SlowHTTPTest
21.0,6.0,2018-02-16 10:55:27,2.0,1.0,1.0,0.0,0.0,0.0,0.0,0.0,0.0,0.0,0.0,0.0,0.0,0.0,1000000.0,2.0,0.0,2.0,2.0,0.0,0.0,0.0,0.0,0.0,0.0,0.0,0.0,0.0,0.0,0.0,0.0,40.0,20.0,500000.0,500000.0,0.0,0.0,0.0,0.0,0.0,0.0,0.0,0.0,1.0,0.0,0.0,0.0,0.0,1.0,0.0,0.0,0.0,1.0,0.0,1.0,0.0,26883.0,0.0,0.0,40.0,0.0,0.0,0.0,0.0,0.0,0.0,0.0,0.0,DoS attacks-SlowHTTPTest
21.0,6.0,2018-02-16 10:21:51,4.0,1.0,1.0,0.0,0.0,0.0,0.0,0.0,0.0,0.0,0.0,0.0,0.0,0.0,500000.0,4.0,0.0,4.0,4.0,0.0,0.0,0.0,0.0,0.0,0.0,0.0,0.0,0.0,0.0,0.0,0.0,40.0,20.0,250000.0,250000.0,0.0,0.0,0.0,0.0,0.0,0.0,0.0,0.0,1.0,0.0,0.0,0.0,0.0,1.0,0.0,0.0,0.0,1.0,0.0,1.0,0.0,26883.0,0.0,0.0,40.0,0.0,0.0,0.0,0.0,0.0,0.0,0.0,0.0,DoS attacks-SlowHTTPTest
21.0,6.0,2018-02-16 10:28:37,2.0,1.0,1.0,0.0,0.0,0.0,0.0,0.0,0.0,0.0,0.0,0.0,0.0,0.0,1000000.0,2.0,0.0,2.0,2.0,0.0,0.0,0.0,0.0,0.0,0.0,0.0,0.0,0.0,0.0,0.0,0.0,40.0,20.0,500000.0,500000.0,0.0,0.0,0.0,0.0,0.0,0.0,0.0,0.0,1.0,0.0,0.0,0.0,0.0,1.0,0.0,0.0,0.0,1.0,0.0,1.0,0.0,26883.0,0.0,0.0,40.0,0.0,0.0,0.0,0.0,0.0,0.0,0.0,0.0,DoS attacks-SlowHTTPTest
21.0,6.0,2018-02-16 10:13:34,3.0,1.0,1.0,0.0,0.0,0.0,0.0,0.0,0.0,0.0,0.0,0.0,0.0,0.0,666666.6667,3.0,0.0,3.0,3.0,0.0,0.0,0.0,0.0,0.0,0.0,0.0,0.0,0.0,0.0,0.0,0.0,40.0,20.0,333333.3333,333333.3333,0.0,0.0,0.0,0.0,0.0,0.0,0.0,0.0,1.0,0.0,0.0,0.0,0.0,1.0,0.0,0.0,0.0,1.0,0.0,1.0,0.0,26883.0,0.0,0.0,40.0,0.0,0.0,0.0,0.0,0.0,0.0,0.0,0.0,DoS attacks-SlowHTTPTest
21.0,6.0,2018-02-16 10:22:50,3.0,1.0,1.0,0.0,0.0,0.0,0.0,0.0,0.0,0.0,0.0,0.0,0.0,0.0,666666.6667,3.0,0.0,3.0,3.0,0.0,0.0,0.0,0.0,0.0,0.0,0.0,0.0,0.0,0.0,0.0,0.0,40.0,20.0,333333.3333,333333.3333,0.0,0.0,0.0,0.0,0.0,0.0,0.0,0.0,1.0,0.0,0.0,0.0,0.0,1.0,0.0,0.0,0.0,1.0,0.0,1.0,0.0,26883.0,0.0,0.0,40.0,0.0,0.0,0.0,0.0,0.0,0.0,0.0,0.0,DoS attacks-SlowHTTPTest
21.0,6.0,2018-02-16 10:35:46,2.0,1.0,1.0,0.0,0.0,0.0,0.0,0.0,0.0,0.0,0.0,0.0,0.0,0.0,1000000.0,2.0,0.0,2.0,2.0,0.0,0.0,0.0,0.0,0.0,0.0,0.0,0.0,0.0,0.0,0.0,0.0,40.0,20.0,500000.0,500000.0,0.0,0.0,0.0,0.0,0.0,0.0,0.0,0.0,1.0,0.0,0.0,0.0,0.0,1.0,0.0,0.0,0.0,1.0,0.0,1.0,0.0,26883.0,0.0,0.0,40.0,0.0,0.0,0.0,0.0,0.0,0.0,0.0,0.0,DoS attacks-SlowHTTPTest
21.0,6.0,2018-02-16 10:18:57,2.0,1.0,1.0,0.0,0.0,0.0,0.0,0.0,0.0,0.0,0.0,0.0,0.0,0.0,1000000.0,2.0,0.0,2.0,2.0,0.0,0.0,0.0,0.0,0.0,0.0,0.0,0.0,0.0,0.0,0.0,0.0,40.0,20.0,500000.0,500000.0,0.0,0.0,0.0,0.0,0.0,0.0,0.0,0.0,1.0,0.0,0.0,0.0,0.0,1.0,0.0,0.0,0.0,1.0,0.0,1.0,0.0,26883.0,0.0,0.0,40.0,0.0,0.0,0.0,0.0,0.0,0.0,0.0,0.0,DoS attacks-SlowHTTPTest
21.0,6.0,2018-02-16 10:35:30,2.0,1.0,1.0,0.0,0.0,0.0,0.0,0.0,0.0,0.0,0.0,0.0,0.0,0.0,1000000.0,2.0,0.0,2.0,2.0,0.0,0.0,0.0,0.0,0.0,0.0,0.0,0.0,0.0,0.0,0.0,0.0,40.0,20.0,500000.0,500000.0,0.0,0.0,0.0,0.0,0.0,0.0,0.0,0.0,1.0,0.0,0.0,0.0,0.0,1.0,0.0,0.0,0.0,1.0,0.0,1.0,0.0,26883.0,0.0,0.0,40.0,0.0,0.0,0.0,0.0,0.0,0.0,0.0,0.0,DoS attacks-SlowHTTPTest
21.0,6.0,2018-02-16 10:30:54,3.0,1.0,1.0,0.0,0.0,0.0,0.0,0.0,0.0,0.0,0.0,0.0,0.0,0.0,666666.6667,3.0,0.0,3.0,3.0,0.0,0.0,0.0,0.0,0.0,0.0,0.0,0.0,0.0,0.0,0.0,0.0,40.0,20.0,333333.3333,333333.3333,0.0,0.0,0.0,0.0,0.0,0.0,0.0,0.0,1.0,0.0,0.0,0.0,0.0,1.0,0.0,0.0,0.0,1.0,0.0,1.0,0.0,26883.0,0.0,0.0,40.0,0.0,0.0,0.0,0.0,0.0,0.0,0.0,0.0,DoS attacks-SlowHTTPTest
21.0,6.0,2018-02-16 10:40:23,2.0,1.0,1.0,0.0,0.0,0.0,0.0,0.0,0.0,0.0,0.0,0.0,0.0,0.0,1000000.0,2.0,0.0,2.0,2.0,0.0,0.0,0.0,0.0,0.0,0.0,0.0,0.0,0.0,0.0,0.0,0.0,40.0,20.0,500000.0,500000.0,0.0,0.0,0.0,0.0,0.0,0.0,0.0,0.0,1.0,0.0,0.0,0.0,0.0,1.0,0.0,0.0,0.0,1.0,0.0,1.0,0.0,26883.0,0.0,0.0,40.0,0.0,0.0,0.0,0.0,0.0,0.0,0.0,0.0,DoS attacks-SlowHTTPTest
21.0,6.0,2018-02-16 10:30:05,3.0,1.0,1.0,0.0,0.0,0.0,0.0,0.0,0.0,0.0,0.0,0.0,0.0,0.0,666666.6667,3.0,0.0,3.0,3.0,0.0,0.0,0.0,0.0,0.0,0.0,0.0,0.0,0.0,0.0,0.0,0.0,40.0,20.0,333333.3333,333333.3333,0.0,0.0,0.0,0.0,0.0,0.0,0.0,0.0,1.0,0.0,0.0,0.0,0.0,1.0,0.0,0.0,0.0,1.0,0.0,1.0,0.0,26883.0,0.0,0.0,40.0,0.0,0.0,0.0,0.0,0.0,0.0,0.0,0.0,DoS attacks-SlowHTTPTest
21.0,6.0,2018-02-16 10:42:14,2.0,1.0,1.0,0.0,0.0,0.0,0.0,0.0,0.0,0.0,0.0,0.0,0.0,0.0,1000000.0,2.0,0.0,2.0,2.0,0.0,0.0,0.0,0.0,0.0,0.0,0.0,0.0,0.0,0.0,0.0,0.0,40.0,20.0,500000.0,500000.0,0.0,0.0,0.0,0.0,0.0,0.0,0.0,0.0,1.0,0.0,0.0,0.0,0.0,1.0,0.0,0.0,0.0,1.0,0.0,1.0,0.0,26883.0,0.0,0.0,40.0,0.0,0.0,0.0,0.0,0.0,0.0,0.0,0.0,DoS attacks-SlowHTTPTest
21.0,6.0,2018-02-16 10:12:38,2.0,1.0,1.0,0.0,0.0,0.0,0.0,0.0,0.0,0.0,0.0,0.0,0.0,0.0,1000000.0,2.0,0.0,2.0,2.0,0.0,0.0,0.0,0.0,0.0,0.0,0.0,0.0,0.0,0.0,0.0,0.0,40.0,20.0,500000.0,500000.0,0.0,0.0,0.0,0.0,0.0,0.0,0.0,0.0,1.0,0.0,0.0,0.0,0.0,1.0,0.0,0.0,0.0,1.0,0.0,1.0,0.0,26883.0,0.0,0.0,40.0,0.0,0.0,0.0,0.0,0.0,0.0,0.0,0.0,DoS attacks-SlowHTTPTest
21.0,6.0,2018-02-16 10:21:30,2.0,1.0,1.0,0.0,0.0,0.0,0.0,0.0,0.0,0.0,0.0,0.0,0.0,0.0,1000000.0,2.0,0.0,2.0,2.0,0.0,0.0,0.0,0.0,0.0,0.0,0.0,0.0,0.0,0.0,0.0,0.0,40.0,20.0,500000.0,500000.0,0.0,0.0,0.0,0.0,0.0,0.0,0.0,0.0,1.0,0.0,0.0,0.0,0.0,1.0,0.0,0.0,0.0,1.0,0.0,1.0,0.0,26883.0,0.0,0.0,40.0,0.0,0.0,0.0,0.0,0.0,0.0,0.0,0.0,DoS attacks-SlowHTTPTest
21.0,6.0,2018-02-16 10:15:09,2.0,1.0,1.0,0.0,0.0,0.0,0.0,0.0,0.0,0.0,0.0,0.0,0.0,0.0,1000000.0,2.0,0.0,2.0,2.0,0.0,0.0,0.0,0.0,0.0,0.0,0.0,0.0,0.0,0.0,0.0,0.0,40.0,20.0,500000.0,500000.0,0.0,0.0,0.0,0.0,0.0,0.0,0.0,0.0,1.0,0.0,0.0,0.0,0.0,1.0,0.0,0.0,0.0,1.0,0.0,1.0,0.0,26883.0,0.0,0.0,40.0,0.0,0.0,0.0,0.0,0.0,0.0,0.0,0.0,DoS attacks-SlowHTTPTest
21.0,6.0,2018-02-16 10:53:57,3.0,1.0,1.0,0.0,0.0,0.0,0.0,0.0,0.0,0.0,0.0,0.0,0.0,0.0,666666.6667,3.0,0.0,3.0,3.0,0.0,0.0,0.0,0.0,0.0,0.0,0.0,0.0,0.0,0.0,0.0,0.0,40.0,20.0,333333.3333,333333.3333,0.0,0.0,0.0,0.0,0.0,0.0,0.0,0.0,1.0,0.0,0.0,0.0,0.0,1.0,0.0,0.0,0.0,1.0,0.0,1.0,0.0,26883.0,0.0,0.0,40.0,0.0,0.0,0.0,0.0,0.0,0.0,0.0,0.0,DoS attacks-SlowHTTPTest
21.0,6.0,2018-02-16 10:38:52,3.0,1.0,1.0,0.0,0.0,0.0,0.0,0.0,0.0,0.0,0.0,0.0,0.0,0.0,666666.6667,3.0,0.0,3.0,3.0,0.0,0.0,0.0,0.0,0.0,0.0,0.0,0.0,0.0,0.0,0.0,0.0,40.0,20.0,333333.3333,333333.3333,0.0,0.0,0.0,0.0,0.0,0.0,0.0,0.0,1.0,0.0,0.0,0.0,0.0,1.0,0.0,0.0,0.0,1.0,0.0,1.0,0.0,26883.0,0.0,0.0,40.0,0.0,0.0,0.0,0.0,0.0,0.0,0.0,0.0,DoS attacks-SlowHTTPTest
21.0,6.0,2018-02-16 10:33:04,2.0,1.0,1.0,0.0,0.0,0.0,0.0,0.0,0.0,0.0,0.0,0.0,0.0,0.0,1000000.0,2.0,0.0,2.0,2.0,0.0,0.0,0.0,0.0,0.0,0.0,0.0,0.0,0.0,0.0,0.0,0.0,40.0,20.0,500000.0,500000.0,0.0,0.0,0.0,0.0,0.0,0.0,0.0,0.0,1.0,0.0,0.0,0.0,0.0,1.0,0.0,0.0,0.0,1.0,0.0,1.0,0.0,26883.0,0.0,0.0,40.0,0.0,0.0,0.0,0.0,0.0,0.0,0.0,0.0,DoS attacks-SlowHTTPTest
21.0,6.0,2018-02-16 10:17:15,2.0,1.0,1.0,0.0,0.0,0.0,0.0,0.0,0.0,0.0,0.0,0.0,0.0,0.0,1000000.0,2.0,0.0,2.0,2.0,0.0,0.0,0.0,0.0,0.0,0.0,0.0,0.0,0.0,0.0,0.0,0.0,40.0,20.0,500000.0,500000.0,0.0,0.0,0.0,0.0,0.0,0.0,0.0,0.0,1.0,0.0,0.0,0.0,0.0,1.0,0.0,0.0,0.0,1.0,0.0,1.0,0.0,26883.0,0.0,0.0,40.0,0.0,0.0,0.0,0.0,0.0,0.0,0.0,0.0,DoS attacks-SlowHTTPTest
21.0,6.0,2018-02-16 10:19:05,2.0,1.0,1.0,0.0,0.0,0.0,0.0,0.0,0.0,0.0,0.0,0.0,0.0,0.0,1000000.0,2.0,0.0,2.0,2.0,0.0,0.0,0.0,0.0,0.0,0.0,0.0,0.0,0.0,0.0,0.0,0.0,40.0,20.0,500000.0,500000.0,0.0,0.0,0.0,0.0,0.0,0.0,0.0,0.0,1.0,0.0,0.0,0.0,0.0,1.0,0.0,0.0,0.0,1.0,0.0,1.0,0.0,26883.0,0.0,0.0,40.0,0.0,0.0,0.0,0.0,0.0,0.0,0.0,0.0,DoS attacks-SlowHTTPTest
21.0,6.0,2018-02-16 10:13:46,2.0,1.0,1.0,0.0,0.0,0.0,0.0,0.0,0.0,0.0,0.0,0.0,0.0,0.0,1000000.0,2.0,0.0,2.0,2.0,0.0,0.0,0.0,0.0,0.0,0.0,0.0,0.0,0.0,0.0,0.0,0.0,40.0,20.0,500000.0,500000.0,0.0,0.0,0.0,0.0,0.0,0.0,0.0,0.0,1.0,0.0,0.0,0.0,0.0,1.0,0.0,0.0,0.0,1.0,0.0,1.0,0.0,26883.0,0.0,0.0,40.0,0.0,0.0,0.0,0.0,0.0,0.0,0.0,0.0,DoS attacks-SlowHTTPTest
21.0,6.0,2018-02-16 10:29:47,2.0,1.0,1.0,0.0,0.0,0.0,0.0,0.0,0.0,0.0,0.0,0.0,0.0,0.0,1000000.0,2.0,0.0,2.0,2.0,0.0,0.0,0.0,0.0,0.0,0.0,0.0,0.0,0.0,0.0,0.0,0.0,40.0,20.0,500000.0,500000.0,0.0,0.0,0.0,0.0,0.0,0.0,0.0,0.0,1.0,0.0,0.0,0.0,0.0,1.0,0.0,0.0,0.0,1.0,0.0,1.0,0.0,26883.0,0.0,0.0,40.0,0.0,0.0,0.0,0.0,0.0,0.0,0.0,0.0,DoS attacks-SlowHTTPTest
21.0,6.0,2018-02-16 10:33:14,2.0,1.0,1.0,0.0,0.0,0.0,0.0,0.0,0.0,0.0,0.0,0.0,0.0,0.0,1000000.0,2.0,0.0,2.0,2.0,0.0,0.0,0.0,0.0,0.0,0.0,0.0,0.0,0.0,0.0,0.0,0.0,40.0,20.0,500000.0,500000.0,0.0,0.0,0.0,0.0,0.0,0.0,0.0,0.0,1.0,0.0,0.0,0.0,0.0,1.0,0.0,0.0,0.0,1.0,0.0,1.0,0.0,26883.0,0.0,0.0,40.0,0.0,0.0,0.0,0.0,0.0,0.0,0.0,0.0,DoS attacks-SlowHTTPTest
21.0,6.0,2018-02-16 10:16:55,2.0,1.0,1.0,0.0,0.0,0.0,0.0,0.0,0.0,0.0,0.0,0.0,0.0,0.0,1000000.0,2.0,0.0,2.0,2.0,0.0,0.0,0.0,0.0,0.0,0.0,0.0,0.0,0.0,0.0,0.0,0.0,40.0,20.0,500000.0,500000.0,0.0,0.0,0.0,0.0,0.0,0.0,0.0,0.0,1.0,0.0,0.0,0.0,0.0,1.0,0.0,0.0,0.0,1.0,0.0,1.0,0.0,26883.0,0.0,0.0,40.0,0.0,0.0,0.0,0.0,0.0,0.0,0.0,0.0,DoS attacks-SlowHTTPTest
21.0,6.0,2018-02-16 10:29:06,3.0,1.0,1.0,0.0,0.0,0.0,0.0,0.0,0.0,0.0,0.0,0.0,0.0,0.0,666666.6667,3.0,0.0,3.0,3.0,0.0,0.0,0.0,0.0,0.0,0.0,0.0,0.0,0.0,0.0,0.0,0.0,40.0,20.0,333333.3333,333333.3333,0.0,0.0,0.0,0.0,0.0,0.0,0.0,0.0,1.0,0.0,0.0,0.0,0.0,1.0,0.0,0.0,0.0,1.0,0.0,1.0,0.0,26883.0,0.0,0.0,40.0,0.0,0.0,0.0,0.0,0.0,0.0,0.0,0.0,DoS attacks-SlowHTTPTest
21.0,6.0,2018-02-16 10:44:23,7.0,1.0,1.0,0.0,0.0,0.0,0.0,0.0,0.0,0.0,0.0,0.0,0.0,0.0,285714.2857,7.0,0.0,7.0,7.0,0.0,0.0,0.0,0.0,0.0,0.0,0.0,0.0,0.0,0.0,0.0,0.0,40.0,20.0,142857.1429,142857.1429,0.0,0.0,0.0,0.0,0.0,0.0,0.0,0.0,1.0,0.0,0.0,0.0,0.0,1.0,0.0,0.0,0.0,1.0,0.0,1.0,0.0,26883.0,0.0,0.0,40.0,0.0,0.0,0.0,0.0,0.0,0.0,0.0,0.0,DoS attacks-SlowHTTPTest
21.0,6.0,2018-02-16 10:19:17,2.0,1.0,1.0,0.0,0.0,0.0,0.0,0.0,0.0,0.0,0.0,0.0,0.0,0.0,1000000.0,2.0,0.0,2.0,2.0,0.0,0.0,0.0,0.0,0.0,0.0,0.0,0.0,0.0,0.0,0.0,0.0,40.0,20.0,500000.0,500000.0,0.0,0.0,0.0,0.0,0.0,0.0,0.0,0.0,1.0,0.0,0.0,0.0,0.0,1.0,0.0,0.0,0.0,1.0,0.0,1.0,0.0,26883.0,0.0,0.0,40.0,0.0,0.0,0.0,0.0,0.0,0.0,0.0,0.0,DoS attacks-SlowHTTPTest
21.0,6.0,2018-02-16 10:13:30,21.0,1.0,1.0,0.0,0.0,0.0,0.0,0.0,0.0,0.0,0.0,0.0,0.0,0.0,95238.09524,21.0,0.0,21.0,21.0,0.0,0.0,0.0,0.0,0.0,0.0,0.0,0.0,0.0,0.0,0.0,0.0,40.0,20.0,47619.04762,47619.04762,0.0,0.0,0.0,0.0,0.0,0.0,0.0,0.0,1.0,0.0,0.0,0.0,0.0,1.0,0.0,0.0,0.0,1.0,0.0,1.0,0.0,26883.0,0.0,0.0,40.0,0.0,0.0,0.0,0.0,0.0,0.0,0.0,0.0,DoS attacks-SlowHTTPTest
21.0,6.0,2018-02-16 10:35:48,3.0,1.0,1.0,0.0,0.0,0.0,0.0,0.0,0.0,0.0,0.0,0.0,0.0,0.0,666666.6667,3.0,0.0,3.0,3.0,0.0,0.0,0.0,0.0,0.0,0.0,0.0,0.0,0.0,0.0,0.0,0.0,40.0,20.0,333333.3333,333333.3333,0.0,0.0,0.0,0.0,0.0,0.0,0.0,0.0,1.0,0.0,0.0,0.0,0.0,1.0,0.0,0.0,0.0,1.0,0.0,1.0,0.0,26883.0,0.0,0.0,40.0,0.0,0.0,0.0,0.0,0.0,0.0,0.0,0.0,DoS attacks-SlowHTTPTest
21.0,6.0,2018-02-16 10:30:41,2.0,1.0,1.0,0.0,0.0,0.0,0.0,0.0,0.0,0.0,0.0,0.0,0.0,0.0,1000000.0,2.0,0.0,2.0,2.0,0.0,0.0,0.0,0.0,0.0,0.0,0.0,0.0,0.0,0.0,0.0,0.0,40.0,20.0,500000.0,500000.0,0.0,0.0,0.0,0.0,0.0,0.0,0.0,0.0,1.0,0.0,0.0,0.0,0.0,1.0,0.0,0.0,0.0,1.0,0.0,1.0,0.0,26883.0,0.0,0.0,40.0,0.0,0.0,0.0,0.0,0.0,0.0,0.0,0.0,DoS attacks-SlowHTTPTest
21.0,6.0,2018-02-16 10:49:49,3.0,1.0,1.0,0.0,0.0,0.0,0.0,0.0,0.0,0.0,0.0,0.0,0.0,0.0,666666.6667,3.0,0.0,3.0,3.0,0.0,0.0,0.0,0.0,0.0,0.0,0.0,0.0,0.0,0.0,0.0,0.0,40.0,20.0,333333.3333,333333.3333,0.0,0.0,0.0,0.0,0.0,0.0,0.0,0.0,1.0,0.0,0.0,0.0,0.0,1.0,0.0,0.0,0.0,1.0,0.0,1.0,0.0,26883.0,0.0,0.0,40.0,0.0,0.0,0.0,0.0,0.0,0.0,0.0,0.0,DoS attacks-SlowHTTPTest
21.0,6.0,2018-02-16 10:27:27,2.0,1.0,1.0,0.0,0.0,0.0,0.0,0.0,0.0,0.0,0.0,0.0,0.0,0.0,1000000.0,2.0,0.0,2.0,2.0,0.0,0.0,0.0,0.0,0.0,0.0,0.0,0.0,0.0,0.0,0.0,0.0,40.0,20.0,500000.0,500000.0,0.0,0.0,0.0,0.0,0.0,0.0,0.0,0.0,1.0,0.0,0.0,0.0,0.0,1.0,0.0,0.0,0.0,1.0,0.0,1.0,0.0,26883.0,0.0,0.0,40.0,0.0,0.0,0.0,0.0,0.0,0.0,0.0,0.0,DoS attacks-SlowHTTPTest
21.0,6.0,2018-02-16 10:35:24,2.0,1.0,1.0,0.0,0.0,0.0,0.0,0.0,0.0,0.0,0.0,0.0,0.0,0.0,1000000.0,2.0,0.0,2.0,2.0,0.0,0.0,0.0,0.0,0.0,0.0,0.0,0.0,0.0,0.0,0.0,0.0,40.0,20.0,500000.0,500000.0,0.0,0.0,0.0,0.0,0.0,0.0,0.0,0.0,1.0,0.0,0.0,0.0,0.0,1.0,0.0,0.0,0.0,1.0,0.0,1.0,0.0,26883.0,0.0,0.0,40.0,0.0,0.0,0.0,0.0,0.0,0.0,0.0,0.0,DoS attacks-SlowHTTPTest
21.0,6.0,2018-02-16 10:13:29,2.0,1.0,1.0,0.0,0.0,0.0,0.0,0.0,0.0,0.0,0.0,0.0,0.0,0.0,1000000.0,2.0,0.0,2.0,2.0,0.0,0.0,0.0,0.0,0.0,0.0,0.0,0.0,0.0,0.0,0.0,0.0,40.0,20.0,500000.0,500000.0,0.0,0.0,0.0,0.0,0.0,0.0,0.0,0.0,1.0,0.0,0.0,0.0,0.0,1.0,0.0,0.0,0.0,1.0,0.0,1.0,0.0,26883.0,0.0,0.0,40.0,0.0,0.0,0.0,0.0,0.0,0.0,0.0,0.0,DoS attacks-SlowHTTPTest
21.0,6.0,2018-02-16 10:12:21,3.0,1.0,1.0,0.0,0.0,0.0,0.0,0.0,0.0,0.0,0.0,0.0,0.0,0.0,666666.6667,3.0,0.0,3.0,3.0,0.0,0.0,0.0,0.0,0.0,0.0,0.0,0.0,0.0,0.0,0.0,0.0,40.0,20.0,333333.3333,333333.3333,0.0,0.0,0.0,0.0,0.0,0.0,0.0,0.0,1.0,0.0,0.0,0.0,0.0,1.0,0.0,0.0,0.0,1.0,0.0,1.0,0.0,26883.0,0.0,0.0,40.0,0.0,0.0,0.0,0.0,0.0,0.0,0.0,0.0,DoS attacks-SlowHTTPTest
21.0,6.0,2018-02-16 10:44:31,2.0,1.0,1.0,0.0,0.0,0.0,0.0,0.0,0.0,0.0,0.0,0.0,0.0,0.0,1000000.0,2.0,0.0,2.0,2.0,0.0,0.0,0.0,0.0,0.0,0.0,0.0,0.0,0.0,0.0,0.0,0.0,40.0,20.0,500000.0,500000.0,0.0,0.0,0.0,0.0,0.0,0.0,0.0,0.0,1.0,0.0,0.0,0.0,0.0,1.0,0.0,0.0,0.0,1.0,0.0,1.0,0.0,26883.0,0.0,0.0,40.0,0.0,0.0,0.0,0.0,0.0,0.0,0.0,0.0,DoS attacks-SlowHTTPTest
21.0,6.0,2018-02-16 10:41:14,3.0,1.0,1.0,0.0,0.0,0.0,0.0,0.0,0.0,0.0,0.0,0.0,0.0,0.0,666666.6667,3.0,0.0,3.0,3.0,0.0,0.0,0.0,0.0,0.0,0.0,0.0,0.0,0.0,0.0,0.0,0.0,40.0,20.0,333333.3333,333333.3333,0.0,0.0,0.0,0.0,0.0,0.0,0.0,0.0,1.0,0.0,0.0,0.0,0.0,1.0,0.0,0.0,0.0,1.0,0.0,1.0,0.0,26883.0,0.0,0.0,40.0,0.0,0.0,0.0,0.0,0.0,0.0,0.0,0.0,DoS attacks-SlowHTTPTest
21.0,6.0,2018-02-16 10:45:28,3.0,1.0,1.0,0.0,0.0,0.0,0.0,0.0,0.0,0.0,0.0,0.0,0.0,0.0,666666.6667,3.0,0.0,3.0,3.0,0.0,0.0,0.0,0.0,0.0,0.0,0.0,0.0,0.0,0.0,0.0,0.0,40.0,20.0,333333.3333,333333.3333,0.0,0.0,0.0,0.0,0.0,0.0,0.0,0.0,1.0,0.0,0.0,0.0,0.0,1.0,0.0,0.0,0.0,1.0,0.0,1.0,0.0,26883.0,0.0,0.0,40.0,0.0,0.0,0.0,0.0,0.0,0.0,0.0,0.0,DoS attacks-SlowHTTPTest
21.0,6.0,2018-02-16 10:27:25,2.0,1.0,1.0,0.0,0.0,0.0,0.0,0.0,0.0,0.0,0.0,0.0,0.0,0.0,1000000.0,2.0,0.0,2.0,2.0,0.0,0.0,0.0,0.0,0.0,0.0,0.0,0.0,0.0,0.0,0.0,0.0,40.0,20.0,500000.0,500000.0,0.0,0.0,0.0,0.0,0.0,0.0,0.0,0.0,1.0,0.0,0.0,0.0,0.0,1.0,0.0,0.0,0.0,1.0,0.0,1.0,0.0,26883.0,0.0,0.0,40.0,0.0,0.0,0.0,0.0,0.0,0.0,0.0,0.0,DoS attacks-SlowHTTPTest
21.0,6.0,2018-02-16 10:19:15,3.0,1.0,1.0,0.0,0.0,0.0,0.0,0.0,0.0,0.0,0.0,0.0,0.0,0.0,666666.6667,3.0,0.0,3.0,3.0,0.0,0.0,0.0,0.0,0.0,0.0,0.0,0.0,0.0,0.0,0.0,0.0,40.0,20.0,333333.3333,333333.3333,0.0,0.0,0.0,0.0,0.0,0.0,0.0,0.0,1.0,0.0,0.0,0.0,0.0,1.0,0.0,0.0,0.0,1.0,0.0,1.0,0.0,26883.0,0.0,0.0,40.0,0.0,0.0,0.0,0.0,0.0,0.0,0.0,0.0,DoS attacks-SlowHTTPTest
21.0,6.0,2018-02-16 10:52:47,2.0,1.0,1.0,0.0,0.0,0.0,0.0,0.0,0.0,0.0,0.0,0.0,0.0,0.0,1000000.0,2.0,0.0,2.0,2.0,0.0,0.0,0.0,0.0,0.0,0.0,0.0,0.0,0.0,0.0,0.0,0.0,40.0,20.0,500000.0,500000.0,0.0,0.0,0.0,0.0,0.0,0.0,0.0,0.0,1.0,0.0,0.0,0.0,0.0,1.0,0.0,0.0,0.0,1.0,0.0,1.0,0.0,26883.0,0.0,0.0,40.0,0.0,0.0,0.0,0.0,0.0,0.0,0.0,0.0,DoS attacks-SlowHTTPTest
21.0,6.0,2018-02-16 10:51:34,2.0,1.0,1.0,0.0,0.0,0.0,0.0,0.0,0.0,0.0,0.0,0.0,0.0,0.0,1000000.0,2.0,0.0,2.0,2.0,0.0,0.0,0.0,0.0,0.0,0.0,0.0,0.0,0.0,0.0,0.0,0.0,40.0,20.0,500000.0,500000.0,0.0,0.0,0.0,0.0,0.0,0.0,0.0,0.0,1.0,0.0,0.0,0.0,0.0,1.0,0.0,0.0,0.0,1.0,0.0,1.0,0.0,26883.0,0.0,0.0,40.0,0.0,0.0,0.0,0.0,0.0,0.0,0.0,0.0,DoS attacks-SlowHTTPTest
21.0,6.0,2018-02-16 10:21:49,2.0,1.0,1.0,0.0,0.0,0.0,0.0,0.0,0.0,0.0,0.0,0.0,0.0,0.0,1000000.0,2.0,0.0,2.0,2.0,0.0,0.0,0.0,0.0,0.0,0.0,0.0,0.0,0.0,0.0,0.0,0.0,40.0,20.0,500000.0,500000.0,0.0,0.0,0.0,0.0,0.0,0.0,0.0,0.0,1.0,0.0,0.0,0.0,0.0,1.0,0.0,0.0,0.0,1.0,0.0,1.0,0.0,26883.0,0.0,0.0,40.0,0.0,0.0,0.0,0.0,0.0,0.0,0.0,0.0,DoS attacks-SlowHTTPTest
21.0,6.0,2018-02-16 10:36:36,3.0,1.0,1.0,0.0,0.0,0.0,0.0,0.0,0.0,0.0,0.0,0.0,0.0,0.0,666666.6667,3.0,0.0,3.0,3.0,0.0,0.0,0.0,0.0,0.0,0.0,0.0,0.0,0.0,0.0,0.0,0.0,40.0,20.0,333333.3333,333333.3333,0.0,0.0,0.0,0.0,0.0,0.0,0.0,0.0,1.0,0.0,0.0,0.0,0.0,1.0,0.0,0.0,0.0,1.0,0.0,1.0,0.0,26883.0,0.0,0.0,40.0,0.0,0.0,0.0,0.0,0.0,0.0,0.0,0.0,DoS attacks-SlowHTTPTest
21.0,6.0,2018-02-16 10:19:17,3.0,1.0,1.0,0.0,0.0,0.0,0.0,0.0,0.0,0.0,0.0,0.0,0.0,0.0,666666.6667,3.0,0.0,3.0,3.0,0.0,0.0,0.0,0.0,0.0,0.0,0.0,0.0,0.0,0.0,0.0,0.0,40.0,20.0,333333.3333,333333.3333,0.0,0.0,0.0,0.0,0.0,0.0,0.0,0.0,1.0,0.0,0.0,0.0,0.0,1.0,0.0,0.0,0.0,1.0,0.0,1.0,0.0,26883.0,0.0,0.0,40.0,0.0,0.0,0.0,0.0,0.0,0.0,0.0,0.0,DoS attacks-SlowHTTPTest
21.0,6.0,2018-02-16 10:38:02,4.0,1.0,1.0,0.0,0.0,0.0,0.0,0.0,0.0,0.0,0.0,0.0,0.0,0.0,500000.0,4.0,0.0,4.0,4.0,0.0,0.0,0.0,0.0,0.0,0.0,0.0,0.0,0.0,0.0,0.0,0.0,40.0,20.0,250000.0,250000.0,0.0,0.0,0.0,0.0,0.0,0.0,0.0,0.0,1.0,0.0,0.0,0.0,0.0,1.0,0.0,0.0,0.0,1.0,0.0,1.0,0.0,26883.0,0.0,0.0,40.0,0.0,0.0,0.0,0.0,0.0,0.0,0.0,0.0,DoS attacks-SlowHTTPTest
21.0,6.0,2018-02-16 10:34:20,3.0,1.0,1.0,0.0,0.0,0.0,0.0,0.0,0.0,0.0,0.0,0.0,0.0,0.0,666666.6667,3.0,0.0,3.0,3.0,0.0,0.0,0.0,0.0,0.0,0.0,0.0,0.0,0.0,0.0,0.0,0.0,40.0,20.0,333333.3333,333333.3333,0.0,0.0,0.0,0.0,0.0,0.0,0.0,0.0,1.0,0.0,0.0,0.0,0.0,1.0,0.0,0.0,0.0,1.0,0.0,1.0,0.0,26883.0,0.0,0.0,40.0,0.0,0.0,0.0,0.0,0.0,0.0,0.0,0.0,DoS attacks-SlowHTTPTest
21.0,6.0,2018-02-16 10:34:24,3.0,1.0,1.0,0.0,0.0,0.0,0.0,0.0,0.0,0.0,0.0,0.0,0.0,0.0,666666.6667,3.0,0.0,3.0,3.0,0.0,0.0,0.0,0.0,0.0,0.0,0.0,0.0,0.0,0.0,0.0,0.0,40.0,20.0,333333.3333,333333.3333,0.0,0.0,0.0,0.0,0.0,0.0,0.0,0.0,1.0,0.0,0.0,0.0,0.0,1.0,0.0,0.0,0.0,1.0,0.0,1.0,0.0,26883.0,0.0,0.0,40.0,0.0,0.0,0.0,0.0,0.0,0.0,0.0,0.0,DoS attacks-SlowHTTPTest
21.0,6.0,2018-02-16 10:21:11,1.0,1.0,1.0,0.0,0.0,0.0,0.0,0.0,0.0,0.0,0.0,0.0,0.0,0.0,2000000.0,1.0,0.0,1.0,1.0,0.0,0.0,0.0,0.0,0.0,0.0,0.0,0.0,0.0,0.0,0.0,0.0,40.0,20.0,1000000.0,1000000.0,0.0,0.0,0.0,0.0,0.0,0.0,0.0,0.0,1.0,0.0,0.0,0.0,0.0,1.0,0.0,0.0,0.0,1.0,0.0,1.0,0.0,26883.0,0.0,0.0,40.0,0.0,0.0,0.0,0.0,0.0,0.0,0.0,0.0,DoS attacks-SlowHTTPTest
21.0,6.0,2018-02-16 10:36:04,3.0,1.0,1.0,0.0,0.0,0.0,0.0,0.0,0.0,0.0,0.0,0.0,0.0,0.0,666666.6667,3.0,0.0,3.0,3.0,0.0,0.0,0.0,0.0,0.0,0.0,0.0,0.0,0.0,0.0,0.0,0.0,40.0,20.0,333333.3333,333333.3333,0.0,0.0,0.0,0.0,0.0,0.0,0.0,0.0,1.0,0.0,0.0,0.0,0.0,1.0,0.0,0.0,0.0,1.0,0.0,1.0,0.0,26883.0,0.0,0.0,40.0,0.0,0.0,0.0,0.0,0.0,0.0,0.0,0.0,DoS attacks-SlowHTTPTest
21.0,6.0,2018-02-16 10:17:39,2.0,1.0,1.0,0.0,0.0,0.0,0.0,0.0,0.0,0.0,0.0,0.0,0.0,0.0,1000000.0,2.0,0.0,2.0,2.0,0.0,0.0,0.0,0.0,0.0,0.0,0.0,0.0,0.0,0.0,0.0,0.0,40.0,20.0,500000.0,500000.0,0.0,0.0,0.0,0.0,0.0,0.0,0.0,0.0,1.0,0.0,0.0,0.0,0.0,1.0,0.0,0.0,0.0,1.0,0.0,1.0,0.0,26883.0,0.0,0.0,40.0,0.0,0.0,0.0,0.0,0.0,0.0,0.0,0.0,DoS attacks-SlowHTTPTest
21.0,6.0,2018-02-16 10:38:18,21.0,1.0,1.0,0.0,0.0,0.0,0.0,0.0,0.0,0.0,0.0,0.0,0.0,0.0,95238.09524,21.0,0.0,21.0,21.0,0.0,0.0,0.0,0.0,0.0,0.0,0.0,0.0,0.0,0.0,0.0,0.0,40.0,20.0,47619.04762,47619.04762,0.0,0.0,0.0,0.0,0.0,0.0,0.0,0.0,1.0,0.0,0.0,0.0,0.0,1.0,0.0,0.0,0.0,1.0,0.0,1.0,0.0,26883.0,0.0,0.0,40.0,0.0,0.0,0.0,0.0,0.0,0.0,0.0,0.0,DoS attacks-SlowHTTPTest
21.0,6.0,2018-02-16 10:18:31,2.0,1.0,1.0,0.0,0.0,0.0,0.0,0.0,0.0,0.0,0.0,0.0,0.0,0.0,1000000.0,2.0,0.0,2.0,2.0,0.0,0.0,0.0,0.0,0.0,0.0,0.0,0.0,0.0,0.0,0.0,0.0,40.0,20.0,500000.0,500000.0,0.0,0.0,0.0,0.0,0.0,0.0,0.0,0.0,1.0,0.0,0.0,0.0,0.0,1.0,0.0,0.0,0.0,1.0,0.0,1.0,0.0,26883.0,0.0,0.0,40.0,0.0,0.0,0.0,0.0,0.0,0.0,0.0,0.0,DoS attacks-SlowHTTPTest
21.0,6.0,2018-02-16 10:28:51,2.0,1.0,1.0,0.0,0.0,0.0,0.0,0.0,0.0,0.0,0.0,0.0,0.0,0.0,1000000.0,2.0,0.0,2.0,2.0,0.0,0.0,0.0,0.0,0.0,0.0,0.0,0.0,0.0,0.0,0.0,0.0,40.0,20.0,500000.0,500000.0,0.0,0.0,0.0,0.0,0.0,0.0,0.0,0.0,1.0,0.0,0.0,0.0,0.0,1.0,0.0,0.0,0.0,1.0,0.0,1.0,0.0,26883.0,0.0,0.0,40.0,0.0,0.0,0.0,0.0,0.0,0.0,0.0,0.0,DoS attacks-SlowHTTPTest
21.0,6.0,2018-02-16 10:37:31,2.0,1.0,1.0,0.0,0.0,0.0,0.0,0.0,0.0,0.0,0.0,0.0,0.0,0.0,1000000.0,2.0,0.0,2.0,2.0,0.0,0.0,0.0,0.0,0.0,0.0,0.0,0.0,0.0,0.0,0.0,0.0,40.0,20.0,500000.0,500000.0,0.0,0.0,0.0,0.0,0.0,0.0,0.0,0.0,1.0,0.0,0.0,0.0,0.0,1.0,0.0,0.0,0.0,1.0,0.0,1.0,0.0,26883.0,0.0,0.0,40.0,0.0,0.0,0.0,0.0,0.0,0.0,0.0,0.0,DoS attacks-SlowHTTPTest
21.0,6.0,2018-02-16 10:54:51,22.0,1.0,1.0,0.0,0.0,0.0,0.0,0.0,0.0,0.0,0.0,0.0,0.0,0.0,90909.09091,22.0,0.0,22.0,22.0,0.0,0.0,0.0,0.0,0.0,0.0,0.0,0.0,0.0,0.0,0.0,0.0,40.0,20.0,45454.54545,45454.54545,0.0,0.0,0.0,0.0,0.0,0.0,0.0,0.0,1.0,0.0,0.0,0.0,0.0,1.0,0.0,0.0,0.0,1.0,0.0,1.0,0.0,26883.0,0.0,0.0,40.0,0.0,0.0,0.0,0.0,0.0,0.0,0.0,0.0,DoS attacks-SlowHTTPTest
21.0,6.0,2018-02-16 10:36:21,10.0,1.0,1.0,0.0,0.0,0.0,0.0,0.0,0.0,0.0,0.0,0.0,0.0,0.0,200000.0,10.0,0.0,10.0,10.0,0.0,0.0,0.0,0.0,0.0,0.0,0.0,0.0,0.0,0.0,0.0,0.0,40.0,20.0,100000.0,100000.0,0.0,0.0,0.0,0.0,0.0,0.0,0.0,0.0,1.0,0.0,0.0,0.0,0.0,1.0,0.0,0.0,0.0,1.0,0.0,1.0,0.0,26883.0,0.0,0.0,40.0,0.0,0.0,0.0,0.0,0.0,0.0,0.0,0.0,DoS attacks-SlowHTTPTest
21.0,6.0,2018-02-16 10:20:53,2.0,1.0,1.0,0.0,0.0,0.0,0.0,0.0,0.0,0.0,0.0,0.0,0.0,0.0,1000000.0,2.0,0.0,2.0,2.0,0.0,0.0,0.0,0.0,0.0,0.0,0.0,0.0,0.0,0.0,0.0,0.0,40.0,20.0,500000.0,500000.0,0.0,0.0,0.0,0.0,0.0,0.0,0.0,0.0,1.0,0.0,0.0,0.0,0.0,1.0,0.0,0.0,0.0,1.0,0.0,1.0,0.0,26883.0,0.0,0.0,40.0,0.0,0.0,0.0,0.0,0.0,0.0,0.0,0.0,DoS attacks-SlowHTTPTest
21.0,6.0,2018-02-16 10:49:09,2.0,1.0,1.0,0.0,0.0,0.0,0.0,0.0,0.0,0.0,0.0,0.0,0.0,0.0,1000000.0,2.0,0.0,2.0,2.0,0.0,0.0,0.0,0.0,0.0,0.0,0.0,0.0,0.0,0.0,0.0,0.0,40.0,20.0,500000.0,500000.0,0.0,0.0,0.0,0.0,0.0,0.0,0.0,0.0,1.0,0.0,0.0,0.0,0.0,1.0,0.0,0.0,0.0,1.0,0.0,1.0,0.0,26883.0,0.0,0.0,40.0,0.0,0.0,0.0,0.0,0.0,0.0,0.0,0.0,DoS attacks-SlowHTTPTest
21.0,6.0,2018-02-16 10:43:11,3.0,1.0,1.0,0.0,0.0,0.0,0.0,0.0,0.0,0.0,0.0,0.0,0.0,0.0,666666.6667,3.0,0.0,3.0,3.0,0.0,0.0,0.0,0.0,0.0,0.0,0.0,0.0,0.0,0.0,0.0,0.0,40.0,20.0,333333.3333,333333.3333,0.0,0.0,0.0,0.0,0.0,0.0,0.0,0.0,1.0,0.0,0.0,0.0,0.0,1.0,0.0,0.0,0.0,1.0,0.0,1.0,0.0,26883.0,0.0,0.0,40.0,0.0,0.0,0.0,0.0,0.0,0.0,0.0,0.0,DoS attacks-SlowHTTPTest
21.0,6.0,2018-02-16 10:45:33,30.0,1.0,1.0,0.0,0.0,0.0,0.0,0.0,0.0,0.0,0.0,0.0,0.0,0.0,66666.66667,30.0,0.0,30.0,30.0,0.0,0.0,0.0,0.0,0.0,0.0,0.0,0.0,0.0,0.0,0.0,0.0,40.0,20.0,33333.33333,33333.33333,0.0,0.0,0.0,0.0,0.0,0.0,0.0,0.0,1.0,0.0,0.0,0.0,0.0,1.0,0.0,0.0,0.0,1.0,0.0,1.0,0.0,26883.0,0.0,0.0,40.0,0.0,0.0,0.0,0.0,0.0,0.0,0.0,0.0,DoS attacks-SlowHTTPTest
21.0,6.0,2018-02-16 10:56:59,3.0,1.0,1.0,0.0,0.0,0.0,0.0,0.0,0.0,0.0,0.0,0.0,0.0,0.0,666666.6667,3.0,0.0,3.0,3.0,0.0,0.0,0.0,0.0,0.0,0.0,0.0,0.0,0.0,0.0,0.0,0.0,40.0,20.0,333333.3333,333333.3333,0.0,0.0,0.0,0.0,0.0,0.0,0.0,0.0,1.0,0.0,0.0,0.0,0.0,1.0,0.0,0.0,0.0,1.0,0.0,1.0,0.0,26883.0,0.0,0.0,40.0,0.0,0.0,0.0,0.0,0.0,0.0,0.0,0.0,DoS attacks-SlowHTTPTest
21.0,6.0,2018-02-16 10:29:44,3.0,1.0,1.0,0.0,0.0,0.0,0.0,0.0,0.0,0.0,0.0,0.0,0.0,0.0,666666.6667,3.0,0.0,3.0,3.0,0.0,0.0,0.0,0.0,0.0,0.0,0.0,0.0,0.0,0.0,0.0,0.0,40.0,20.0,333333.3333,333333.3333,0.0,0.0,0.0,0.0,0.0,0.0,0.0,0.0,1.0,0.0,0.0,0.0,0.0,1.0,0.0,0.0,0.0,1.0,0.0,1.0,0.0,26883.0,0.0,0.0,40.0,0.0,0.0,0.0,0.0,0.0,0.0,0.0,0.0,DoS attacks-SlowHTTPTest
21.0,6.0,2018-02-16 10:51:37,3.0,1.0,1.0,0.0,0.0,0.0,0.0,0.0,0.0,0.0,0.0,0.0,0.0,0.0,666666.6667,3.0,0.0,3.0,3.0,0.0,0.0,0.0,0.0,0.0,0.0,0.0,0.0,0.0,0.0,0.0,0.0,40.0,20.0,333333.3333,333333.3333,0.0,0.0,0.0,0.0,0.0,0.0,0.0,0.0,1.0,0.0,0.0,0.0,0.0,1.0,0.0,0.0,0.0,1.0,0.0,1.0,0.0,26883.0,0.0,0.0,40.0,0.0,0.0,0.0,0.0,0.0,0.0,0.0,0.0,DoS attacks-SlowHTTPTest
21.0,6.0,2018-02-16 10:52:48,5.0,1.0,1.0,0.0,0.0,0.0,0.0,0.0,0.0,0.0,0.0,0.0,0.0,0.0,400000.0,5.0,0.0,5.0,5.0,0.0,0.0,0.0,0.0,0.0,0.0,0.0,0.0,0.0,0.0,0.0,0.0,40.0,20.0,200000.0,200000.0,0.0,0.0,0.0,0.0,0.0,0.0,0.0,0.0,1.0,0.0,0.0,0.0,0.0,1.0,0.0,0.0,0.0,1.0,0.0,1.0,0.0,26883.0,0.0,0.0,40.0,0.0,0.0,0.0,0.0,0.0,0.0,0.0,0.0,DoS attacks-SlowHTTPTest
21.0,6.0,2018-02-16 10:22:18,3.0,1.0,1.0,0.0,0.0,0.0,0.0,0.0,0.0,0.0,0.0,0.0,0.0,0.0,666666.6667,3.0,0.0,3.0,3.0,0.0,0.0,0.0,0.0,0.0,0.0,0.0,0.0,0.0,0.0,0.0,0.0,40.0,20.0,333333.3333,333333.3333,0.0,0.0,0.0,0.0,0.0,0.0,0.0,0.0,1.0,0.0,0.0,0.0,0.0,1.0,0.0,0.0,0.0,1.0,0.0,1.0,0.0,26883.0,0.0,0.0,40.0,0.0,0.0,0.0,0.0,0.0,0.0,0.0,0.0,DoS attacks-SlowHTTPTest
21.0,6.0,2018-02-16 10:37:50,3.0,1.0,1.0,0.0,0.0,0.0,0.0,0.0,0.0,0.0,0.0,0.0,0.0,0.0,666666.6667,3.0,0.0,3.0,3.0,0.0,0.0,0.0,0.0,0.0,0.0,0.0,0.0,0.0,0.0,0.0,0.0,40.0,20.0,333333.3333,333333.3333,0.0,0.0,0.0,0.0,0.0,0.0,0.0,0.0,1.0,0.0,0.0,0.0,0.0,1.0,0.0,0.0,0.0,1.0,0.0,1.0,0.0,26883.0,0.0,0.0,40.0,0.0,0.0,0.0,0.0,0.0,0.0,0.0,0.0,DoS attacks-SlowHTTPTest
21.0,6.0,2018-02-16 10:16:45,2.0,1.0,1.0,0.0,0.0,0.0,0.0,0.0,0.0,0.0,0.0,0.0,0.0,0.0,1000000.0,2.0,0.0,2.0,2.0,0.0,0.0,0.0,0.0,0.0,0.0,0.0,0.0,0.0,0.0,0.0,0.0,40.0,20.0,500000.0,500000.0,0.0,0.0,0.0,0.0,0.0,0.0,0.0,0.0,1.0,0.0,0.0,0.0,0.0,1.0,0.0,0.0,0.0,1.0,0.0,1.0,0.0,26883.0,0.0,0.0,40.0,0.0,0.0,0.0,0.0,0.0,0.0,0.0,0.0,DoS attacks-SlowHTTPTest
21.0,6.0,2018-02-16 10:29:53,2.0,1.0,1.0,0.0,0.0,0.0,0.0,0.0,0.0,0.0,0.0,0.0,0.0,0.0,1000000.0,2.0,0.0,2.0,2.0,0.0,0.0,0.0,0.0,0.0,0.0,0.0,0.0,0.0,0.0,0.0,0.0,40.0,20.0,500000.0,500000.0,0.0,0.0,0.0,0.0,0.0,0.0,0.0,0.0,1.0,0.0,0.0,0.0,0.0,1.0,0.0,0.0,0.0,1.0,0.0,1.0,0.0,26883.0,0.0,0.0,40.0,0.0,0.0,0.0,0.0,0.0,0.0,0.0,0.0,DoS attacks-SlowHTTPTest
21.0,6.0,2018-02-16 10:44:51,2.0,1.0,1.0,0.0,0.0,0.0,0.0,0.0,0.0,0.0,0.0,0.0,0.0,0.0,1000000.0,2.0,0.0,2.0,2.0,0.0,0.0,0.0,0.0,0.0,0.0,0.0,0.0,0.0,0.0,0.0,0.0,40.0,20.0,500000.0,500000.0,0.0,0.0,0.0,0.0,0.0,0.0,0.0,0.0,1.0,0.0,0.0,0.0,0.0,1.0,0.0,0.0,0.0,1.0,0.0,1.0,0.0,26883.0,0.0,0.0,40.0,0.0,0.0,0.0,0.0,0.0,0.0,0.0,0.0,DoS attacks-SlowHTTPTest
21.0,6.0,2018-02-16 10:41:35,10.0,1.0,1.0,0.0,0.0,0.0,0.0,0.0,0.0,0.0,0.0,0.0,0.0,0.0,200000.0,10.0,0.0,10.0,10.0,0.0,0.0,0.0,0.0,0.0,0.0,0.0,0.0,0.0,0.0,0.0,0.0,40.0,20.0,100000.0,100000.0,0.0,0.0,0.0,0.0,0.0,0.0,0.0,0.0,1.0,0.0,0.0,0.0,0.0,1.0,0.0,0.0,0.0,1.0,0.0,1.0,0.0,26883.0,0.0,0.0,40.0,0.0,0.0,0.0,0.0,0.0,0.0,0.0,0.0,DoS attacks-SlowHTTPTest
21.0,6.0,2018-02-16 10:23:56,3.0,1.0,1.0,0.0,0.0,0.0,0.0,0.0,0.0,0.0,0.0,0.0,0.0,0.0,666666.6667,3.0,0.0,3.0,3.0,0.0,0.0,0.0,0.0,0.0,0.0,0.0,0.0,0.0,0.0,0.0,0.0,40.0,20.0,333333.3333,333333.3333,0.0,0.0,0.0,0.0,0.0,0.0,0.0,0.0,1.0,0.0,0.0,0.0,0.0,1.0,0.0,0.0,0.0,1.0,0.0,1.0,0.0,26883.0,0.0,0.0,40.0,0.0,0.0,0.0,0.0,0.0,0.0,0.0,0.0,DoS attacks-SlowHTTPTest
21.0,6.0,2018-02-16 10:45:37,3.0,1.0,1.0,0.0,0.0,0.0,0.0,0.0,0.0,0.0,0.0,0.0,0.0,0.0,666666.6667,3.0,0.0,3.0,3.0,0.0,0.0,0.0,0.0,0.0,0.0,0.0,0.0,0.0,0.0,0.0,0.0,40.0,20.0,333333.3333,333333.3333,0.0,0.0,0.0,0.0,0.0,0.0,0.0,0.0,1.0,0.0,0.0,0.0,0.0,1.0,0.0,0.0,0.0,1.0,0.0,1.0,0.0,26883.0,0.0,0.0,40.0,0.0,0.0,0.0,0.0,0.0,0.0,0.0,0.0,DoS attacks-SlowHTTPTest
21.0,6.0,2018-02-16 10:53:05,2.0,1.0,1.0,0.0,0.0,0.0,0.0,0.0,0.0,0.0,0.0,0.0,0.0,0.0,1000000.0,2.0,0.0,2.0,2.0,0.0,0.0,0.0,0.0,0.0,0.0,0.0,0.0,0.0,0.0,0.0,0.0,40.0,20.0,500000.0,500000.0,0.0,0.0,0.0,0.0,0.0,0.0,0.0,0.0,1.0,0.0,0.0,0.0,0.0,1.0,0.0,0.0,0.0,1.0,0.0,1.0,0.0,26883.0,0.0,0.0,40.0,0.0,0.0,0.0,0.0,0.0,0.0,0.0,0.0,DoS attacks-SlowHTTPTest
21.0,6.0,2018-02-16 10:32:30,3.0,1.0,1.0,0.0,0.0,0.0,0.0,0.0,0.0,0.0,0.0,0.0,0.0,0.0,666666.6667,3.0,0.0,3.0,3.0,0.0,0.0,0.0,0.0,0.0,0.0,0.0,0.0,0.0,0.0,0.0,0.0,40.0,20.0,333333.3333,333333.3333,0.0,0.0,0.0,0.0,0.0,0.0,0.0,0.0,1.0,0.0,0.0,0.0,0.0,1.0,0.0,0.0,0.0,1.0,0.0,1.0,0.0,26883.0,0.0,0.0,40.0,0.0,0.0,0.0,0.0,0.0,0.0,0.0,0.0,DoS attacks-SlowHTTPTest
21.0,6.0,2018-02-16 10:50:25,2.0,1.0,1.0,0.0,0.0,0.0,0.0,0.0,0.0,0.0,0.0,0.0,0.0,0.0,1000000.0,2.0,0.0,2.0,2.0,0.0,0.0,0.0,0.0,0.0,0.0,0.0,0.0,0.0,0.0,0.0,0.0,40.0,20.0,500000.0,500000.0,0.0,0.0,0.0,0.0,0.0,0.0,0.0,0.0,1.0,0.0,0.0,0.0,0.0,1.0,0.0,0.0,0.0,1.0,0.0,1.0,0.0,26883.0,0.0,0.0,40.0,0.0,0.0,0.0,0.0,0.0,0.0,0.0,0.0,DoS attacks-SlowHTTPTest
80.0,6.0,2018-02-16 01:47:17,2235.0,2.0,0.0,0.0,0.0,0.0,0.0,0.0,0.0,0.0,0.0,0.0,0.0,0.0,894.8545861,2235.0,0.0,2235.0,2235.0,2235.0,2235.0,0.0,2235.0,2235.0,0.0,0.0,0.0,0.0,0.0,0.0,0.0,64.0,0.0,894.8545861,0.0,0.0,0.0,0.0,0.0,0.0,0.0,0.0,0.0,0.0,1.0,0.0,0.0,0.0,0.0,0.0,0.0,0.0,2.0,0.0,0.0,0.0,225.0,-1.0,0.0,32.0,0.0,0.0,0.0,0.0,0.0,0.0,0.0,0.0,DoS attacks-Hulk
80.0,6.0,2018-02-16 01:48:12,3081.0,2.0,0.0,0.0,0.0,0.0,0.0,0.0,0.0,0.0,0.0,0.0,0.0,0.0,649.1398896,3081.0,0.0,3081.0,3081.0,3081.0,3081.0,0.0,3081.0,3081.0,0.0,0.0,0.0,0.0,0.0,0.0,0.0,64.0,0.0,649.1398896,0.0,0.0,0.0,0.0,0.0,0.0,0.0,0.0,0.0,0.0,1.0,0.0,0.0,0.0,0.0,0.0,0.0,0.0,2.0,0.0,0.0,0.0,225.0,-1.0,0.0,32.0,0.0,0.0,0.0,0.0,0.0,0.0,0.0,0.0,DoS attacks-Hulk
80.0,6.0,2018-02-16 01:48:31,40520.0,2.0,0.0,0.0,0.0,0.0,0.0,0.0,0.0,0.0,0.0,0.0,0.0,0.0,49.35834156,40520.0,0.0,40520.0,40520.0,40520.0,40520.0,0.0,40520.0,40520.0,0.0,0.0,0.0,0.0,0.0,0.0,0.0,64.0,0.0,49.35834156,0.0,0.0,0.0,0.0,0.0,0.0,0.0,0.0,0.0,0.0,1.0,0.0,0.0,0.0,0.0,0.0,0.0,0.0,2.0,0.0,0.0,0.0,225.0,-1.0,0.0,32.0,0.0,0.0,0.0,0.0,0.0,0.0,0.0,0.0,DoS attacks-Hulk
80.0,6.0,2018-02-16 01:47:37,66.0,2.0,0.0,0.0,0.0,0.0,0.0,0.0,0.0,0.0,0.0,0.0,0.0,0.0,30303.0303,66.0,0.0,66.0,66.0,66.0,66.0,0.0,66.0,66.0,0.0,0.0,0.0,0.0,0.0,0.0,0.0,64.0,0.0,30303.0303,0.0,0.0,0.0,0.0,0.0,0.0,0.0,0.0,0.0,0.0,1.0,0.0,0.0,0.0,0.0,0.0,0.0,0.0,2.0,0.0,0.0,0.0,225.0,-1.0,0.0,32.0,0.0,0.0,0.0,0.0,0.0,0.0,0.0,0.0,DoS attacks-Hulk
80.0,6.0,2018-02-16 01:47:24,3871747.0,4.0,5.0,346.0,935.0,346.0,0.0,86.5,173.0,935.0,0.0,187.0,418.1447118,330.8583954,2.324532052,483968.375,1338533.625,3796420.0,5.0,3833637.0,1277879.0,2181192.926,3796429.0,1811.0,3871738.0,967934.5,1885744.264,3796426.0,48.0,0.0,0.0,136.0,168.0,1.033125357,1.291406696,0.0,935.0,128.1,303.6527439,92204.98889,0.0,0.0,0.0,0.0,1.0,1.0,0.0,0.0,1.0,142.3333333,86.5,187.0,4.0,346.0,5.0,935.0,225.0,237.0,1.0,32.0,0.0,0.0,0.0,0.0,0.0,0.0,0.0,0.0,DoS attacks-Hulk
80.0,6.0,2018-02-16 01:46:59,25303.0,2.0,0.0,0.0,0.0,0.0,0.0,0.0,0.0,0.0,0.0,0.0,0.0,0.0,79.04201083,25303.0,0.0,25303.0,25303.0,25303.0,25303.0,0.0,25303.0,25303.0,0.0,0.0,0.0,0.0,0.0,0.0,0.0,64.0,0.0,79.04201083,0.0,0.0,0.0,0.0,0.0,0.0,0.0,0.0,0.0,0.0,1.0,0.0,0.0,0.0,0.0,0.0,0.0,0.0,2.0,0.0,0.0,0.0,225.0,-1.0,0.0,32.0,0.0,0.0,0.0,0.0,0.0,0.0,0.0,0.0,DoS attacks-Hulk
80.0,6.0,2018-02-16 01:47:26,51962.0,3.0,0.0,0.0,0.0,0.0,0.0,0.0,0.0,0.0,0.0,0.0,0.0,0.0,57.73449829,25981.0,22924.40185,42191.0,9771.0,51962.0,25981.0,22924.40185,42191.0,9771.0,0.0,0.0,0.0,0.0,0.0,0.0,0.0,96.0,0.0,57.73449829,0.0,0.0,0.0,0.0,0.0,0.0,0.0,0.0,0.0,0.0,1.0,0.0,0.0,0.0,0.0,0.0,0.0,0.0,3.0,0.0,0.0,0.0,225.0,-1.0,0.0,32.0,0.0,0.0,0.0,0.0,0.0,0.0,0.0,0.0,DoS attacks-Hulk
80.0,6.0,2018-02-16 01:48:33,148.0,2.0,0.0,0.0,0.0,0.0,0.0,0.0,0.0,0.0,0.0,0.0,0.0,0.0,13513.51351,148.0,0.0,148.0,148.0,148.0,148.0,0.0,148.0,148.0,0.0,0.0,0.0,0.0,0.0,0.0,0.0,64.0,0.0,13513.51351,0.0,0.0,0.0,0.0,0.0,0.0,0.0,0.0,0.0,0.0,1.0,0.0,0.0,0.0,0.0,0.0,0.0,0.0,2.0,0.0,0.0,0.0,225.0,-1.0,0.0,32.0,0.0,0.0,0.0,0.0,0.0,0.0,0.0,0.0,DoS attacks-Hulk
80.0,6.0,2018-02-16 01:48:35,2707.0,2.0,0.0,0.0,0.0,0.0,0.0,0.0,0.0,0.0,0.0,0.0,0.0,0.0,738.8252678,2707.0,0.0,2707.0,2707.0,2707.0,2707.0,0.0,2707.0,2707.0,0.0,0.0,0.0,0.0,0.0,0.0,0.0,64.0,0.0,738.8252678,0.0,0.0,0.0,0.0,0.0,0.0,0.0,0.0,0.0,0.0,1.0,0.0,0.0,0.0,0.0,0.0,0.0,0.0,2.0,0.0,0.0,0.0,225.0,-1.0,0.0,32.0,0.0,0.0,0.0,0.0,0.0,0.0,0.0,0.0,DoS attacks-Hulk
80.0,6.0,2018-02-16 01:45:58,79881.0,2.0,0.0,0.0,0.0,0.0,0.0,0.0,0.0,0.0,0.0,0.0,0.0,0.0,25.0372429,79881.0,0.0,79881.0,79881.0,79881.0,79881.0,0.0,79881.0,79881.0,0.0,0.0,0.0,0.0,0.0,0.0,0.0,64.0,0.0,25.0372429,0.0,0.0,0.0,0.0,0.0,0.0,0.0,0.0,0.0,0.0,1.0,0.0,0.0,0.0,0.0,0.0,0.0,0.0,2.0,0.0,0.0,0.0,225.0,-1.0,0.0,32.0,0.0,0.0,0.0,0.0,0.0,0.0,0.0,0.0,DoS attacks-Hulk
80.0,6.0,2018-02-16 01:46:48,2013.0,2.0,0.0,0.0,0.0,0.0,0.0,0.0,0.0,0.0,0.0,0.0,0.0,0.0,993.5419771,2013.0,0.0,2013.0,2013.0,2013.0,2013.0,0.0,2013.0,2013.0,0.0,0.0,0.0,0.0,0.0,0.0,0.0,64.0,0.0,993.5419771,0.0,0.0,0.0,0.0,0.0,0.0,0.0,0.0,0.0,0.0,1.0,0.0,0.0,0.0,0.0,0.0,0.0,0.0,2.0,0.0,0.0,0.0,225.0,-1.0,0.0,32.0,0.0,0.0,0.0,0.0,0.0,0.0,0.0,0.0,DoS attacks-Hulk
80.0,6.0,2018-02-16 01:46:07,7016.0,2.0,0.0,0.0,0.0,0.0,0.0,0.0,0.0,0.0,0.0,0.0,0.0,0.0,285.0627138,7016.0,0.0,7016.0,7016.0,7016.0,7016.0,0.0,7016.0,7016.0,0.0,0.0,0.0,0.0,0.0,0.0,0.0,64.0,0.0,285.0627138,0.0,0.0,0.0,0.0,0.0,0.0,0.0,0.0,0.0,0.0,1.0,0.0,0.0,0.0,0.0,0.0,0.0,0.0,2.0,0.0,0.0,0.0,225.0,-1.0,0.0,32.0,0.0,0.0,0.0,0.0,0.0,0.0,0.0,0.0,DoS attacks-Hulk
80.0,6.0,2018-02-16 01:47:22,3655.0,2.0,0.0,0.0,0.0,0.0,0.0,0.0,0.0,0.0,0.0,0.0,0.0,0.0,547.1956224,3655.0,0.0,3655.0,3655.0,3655.0,3655.0,0.0,3655.0,3655.0,0.0,0.0,0.0,0.0,0.0,0.0,0.0,64.0,0.0,547.1956224,0.0,0.0,0.0,0.0,0.0,0.0,0.0,0.0,0.0,0.0,1.0,0.0,0.0,0.0,0.0,0.0,0.0,0.0,2.0,0.0,0.0,0.0,225.0,-1.0,0.0,32.0,0.0,0.0,0.0,0.0,0.0,0.0,0.0,0.0,DoS attacks-Hulk
80.0,6.0,2018-02-16 01:47:34,2626.0,2.0,0.0,0.0,0.0,0.0,0.0,0.0,0.0,0.0,0.0,0.0,0.0,0.0,761.614623,2626.0,0.0,2626.0,2626.0,2626.0,2626.0,0.0,2626.0,2626.0,0.0,0.0,0.0,0.0,0.0,0.0,0.0,64.0,0.0,761.614623,0.0,0.0,0.0,0.0,0.0,0.0,0.0,0.0,0.0,0.0,1.0,0.0,0.0,0.0,0.0,0.0,0.0,0.0,2.0,0.0,0.0,0.0,225.0,-1.0,0.0,32.0,0.0,0.0,0.0,0.0,0.0,0.0,0.0,0.0,DoS attacks-Hulk
80.0,6.0,2018-02-16 01:45:56,303.0,2.0,0.0,0.0,0.0,0.0,0.0,0.0,0.0,0.0,0.0,0.0,0.0,0.0,6600.660066,303.0,0.0,303.0,303.0,303.0,303.0,0.0,303.0,303.0,0.0,0.0,0.0,0.0,0.0,0.0,0.0,64.0,0.0,6600.660066,0.0,0.0,0.0,0.0,0.0,0.0,0.0,0.0,0.0,0.0,1.0,0.0,0.0,0.0,0.0,0.0,0.0,0.0,2.0,0.0,0.0,0.0,225.0,-1.0,0.0,32.0,0.0,0.0,0.0,0.0,0.0,0.0,0.0,0.0,DoS attacks-Hulk
80.0,6.0,2018-02-16 01:47:58,52925.0,2.0,0.0,0.0,0.0,0.0,0.0,0.0,0.0,0.0,0.0,0.0,0.0,0.0,37.78932452,52925.0,0.0,52925.0,52925.0,52925.0,52925.0,0.0,52925.0,52925.0,0.0,0.0,0.0,0.0,0.0,0.0,0.0,64.0,0.0,37.78932452,0.0,0.0,0.0,0.0,0.0,0.0,0.0,0.0,0.0,0.0,1.0,0.0,0.0,0.0,0.0,0.0,0.0,0.0,2.0,0.0,0.0,0.0,225.0,-1.0,0.0,32.0,0.0,0.0,0.0,0.0,0.0,0.0,0.0,0.0,DoS attacks-Hulk
80.0,6.0,2018-02-16 01:45:31,946.0,2.0,0.0,0.0,0.0,0.0,0.0,0.0,0.0,0.0,0.0,0.0,0.0,0.0,2114.164905,946.0,0.0,946.0,946.0,946.0,946.0,0.0,946.0,946.0,0.0,0.0,0.0,0.0,0.0,0.0,0.0,64.0,0.0,2114.164905,0.0,0.0,0.0,0.0,0.0,0.0,0.0,0.0,0.0,0.0,1.0,0.0,0.0,0.0,0.0,0.0,0.0,0.0,2.0,0.0,0.0,0.0,225.0,-1.0,0.0,32.0,0.0,0.0,0.0,0.0,0.0,0.0,0.0,0.0,DoS attacks-Hulk
80.0,6.0,2018-02-16 01:47:55,40841.0,2.0,0.0,0.0,0.0,0.0,0.0,0.0,0.0,0.0,0.0,0.0,0.0,0.0,48.97039739,40841.0,0.0,40841.0,40841.0,40841.0,40841.0,0.0,40841.0,40841.0,0.0,0.0,0.0,0.0,0.0,0.0,0.0,64.0,0.0,48.97039739,0.0,0.0,0.0,0.0,0.0,0.0,0.0,0.0,0.0,0.0,1.0,0.0,0.0,0.0,0.0,0.0,0.0,0.0,2.0,0.0,0.0,0.0,225.0,-1.0,0.0,32.0,0.0,0.0,0.0,0.0,0.0,0.0,0.0,0.0,DoS attacks-Hulk
80.0,6.0,2018-02-16 01:48:12,2821.0,2.0,0.0,0.0,0.0,0.0,0.0,0.0,0.0,0.0,0.0,0.0,0.0,0.0,708.9684509,2821.0,0.0,2821.0,2821.0,2821.0,2821.0,0.0,2821.0,2821.0,0.0,0.0,0.0,0.0,0.0,0.0,0.0,64.0,0.0,708.9684509,0.0,0.0,0.0,0.0,0.0,0.0,0.0,0.0,0.0,0.0,1.0,0.0,0.0,0.0,0.0,0.0,0.0,0.0,2.0,0.0,0.0,0.0,225.0,-1.0,0.0,32.0,0.0,0.0,0.0,0.0,0.0,0.0,0.0,0.0,DoS attacks-Hulk
80.0,6.0,2018-02-16 01:47:41,98295.0,3.0,0.0,0.0,0.0,0.0,0.0,0.0,0.0,0.0,0.0,0.0,0.0,0.0,30.52037235,49147.5,8217.287904,54958.0,43337.0,98295.0,49147.5,8217.287904,54958.0,43337.0,0.0,0.0,0.0,0.0,0.0,0.0,0.0,96.0,0.0,30.52037235,0.0,0.0,0.0,0.0,0.0,0.0,0.0,0.0,0.0,0.0,1.0,0.0,0.0,0.0,0.0,0.0,0.0,0.0,3.0,0.0,0.0,0.0,225.0,-1.0,0.0,32.0,0.0,0.0,0.0,0.0,0.0,0.0,0.0,0.0,DoS attacks-Hulk
80.0,6.0,2018-02-16 01:48:23,80302.0,3.0,0.0,0.0,0.0,0.0,0.0,0.0,0.0,0.0,0.0,0.0,0.0,0.0,37.35896989,40151.0,10862.57437,47832.0,32470.0,80302.0,40151.0,10862.57437,47832.0,32470.0,0.0,0.0,0.0,0.0,0.0,0.0,0.0,96.0,0.0,37.35896989,0.0,0.0,0.0,0.0,0.0,0.0,0.0,0.0,0.0,0.0,1.0,0.0,0.0,0.0,0.0,0.0,0.0,0.0,3.0,0.0,0.0,0.0,225.0,-1.0,0.0,32.0,0.0,0.0,0.0,0.0,0.0,0.0,0.0,0.0,DoS attacks-Hulk
80.0,6.0,2018-02-16 01:45:56,8663.0,2.0,0.0,0.0,0.0,0.0,0.0,0.0,0.0,0.0,0.0,0.0,0.0,0.0,230.8669052,8663.0,0.0,8663.0,8663.0,8663.0,8663.0,0.0,8663.0,8663.0,0.0,0.0,0.0,0.0,0.0,0.0,0.0,64.0,0.0,230.8669052,0.0,0.0,0.0,0.0,0.0,0.0,0.0,0.0,0.0,0.0,1.0,0.0,0.0,0.0,0.0,0.0,0.0,0.0,2.0,0.0,0.0,0.0,225.0,-1.0,0.0,32.0,0.0,0.0,0.0,0.0,0.0,0.0,0.0,0.0,DoS attacks-Hulk
80.0,6.0,2018-02-16 01:46:31,707.0,2.0,0.0,0.0,0.0,0.0,0.0,0.0,0.0,0.0,0.0,0.0,0.0,0.0,2828.854314,707.0,0.0,707.0,707.0,707.0,707.0,0.0,707.0,707.0,0.0,0.0,0.0,0.0,0.0,0.0,0.0,64.0,0.0,2828.854314,0.0,0.0,0.0,0.0,0.0,0.0,0.0,0.0,0.0,0.0,1.0,0.0,0.0,0.0,0.0,0.0,0.0,0.0,2.0,0.0,0.0,0.0,225.0,-1.0,0.0,32.0,0.0,0.0,0.0,0.0,0.0,0.0,0.0,0.0,DoS attacks-Hulk
80.0,6.0,2018-02-16 01:46:48,41019.0,2.0,0.0,0.0,0.0,0.0,0.0,0.0,0.0,0.0,0.0,0.0,0.0,0.0,48.75789268,41019.0,0.0,41019.0,41019.0,41019.0,41019.0,0.0,41019.0,41019.0,0.0,0.0,0.0,0.0,0.0,0.0,0.0,64.0,0.0,48.75789268,0.0,0.0,0.0,0.0,0.0,0.0,0.0,0.0,0.0,0.0,1.0,0.0,0.0,0.0,0.0,0.0,0.0,0.0,2.0,0.0,0.0,0.0,225.0,-1.0,0.0,32.0,0.0,0.0,0.0,0.0,0.0,0.0,0.0,0.0,DoS attacks-Hulk
80.0,6.0,2018-02-16 01:46:42,2298.0,2.0,0.0,0.0,0.0,0.0,0.0,0.0,0.0,0.0,0.0,0.0,0.0,0.0,870.3220191,2298.0,0.0,2298.0,2298.0,2298.0,2298.0,0.0,2298.0,2298.0,0.0,0.0,0.0,0.0,0.0,0.0,0.0,64.0,0.0,870.3220191,0.0,0.0,0.0,0.0,0.0,0.0,0.0,0.0,0.0,0.0,1.0,0.0,0.0,0.0,0.0,0.0,0.0,0.0,2.0,0.0,0.0,0.0,225.0,-1.0,0.0,32.0,0.0,0.0,0.0,0.0,0.0,0.0,0.0,0.0,DoS attacks-Hulk
80.0,6.0,2018-02-16 01:46:24,45619.0,2.0,0.0,0.0,0.0,0.0,0.0,0.0,0.0,0.0,0.0,0.0,0.0,0.0,43.84138188,45619.0,0.0,45619.0,45619.0,45619.0,45619.0,0.0,45619.0,45619.0,0.0,0.0,0.0,0.0,0.0,0.0,0.0,64.0,0.0,43.84138188,0.0,0.0,0.0,0.0,0.0,0.0,0.0,0.0,0.0,0.0,1.0,0.0,0.0,0.0,0.0,0.0,0.0,0.0,2.0,0.0,0.0,0.0,225.0,-1.0,0.0,32.0,0.0,0.0,0.0,0.0,0.0,0.0,0.0,0.0,DoS attacks-Hulk
80.0,6.0,2018-02-16 01:46:32,53814.0,3.0,0.0,0.0,0.0,0.0,0.0,0.0,0.0,0.0,0.0,0.0,0.0,0.0,55.74757498,26907.0,21030.76989,41778.0,12036.0,53814.0,26907.0,21030.76989,41778.0,12036.0,0.0,0.0,0.0,0.0,0.0,0.0,0.0,96.0,0.0,55.74757498,0.0,0.0,0.0,0.0,0.0,0.0,0.0,0.0,0.0,0.0,1.0,0.0,0.0,0.0,0.0,0.0,0.0,0.0,3.0,0.0,0.0,0.0,225.0,-1.0,0.0,32.0,0.0,0.0,0.0,0.0,0.0,0.0,0.0,0.0,DoS attacks-Hulk
80.0,6.0,2018-02-16 01:46:59,64849.0,3.0,0.0,0.0,0.0,0.0,0.0,0.0,0.0,0.0,0.0,0.0,0.0,0.0,46.26131475,32424.5,14714.18501,42829.0,22020.0,64849.0,32424.5,14714.18501,42829.0,22020.0,0.0,0.0,0.0,0.0,0.0,0.0,0.0,96.0,0.0,46.26131475,0.0,0.0,0.0,0.0,0.0,0.0,0.0,0.0,0.0,0.0,1.0,0.0,0.0,0.0,0.0,0.0,0.0,0.0,3.0,0.0,0.0,0.0,225.0,-1.0,0.0,32.0,0.0,0.0,0.0,0.0,0.0,0.0,0.0,0.0,DoS attacks-Hulk
80.0,6.0,2018-02-16 01:46:26,341.0,2.0,0.0,0.0,0.0,0.0,0.0,0.0,0.0,0.0,0.0,0.0,0.0,0.0,5865.102639,341.0,0.0,341.0,341.0,341.0,341.0,0.0,341.0,341.0,0.0,0.0,0.0,0.0,0.0,0.0,0.0,64.0,0.0,5865.102639,0.0,0.0,0.0,0.0,0.0,0.0,0.0,0.0,0.0,0.0,1.0,0.0,0.0,0.0,0.0,0.0,0.0,0.0,2.0,0.0,0.0,0.0,225.0,-1.0,0.0,32.0,0.0,0.0,0.0,0.0,0.0,0.0,0.0,0.0,DoS attacks-Hulk
80.0,6.0,2018-02-16 01:45:38,1334.0,2.0,0.0,0.0,0.0,0.0,0.0,0.0,0.0,0.0,0.0,0.0,0.0,0.0,1499.250375,1334.0,0.0,1334.0,1334.0,1334.0,1334.0,0.0,1334.0,1334.0,0.0,0.0,0.0,0.0,0.0,0.0,0.0,64.0,0.0,1499.250375,0.0,0.0,0.0,0.0,0.0,0.0,0.0,0.0,0.0,0.0,1.0,0.0,0.0,0.0,0.0,0.0,0.0,0.0,2.0,0.0,0.0,0.0,225.0,-1.0,0.0,32.0,0.0,0.0,0.0,0.0,0.0,0.0,0.0,0.0,DoS attacks-Hulk
80.0,6.0,2018-02-16 01:48:28,940.0,2.0,0.0,0.0,0.0,0.0,0.0,0.0,0.0,0.0,0.0,0.0,0.0,0.0,2127.659574,940.0,0.0,940.0,940.0,940.0,940.0,0.0,940.0,940.0,0.0,0.0,0.0,0.0,0.0,0.0,0.0,64.0,0.0,2127.659574,0.0,0.0,0.0,0.0,0.0,0.0,0.0,0.0,0.0,0.0,1.0,0.0,0.0,0.0,0.0,0.0,0.0,0.0,2.0,0.0,0.0,0.0,225.0,-1.0,0.0,32.0,0.0,0.0,0.0,0.0,0.0,0.0,0.0,0.0,DoS attacks-Hulk
80.0,6.0,2018-02-16 01:48:17,27599.0,2.0,0.0,0.0,0.0,0.0,0.0,0.0,0.0,0.0,0.0,0.0,0.0,0.0,72.46639371,27599.0,0.0,27599.0,27599.0,27599.0,27599.0,0.0,27599.0,27599.0,0.0,0.0,0.0,0.0,0.0,0.0,0.0,64.0,0.0,72.46639371,0.0,0.0,0.0,0.0,0.0,0.0,0.0,0.0,0.0,0.0,1.0,0.0,0.0,0.0,0.0,0.0,0.0,0.0,2.0,0.0,0.0,0.0,225.0,-1.0,0.0,32.0,0.0,0.0,0.0,0.0,0.0,0.0,0.0,0.0,DoS attacks-Hulk
80.0,6.0,2018-02-16 01:46:46,8169.0,2.0,0.0,0.0,0.0,0.0,0.0,0.0,0.0,0.0,0.0,0.0,0.0,0.0,244.8280083,8169.0,0.0,8169.0,8169.0,8169.0,8169.0,0.0,8169.0,8169.0,0.0,0.0,0.0,0.0,0.0,0.0,0.0,64.0,0.0,244.8280083,0.0,0.0,0.0,0.0,0.0,0.0,0.0,0.0,0.0,0.0,1.0,0.0,0.0,0.0,0.0,0.0,0.0,0.0,2.0,0.0,0.0,0.0,225.0,-1.0,0.0,32.0,0.0,0.0,0.0,0.0,0.0,0.0,0.0,0.0,DoS attacks-Hulk
80.0,6.0,2018-02-16 01:46:19,6734.0,2.0,0.0,0.0,0.0,0.0,0.0,0.0,0.0,0.0,0.0,0.0,0.0,0.0,297.000297,6734.0,0.0,6734.0,6734.0,6734.0,6734.0,0.0,6734.0,6734.0,0.0,0.0,0.0,0.0,0.0,0.0,0.0,64.0,0.0,297.000297,0.0,0.0,0.0,0.0,0.0,0.0,0.0,0.0,0.0,0.0,1.0,0.0,0.0,0.0,0.0,0.0,0.0,0.0,2.0,0.0,0.0,0.0,225.0,-1.0,0.0,32.0,0.0,0.0,0.0,0.0,0.0,0.0,0.0,0.0,DoS attacks-Hulk
80.0,6.0,2018-02-16 01:48:05,63.0,2.0,0.0,0.0,0.0,0.0,0.0,0.0,0.0,0.0,0.0,0.0,0.0,0.0,31746.03175,63.0,0.0,63.0,63.0,63.0,63.0,0.0,63.0,63.0,0.0,0.0,0.0,0.0,0.0,0.0,0.0,64.0,0.0,31746.03175,0.0,0.0,0.0,0.0,0.0,0.0,0.0,0.0,0.0,0.0,1.0,0.0,0.0,0.0,0.0,0.0,0.0,0.0,2.0,0.0,0.0,0.0,225.0,-1.0,0.0,32.0,0.0,0.0,0.0,0.0,0.0,0.0,0.0,0.0,DoS attacks-Hulk
80.0,6.0,2018-02-16 01:48:14,4231103.0,4.0,5.0,319.0,935.0,319.0,0.0,79.75,159.5,935.0,0.0,187.0,418.1447118,296.3766186,2.127104918,528887.875,1451414.43,4120402.0,3.0,4157134.0,1385711.333,2368332.037,4120407.0,9626.0,4231098.0,1057774.5,2041979.936,4120410.0,29.0,0.0,0.0,136.0,168.0,0.945379964,1.181724954,0.0,935.0,125.4,301.6131444,90970.48889,0.0,0.0,0.0,0.0,1.0,1.0,0.0,0.0,1.0,139.3333333,79.75,187.0,4.0,319.0,5.0,935.0,225.0,237.0,1.0,32.0,0.0,0.0,0.0,0.0,0.0,0.0,0.0,0.0,DoS attacks-Hulk
80.0,6.0,2018-02-16 01:47:58,2323.0,2.0,0.0,0.0,0.0,0.0,0.0,0.0,0.0,0.0,0.0,0.0,0.0,0.0,860.9556608,2323.0,0.0,2323.0,2323.0,2323.0,2323.0,0.0,2323.0,2323.0,0.0,0.0,0.0,0.0,0.0,0.0,0.0,64.0,0.0,860.9556608,0.0,0.0,0.0,0.0,0.0,0.0,0.0,0.0,0.0,0.0,1.0,0.0,0.0,0.0,0.0,0.0,0.0,0.0,2.0,0.0,0.0,0.0,225.0,-1.0,0.0,32.0,0.0,0.0,0.0,0.0,0.0,0.0,0.0,0.0,DoS attacks-Hulk
80.0,6.0,2018-02-16 01:47:44,62738.0,2.0,0.0,0.0,0.0,0.0,0.0,0.0,0.0,0.0,0.0,0.0,0.0,0.0,31.87860627,62738.0,0.0,62738.0,62738.0,62738.0,62738.0,0.0,62738.0,62738.0,0.0,0.0,0.0,0.0,0.0,0.0,0.0,64.0,0.0,31.87860627,0.0,0.0,0.0,0.0,0.0,0.0,0.0,0.0,0.0,0.0,1.0,0.0,0.0,0.0,0.0,0.0,0.0,0.0,2.0,0.0,0.0,0.0,225.0,-1.0,0.0,32.0,0.0,0.0,0.0,0.0,0.0,0.0,0.0,0.0,DoS attacks-Hulk
80.0,6.0,2018-02-16 01:47:51,23716.0,2.0,0.0,0.0,0.0,0.0,0.0,0.0,0.0,0.0,0.0,0.0,0.0,0.0,84.33125316,23716.0,0.0,23716.0,23716.0,23716.0,23716.0,0.0,23716.0,23716.0,0.0,0.0,0.0,0.0,0.0,0.0,0.0,64.0,0.0,84.33125316,0.0,0.0,0.0,0.0,0.0,0.0,0.0,0.0,0.0,0.0,1.0,0.0,0.0,0.0,0.0,0.0,0.0,0.0,2.0,0.0,0.0,0.0,225.0,-1.0,0.0,32.0,0.0,0.0,0.0,0.0,0.0,0.0,0.0,0.0,DoS attacks-Hulk
80.0,6.0,2018-02-16 01:45:28,19373.0,3.0,4.0,379.0,935.0,379.0,0.0,126.3333333,218.815752,935.0,0.0,233.75,467.5,67826.35627,361.3276209,3228.833333,5005.961183,11438.0,6.0,11773.0,5886.5,7851.006592,11438.0,335.0,19367.0,6455.666667,5938.769598,11775.0,48.0,0.0,0.0,104.0,136.0,154.8546947,206.4729262,0.0,935.0,164.25,338.4927727,114577.3571,0.0,0.0,0.0,1.0,0.0,0.0,0.0,0.0,1.0,187.7142857,126.3333333,233.75,3.0,379.0,4.0,935.0,26883.0,219.0,1.0,32.0,0.0,0.0,0.0,0.0,0.0,0.0,0.0,0.0,DoS attacks-Hulk
80.0,6.0,2018-02-16 01:48:18,49159.0,2.0,0.0,0.0,0.0,0.0,0.0,0.0,0.0,0.0,0.0,0.0,0.0,0.0,40.6843101,49159.0,0.0,49159.0,49159.0,49159.0,49159.0,0.0,49159.0,49159.0,0.0,0.0,0.0,0.0,0.0,0.0,0.0,64.0,0.0,40.6843101,0.0,0.0,0.0,0.0,0.0,0.0,0.0,0.0,0.0,0.0,1.0,0.0,0.0,0.0,0.0,0.0,0.0,0.0,2.0,0.0,0.0,0.0,225.0,-1.0,0.0,32.0,0.0,0.0,0.0,0.0,0.0,0.0,0.0,0.0,DoS attacks-Hulk
80.0,6.0,2018-02-16 01:48:00,842.0,2.0,0.0,0.0,0.0,0.0,0.0,0.0,0.0,0.0,0.0,0.0,0.0,0.0,2375.296912,842.0,0.0,842.0,842.0,842.0,842.0,0.0,842.0,842.0,0.0,0.0,0.0,0.0,0.0,0.0,0.0,64.0,0.0,2375.296912,0.0,0.0,0.0,0.0,0.0,0.0,0.0,0.0,0.0,0.0,1.0,0.0,0.0,0.0,0.0,0.0,0.0,0.0,2.0,0.0,0.0,0.0,225.0,-1.0,0.0,32.0,0.0,0.0,0.0,0.0,0.0,0.0,0.0,0.0,DoS attacks-Hulk
80.0,6.0,2018-02-16 01:48:00,4232194.0,4.0,5.0,368.0,935.0,368.0,0.0,92.0,184.0,935.0,0.0,187.0,418.1447118,307.878136,2.12655658,529024.25,1459092.627,4139859.0,5.0,4187380.0,1395793.333,2376439.471,4139866.0,20088.0,4232187.0,1058046.75,2054661.418,4139866.0,38.0,0.0,0.0,136.0,168.0,0.945136258,1.181420322,0.0,935.0,130.3,305.4810596,93318.67778,0.0,0.0,0.0,0.0,1.0,1.0,0.0,0.0,1.0,144.7777778,92.0,187.0,4.0,368.0,5.0,935.0,225.0,219.0,1.0,32.0,0.0,0.0,0.0,0.0,0.0,0.0,0.0,0.0,DoS attacks-Hulk
80.0,6.0,2018-02-16 01:47:23,8541.0,2.0,0.0,0.0,0.0,0.0,0.0,0.0,0.0,0.0,0.0,0.0,0.0,0.0,234.1646177,8541.0,0.0,8541.0,8541.0,8541.0,8541.0,0.0,8541.0,8541.0,0.0,0.0,0.0,0.0,0.0,0.0,0.0,64.0,0.0,234.1646177,0.0,0.0,0.0,0.0,0.0,0.0,0.0,0.0,0.0,0.0,1.0,0.0,0.0,0.0,0.0,0.0,0.0,0.0,2.0,0.0,0.0,0.0,225.0,-1.0,0.0,32.0,0.0,0.0,0.0,0.0,0.0,0.0,0.0,0.0,DoS attacks-Hulk
80.0,6.0,2018-02-16 01:46:23,14213.0,2.0,0.0,0.0,0.0,0.0,0.0,0.0,0.0,0.0,0.0,0.0,0.0,0.0,140.7162457,14213.0,0.0,14213.0,14213.0,14213.0,14213.0,0.0,14213.0,14213.0,0.0,0.0,0.0,0.0,0.0,0.0,0.0,64.0,0.0,140.7162457,0.0,0.0,0.0,0.0,0.0,0.0,0.0,0.0,0.0,0.0,1.0,0.0,0.0,0.0,0.0,0.0,0.0,0.0,2.0,0.0,0.0,0.0,225.0,-1.0,0.0,32.0,0.0,0.0,0.0,0.0,0.0,0.0,0.0,0.0,DoS attacks-Hulk
80.0,6.0,2018-02-16 01:46:45,1377.0,2.0,0.0,0.0,0.0,0.0,0.0,0.0,0.0,0.0,0.0,0.0,0.0,0.0,1452.432825,1377.0,0.0,1377.0,1377.0,1377.0,1377.0,0.0,1377.0,1377.0,0.0,0.0,0.0,0.0,0.0,0.0,0.0,64.0,0.0,1452.432825,0.0,0.0,0.0,0.0,0.0,0.0,0.0,0.0,0.0,0.0,1.0,0.0,0.0,0.0,0.0,0.0,0.0,0.0,2.0,0.0,0.0,0.0,225.0,-1.0,0.0,32.0,0.0,0.0,0.0,0.0,0.0,0.0,0.0,0.0,DoS attacks-Hulk
80.0,6.0,2018-02-16 01:45:56,30676.0,2.0,0.0,0.0,0.0,0.0,0.0,0.0,0.0,0.0,0.0,0.0,0.0,0.0,65.19754857,30676.0,0.0,30676.0,30676.0,30676.0,30676.0,0.0,30676.0,30676.0,0.0,0.0,0.0,0.0,0.0,0.0,0.0,64.0,0.0,65.19754857,0.0,0.0,0.0,0.0,0.0,0.0,0.0,0.0,0.0,0.0,1.0,0.0,0.0,0.0,0.0,0.0,0.0,0.0,2.0,0.0,0.0,0.0,225.0,-1.0,0.0,32.0,0.0,0.0,0.0,0.0,0.0,0.0,0.0,0.0,DoS attacks-Hulk
80.0,6.0,2018-02-16 01:46:48,1998.0,2.0,0.0,0.0,0.0,0.0,0.0,0.0,0.0,0.0,0.0,0.0,0.0,0.0,1001.001001,1998.0,0.0,1998.0,1998.0,1998.0,1998.0,0.0,1998.0,1998.0,0.0,0.0,0.0,0.0,0.0,0.0,0.0,64.0,0.0,1001.001001,0.0,0.0,0.0,0.0,0.0,0.0,0.0,0.0,0.0,0.0,1.0,0.0,0.0,0.0,0.0,0.0,0.0,0.0,2.0,0.0,0.0,0.0,225.0,-1.0,0.0,32.0,0.0,0.0,0.0,0.0,0.0,0.0,0.0,0.0,DoS attacks-Hulk
80.0,6.0,2018-02-16 01:47:10,5707.0,2.0,0.0,0.0,0.0,0.0,0.0,0.0,0.0,0.0,0.0,0.0,0.0,0.0,350.4468197,5707.0,0.0,5707.0,5707.0,5707.0,5707.0,0.0,5707.0,5707.0,0.0,0.0,0.0,0.0,0.0,0.0,0.0,64.0,0.0,350.4468197,0.0,0.0,0.0,0.0,0.0,0.0,0.0,0.0,0.0,0.0,1.0,0.0,0.0,0.0,0.0,0.0,0.0,0.0,2.0,0.0,0.0,0.0,225.0,-1.0,0.0,32.0,0.0,0.0,0.0,0.0,0.0,0.0,0.0,0.0,DoS attacks-Hulk
80.0,6.0,2018-02-16 01:45:43,2979.0,2.0,0.0,0.0,0.0,0.0,0.0,0.0,0.0,0.0,0.0,0.0,0.0,0.0,671.3662303,2979.0,0.0,2979.0,2979.0,2979.0,2979.0,0.0,2979.0,2979.0,0.0,0.0,0.0,0.0,0.0,0.0,0.0,64.0,0.0,671.3662303,0.0,0.0,0.0,0.0,0.0,0.0,0.0,0.0,0.0,0.0,1.0,0.0,0.0,0.0,0.0,0.0,0.0,0.0,2.0,0.0,0.0,0.0,225.0,-1.0,0.0,32.0,0.0,0.0,0.0,0.0,0.0,0.0,0.0,0.0,DoS attacks-Hulk
80.0,6.0,2018-02-16 01:46:05,10938.0,2.0,0.0,0.0,0.0,0.0,0.0,0.0,0.0,0.0,0.0,0.0,0.0,0.0,182.8487841,10938.0,0.0,10938.0,10938.0,10938.0,10938.0,0.0,10938.0,10938.0,0.0,0.0,0.0,0.0,0.0,0.0,0.0,64.0,0.0,182.8487841,0.0,0.0,0.0,0.0,0.0,0.0,0.0,0.0,0.0,0.0,1.0,0.0,0.0,0.0,0.0,0.0,0.0,0.0,2.0,0.0,0.0,0.0,225.0,-1.0,0.0,32.0,0.0,0.0,0.0,0.0,0.0,0.0,0.0,0.0,DoS attacks-Hulk
80.0,6.0,2018-02-16 01:45:51,41987.0,2.0,0.0,0.0,0.0,0.0,0.0,0.0,0.0,0.0,0.0,0.0,0.0,0.0,47.63379141,41987.0,0.0,41987.0,41987.0,41987.0,41987.0,0.0,41987.0,41987.0,0.0,0.0,0.0,0.0,0.0,0.0,0.0,64.0,0.0,47.63379141,0.0,0.0,0.0,0.0,0.0,0.0,0.0,0.0,0.0,0.0,1.0,0.0,0.0,0.0,0.0,0.0,0.0,0.0,2.0,0.0,0.0,0.0,225.0,-1.0,0.0,32.0,0.0,0.0,0.0,0.0,0.0,0.0,0.0,0.0,DoS attacks-Hulk
80.0,6.0,2018-02-16 01:47:34,119962.0,3.0,0.0,0.0,0.0,0.0,0.0,0.0,0.0,0.0,0.0,0.0,0.0,0.0,25.00791917,59981.0,26042.74275,78396.0,41566.0,119962.0,59981.0,26042.74275,78396.0,41566.0,0.0,0.0,0.0,0.0,0.0,0.0,0.0,96.0,0.0,25.00791917,0.0,0.0,0.0,0.0,0.0,0.0,0.0,0.0,0.0,0.0,1.0,0.0,0.0,0.0,0.0,0.0,0.0,0.0,3.0,0.0,0.0,0.0,225.0,-1.0,0.0,32.0,0.0,0.0,0.0,0.0,0.0,0.0,0.0,0.0,DoS attacks-Hulk
80.0,6.0,2018-02-16 01:46:08,53174.0,2.0,0.0,0.0,0.0,0.0,0.0,0.0,0.0,0.0,0.0,0.0,0.0,0.0,37.61236695,53174.0,0.0,53174.0,53174.0,53174.0,53174.0,0.0,53174.0,53174.0,0.0,0.0,0.0,0.0,0.0,0.0,0.0,64.0,0.0,37.61236695,0.0,0.0,0.0,0.0,0.0,0.0,0.0,0.0,0.0,0.0,1.0,0.0,0.0,0.0,0.0,0.0,0.0,0.0,2.0,0.0,0.0,0.0,225.0,-1.0,0.0,32.0,0.0,0.0,0.0,0.0,0.0,0.0,0.0,0.0,DoS attacks-Hulk
80.0,6.0,2018-02-16 01:46:23,1524.0,2.0,0.0,0.0,0.0,0.0,0.0,0.0,0.0,0.0,0.0,0.0,0.0,0.0,1312.335958,1524.0,0.0,1524.0,1524.0,1524.0,1524.0,0.0,1524.0,1524.0,0.0,0.0,0.0,0.0,0.0,0.0,0.0,64.0,0.0,1312.335958,0.0,0.0,0.0,0.0,0.0,0.0,0.0,0.0,0.0,0.0,1.0,0.0,0.0,0.0,0.0,0.0,0.0,0.0,2.0,0.0,0.0,0.0,225.0,-1.0,0.0,32.0,0.0,0.0,0.0,0.0,0.0,0.0,0.0,0.0,DoS attacks-Hulk
80.0,6.0,2018-02-16 01:47:03,254.0,2.0,0.0,0.0,0.0,0.0,0.0,0.0,0.0,0.0,0.0,0.0,0.0,0.0,7874.015748,254.0,0.0,254.0,254.0,254.0,254.0,0.0,254.0,254.0,0.0,0.0,0.0,0.0,0.0,0.0,0.0,64.0,0.0,7874.015748,0.0,0.0,0.0,0.0,0.0,0.0,0.0,0.0,0.0,0.0,1.0,0.0,0.0,0.0,0.0,0.0,0.0,0.0,2.0,0.0,0.0,0.0,225.0,-1.0,0.0,32.0,0.0,0.0,0.0,0.0,0.0,0.0,0.0,0.0,DoS attacks-Hulk
80.0,6.0,2018-02-16 01:46:55,8210.0,2.0,0.0,0.0,0.0,0.0,0.0,0.0,0.0,0.0,0.0,0.0,0.0,0.0,243.6053593,8210.0,0.0,8210.0,8210.0,8210.0,8210.0,0.0,8210.0,8210.0,0.0,0.0,0.0,0.0,0.0,0.0,0.0,64.0,0.0,243.6053593,0.0,0.0,0.0,0.0,0.0,0.0,0.0,0.0,0.0,0.0,1.0,0.0,0.0,0.0,0.0,0.0,0.0,0.0,2.0,0.0,0.0,0.0,225.0,-1.0,0.0,32.0,0.0,0.0,0.0,0.0,0.0,0.0,0.0,0.0,DoS attacks-Hulk
80.0,6.0,2018-02-16 01:48:13,2014.0,2.0,0.0,0.0,0.0,0.0,0.0,0.0,0.0,0.0,0.0,0.0,0.0,0.0,993.0486594,2014.0,0.0,2014.0,2014.0,2014.0,2014.0,0.0,2014.0,2014.0,0.0,0.0,0.0,0.0,0.0,0.0,0.0,64.0,0.0,993.0486594,0.0,0.0,0.0,0.0,0.0,0.0,0.0,0.0,0.0,0.0,1.0,0.0,0.0,0.0,0.0,0.0,0.0,0.0,2.0,0.0,0.0,0.0,225.0,-1.0,0.0,32.0,0.0,0.0,0.0,0.0,0.0,0.0,0.0,0.0,DoS attacks-Hulk
80.0,6.0,2018-02-16 01:47:25,3285.0,2.0,0.0,0.0,0.0,0.0,0.0,0.0,0.0,0.0,0.0,0.0,0.0,0.0,608.8280061,3285.0,0.0,3285.0,3285.0,3285.0,3285.0,0.0,3285.0,3285.0,0.0,0.0,0.0,0.0,0.0,0.0,0.0,64.0,0.0,608.8280061,0.0,0.0,0.0,0.0,0.0,0.0,0.0,0.0,0.0,0.0,1.0,0.0,0.0,0.0,0.0,0.0,0.0,0.0,2.0,0.0,0.0,0.0,225.0,-1.0,0.0,32.0,0.0,0.0,0.0,0.0,0.0,0.0,0.0,0.0,DoS attacks-Hulk
80.0,6.0,2018-02-16 01:46:55,64459518.0,5.0,5.0,329.0,935.0,329.0,0.0,65.8,147.1332729,935.0,0.0,187.0,418.1447118,19.60920651,0.155136127,7162168.667,21400000.0,64300000.0,3.0,64400000.0,16100000.0,32100000.0,64300000.0,19265.0,64500000.0,16100000.0,32100000.0,64300000.0,33647.0,0.0,0.0,168.0,168.0,0.077568064,0.077568064,0.0,935.0,114.9090909,289.347699,83722.09091,0.0,0.0,0.0,0.0,1.0,1.0,0.0,0.0,1.0,126.4,65.8,187.0,5.0,329.0,5.0,935.0,225.0,219.0,1.0,32.0,24577.0,0.0,24577.0,24577.0,64300000.0,0.0,64300000.0,64300000.0,DoS attacks-Hulk
80.0,6.0,2018-02-16 01:45:31,48535.0,3.0,4.0,349.0,935.0,349.0,0.0,116.3333333,201.4952439,935.0,0.0,233.75,467.5,26455.13547,144.2258164,8089.166667,15732.62853,39913.0,4.0,8571.0,4285.5,693.6717523,4776.0,3795.0,48527.0,16175.66667,20993.88829,39913.0,47.0,0.0,0.0,104.0,136.0,61.81106418,82.41475224,0.0,935.0,160.5,335.9302649,112849.1429,0.0,0.0,0.0,1.0,0.0,0.0,0.0,0.0,1.0,183.4285714,116.3333333,233.75,3.0,349.0,4.0,935.0,26883.0,219.0,1.0,32.0,0.0,0.0,0.0,0.0,0.0,0.0,0.0,0.0,DoS attacks-Hulk
80.0,6.0,2018-02-16 01:47:07,4125.0,2.0,0.0,0.0,0.0,0.0,0.0,0.0,0.0,0.0,0.0,0.0,0.0,0.0,484.8484848,4125.0,0.0,4125.0,4125.0,4125.0,4125.0,0.0,4125.0,4125.0,0.0,0.0,0.0,0.0,0.0,0.0,0.0,64.0,0.0,484.8484848,0.0,0.0,0.0,0.0,0.0,0.0,0.0,0.0,0.0,0.0,1.0,0.0,0.0,0.0,0.0,0.0,0.0,0.0,2.0,0.0,0.0,0.0,225.0,-1.0,0.0,32.0,0.0,0.0,0.0,0.0,0.0,0.0,0.0,0.0,DoS attacks-Hulk
80.0,6.0,2018-02-16 01:48:30,26317.0,2.0,0.0,0.0,0.0,0.0,0.0,0.0,0.0,0.0,0.0,0.0,0.0,0.0,75.99650416,26317.0,0.0,26317.0,26317.0,26317.0,26317.0,0.0,26317.0,26317.0,0.0,0.0,0.0,0.0,0.0,0.0,0.0,64.0,0.0,75.99650416,0.0,0.0,0.0,0.0,0.0,0.0,0.0,0.0,0.0,0.0,1.0,0.0,0.0,0.0,0.0,0.0,0.0,0.0,2.0,0.0,0.0,0.0,225.0,-1.0,0.0,32.0,0.0,0.0,0.0,0.0,0.0,0.0,0.0,0.0,DoS attacks-Hulk
80.0,6.0,2018-02-16 01:47:33,48998.0,2.0,0.0,0.0,0.0,0.0,0.0,0.0,0.0,0.0,0.0,0.0,0.0,0.0,40.81799257,48998.0,0.0,48998.0,48998.0,48998.0,48998.0,0.0,48998.0,48998.0,0.0,0.0,0.0,0.0,0.0,0.0,0.0,64.0,0.0,40.81799257,0.0,0.0,0.0,0.0,0.0,0.0,0.0,0.0,0.0,0.0,1.0,0.0,0.0,0.0,0.0,0.0,0.0,0.0,2.0,0.0,0.0,0.0,225.0,-1.0,0.0,32.0,0.0,0.0,0.0,0.0,0.0,0.0,0.0,0.0,DoS attacks-Hulk
80.0,6.0,2018-02-16 01:47:36,25167.0,2.0,0.0,0.0,0.0,0.0,0.0,0.0,0.0,0.0,0.0,0.0,0.0,0.0,79.4691461,25167.0,0.0,25167.0,25167.0,25167.0,25167.0,0.0,25167.0,25167.0,0.0,0.0,0.0,0.0,0.0,0.0,0.0,64.0,0.0,79.4691461,0.0,0.0,0.0,0.0,0.0,0.0,0.0,0.0,0.0,0.0,1.0,0.0,0.0,0.0,0.0,0.0,0.0,0.0,2.0,0.0,0.0,0.0,225.0,-1.0,0.0,32.0,0.0,0.0,0.0,0.0,0.0,0.0,0.0,0.0,DoS attacks-Hulk
80.0,6.0,2018-02-16 01:47:47,1745.0,2.0,0.0,0.0,0.0,0.0,0.0,0.0,0.0,0.0,0.0,0.0,0.0,0.0,1146.131805,1745.0,0.0,1745.0,1745.0,1745.0,1745.0,0.0,1745.0,1745.0,0.0,0.0,0.0,0.0,0.0,0.0,0.0,64.0,0.0,1146.131805,0.0,0.0,0.0,0.0,0.0,0.0,0.0,0.0,0.0,0.0,1.0,0.0,0.0,0.0,0.0,0.0,0.0,0.0,2.0,0.0,0.0,0.0,225.0,-1.0,0.0,32.0,0.0,0.0,0.0,0.0,0.0,0.0,0.0,0.0,DoS attacks-Hulk
80.0,6.0,2018-02-16 01:45:28,1441.0,2.0,0.0,0.0,0.0,0.0,0.0,0.0,0.0,0.0,0.0,0.0,0.0,0.0,1387.925052,1441.0,0.0,1441.0,1441.0,1441.0,1441.0,0.0,1441.0,1441.0,0.0,0.0,0.0,0.0,0.0,0.0,0.0,64.0,0.0,1387.925052,0.0,0.0,0.0,0.0,0.0,0.0,0.0,0.0,0.0,0.0,1.0,0.0,0.0,0.0,0.0,0.0,0.0,0.0,2.0,0.0,0.0,0.0,225.0,-1.0,0.0,32.0,0.0,0.0,0.0,0.0,0.0,0.0,0.0,0.0,DoS attacks-Hulk
80.0,6.0,2018-02-16 01:48:27,4208981.0,4.0,5.0,306.0,935.0,306.0,0.0,76.5,153.0,935.0,0.0,187.0,418.1447118,294.8457121,2.138284777,526122.625,1466255.891,4154812.0,5.0,4176493.0,1392164.333,2392536.143,4154823.0,6710.0,4208970.0,1052242.5,2068428.263,4154819.0,31.0,0.0,0.0,136.0,168.0,0.95034879,1.187935987,0.0,935.0,124.1,300.7126535,90428.1,0.0,0.0,0.0,0.0,1.0,1.0,0.0,0.0,1.0,137.8888889,76.5,187.0,4.0,306.0,5.0,935.0,225.0,237.0,1.0,32.0,0.0,0.0,0.0,0.0,0.0,0.0,0.0,0.0,DoS attacks-Hulk
80.0,6.0,2018-02-16 01:48:02,7709.0,2.0,0.0,0.0,0.0,0.0,0.0,0.0,0.0,0.0,0.0,0.0,0.0,0.0,259.4370217,7709.0,0.0,7709.0,7709.0,7709.0,7709.0,0.0,7709.0,7709.0,0.0,0.0,0.0,0.0,0.0,0.0,0.0,64.0,0.0,259.4370217,0.0,0.0,0.0,0.0,0.0,0.0,0.0,0.0,0.0,0.0,1.0,0.0,0.0,0.0,0.0,0.0,0.0,0.0,2.0,0.0,0.0,0.0,225.0,-1.0,0.0,32.0,0.0,0.0,0.0,0.0,0.0,0.0,0.0,0.0,DoS attacks-Hulk
80.0,6.0,2018-02-16 01:46:13,51881.0,3.0,0.0,0.0,0.0,0.0,0.0,0.0,0.0,0.0,0.0,0.0,0.0,0.0,57.82463715,25940.5,22240.62959,41667.0,10214.0,51881.0,25940.5,22240.62959,41667.0,10214.0,0.0,0.0,0.0,0.0,0.0,0.0,0.0,96.0,0.0,57.82463715,0.0,0.0,0.0,0.0,0.0,0.0,0.0,0.0,0.0,0.0,1.0,0.0,0.0,0.0,0.0,0.0,0.0,0.0,3.0,0.0,0.0,0.0,225.0,-1.0,0.0,32.0,0.0,0.0,0.0,0.0,0.0,0.0,0.0,0.0,DoS attacks-Hulk
80.0,6.0,2018-02-16 01:46:21,34545.0,2.0,0.0,0.0,0.0,0.0,0.0,0.0,0.0,0.0,0.0,0.0,0.0,0.0,57.89549862,34545.0,0.0,34545.0,34545.0,34545.0,34545.0,0.0,34545.0,34545.0,0.0,0.0,0.0,0.0,0.0,0.0,0.0,64.0,0.0,57.89549862,0.0,0.0,0.0,0.0,0.0,0.0,0.0,0.0,0.0,0.0,1.0,0.0,0.0,0.0,0.0,0.0,0.0,0.0,2.0,0.0,0.0,0.0,225.0,-1.0,0.0,32.0,0.0,0.0,0.0,0.0,0.0,0.0,0.0,0.0,DoS attacks-Hulk
80.0,6.0,2018-02-16 01:45:42,16657.0,2.0,0.0,0.0,0.0,0.0,0.0,0.0,0.0,0.0,0.0,0.0,0.0,0.0,120.0696404,16657.0,0.0,16657.0,16657.0,16657.0,16657.0,0.0,16657.0,16657.0,0.0,0.0,0.0,0.0,0.0,0.0,0.0,64.0,0.0,120.0696404,0.0,0.0,0.0,0.0,0.0,0.0,0.0,0.0,0.0,0.0,1.0,0.0,0.0,0.0,0.0,0.0,0.0,0.0,2.0,0.0,0.0,0.0,225.0,-1.0,0.0,32.0,0.0,0.0,0.0,0.0,0.0,0.0,0.0,0.0,DoS attacks-Hulk
80.0,6.0,2018-02-16 01:47:59,587.0,2.0,0.0,0.0,0.0,0.0,0.0,0.0,0.0,0.0,0.0,0.0,0.0,0.0,3407.155026,587.0,0.0,587.0,587.0,587.0,587.0,0.0,587.0,587.0,0.0,0.0,0.0,0.0,0.0,0.0,0.0,64.0,0.0,3407.155026,0.0,0.0,0.0,0.0,0.0,0.0,0.0,0.0,0.0,0.0,1.0,0.0,0.0,0.0,0.0,0.0,0.0,0.0,2.0,0.0,0.0,0.0,225.0,-1.0,0.0,32.0,0.0,0.0,0.0,0.0,0.0,0.0,0.0,0.0,DoS attacks-Hulk
80.0,6.0,2018-02-16 01:46:29,1668.0,2.0,0.0,0.0,0.0,0.0,0.0,0.0,0.0,0.0,0.0,0.0,0.0,0.0,1199.040767,1668.0,0.0,1668.0,1668.0,1668.0,1668.0,0.0,1668.0,1668.0,0.0,0.0,0.0,0.0,0.0,0.0,0.0,64.0,0.0,1199.040767,0.0,0.0,0.0,0.0,0.0,0.0,0.0,0.0,0.0,0.0,1.0,0.0,0.0,0.0,0.0,0.0,0.0,0.0,2.0,0.0,0.0,0.0,225.0,-1.0,0.0,32.0,0.0,0.0,0.0,0.0,0.0,0.0,0.0,0.0,DoS attacks-Hulk
80.0,6.0,2018-02-16 01:48:30,29848.0,2.0,0.0,0.0,0.0,0.0,0.0,0.0,0.0,0.0,0.0,0.0,0.0,0.0,67.00616457,29848.0,0.0,29848.0,29848.0,29848.0,29848.0,0.0,29848.0,29848.0,0.0,0.0,0.0,0.0,0.0,0.0,0.0,64.0,0.0,67.00616457,0.0,0.0,0.0,0.0,0.0,0.0,0.0,0.0,0.0,0.0,1.0,0.0,0.0,0.0,0.0,0.0,0.0,0.0,2.0,0.0,0.0,0.0,225.0,-1.0,0.0,32.0,0.0,0.0,0.0,0.0,0.0,0.0,0.0,0.0,DoS attacks-Hulk
80.0,6.0,2018-02-16 01:47:11,43781.0,3.0,0.0,0.0,0.0,0.0,0.0,0.0,0.0,0.0,0.0,0.0,0.0,0.0,68.52287522,21890.5,28112.4443,41769.0,2012.0,43781.0,21890.5,28112.4443,41769.0,2012.0,0.0,0.0,0.0,0.0,0.0,0.0,0.0,96.0,0.0,68.52287522,0.0,0.0,0.0,0.0,0.0,0.0,0.0,0.0,0.0,0.0,1.0,0.0,0.0,0.0,0.0,0.0,0.0,0.0,3.0,0.0,0.0,0.0,225.0,-1.0,0.0,32.0,0.0,0.0,0.0,0.0,0.0,0.0,0.0,0.0,DoS attacks-Hulk
80.0,6.0,2018-02-16 01:47:47,405.0,2.0,0.0,0.0,0.0,0.0,0.0,0.0,0.0,0.0,0.0,0.0,0.0,0.0,4938.271605,405.0,0.0,405.0,405.0,405.0,405.0,0.0,405.0,405.0,0.0,0.0,0.0,0.0,0.0,0.0,0.0,64.0,0.0,4938.271605,0.0,0.0,0.0,0.0,0.0,0.0,0.0,0.0,0.0,0.0,1.0,0.0,0.0,0.0,0.0,0.0,0.0,0.0,2.0,0.0,0.0,0.0,225.0,-1.0,0.0,32.0,0.0,0.0,0.0,0.0,0.0,0.0,0.0,0.0,DoS attacks-Hulk
80.0,6.0,2018-02-16 01:48:32,95586.0,3.0,0.0,0.0,0.0,0.0,0.0,0.0,0.0,0.0,0.0,0.0,0.0,0.0,31.38534932,47793.0,10668.82711,55337.0,40249.0,95586.0,47793.0,10668.82711,55337.0,40249.0,0.0,0.0,0.0,0.0,0.0,0.0,0.0,96.0,0.0,31.38534932,0.0,0.0,0.0,0.0,0.0,0.0,0.0,0.0,0.0,0.0,1.0,0.0,0.0,0.0,0.0,0.0,0.0,0.0,3.0,0.0,0.0,0.0,225.0,-1.0,0.0,32.0,0.0,0.0,0.0,0.0,0.0,0.0,0.0,0.0,DoS attacks-Hulk
80.0,6.0,2018-02-16 01:45:29,1054.0,2.0,0.0,0.0,0.0,0.0,0.0,0.0,0.0,0.0,0.0,0.0,0.0,0.0,1897.533207,1054.0,0.0,1054.0,1054.0,1054.0,1054.0,0.0,1054.0,1054.0,0.0,0.0,0.0,0.0,0.0,0.0,0.0,64.0,0.0,1897.533207,0.0,0.0,0.0,0.0,0.0,0.0,0.0,0.0,0.0,0.0,1.0,0.0,0.0,0.0,0.0,0.0,0.0,0.0,2.0,0.0,0.0,0.0,225.0,-1.0,0.0,32.0,0.0,0.0,0.0,0.0,0.0,0.0,0.0,0.0,DoS attacks-Hulk
80.0,6.0,2018-02-16 01:47:58,12472.0,2.0,0.0,0.0,0.0,0.0,0.0,0.0,0.0,0.0,0.0,0.0,0.0,0.0,160.3592046,12472.0,0.0,12472.0,12472.0,12472.0,12472.0,0.0,12472.0,12472.0,0.0,0.0,0.0,0.0,0.0,0.0,0.0,64.0,0.0,160.3592046,0.0,0.0,0.0,0.0,0.0,0.0,0.0,0.0,0.0,0.0,1.0,0.0,0.0,0.0,0.0,0.0,0.0,0.0,2.0,0.0,0.0,0.0,225.0,-1.0,0.0,32.0,0.0,0.0,0.0,0.0,0.0,0.0,0.0,0.0,DoS attacks-Hulk
80.0,6.0,2018-02-16 01:48:13,31783.0,2.0,0.0,0.0,0.0,0.0,0.0,0.0,0.0,0.0,0.0,0.0,0.0,0.0,62.92672183,31783.0,0.0,31783.0,31783.0,31783.0,31783.0,0.0,31783.0,31783.0,0.0,0.0,0.0,0.0,0.0,0.0,0.0,64.0,0.0,62.92672183,0.0,0.0,0.0,0.0,0.0,0.0,0.0,0.0,0.0,0.0,1.0,0.0,0.0,0.0,0.0,0.0,0.0,0.0,2.0,0.0,0.0,0.0,225.0,-1.0,0.0,32.0,0.0,0.0,0.0,0.0,0.0,0.0,0.0,0.0,DoS attacks-Hulk
80.0,6.0,2018-02-16 01:47:43,1655.0,2.0,0.0,0.0,0.0,0.0,0.0,0.0,0.0,0.0,0.0,0.0,0.0,0.0,1208.459215,1655.0,0.0,1655.0,1655.0,1655.0,1655.0,0.0,1655.0,1655.0,0.0,0.0,0.0,0.0,0.0,0.0,0.0,64.0,0.0,1208.459215,0.0,0.0,0.0,0.0,0.0,0.0,0.0,0.0,0.0,0.0,1.0,0.0,0.0,0.0,0.0,0.0,0.0,0.0,2.0,0.0,0.0,0.0,225.0,-1.0,0.0,32.0,0.0,0.0,0.0,0.0,0.0,0.0,0.0,0.0,DoS attacks-Hulk
80.0,6.0,2018-02-16 01:46:39,31182.0,2.0,0.0,0.0,0.0,0.0,0.0,0.0,0.0,0.0,0.0,0.0,0.0,0.0,64.1395677,31182.0,0.0,31182.0,31182.0,31182.0,31182.0,0.0,31182.0,31182.0,0.0,0.0,0.0,0.0,0.0,0.0,0.0,64.0,0.0,64.1395677,0.0,0.0,0.0,0.0,0.0,0.0,0.0,0.0,0.0,0.0,1.0,0.0,0.0,0.0,0.0,0.0,0.0,0.0,2.0,0.0,0.0,0.0,225.0,-1.0,0.0,32.0,0.0,0.0,0.0,0.0,0.0,0.0,0.0,0.0,DoS attacks-Hulk
80.0,6.0,2018-02-16 01:47:47,9705.0,2.0,0.0,0.0,0.0,0.0,0.0,0.0,0.0,0.0,0.0,0.0,0.0,0.0,206.0793405,9705.0,0.0,9705.0,9705.0,9705.0,9705.0,0.0,9705.0,9705.0,0.0,0.0,0.0,0.0,0.0,0.0,0.0,64.0,0.0,206.0793405,0.0,0.0,0.0,0.0,0.0,0.0,0.0,0.0,0.0,0.0,1.0,0.0,0.0,0.0,0.0,0.0,0.0,0.0,2.0,0.0,0.0,0.0,225.0,-1.0,0.0,32.0,0.0,0.0,0.0,0.0,0.0,0.0,0.0,0.0,DoS attacks-Hulk
80.0,6.0,2018-02-16 01:47:48,10305.0,2.0,0.0,0.0,0.0,0.0,0.0,0.0,0.0,0.0,0.0,0.0,0.0,0.0,194.0805434,10305.0,0.0,10305.0,10305.0,10305.0,10305.0,0.0,10305.0,10305.0,0.0,0.0,0.0,0.0,0.0,0.0,0.0,64.0,0.0,194.0805434,0.0,0.0,0.0,0.0,0.0,0.0,0.0,0.0,0.0,0.0,1.0,0.0,0.0,0.0,0.0,0.0,0.0,0.0,2.0,0.0,0.0,0.0,225.0,-1.0,0.0,32.0,0.0,0.0,0.0,0.0,0.0,0.0,0.0,0.0,DoS attacks-Hulk
80.0,6.0,2018-02-16 01:48:24,573.0,2.0,0.0,0.0,0.0,0.0,0.0,0.0,0.0,0.0,0.0,0.0,0.0,0.0,3490.401396,573.0,0.0,573.0,573.0,573.0,573.0,0.0,573.0,573.0,0.0,0.0,0.0,0.0,0.0,0.0,0.0,64.0,0.0,3490.401396,0.0,0.0,0.0,0.0,0.0,0.0,0.0,0.0,0.0,0.0,1.0,0.0,0.0,0.0,0.0,0.0,0.0,0.0,2.0,0.0,0.0,0.0,225.0,-1.0,0.0,32.0,0.0,0.0,0.0,0.0,0.0,0.0,0.0,0.0,DoS attacks-Hulk
80.0,6.0,2018-02-16 01:46:05,29132.0,2.0,0.0,0.0,0.0,0.0,0.0,0.0,0.0,0.0,0.0,0.0,0.0,0.0,68.6530276,29132.0,0.0,29132.0,29132.0,29132.0,29132.0,0.0,29132.0,29132.0,0.0,0.0,0.0,0.0,0.0,0.0,0.0,64.0,0.0,68.6530276,0.0,0.0,0.0,0.0,0.0,0.0,0.0,0.0,0.0,0.0,1.0,0.0,0.0,0.0,0.0,0.0,0.0,0.0,2.0,0.0,0.0,0.0,225.0,-1.0,0.0,32.0,0.0,0.0,0.0,0.0,0.0,0.0,0.0,0.0,DoS attacks-Hulk
80.0,6.0,2018-02-16 01:47:43,64817.0,2.0,0.0,0.0,0.0,0.0,0.0,0.0,0.0,0.0,0.0,0.0,0.0,0.0,30.85610257,64817.0,0.0,64817.0,64817.0,64817.0,64817.0,0.0,64817.0,64817.0,0.0,0.0,0.0,0.0,0.0,0.0,0.0,64.0,0.0,30.85610257,0.0,0.0,0.0,0.0,0.0,0.0,0.0,0.0,0.0,0.0,1.0,0.0,0.0,0.0,0.0,0.0,0.0,0.0,2.0,0.0,0.0,0.0,225.0,-1.0,0.0,32.0,0.0,0.0,0.0,0.0,0.0,0.0,0.0,0.0,DoS attacks-Hulk
80.0,6.0,2018-02-16 01:45:38,1769.0,2.0,0.0,0.0,0.0,0.0,0.0,0.0,0.0,0.0,0.0,0.0,0.0,0.0,1130.58225,1769.0,0.0,1769.0,1769.0,1769.0,1769.0,0.0,1769.0,1769.0,0.0,0.0,0.0,0.0,0.0,0.0,0.0,64.0,0.0,1130.58225,0.0,0.0,0.0,0.0,0.0,0.0,0.0,0.0,0.0,0.0,1.0,0.0,0.0,0.0,0.0,0.0,0.0,0.0,2.0,0.0,0.0,0.0,225.0,-1.0,0.0,32.0,0.0,0.0,0.0,0.0,0.0,0.0,0.0,0.0,DoS attacks-Hulk
80.0,6.0,2018-02-16 01:47:20,17.0,2.0,0.0,0.0,0.0,0.0,0.0,0.0,0.0,0.0,0.0,0.0,0.0,0.0,117647.0588,17.0,0.0,17.0,17.0,17.0,17.0,0.0,17.0,17.0,0.0,0.0,0.0,0.0,0.0,0.0,0.0,64.0,0.0,117647.0588,0.0,0.0,0.0,0.0,0.0,0.0,0.0,0.0,0.0,0.0,1.0,0.0,0.0,0.0,0.0,0.0,0.0,0.0,2.0,0.0,0.0,0.0,225.0,-1.0,0.0,32.0,0.0,0.0,0.0,0.0,0.0,0.0,0.0,0.0,DoS attacks-Hulk
80.0,6.0,2018-02-16 01:46:31,4231.0,2.0,0.0,0.0,0.0,0.0,0.0,0.0,0.0,0.0,0.0,0.0,0.0,0.0,472.701489,4231.0,0.0,4231.0,4231.0,4231.0,4231.0,0.0,4231.0,4231.0,0.0,0.0,0.0,0.0,0.0,0.0,0.0,64.0,0.0,472.701489,0.0,0.0,0.0,0.0,0.0,0.0,0.0,0.0,0.0,0.0,1.0,0.0,0.0,0.0,0.0,0.0,0.0,0.0,2.0,0.0,0.0,0.0,225.0,-1.0,0.0,32.0,0.0,0.0,0.0,0.0,0.0,0.0,0.0,0.0,DoS attacks-Hulk
80.0,6.0,2018-02-16 01:48:27,37251.0,2.0,0.0,0.0,0.0,0.0,0.0,0.0,0.0,0.0,0.0,0.0,0.0,0.0,53.68983383,37251.0,0.0,37251.0,37251.0,37251.0,37251.0,0.0,37251.0,37251.0,0.0,0.0,0.0,0.0,0.0,0.0,0.0,64.0,0.0,53.68983383,0.0,0.0,0.0,0.0,0.0,0.0,0.0,0.0,0.0,0.0,1.0,0.0,0.0,0.0,0.0,0.0,0.0,0.0,2.0,0.0,0.0,0.0,225.0,-1.0,0.0,32.0,0.0,0.0,0.0,0.0,0.0,0.0,0.0,0.0,DoS attacks-Hulk
80.0,6.0,2018-02-16 01:48:22,24783.0,2.0,0.0,0.0,0.0,0.0,0.0,0.0,0.0,0.0,0.0,0.0,0.0,0.0,80.70048017,24783.0,0.0,24783.0,24783.0,24783.0,24783.0,0.0,24783.0,24783.0,0.0,0.0,0.0,0.0,0.0,0.0,0.0,64.0,0.0,80.70048017,0.0,0.0,0.0,0.0,0.0,0.0,0.0,0.0,0.0,0.0,1.0,0.0,0.0,0.0,0.0,0.0,0.0,0.0,2.0,0.0,0.0,0.0,225.0,-1.0,0.0,32.0,0.0,0.0,0.0,0.0,0.0,0.0,0.0,0.0,DoS attacks-Hulk
80.0,6.0,2018-02-16 01:46:55,4279.0,2.0,0.0,0.0,0.0,0.0,0.0,0.0,0.0,0.0,0.0,0.0,0.0,0.0,467.398925,4279.0,0.0,4279.0,4279.0,4279.0,4279.0,0.0,4279.0,4279.0,0.0,0.0,0.0,0.0,0.0,0.0,0.0,64.0,0.0,467.398925,0.0,0.0,0.0,0.0,0.0,0.0,0.0,0.0,0.0,0.0,1.0,0.0,0.0,0.0,0.0,0.0,0.0,0.0,2.0,0.0,0.0,0.0,225.0,-1.0,0.0,32.0,0.0,0.0,0.0,0.0,0.0,0.0,0.0,0.0,DoS attacks-Hulk
80.0,6.0,2018-02-16 01:48:24,46387.0,2.0,0.0,0.0,0.0,0.0,0.0,0.0,0.0,0.0,0.0,0.0,0.0,0.0,43.11552806,46387.0,0.0,46387.0,46387.0,46387.0,46387.0,0.0,46387.0,46387.0,0.0,0.0,0.0,0.0,0.0,0.0,0.0,64.0,0.0,43.11552806,0.0,0.0,0.0,0.0,0.0,0.0,0.0,0.0,0.0,0.0,1.0,0.0,0.0,0.0,0.0,0.0,0.0,0.0,2.0,0.0,0.0,0.0,225.0,-1.0,0.0,32.0,0.0,0.0,0.0,0.0,0.0,0.0,0.0,0.0,DoS attacks-Hulk
80.0,6.0,2018-02-16 01:48:27,24628.0,2.0,0.0,0.0,0.0,0.0,0.0,0.0,0.0,0.0,0.0,0.0,0.0,0.0,81.2083807,24628.0,0.0,24628.0,24628.0,24628.0,24628.0,0.0,24628.0,24628.0,0.0,0.0,0.0,0.0,0.0,0.0,0.0,64.0,0.0,81.2083807,0.0,0.0,0.0,0.0,0.0,0.0,0.0,0.0,0.0,0.0,1.0,0.0,0.0,0.0,0.0,0.0,0.0,0.0,2.0,0.0,0.0,0.0,225.0,-1.0,0.0,32.0,0.0,0.0,0.0,0.0,0.0,0.0,0.0,0.0,DoS attacks-Hulk
80.0,6.0,2018-02-16 01:46:19,86842.0,3.0,0.0,0.0,0.0,0.0,0.0,0.0,0.0,0.0,0.0,0.0,0.0,0.0,34.54549642,43421.0,11914.74926,51846.0,34996.0,86842.0,43421.0,11914.74926,51846.0,34996.0,0.0,0.0,0.0,0.0,0.0,0.0,0.0,96.0,0.0,34.54549642,0.0,0.0,0.0,0.0,0.0,0.0,0.0,0.0,0.0,0.0,1.0,0.0,0.0,0.0,0.0,0.0,0.0,0.0,3.0,0.0,0.0,0.0,225.0,-1.0,0.0,32.0,0.0,0.0,0.0,0.0,0.0,0.0,0.0,0.0,DoS attacks-Hulk
80.0,6.0,2018-02-16 01:46:09,334.0,2.0,0.0,0.0,0.0,0.0,0.0,0.0,0.0,0.0,0.0,0.0,0.0,0.0,5988.023952,334.0,0.0,334.0,334.0,334.0,334.0,0.0,334.0,334.0,0.0,0.0,0.0,0.0,0.0,0.0,0.0,64.0,0.0,5988.023952,0.0,0.0,0.0,0.0,0.0,0.0,0.0,0.0,0.0,0.0,1.0,0.0,0.0,0.0,0.0,0.0,0.0,0.0,2.0,0.0,0.0,0.0,225.0,-1.0,0.0,32.0,0.0,0.0,0.0,0.0,0.0,0.0,0.0,0.0,DoS attacks-Hulk
80.0,6.0,2018-02-16 01:48:38,25210.0,2.0,0.0,0.0,0.0,0.0,0.0,0.0,0.0,0.0,0.0,0.0,0.0,0.0,79.33359778,25210.0,0.0,25210.0,25210.0,25210.0,25210.0,0.0,25210.0,25210.0,0.0,0.0,0.0,0.0,0.0,0.0,0.0,64.0,0.0,79.33359778,0.0,0.0,0.0,0.0,0.0,0.0,0.0,0.0,0.0,0.0,1.0,0.0,0.0,0.0,0.0,0.0,0.0,0.0,2.0,0.0,0.0,0.0,225.0,-1.0,0.0,32.0,0.0,0.0,0.0,0.0,0.0,0.0,0.0,0.0,DoS attacks-Hulk
80.0,6.0,2018-02-16 01:46:52,32541.0,2.0,0.0,0.0,0.0,0.0,0.0,0.0,0.0,0.0,0.0,0.0,0.0,0.0,61.46092622,32541.0,0.0,32541.0,32541.0,32541.0,32541.0,0.0,32541.0,32541.0,0.0,0.0,0.0,0.0,0.0,0.0,0.0,64.0,0.0,61.46092622,0.0,0.0,0.0,0.0,0.0,0.0,0.0,0.0,0.0,0.0,1.0,0.0,0.0,0.0,0.0,0.0,0.0,0.0,2.0,0.0,0.0,0.0,225.0,-1.0,0.0,32.0,0.0,0.0,0.0,0.0,0.0,0.0,0.0,0.0,DoS attacks-Hulk
80.0,6.0,2018-02-16 01:47:21,3152.0,2.0,0.0,0.0,0.0,0.0,0.0,0.0,0.0,0.0,0.0,0.0,0.0,0.0,634.5177665,3152.0,0.0,3152.0,3152.0,3152.0,3152.0,0.0,3152.0,3152.0,0.0,0.0,0.0,0.0,0.0,0.0,0.0,64.0,0.0,634.5177665,0.0,0.0,0.0,0.0,0.0,0.0,0.0,0.0,0.0,0.0,1.0,0.0,0.0,0.0,0.0,0.0,0.0,0.0,2.0,0.0,0.0,0.0,225.0,-1.0,0.0,32.0,0.0,0.0,0.0,0.0,0.0,0.0,0.0,0.0,DoS attacks-Hulk
80.0,6.0,2018-02-16 01:45:41,5511299.0,4.0,5.0,332.0,935.0,332.0,0.0,83.0,166.0,935.0,0.0,187.0,418.1447118,229.8913559,1.633008842,688912.375,1900910.279,5392553.0,6.0,5499681.0,1833227.0,3082919.734,5392559.0,1017.0,5511293.0,1377823.25,2676920.783,5392559.0,28.0,0.0,0.0,136.0,168.0,0.725781708,0.907227135,0.0,935.0,126.7,302.5668154,91546.67778,0.0,0.0,0.0,0.0,1.0,1.0,0.0,0.0,1.0,140.7777778,83.0,187.0,4.0,332.0,5.0,935.0,225.0,237.0,1.0,32.0,6.0,0.0,6.0,6.0,5392553.0,0.0,5392553.0,5392553.0,DoS attacks-Hulk
80.0,6.0,2018-02-16 01:46:22,24062.0,2.0,0.0,0.0,0.0,0.0,0.0,0.0,0.0,0.0,0.0,0.0,0.0,0.0,83.11861026,24062.0,0.0,24062.0,24062.0,24062.0,24062.0,0.0,24062.0,24062.0,0.0,0.0,0.0,0.0,0.0,0.0,0.0,64.0,0.0,83.11861026,0.0,0.0,0.0,0.0,0.0,0.0,0.0,0.0,0.0,0.0,1.0,0.0,0.0,0.0,0.0,0.0,0.0,0.0,2.0,0.0,0.0,0.0,225.0,-1.0,0.0,32.0,0.0,0.0,0.0,0.0,0.0,0.0,0.0,0.0,DoS attacks-Hulk
80.0,6.0,2018-02-16 01:46:10,2222.0,2.0,0.0,0.0,0.0,0.0,0.0,0.0,0.0,0.0,0.0,0.0,0.0,0.0,900.090009,2222.0,0.0,2222.0,2222.0,2222.0,2222.0,0.0,2222.0,2222.0,0.0,0.0,0.0,0.0,0.0,0.0,0.0,64.0,0.0,900.090009,0.0,0.0,0.0,0.0,0.0,0.0,0.0,0.0,0.0,0.0,1.0,0.0,0.0,0.0,0.0,0.0,0.0,0.0,2.0,0.0,0.0,0.0,225.0,-1.0,0.0,32.0,0.0,0.0,0.0,0.0,0.0,0.0,0.0,0.0,DoS attacks-Hulk
80.0,6.0,2018-02-16 01:48:30,31498.0,2.0,0.0,0.0,0.0,0.0,0.0,0.0,0.0,0.0,0.0,0.0,0.0,0.0,63.49609499,31498.0,0.0,31498.0,31498.0,31498.0,31498.0,0.0,31498.0,31498.0,0.0,0.0,0.0,0.0,0.0,0.0,0.0,64.0,0.0,63.49609499,0.0,0.0,0.0,0.0,0.0,0.0,0.0,0.0,0.0,0.0,1.0,0.0,0.0,0.0,0.0,0.0,0.0,0.0,2.0,0.0,0.0,0.0,225.0,-1.0,0.0,32.0,0.0,0.0,0.0,0.0,0.0,0.0,0.0,0.0,DoS attacks-Hulk
80.0,6.0,2018-02-16 01:46:41,19857.0,2.0,0.0,0.0,0.0,0.0,0.0,0.0,0.0,0.0,0.0,0.0,0.0,0.0,100.7201491,19857.0,0.0,19857.0,19857.0,19857.0,19857.0,0.0,19857.0,19857.0,0.0,0.0,0.0,0.0,0.0,0.0,0.0,64.0,0.0,100.7201491,0.0,0.0,0.0,0.0,0.0,0.0,0.0,0.0,0.0,0.0,1.0,0.0,0.0,0.0,0.0,0.0,0.0,0.0,2.0,0.0,0.0,0.0,225.0,-1.0,0.0,32.0,0.0,0.0,0.0,0.0,0.0,0.0,0.0,0.0,DoS attacks-Hulk
80.0,6.0,2018-02-16 01:46:54,888.0,2.0,0.0,0.0,0.0,0.0,0.0,0.0,0.0,0.0,0.0,0.0,0.0,0.0,2252.252252,888.0,0.0,888.0,888.0,888.0,888.0,0.0,888.0,888.0,0.0,0.0,0.0,0.0,0.0,0.0,0.0,64.0,0.0,2252.252252,0.0,0.0,0.0,0.0,0.0,0.0,0.0,0.0,0.0,0.0,1.0,0.0,0.0,0.0,0.0,0.0,0.0,0.0,2.0,0.0,0.0,0.0,225.0,-1.0,0.0,32.0,0.0,0.0,0.0,0.0,0.0,0.0,0.0,0.0,DoS attacks-Hulk
80.0,6.0,2018-02-16 01:48:18,24377.0,2.0,0.0,0.0,0.0,0.0,0.0,0.0,0.0,0.0,0.0,0.0,0.0,0.0,82.04455019,24377.0,0.0,24377.0,24377.0,24377.0,24377.0,0.0,24377.0,24377.0,0.0,0.0,0.0,0.0,0.0,0.0,0.0,64.0,0.0,82.04455019,0.0,0.0,0.0,0.0,0.0,0.0,0.0,0.0,0.0,0.0,1.0,0.0,0.0,0.0,0.0,0.0,0.0,0.0,2.0,0.0,0.0,0.0,225.0,-1.0,0.0,32.0,0.0,0.0,0.0,0.0,0.0,0.0,0.0,0.0,DoS attacks-Hulk
80.0,6.0,2018-02-16 01:46:18,42438.0,2.0,0.0,0.0,0.0,0.0,0.0,0.0,0.0,0.0,0.0,0.0,0.0,0.0,47.12757434,42438.0,0.0,42438.0,42438.0,42438.0,42438.0,0.0,42438.0,42438.0,0.0,0.0,0.0,0.0,0.0,0.0,0.0,64.0,0.0,47.12757434,0.0,0.0,0.0,0.0,0.0,0.0,0.0,0.0,0.0,0.0,1.0,0.0,0.0,0.0,0.0,0.0,0.0,0.0,2.0,0.0,0.0,0.0,225.0,-1.0,0.0,32.0,0.0,0.0,0.0,0.0,0.0,0.0,0.0,0.0,DoS attacks-Hulk
80.0,6.0,2018-02-16 01:48:28,17189.0,2.0,0.0,0.0,0.0,0.0,0.0,0.0,0.0,0.0,0.0,0.0,0.0,0.0,116.3534819,17189.0,0.0,17189.0,17189.0,17189.0,17189.0,0.0,17189.0,17189.0,0.0,0.0,0.0,0.0,0.0,0.0,0.0,64.0,0.0,116.3534819,0.0,0.0,0.0,0.0,0.0,0.0,0.0,0.0,0.0,0.0,1.0,0.0,0.0,0.0,0.0,0.0,0.0,0.0,2.0,0.0,0.0,0.0,225.0,-1.0,0.0,32.0,0.0,0.0,0.0,0.0,0.0,0.0,0.0,0.0,DoS attacks-Hulk
80.0,6.0,2018-02-16 01:45:46,42880.0,2.0,0.0,0.0,0.0,0.0,0.0,0.0,0.0,0.0,0.0,0.0,0.0,0.0,46.64179104,42880.0,0.0,42880.0,42880.0,42880.0,42880.0,0.0,42880.0,42880.0,0.0,0.0,0.0,0.0,0.0,0.0,0.0,64.0,0.0,46.64179104,0.0,0.0,0.0,0.0,0.0,0.0,0.0,0.0,0.0,0.0,1.0,0.0,0.0,0.0,0.0,0.0,0.0,0.0,2.0,0.0,0.0,0.0,225.0,-1.0,0.0,32.0,0.0,0.0,0.0,0.0,0.0,0.0,0.0,0.0,DoS attacks-Hulk
80.0,6.0,2018-02-16 01:48:03,5153.0,2.0,0.0,0.0,0.0,0.0,0.0,0.0,0.0,0.0,0.0,0.0,0.0,0.0,388.1234232,5153.0,0.0,5153.0,5153.0,5153.0,5153.0,0.0,5153.0,5153.0,0.0,0.0,0.0,0.0,0.0,0.0,0.0,64.0,0.0,388.1234232,0.0,0.0,0.0,0.0,0.0,0.0,0.0,0.0,0.0,0.0,1.0,0.0,0.0,0.0,0.0,0.0,0.0,0.0,2.0,0.0,0.0,0.0,225.0,-1.0,0.0,32.0,0.0,0.0,0.0,0.0,0.0,0.0,0.0,0.0,DoS attacks-Hulk
80.0,6.0,2018-02-16 01:45:54,4624168.0,4.0,5.0,370.0,935.0,370.0,0.0,92.5,185.0,935.0,0.0,187.0,418.1447118,282.21293,1.946296069,578021.0,1616254.786,4578002.0,5.0,4609746.0,1536582.0,2633952.28,4578007.0,13613.0,4624163.0,1156040.75,2281349.02,4578009.0,26.0,0.0,0.0,136.0,168.0,0.865020475,1.081275594,0.0,935.0,130.5,305.6545799,93424.72222,0.0,0.0,0.0,0.0,1.0,1.0,0.0,0.0,1.0,145.0,92.5,187.0,4.0,370.0,5.0,935.0,225.0,219.0,1.0,32.0,0.0,0.0,0.0,0.0,0.0,0.0,0.0,0.0,DoS attacks-Hulk
80.0,6.0,2018-02-16 01:48:10,10040.0,2.0,0.0,0.0,0.0,0.0,0.0,0.0,0.0,0.0,0.0,0.0,0.0,0.0,199.2031873,10040.0,0.0,10040.0,10040.0,10040.0,10040.0,0.0,10040.0,10040.0,0.0,0.0,0.0,0.0,0.0,0.0,0.0,64.0,0.0,199.2031873,0.0,0.0,0.0,0.0,0.0,0.0,0.0,0.0,0.0,0.0,1.0,0.0,0.0,0.0,0.0,0.0,0.0,0.0,2.0,0.0,0.0,0.0,225.0,-1.0,0.0,32.0,0.0,0.0,0.0,0.0,0.0,0.0,0.0,0.0,DoS attacks-Hulk
80.0,6.0,2018-02-16 01:47:32,1308.0,2.0,0.0,0.0,0.0,0.0,0.0,0.0,0.0,0.0,0.0,0.0,0.0,0.0,1529.051988,1308.0,0.0,1308.0,1308.0,1308.0,1308.0,0.0,1308.0,1308.0,0.0,0.0,0.0,0.0,0.0,0.0,0.0,64.0,0.0,1529.051988,0.0,0.0,0.0,0.0,0.0,0.0,0.0,0.0,0.0,0.0,1.0,0.0,0.0,0.0,0.0,0.0,0.0,0.0,2.0,0.0,0.0,0.0,225.0,-1.0,0.0,32.0,0.0,0.0,0.0,0.0,0.0,0.0,0.0,0.0,DoS attacks-Hulk
80.0,6.0,2018-02-16 01:46:04,56974.0,3.0,0.0,0.0,0.0,0.0,0.0,0.0,0.0,0.0,0.0,0.0,0.0,0.0,52.65559729,28487.0,10405.78339,35845.0,21129.0,56974.0,28487.0,10405.78339,35845.0,21129.0,0.0,0.0,0.0,0.0,0.0,0.0,0.0,96.0,0.0,52.65559729,0.0,0.0,0.0,0.0,0.0,0.0,0.0,0.0,0.0,0.0,1.0,0.0,0.0,0.0,0.0,0.0,0.0,0.0,3.0,0.0,0.0,0.0,225.0,-1.0,0.0,32.0,0.0,0.0,0.0,0.0,0.0,0.0,0.0,0.0,DoS attacks-Hulk
80.0,6.0,2018-02-16 01:46:00,2193.0,2.0,0.0,0.0,0.0,0.0,0.0,0.0,0.0,0.0,0.0,0.0,0.0,0.0,911.9927041,2193.0,0.0,2193.0,2193.0,2193.0,2193.0,0.0,2193.0,2193.0,0.0,0.0,0.0,0.0,0.0,0.0,0.0,64.0,0.0,911.9927041,0.0,0.0,0.0,0.0,0.0,0.0,0.0,0.0,0.0,0.0,1.0,0.0,0.0,0.0,0.0,0.0,0.0,0.0,2.0,0.0,0.0,0.0,225.0,-1.0,0.0,32.0,0.0,0.0,0.0,0.0,0.0,0.0,0.0,0.0,DoS attacks-Hulk
80.0,6.0,2018-02-16 01:46:10,4040.0,2.0,0.0,0.0,0.0,0.0,0.0,0.0,0.0,0.0,0.0,0.0,0.0,0.0,495.049505,4040.0,0.0,4040.0,4040.0,4040.0,4040.0,0.0,4040.0,4040.0,0.0,0.0,0.0,0.0,0.0,0.0,0.0,64.0,0.0,495.049505,0.0,0.0,0.0,0.0,0.0,0.0,0.0,0.0,0.0,0.0,1.0,0.0,0.0,0.0,0.0,0.0,0.0,0.0,2.0,0.0,0.0,0.0,225.0,-1.0,0.0,32.0,0.0,0.0,0.0,0.0,0.0,0.0,0.0,0.0,DoS attacks-Hulk
80.0,6.0,2018-02-16 01:46:23,994.0,2.0,0.0,0.0,0.0,0.0,0.0,0.0,0.0,0.0,0.0,0.0,0.0,0.0,2012.072435,994.0,0.0,994.0,994.0,994.0,994.0,0.0,994.0,994.0,0.0,0.0,0.0,0.0,0.0,0.0,0.0,64.0,0.0,2012.072435,0.0,0.0,0.0,0.0,0.0,0.0,0.0,0.0,0.0,0.0,1.0,0.0,0.0,0.0,0.0,0.0,0.0,0.0,2.0,0.0,0.0,0.0,225.0,-1.0,0.0,32.0,0.0,0.0,0.0,0.0,0.0,0.0,0.0,0.0,DoS attacks-Hulk
80.0,6.0,2018-02-16 01:46:57,25391.0,2.0,0.0,0.0,0.0,0.0,0.0,0.0,0.0,0.0,0.0,0.0,0.0,0.0,78.76806743,25391.0,0.0,25391.0,25391.0,25391.0,25391.0,0.0,25391.0,25391.0,0.0,0.0,0.0,0.0,0.0,0.0,0.0,64.0,0.0,78.76806743,0.0,0.0,0.0,0.0,0.0,0.0,0.0,0.0,0.0,0.0,1.0,0.0,0.0,0.0,0.0,0.0,0.0,0.0,2.0,0.0,0.0,0.0,225.0,-1.0,0.0,32.0,0.0,0.0,0.0,0.0,0.0,0.0,0.0,0.0,DoS attacks-Hulk
80.0,6.0,2018-02-16 01:46:05,35640.0,2.0,0.0,0.0,0.0,0.0,0.0,0.0,0.0,0.0,0.0,0.0,0.0,0.0,56.11672278,35640.0,0.0,35640.0,35640.0,35640.0,35640.0,0.0,35640.0,35640.0,0.0,0.0,0.0,0.0,0.0,0.0,0.0,64.0,0.0,56.11672278,0.0,0.0,0.0,0.0,0.0,0.0,0.0,0.0,0.0,0.0,1.0,0.0,0.0,0.0,0.0,0.0,0.0,0.0,2.0,0.0,0.0,0.0,225.0,-1.0,0.0,32.0,0.0,0.0,0.0,0.0,0.0,0.0,0.0,0.0,DoS attacks-Hulk
80.0,6.0,2018-02-16 01:46:00,1726.0,2.0,0.0,0.0,0.0,0.0,0.0,0.0,0.0,0.0,0.0,0.0,0.0,0.0,1158.748552,1726.0,0.0,1726.0,1726.0,1726.0,1726.0,0.0,1726.0,1726.0,0.0,0.0,0.0,0.0,0.0,0.0,0.0,64.0,0.0,1158.748552,0.0,0.0,0.0,0.0,0.0,0.0,0.0,0.0,0.0,0.0,1.0,0.0,0.0,0.0,0.0,0.0,0.0,0.0,2.0,0.0,0.0,0.0,225.0,-1.0,0.0,32.0,0.0,0.0,0.0,0.0,0.0,0.0,0.0,0.0,DoS attacks-Hulk
80.0,6.0,2018-02-16 01:48:22,46049.0,2.0,0.0,0.0,0.0,0.0,0.0,0.0,0.0,0.0,0.0,0.0,0.0,0.0,43.43199635,46049.0,0.0,46049.0,46049.0,46049.0,46049.0,0.0,46049.0,46049.0,0.0,0.0,0.0,0.0,0.0,0.0,0.0,64.0,0.0,43.43199635,0.0,0.0,0.0,0.0,0.0,0.0,0.0,0.0,0.0,0.0,1.0,0.0,0.0,0.0,0.0,0.0,0.0,0.0,2.0,0.0,0.0,0.0,225.0,-1.0,0.0,32.0,0.0,0.0,0.0,0.0,0.0,0.0,0.0,0.0,DoS attacks-Hulk
80.0,6.0,2018-02-16 01:45:31,279.0,2.0,0.0,0.0,0.0,0.0,0.0,0.0,0.0,0.0,0.0,0.0,0.0,0.0,7168.458781,279.0,0.0,279.0,279.0,279.0,279.0,0.0,279.0,279.0,0.0,0.0,0.0,0.0,0.0,0.0,0.0,64.0,0.0,7168.458781,0.0,0.0,0.0,0.0,0.0,0.0,0.0,0.0,0.0,0.0,1.0,0.0,0.0,0.0,0.0,0.0,0.0,0.0,2.0,0.0,0.0,0.0,225.0,-1.0,0.0,32.0,0.0,0.0,0.0,0.0,0.0,0.0,0.0,0.0,DoS attacks-Hulk
80.0,6.0,2018-02-16 01:46:32,42195.0,3.0,0.0,0.0,0.0,0.0,0.0,0.0,0.0,0.0,0.0,0.0,0.0,0.0,71.09847138,21097.5,29591.71169,42022.0,173.0,42195.0,21097.5,29591.71169,42022.0,173.0,0.0,0.0,0.0,0.0,0.0,0.0,0.0,96.0,0.0,71.09847138,0.0,0.0,0.0,0.0,0.0,0.0,0.0,0.0,0.0,0.0,1.0,0.0,0.0,0.0,0.0,0.0,0.0,0.0,3.0,0.0,0.0,0.0,225.0,-1.0,0.0,32.0,0.0,0.0,0.0,0.0,0.0,0.0,0.0,0.0,DoS attacks-Hulk
80.0,6.0,2018-02-16 01:48:09,5804.0,2.0,0.0,0.0,0.0,0.0,0.0,0.0,0.0,0.0,0.0,0.0,0.0,0.0,344.589938,5804.0,0.0,5804.0,5804.0,5804.0,5804.0,0.0,5804.0,5804.0,0.0,0.0,0.0,0.0,0.0,0.0,0.0,64.0,0.0,344.589938,0.0,0.0,0.0,0.0,0.0,0.0,0.0,0.0,0.0,0.0,1.0,0.0,0.0,0.0,0.0,0.0,0.0,0.0,2.0,0.0,0.0,0.0,225.0,-1.0,0.0,32.0,0.0,0.0,0.0,0.0,0.0,0.0,0.0,0.0,DoS attacks-Hulk
80.0,6.0,2018-02-16 01:48:22,14541.0,2.0,0.0,0.0,0.0,0.0,0.0,0.0,0.0,0.0,0.0,0.0,0.0,0.0,137.5421223,14541.0,0.0,14541.0,14541.0,14541.0,14541.0,0.0,14541.0,14541.0,0.0,0.0,0.0,0.0,0.0,0.0,0.0,64.0,0.0,137.5421223,0.0,0.0,0.0,0.0,0.0,0.0,0.0,0.0,0.0,0.0,1.0,0.0,0.0,0.0,0.0,0.0,0.0,0.0,2.0,0.0,0.0,0.0,225.0,-1.0,0.0,32.0,0.0,0.0,0.0,0.0,0.0,0.0,0.0,0.0,DoS attacks-Hulk
80.0,6.0,2018-02-16 01:46:22,498.0,2.0,0.0,0.0,0.0,0.0,0.0,0.0,0.0,0.0,0.0,0.0,0.0,0.0,4016.064257,498.0,0.0,498.0,498.0,498.0,498.0,0.0,498.0,498.0,0.0,0.0,0.0,0.0,0.0,0.0,0.0,64.0,0.0,4016.064257,0.0,0.0,0.0,0.0,0.0,0.0,0.0,0.0,0.0,0.0,1.0,0.0,0.0,0.0,0.0,0.0,0.0,0.0,2.0,0.0,0.0,0.0,225.0,-1.0,0.0,32.0,0.0,0.0,0.0,0.0,0.0,0.0,0.0,0.0,DoS attacks-Hulk
80.0,6.0,2018-02-16 01:45:45,51175.0,2.0,0.0,0.0,0.0,0.0,0.0,0.0,0.0,0.0,0.0,0.0,0.0,0.0,39.0815828,51175.0,0.0,51175.0,51175.0,51175.0,51175.0,0.0,51175.0,51175.0,0.0,0.0,0.0,0.0,0.0,0.0,0.0,64.0,0.0,39.0815828,0.0,0.0,0.0,0.0,0.0,0.0,0.0,0.0,0.0,0.0,1.0,0.0,0.0,0.0,0.0,0.0,0.0,0.0,2.0,0.0,0.0,0.0,225.0,-1.0,0.0,32.0,0.0,0.0,0.0,0.0,0.0,0.0,0.0,0.0,DoS attacks-Hulk
80.0,6.0,2018-02-16 01:46:07,55108.0,3.0,0.0,0.0,0.0,0.0,0.0,0.0,0.0,0.0,0.0,0.0,0.0,0.0,54.43855702,27554.0,18707.217,40782.0,14326.0,55108.0,27554.0,18707.217,40782.0,14326.0,0.0,0.0,0.0,0.0,0.0,0.0,0.0,96.0,0.0,54.43855702,0.0,0.0,0.0,0.0,0.0,0.0,0.0,0.0,0.0,0.0,1.0,0.0,0.0,0.0,0.0,0.0,0.0,0.0,3.0,0.0,0.0,0.0,225.0,-1.0,0.0,32.0,0.0,0.0,0.0,0.0,0.0,0.0,0.0,0.0,DoS attacks-Hulk
80.0,6.0,2018-02-16 01:45:39,18065.0,2.0,0.0,0.0,0.0,0.0,0.0,0.0,0.0,0.0,0.0,0.0,0.0,0.0,110.7113202,18065.0,0.0,18065.0,18065.0,18065.0,18065.0,0.0,18065.0,18065.0,0.0,0.0,0.0,0.0,0.0,0.0,0.0,64.0,0.0,110.7113202,0.0,0.0,0.0,0.0,0.0,0.0,0.0,0.0,0.0,0.0,1.0,0.0,0.0,0.0,0.0,0.0,0.0,0.0,2.0,0.0,0.0,0.0,225.0,-1.0,0.0,32.0,0.0,0.0,0.0,0.0,0.0,0.0,0.0,0.0,DoS attacks-Hulk
80.0,6.0,2018-02-16 01:46:05,37824.0,2.0,0.0,0.0,0.0,0.0,0.0,0.0,0.0,0.0,0.0,0.0,0.0,0.0,52.87648054,37824.0,0.0,37824.0,37824.0,37824.0,37824.0,0.0,37824.0,37824.0,0.0,0.0,0.0,0.0,0.0,0.0,0.0,64.0,0.0,52.87648054,0.0,0.0,0.0,0.0,0.0,0.0,0.0,0.0,0.0,0.0,1.0,0.0,0.0,0.0,0.0,0.0,0.0,0.0,2.0,0.0,0.0,0.0,225.0,-1.0,0.0,32.0,0.0,0.0,0.0,0.0,0.0,0.0,0.0,0.0,DoS attacks-Hulk
80.0,6.0,2018-02-16 01:45:30,92724.0,3.0,4.0,366.0,935.0,366.0,0.0,122.0,211.3101985,935.0,0.0,233.75,467.5,14030.88736,75.49286053,15454.0,23919.28889,49472.0,6.0,49727.0,24863.5,34801.67445,49472.0,255.0,92718.0,30906.0,26957.45915,49728.0,24.0,0.0,0.0,104.0,136.0,32.35408309,43.13877745,0.0,935.0,162.625,337.3437998,113800.8393,0.0,0.0,0.0,1.0,0.0,0.0,0.0,0.0,1.0,185.8571429,122.0,233.75,3.0,366.0,4.0,935.0,26883.0,219.0,1.0,32.0,0.0,0.0,0.0,0.0,0.0,0.0,0.0,0.0,DoS attacks-Hulk
80.0,6.0,2018-02-16 01:45:49,46476.0,3.0,0.0,0.0,0.0,0.0,0.0,0.0,0.0,0.0,0.0,0.0,0.0,0.0,64.54944487,23238.0,29356.24513,43996.0,2480.0,46476.0,23238.0,29356.24513,43996.0,2480.0,0.0,0.0,0.0,0.0,0.0,0.0,0.0,96.0,0.0,64.54944487,0.0,0.0,0.0,0.0,0.0,0.0,0.0,0.0,0.0,0.0,1.0,0.0,0.0,0.0,0.0,0.0,0.0,0.0,3.0,0.0,0.0,0.0,225.0,-1.0,0.0,32.0,0.0,0.0,0.0,0.0,0.0,0.0,0.0,0.0,DoS attacks-Hulk
80.0,6.0,2018-02-16 01:46:47,5176.0,2.0,0.0,0.0,0.0,0.0,0.0,0.0,0.0,0.0,0.0,0.0,0.0,0.0,386.3987635,5176.0,0.0,5176.0,5176.0,5176.0,5176.0,0.0,5176.0,5176.0,0.0,0.0,0.0,0.0,0.0,0.0,0.0,64.0,0.0,386.3987635,0.0,0.0,0.0,0.0,0.0,0.0,0.0,0.0,0.0,0.0,1.0,0.0,0.0,0.0,0.0,0.0,0.0,0.0,2.0,0.0,0.0,0.0,225.0,-1.0,0.0,32.0,0.0,0.0,0.0,0.0,0.0,0.0,0.0,0.0,DoS attacks-Hulk
80.0,6.0,2018-02-16 01:48:28,40442.0,2.0,0.0,0.0,0.0,0.0,0.0,0.0,0.0,0.0,0.0,0.0,0.0,0.0,49.4535384,40442.0,0.0,40442.0,40442.0,40442.0,40442.0,0.0,40442.0,40442.0,0.0,0.0,0.0,0.0,0.0,0.0,0.0,64.0,0.0,49.4535384,0.0,0.0,0.0,0.0,0.0,0.0,0.0,0.0,0.0,0.0,1.0,0.0,0.0,0.0,0.0,0.0,0.0,0.0,2.0,0.0,0.0,0.0,225.0,-1.0,0.0,32.0,0.0,0.0,0.0,0.0,0.0,0.0,0.0,0.0,DoS attacks-Hulk
80.0,6.0,2018-02-16 01:47:40,32098.0,2.0,0.0,0.0,0.0,0.0,0.0,0.0,0.0,0.0,0.0,0.0,0.0,0.0,62.30917814,32098.0,0.0,32098.0,32098.0,32098.0,32098.0,0.0,32098.0,32098.0,0.0,0.0,0.0,0.0,0.0,0.0,0.0,64.0,0.0,62.30917814,0.0,0.0,0.0,0.0,0.0,0.0,0.0,0.0,0.0,0.0,1.0,0.0,0.0,0.0,0.0,0.0,0.0,0.0,2.0,0.0,0.0,0.0,225.0,-1.0,0.0,32.0,0.0,0.0,0.0,0.0,0.0,0.0,0.0,0.0,DoS attacks-Hulk
80.0,6.0,2018-02-16 01:47:03,43607.0,3.0,0.0,0.0,0.0,0.0,0.0,0.0,0.0,0.0,0.0,0.0,0.0,0.0,68.79629417,21803.5,24117.29099,38857.0,4750.0,43607.0,21803.5,24117.29099,38857.0,4750.0,0.0,0.0,0.0,0.0,0.0,0.0,0.0,96.0,0.0,68.79629417,0.0,0.0,0.0,0.0,0.0,0.0,0.0,0.0,0.0,0.0,1.0,0.0,0.0,0.0,0.0,0.0,0.0,0.0,3.0,0.0,0.0,0.0,225.0,-1.0,0.0,32.0,0.0,0.0,0.0,0.0,0.0,0.0,0.0,0.0,DoS attacks-Hulk
80.0,6.0,2018-02-16 01:47:45,34753.0,2.0,0.0,0.0,0.0,0.0,0.0,0.0,0.0,0.0,0.0,0.0,0.0,0.0,57.54898858,34753.0,0.0,34753.0,34753.0,34753.0,34753.0,0.0,34753.0,34753.0,0.0,0.0,0.0,0.0,0.0,0.0,0.0,64.0,0.0,57.54898858,0.0,0.0,0.0,0.0,0.0,0.0,0.0,0.0,0.0,0.0,1.0,0.0,0.0,0.0,0.0,0.0,0.0,0.0,2.0,0.0,0.0,0.0,225.0,-1.0,0.0,32.0,0.0,0.0,0.0,0.0,0.0,0.0,0.0,0.0,DoS attacks-Hulk
80.0,6.0,2018-02-16 01:47:02,196.0,2.0,0.0,0.0,0.0,0.0,0.0,0.0,0.0,0.0,0.0,0.0,0.0,0.0,10204.08163,196.0,0.0,196.0,196.0,196.0,196.0,0.0,196.0,196.0,0.0,0.0,0.0,0.0,0.0,0.0,0.0,64.0,0.0,10204.08163,0.0,0.0,0.0,0.0,0.0,0.0,0.0,0.0,0.0,0.0,1.0,0.0,0.0,0.0,0.0,0.0,0.0,0.0,2.0,0.0,0.0,0.0,225.0,-1.0,0.0,32.0,0.0,0.0,0.0,0.0,0.0,0.0,0.0,0.0,DoS attacks-Hulk
80.0,6.0,2018-02-16 01:47:09,12140.0,2.0,0.0,0.0,0.0,0.0,0.0,0.0,0.0,0.0,0.0,0.0,0.0,0.0,164.7446458,12140.0,0.0,12140.0,12140.0,12140.0,12140.0,0.0,12140.0,12140.0,0.0,0.0,0.0,0.0,0.0,0.0,0.0,64.0,0.0,164.7446458,0.0,0.0,0.0,0.0,0.0,0.0,0.0,0.0,0.0,0.0,1.0,0.0,0.0,0.0,0.0,0.0,0.0,0.0,2.0,0.0,0.0,0.0,225.0,-1.0,0.0,32.0,0.0,0.0,0.0,0.0,0.0,0.0,0.0,0.0,DoS attacks-Hulk
80.0,6.0,2018-02-16 01:47:57,9193.0,2.0,0.0,0.0,0.0,0.0,0.0,0.0,0.0,0.0,0.0,0.0,0.0,0.0,217.5568367,9193.0,0.0,9193.0,9193.0,9193.0,9193.0,0.0,9193.0,9193.0,0.0,0.0,0.0,0.0,0.0,0.0,0.0,64.0,0.0,217.5568367,0.0,0.0,0.0,0.0,0.0,0.0,0.0,0.0,0.0,0.0,1.0,0.0,0.0,0.0,0.0,0.0,0.0,0.0,2.0,0.0,0.0,0.0,225.0,-1.0,0.0,32.0,0.0,0.0,0.0,0.0,0.0,0.0,0.0,0.0,DoS attacks-Hulk
80.0,6.0,2018-02-16 01:48:29,1624.0,2.0,0.0,0.0,0.0,0.0,0.0,0.0,0.0,0.0,0.0,0.0,0.0,0.0,1231.527094,1624.0,0.0,1624.0,1624.0,1624.0,1624.0,0.0,1624.0,1624.0,0.0,0.0,0.0,0.0,0.0,0.0,0.0,64.0,0.0,1231.527094,0.0,0.0,0.0,0.0,0.0,0.0,0.0,0.0,0.0,0.0,1.0,0.0,0.0,0.0,0.0,0.0,0.0,0.0,2.0,0.0,0.0,0.0,225.0,-1.0,0.0,32.0,0.0,0.0,0.0,0.0,0.0,0.0,0.0,0.0,DoS attacks-Hulk
80.0,6.0,2018-02-16 01:47:58,1723.0,2.0,0.0,0.0,0.0,0.0,0.0,0.0,0.0,0.0,0.0,0.0,0.0,0.0,1160.766106,1723.0,0.0,1723.0,1723.0,1723.0,1723.0,0.0,1723.0,1723.0,0.0,0.0,0.0,0.0,0.0,0.0,0.0,64.0,0.0,1160.766106,0.0,0.0,0.0,0.0,0.0,0.0,0.0,0.0,0.0,0.0,1.0,0.0,0.0,0.0,0.0,0.0,0.0,0.0,2.0,0.0,0.0,0.0,225.0,-1.0,0.0,32.0,0.0,0.0,0.0,0.0,0.0,0.0,0.0,0.0,DoS attacks-Hulk
80.0,6.0,2018-02-16 01:48:07,13938.0,2.0,0.0,0.0,0.0,0.0,0.0,0.0,0.0,0.0,0.0,0.0,0.0,0.0,143.4926101,13938.0,0.0,13938.0,13938.0,13938.0,13938.0,0.0,13938.0,13938.0,0.0,0.0,0.0,0.0,0.0,0.0,0.0,64.0,0.0,143.4926101,0.0,0.0,0.0,0.0,0.0,0.0,0.0,0.0,0.0,0.0,1.0,0.0,0.0,0.0,0.0,0.0,0.0,0.0,2.0,0.0,0.0,0.0,225.0,-1.0,0.0,32.0,0.0,0.0,0.0,0.0,0.0,0.0,0.0,0.0,DoS attacks-Hulk
80.0,6.0,2018-02-16 01:45:37,500.0,2.0,0.0,0.0,0.0,0.0,0.0,0.0,0.0,0.0,0.0,0.0,0.0,0.0,4000.0,500.0,0.0,500.0,500.0,500.0,500.0,0.0,500.0,500.0,0.0,0.0,0.0,0.0,0.0,0.0,0.0,64.0,0.0,4000.0,0.0,0.0,0.0,0.0,0.0,0.0,0.0,0.0,0.0,0.0,1.0,0.0,0.0,0.0,0.0,0.0,0.0,0.0,2.0,0.0,0.0,0.0,225.0,-1.0,0.0,32.0,0.0,0.0,0.0,0.0,0.0,0.0,0.0,0.0,DoS attacks-Hulk
80.0,6.0,2018-02-16 01:46:30,14187.0,2.0,0.0,0.0,0.0,0.0,0.0,0.0,0.0,0.0,0.0,0.0,0.0,0.0,140.9741312,14187.0,0.0,14187.0,14187.0,14187.0,14187.0,0.0,14187.0,14187.0,0.0,0.0,0.0,0.0,0.0,0.0,0.0,64.0,0.0,140.9741312,0.0,0.0,0.0,0.0,0.0,0.0,0.0,0.0,0.0,0.0,1.0,0.0,0.0,0.0,0.0,0.0,0.0,0.0,2.0,0.0,0.0,0.0,225.0,-1.0,0.0,32.0,0.0,0.0,0.0,0.0,0.0,0.0,0.0,0.0,DoS attacks-Hulk
80.0,6.0,2018-02-16 01:45:52,21551.0,2.0,0.0,0.0,0.0,0.0,0.0,0.0,0.0,0.0,0.0,0.0,0.0,0.0,92.80311818,21551.0,0.0,21551.0,21551.0,21551.0,21551.0,0.0,21551.0,21551.0,0.0,0.0,0.0,0.0,0.0,0.0,0.0,64.0,0.0,92.80311818,0.0,0.0,0.0,0.0,0.0,0.0,0.0,0.0,0.0,0.0,1.0,0.0,0.0,0.0,0.0,0.0,0.0,0.0,2.0,0.0,0.0,0.0,225.0,-1.0,0.0,32.0,0.0,0.0,0.0,0.0,0.0,0.0,0.0,0.0,DoS attacks-Hulk
80.0,6.0,2018-02-16 01:47:50,956.0,2.0,0.0,0.0,0.0,0.0,0.0,0.0,0.0,0.0,0.0,0.0,0.0,0.0,2092.050209,956.0,0.0,956.0,956.0,956.0,956.0,0.0,956.0,956.0,0.0,0.0,0.0,0.0,0.0,0.0,0.0,64.0,0.0,2092.050209,0.0,0.0,0.0,0.0,0.0,0.0,0.0,0.0,0.0,0.0,1.0,0.0,0.0,0.0,0.0,0.0,0.0,0.0,2.0,0.0,0.0,0.0,225.0,-1.0,0.0,32.0,0.0,0.0,0.0,0.0,0.0,0.0,0.0,0.0,DoS attacks-Hulk
80.0,6.0,2018-02-16 01:47:27,31518.0,2.0,0.0,0.0,0.0,0.0,0.0,0.0,0.0,0.0,0.0,0.0,0.0,0.0,63.45580303,31518.0,0.0,31518.0,31518.0,31518.0,31518.0,0.0,31518.0,31518.0,0.0,0.0,0.0,0.0,0.0,0.0,0.0,64.0,0.0,63.45580303,0.0,0.0,0.0,0.0,0.0,0.0,0.0,0.0,0.0,0.0,1.0,0.0,0.0,0.0,0.0,0.0,0.0,0.0,2.0,0.0,0.0,0.0,225.0,-1.0,0.0,32.0,0.0,0.0,0.0,0.0,0.0,0.0,0.0,0.0,DoS attacks-Hulk
80.0,6.0,2018-02-16 01:45:58,13469.0,2.0,0.0,0.0,0.0,0.0,0.0,0.0,0.0,0.0,0.0,0.0,0.0,0.0,148.4891232,13469.0,0.0,13469.0,13469.0,13469.0,13469.0,0.0,13469.0,13469.0,0.0,0.0,0.0,0.0,0.0,0.0,0.0,64.0,0.0,148.4891232,0.0,0.0,0.0,0.0,0.0,0.0,0.0,0.0,0.0,0.0,1.0,0.0,0.0,0.0,0.0,0.0,0.0,0.0,2.0,0.0,0.0,0.0,225.0,-1.0,0.0,32.0,0.0,0.0,0.0,0.0,0.0,0.0,0.0,0.0,DoS attacks-Hulk
80.0,6.0,2018-02-16 01:46:23,6949.0,2.0,0.0,0.0,0.0,0.0,0.0,0.0,0.0,0.0,0.0,0.0,0.0,0.0,287.8111959,6949.0,0.0,6949.0,6949.0,6949.0,6949.0,0.0,6949.0,6949.0,0.0,0.0,0.0,0.0,0.0,0.0,0.0,64.0,0.0,287.8111959,0.0,0.0,0.0,0.0,0.0,0.0,0.0,0.0,0.0,0.0,1.0,0.0,0.0,0.0,0.0,0.0,0.0,0.0,2.0,0.0,0.0,0.0,225.0,-1.0,0.0,32.0,0.0,0.0,0.0,0.0,0.0,0.0,0.0,0.0,DoS attacks-Hulk
80.0,6.0,2018-02-16 01:48:21,20231.0,2.0,0.0,0.0,0.0,0.0,0.0,0.0,0.0,0.0,0.0,0.0,0.0,0.0,98.85818793,20231.0,0.0,20231.0,20231.0,20231.0,20231.0,0.0,20231.0,20231.0,0.0,0.0,0.0,0.0,0.0,0.0,0.0,64.0,0.0,98.85818793,0.0,0.0,0.0,0.0,0.0,0.0,0.0,0.0,0.0,0.0,1.0,0.0,0.0,0.0,0.0,0.0,0.0,0.0,2.0,0.0,0.0,0.0,225.0,-1.0,0.0,32.0,0.0,0.0,0.0,0.0,0.0,0.0,0.0,0.0,DoS attacks-Hulk
80.0,6.0,2018-02-16 01:46:21,20512.0,2.0,0.0,0.0,0.0,0.0,0.0,0.0,0.0,0.0,0.0,0.0,0.0,0.0,97.50390016,20512.0,0.0,20512.0,20512.0,20512.0,20512.0,0.0,20512.0,20512.0,0.0,0.0,0.0,0.0,0.0,0.0,0.0,64.0,0.0,97.50390016,0.0,0.0,0.0,0.0,0.0,0.0,0.0,0.0,0.0,0.0,1.0,0.0,0.0,0.0,0.0,0.0,0.0,0.0,2.0,0.0,0.0,0.0,225.0,-1.0,0.0,32.0,0.0,0.0,0.0,0.0,0.0,0.0,0.0,0.0,DoS attacks-Hulk
80.0,6.0,2018-02-16 01:47:24,38216.0,2.0,0.0,0.0,0.0,0.0,0.0,0.0,0.0,0.0,0.0,0.0,0.0,0.0,52.3341009,38216.0,0.0,38216.0,38216.0,38216.0,38216.0,0.0,38216.0,38216.0,0.0,0.0,0.0,0.0,0.0,0.0,0.0,64.0,0.0,52.3341009,0.0,0.0,0.0,0.0,0.0,0.0,0.0,0.0,0.0,0.0,1.0,0.0,0.0,0.0,0.0,0.0,0.0,0.0,2.0,0.0,0.0,0.0,225.0,-1.0,0.0,32.0,0.0,0.0,0.0,0.0,0.0,0.0,0.0,0.0,DoS attacks-Hulk
80.0,6.0,2018-02-16 01:48:43,13988.0,2.0,0.0,0.0,0.0,0.0,0.0,0.0,0.0,0.0,0.0,0.0,0.0,0.0,142.9796969,13988.0,0.0,13988.0,13988.0,13988.0,13988.0,0.0,13988.0,13988.0,0.0,0.0,0.0,0.0,0.0,0.0,0.0,64.0,0.0,142.9796969,0.0,0.0,0.0,0.0,0.0,0.0,0.0,0.0,0.0,0.0,1.0,0.0,0.0,0.0,0.0,0.0,0.0,0.0,2.0,0.0,0.0,0.0,225.0,-1.0,0.0,32.0,0.0,0.0,0.0,0.0,0.0,0.0,0.0,0.0,DoS attacks-Hulk
80.0,6.0,2018-02-16 01:45:31,49372.0,3.0,4.0,355.0,935.0,355.0,0.0,118.3333333,204.9593456,935.0,0.0,233.75,467.5,26128.16981,141.7807664,8228.666667,15405.31693,39268.0,7.0,10074.0,5037.0,490.7321061,5384.0,4690.0,49365.0,16455.0,20385.7886,39268.0,23.0,0.0,0.0,104.0,136.0,60.76318561,81.01758082,0.0,935.0,161.25,336.4175764,113176.7857,0.0,0.0,0.0,1.0,0.0,0.0,0.0,0.0,1.0,184.2857143,118.3333333,233.75,3.0,355.0,4.0,935.0,26883.0,219.0,1.0,32.0,0.0,0.0,0.0,0.0,0.0,0.0,0.0,0.0,DoS attacks-Hulk
80.0,6.0,2018-02-16 01:47:48,51138.0,2.0,0.0,0.0,0.0,0.0,0.0,0.0,0.0,0.0,0.0,0.0,0.0,0.0,39.1098596,51138.0,0.0,51138.0,51138.0,51138.0,51138.0,0.0,51138.0,51138.0,0.0,0.0,0.0,0.0,0.0,0.0,0.0,64.0,0.0,39.1098596,0.0,0.0,0.0,0.0,0.0,0.0,0.0,0.0,0.0,0.0,1.0,0.0,0.0,0.0,0.0,0.0,0.0,0.0,2.0,0.0,0.0,0.0,225.0,-1.0,0.0,32.0,0.0,0.0,0.0,0.0,0.0,0.0,0.0,0.0,DoS attacks-Hulk
80.0,6.0,2018-02-16 01:46:22,43911.0,2.0,0.0,0.0,0.0,0.0,0.0,0.0,0.0,0.0,0.0,0.0,0.0,0.0,45.54667395,43911.0,0.0,43911.0,43911.0,43911.0,43911.0,0.0,43911.0,43911.0,0.0,0.0,0.0,0.0,0.0,0.0,0.0,64.0,0.0,45.54667395,0.0,0.0,0.0,0.0,0.0,0.0,0.0,0.0,0.0,0.0,1.0,0.0,0.0,0.0,0.0,0.0,0.0,0.0,2.0,0.0,0.0,0.0,225.0,-1.0,0.0,32.0,0.0,0.0,0.0,0.0,0.0,0.0,0.0,0.0,DoS attacks-Hulk
80.0,6.0,2018-02-16 01:46:37,2402.0,2.0,0.0,0.0,0.0,0.0,0.0,0.0,0.0,0.0,0.0,0.0,0.0,0.0,832.6394671,2402.0,0.0,2402.0,2402.0,2402.0,2402.0,0.0,2402.0,2402.0,0.0,0.0,0.0,0.0,0.0,0.0,0.0,64.0,0.0,832.6394671,0.0,0.0,0.0,0.0,0.0,0.0,0.0,0.0,0.0,0.0,1.0,0.0,0.0,0.0,0.0,0.0,0.0,0.0,2.0,0.0,0.0,0.0,225.0,-1.0,0.0,32.0,0.0,0.0,0.0,0.0,0.0,0.0,0.0,0.0,DoS attacks-Hulk
80.0,6.0,2018-02-16 01:48:11,82884.0,3.0,0.0,0.0,0.0,0.0,0.0,0.0,0.0,0.0,0.0,0.0,0.0,0.0,36.19516433,41442.0,1578.262336,42558.0,40326.0,82884.0,41442.0,1578.262336,42558.0,40326.0,0.0,0.0,0.0,0.0,0.0,0.0,0.0,96.0,0.0,36.19516433,0.0,0.0,0.0,0.0,0.0,0.0,0.0,0.0,0.0,0.0,1.0,0.0,0.0,0.0,0.0,0.0,0.0,0.0,3.0,0.0,0.0,0.0,225.0,-1.0,0.0,32.0,0.0,0.0,0.0,0.0,0.0,0.0,0.0,0.0,DoS attacks-Hulk
80.0,6.0,2018-02-16 01:48:19,1693.0,2.0,0.0,0.0,0.0,0.0,0.0,0.0,0.0,0.0,0.0,0.0,0.0,0.0,1181.334908,1693.0,0.0,1693.0,1693.0,1693.0,1693.0,0.0,1693.0,1693.0,0.0,0.0,0.0,0.0,0.0,0.0,0.0,64.0,0.0,1181.334908,0.0,0.0,0.0,0.0,0.0,0.0,0.0,0.0,0.0,0.0,1.0,0.0,0.0,0.0,0.0,0.0,0.0,0.0,2.0,0.0,0.0,0.0,225.0,-1.0,0.0,32.0,0.0,0.0,0.0,0.0,0.0,0.0,0.0,0.0,DoS attacks-Hulk
80.0,6.0,2018-02-16 01:48:17,22099.0,2.0,0.0,0.0,0.0,0.0,0.0,0.0,0.0,0.0,0.0,0.0,0.0,0.0,90.50183266,22099.0,0.0,22099.0,22099.0,22099.0,22099.0,0.0,22099.0,22099.0,0.0,0.0,0.0,0.0,0.0,0.0,0.0,64.0,0.0,90.50183266,0.0,0.0,0.0,0.0,0.0,0.0,0.0,0.0,0.0,0.0,1.0,0.0,0.0,0.0,0.0,0.0,0.0,0.0,2.0,0.0,0.0,0.0,225.0,-1.0,0.0,32.0,0.0,0.0,0.0,0.0,0.0,0.0,0.0,0.0,DoS attacks-Hulk
80.0,6.0,2018-02-16 01:48:14,45809.0,2.0,0.0,0.0,0.0,0.0,0.0,0.0,0.0,0.0,0.0,0.0,0.0,0.0,43.65954288,45809.0,0.0,45809.0,45809.0,45809.0,45809.0,0.0,45809.0,45809.0,0.0,0.0,0.0,0.0,0.0,0.0,0.0,64.0,0.0,43.65954288,0.0,0.0,0.0,0.0,0.0,0.0,0.0,0.0,0.0,0.0,1.0,0.0,0.0,0.0,0.0,0.0,0.0,0.0,2.0,0.0,0.0,0.0,225.0,-1.0,0.0,32.0,0.0,0.0,0.0,0.0,0.0,0.0,0.0,0.0,DoS attacks-Hulk
80.0,6.0,2018-02-16 01:46:24,19518.0,2.0,0.0,0.0,0.0,0.0,0.0,0.0,0.0,0.0,0.0,0.0,0.0,0.0,102.4695153,19518.0,0.0,19518.0,19518.0,19518.0,19518.0,0.0,19518.0,19518.0,0.0,0.0,0.0,0.0,0.0,0.0,0.0,64.0,0.0,102.4695153,0.0,0.0,0.0,0.0,0.0,0.0,0.0,0.0,0.0,0.0,1.0,0.0,0.0,0.0,0.0,0.0,0.0,0.0,2.0,0.0,0.0,0.0,225.0,-1.0,0.0,32.0,0.0,0.0,0.0,0.0,0.0,0.0,0.0,0.0,DoS attacks-Hulk
80.0,6.0,2018-02-16 01:47:53,59302.0,3.0,0.0,0.0,0.0,0.0,0.0,0.0,0.0,0.0,0.0,0.0,0.0,0.0,50.58851303,29651.0,19052.28511,43123.0,16179.0,59302.0,29651.0,19052.28511,43123.0,16179.0,0.0,0.0,0.0,0.0,0.0,0.0,0.0,96.0,0.0,50.58851303,0.0,0.0,0.0,0.0,0.0,0.0,0.0,0.0,0.0,0.0,1.0,0.0,0.0,0.0,0.0,0.0,0.0,0.0,3.0,0.0,0.0,0.0,225.0,-1.0,0.0,32.0,0.0,0.0,0.0,0.0,0.0,0.0,0.0,0.0,DoS attacks-Hulk
80.0,6.0,2018-02-16 01:45:29,378.0,2.0,0.0,0.0,0.0,0.0,0.0,0.0,0.0,0.0,0.0,0.0,0.0,0.0,5291.005291,378.0,0.0,378.0,378.0,378.0,378.0,0.0,378.0,378.0,0.0,0.0,0.0,0.0,0.0,0.0,0.0,64.0,0.0,5291.005291,0.0,0.0,0.0,0.0,0.0,0.0,0.0,0.0,0.0,0.0,1.0,0.0,0.0,0.0,0.0,0.0,0.0,0.0,2.0,0.0,0.0,0.0,225.0,-1.0,0.0,32.0,0.0,0.0,0.0,0.0,0.0,0.0,0.0,0.0,DoS attacks-Hulk
80.0,6.0,2018-02-16 01:48:42,55593.0,3.0,0.0,0.0,0.0,0.0,0.0,0.0,0.0,0.0,0.0,0.0,0.0,0.0,53.96362851,27796.5,18058.80008,40566.0,15027.0,55593.0,27796.5,18058.80008,40566.0,15027.0,0.0,0.0,0.0,0.0,0.0,0.0,0.0,96.0,0.0,53.96362851,0.0,0.0,0.0,0.0,0.0,0.0,0.0,0.0,0.0,0.0,1.0,0.0,0.0,0.0,0.0,0.0,0.0,0.0,3.0,0.0,0.0,0.0,225.0,-1.0,0.0,32.0,0.0,0.0,0.0,0.0,0.0,0.0,0.0,0.0,DoS attacks-Hulk
80.0,6.0,2018-02-16 01:45:44,26907.0,2.0,0.0,0.0,0.0,0.0,0.0,0.0,0.0,0.0,0.0,0.0,0.0,0.0,74.33009997,26907.0,0.0,26907.0,26907.0,26907.0,26907.0,0.0,26907.0,26907.0,0.0,0.0,0.0,0.0,0.0,0.0,0.0,64.0,0.0,74.33009997,0.0,0.0,0.0,0.0,0.0,0.0,0.0,0.0,0.0,0.0,1.0,0.0,0.0,0.0,0.0,0.0,0.0,0.0,2.0,0.0,0.0,0.0,225.0,-1.0,0.0,32.0,0.0,0.0,0.0,0.0,0.0,0.0,0.0,0.0,DoS attacks-Hulk
80.0,6.0,2018-02-16 01:46:04,32797.0,2.0,0.0,0.0,0.0,0.0,0.0,0.0,0.0,0.0,0.0,0.0,0.0,0.0,60.9811873,32797.0,0.0,32797.0,32797.0,32797.0,32797.0,0.0,32797.0,32797.0,0.0,0.0,0.0,0.0,0.0,0.0,0.0,64.0,0.0,60.9811873,0.0,0.0,0.0,0.0,0.0,0.0,0.0,0.0,0.0,0.0,1.0,0.0,0.0,0.0,0.0,0.0,0.0,0.0,2.0,0.0,0.0,0.0,225.0,-1.0,0.0,32.0,0.0,0.0,0.0,0.0,0.0,0.0,0.0,0.0,DoS attacks-Hulk
80.0,6.0,2018-02-16 01:46:04,39062.0,3.0,0.0,0.0,0.0,0.0,0.0,0.0,0.0,0.0,0.0,0.0,0.0,0.0,76.80098305,19531.0,20161.02855,33787.0,5275.0,39062.0,19531.0,20161.02855,33787.0,5275.0,0.0,0.0,0.0,0.0,0.0,0.0,0.0,96.0,0.0,76.80098305,0.0,0.0,0.0,0.0,0.0,0.0,0.0,0.0,0.0,0.0,1.0,0.0,0.0,0.0,0.0,0.0,0.0,0.0,3.0,0.0,0.0,0.0,225.0,-1.0,0.0,32.0,0.0,0.0,0.0,0.0,0.0,0.0,0.0,0.0,DoS attacks-Hulk
80.0,6.0,2018-02-16 01:48:18,15411.0,2.0,0.0,0.0,0.0,0.0,0.0,0.0,0.0,0.0,0.0,0.0,0.0,0.0,129.7774317,15411.0,0.0,15411.0,15411.0,15411.0,15411.0,0.0,15411.0,15411.0,0.0,0.0,0.0,0.0,0.0,0.0,0.0,64.0,0.0,129.7774317,0.0,0.0,0.0,0.0,0.0,0.0,0.0,0.0,0.0,0.0,1.0,0.0,0.0,0.0,0.0,0.0,0.0,0.0,2.0,0.0,0.0,0.0,225.0,-1.0,0.0,32.0,0.0,0.0,0.0,0.0,0.0,0.0,0.0,0.0,DoS attacks-Hulk
80.0,6.0,2018-02-16 01:47:25,61225.0,3.0,0.0,0.0,0.0,0.0,0.0,0.0,0.0,0.0,0.0,0.0,0.0,0.0,48.99959167,30612.5,15742.31827,41744.0,19481.0,61225.0,30612.5,15742.31827,41744.0,19481.0,0.0,0.0,0.0,0.0,0.0,0.0,0.0,96.0,0.0,48.99959167,0.0,0.0,0.0,0.0,0.0,0.0,0.0,0.0,0.0,0.0,1.0,0.0,0.0,0.0,0.0,0.0,0.0,0.0,3.0,0.0,0.0,0.0,225.0,-1.0,0.0,32.0,0.0,0.0,0.0,0.0,0.0,0.0,0.0,0.0,DoS attacks-Hulk
80.0,6.0,2018-02-16 01:46:09,51502.0,3.0,0.0,0.0,0.0,0.0,0.0,0.0,0.0,0.0,0.0,0.0,0.0,0.0,58.25016504,25751.0,16478.41643,37403.0,14099.0,51502.0,25751.0,16478.41643,37403.0,14099.0,0.0,0.0,0.0,0.0,0.0,0.0,0.0,96.0,0.0,58.25016504,0.0,0.0,0.0,0.0,0.0,0.0,0.0,0.0,0.0,0.0,1.0,0.0,0.0,0.0,0.0,0.0,0.0,0.0,3.0,0.0,0.0,0.0,225.0,-1.0,0.0,32.0,0.0,0.0,0.0,0.0,0.0,0.0,0.0,0.0,DoS attacks-Hulk
80.0,6.0,2018-02-16 01:45:32,934.0,2.0,0.0,0.0,0.0,0.0,0.0,0.0,0.0,0.0,0.0,0.0,0.0,0.0,2141.327623,934.0,0.0,934.0,934.0,934.0,934.0,0.0,934.0,934.0,0.0,0.0,0.0,0.0,0.0,0.0,0.0,64.0,0.0,2141.327623,0.0,0.0,0.0,0.0,0.0,0.0,0.0,0.0,0.0,0.0,1.0,0.0,0.0,0.0,0.0,0.0,0.0,0.0,2.0,0.0,0.0,0.0,225.0,-1.0,0.0,32.0,0.0,0.0,0.0,0.0,0.0,0.0,0.0,0.0,DoS attacks-Hulk
80.0,6.0,2018-02-16 01:45:31,393.0,2.0,0.0,0.0,0.0,0.0,0.0,0.0,0.0,0.0,0.0,0.0,0.0,0.0,5089.058524,393.0,0.0,393.0,393.0,393.0,393.0,0.0,393.0,393.0,0.0,0.0,0.0,0.0,0.0,0.0,0.0,64.0,0.0,5089.058524,0.0,0.0,0.0,0.0,0.0,0.0,0.0,0.0,0.0,0.0,1.0,0.0,0.0,0.0,0.0,0.0,0.0,0.0,2.0,0.0,0.0,0.0,225.0,-1.0,0.0,32.0,0.0,0.0,0.0,0.0,0.0,0.0,0.0,0.0,DoS attacks-Hulk
80.0,6.0,2018-02-16 01:48:11,1112.0,2.0,0.0,0.0,0.0,0.0,0.0,0.0,0.0,0.0,0.0,0.0,0.0,0.0,1798.561151,1112.0,0.0,1112.0,1112.0,1112.0,1112.0,0.0,1112.0,1112.0,0.0,0.0,0.0,0.0,0.0,0.0,0.0,64.0,0.0,1798.561151,0.0,0.0,0.0,0.0,0.0,0.0,0.0,0.0,0.0,0.0,1.0,0.0,0.0,0.0,0.0,0.0,0.0,0.0,2.0,0.0,0.0,0.0,225.0,-1.0,0.0,32.0,0.0,0.0,0.0,0.0,0.0,0.0,0.0,0.0,DoS attacks-Hulk
80.0,6.0,2018-02-16 01:48:16,41242.0,2.0,0.0,0.0,0.0,0.0,0.0,0.0,0.0,0.0,0.0,0.0,0.0,0.0,48.49425343,41242.0,0.0,41242.0,41242.0,41242.0,41242.0,0.0,41242.0,41242.0,0.0,0.0,0.0,0.0,0.0,0.0,0.0,64.0,0.0,48.49425343,0.0,0.0,0.0,0.0,0.0,0.0,0.0,0.0,0.0,0.0,1.0,0.0,0.0,0.0,0.0,0.0,0.0,0.0,2.0,0.0,0.0,0.0,225.0,-1.0,0.0,32.0,0.0,0.0,0.0,0.0,0.0,0.0,0.0,0.0,DoS attacks-Hulk
80.0,6.0,2018-02-16 01:47:20,68941.0,3.0,0.0,0.0,0.0,0.0,0.0,0.0,0.0,0.0,0.0,0.0,0.0,0.0,43.51546975,34470.5,5330.878023,38240.0,30701.0,68941.0,34470.5,5330.878023,38240.0,30701.0,0.0,0.0,0.0,0.0,0.0,0.0,0.0,96.0,0.0,43.51546975,0.0,0.0,0.0,0.0,0.0,0.0,0.0,0.0,0.0,0.0,1.0,0.0,0.0,0.0,0.0,0.0,0.0,0.0,3.0,0.0,0.0,0.0,225.0,-1.0,0.0,32.0,0.0,0.0,0.0,0.0,0.0,0.0,0.0,0.0,DoS attacks-Hulk
80.0,6.0,2018-02-16 01:46:20,4137933.0,4.0,4.0,350.0,935.0,350.0,0.0,87.5,175.0,935.0,0.0,233.75,467.5,310.5415192,1.933332415,591133.2857,1519050.106,4035755.0,6.0,4115836.0,1371945.333,2306941.908,4035755.0,31703.0,102171.0,34057.0,41347.29008,80080.0,45.0,0.0,0.0,124.0,136.0,0.966666208,0.966666208,0.0,935.0,142.7777778,318.8368618,101656.9444,1.0,0.0,0.0,0.0,0.0,0.0,0.0,0.0,1.0,160.625,87.5,233.75,4.0,350.0,4.0,935.0,0.0,237.0,1.0,20.0,0.0,0.0,0.0,0.0,0.0,0.0,0.0,0.0,DoS attacks-Hulk
80.0,6.0,2018-02-16 01:45:55,12481.0,2.0,0.0,0.0,0.0,0.0,0.0,0.0,0.0,0.0,0.0,0.0,0.0,0.0,160.2435702,12481.0,0.0,12481.0,12481.0,12481.0,12481.0,0.0,12481.0,12481.0,0.0,0.0,0.0,0.0,0.0,0.0,0.0,64.0,0.0,160.2435702,0.0,0.0,0.0,0.0,0.0,0.0,0.0,0.0,0.0,0.0,1.0,0.0,0.0,0.0,0.0,0.0,0.0,0.0,2.0,0.0,0.0,0.0,225.0,-1.0,0.0,32.0,0.0,0.0,0.0,0.0,0.0,0.0,0.0,0.0,DoS attacks-Hulk
80.0,6.0,2018-02-16 01:46:22,355.0,2.0,0.0,0.0,0.0,0.0,0.0,0.0,0.0,0.0,0.0,0.0,0.0,0.0,5633.802817,355.0,0.0,355.0,355.0,355.0,355.0,0.0,355.0,355.0,0.0,0.0,0.0,0.0,0.0,0.0,0.0,64.0,0.0,5633.802817,0.0,0.0,0.0,0.0,0.0,0.0,0.0,0.0,0.0,0.0,1.0,0.0,0.0,0.0,0.0,0.0,0.0,0.0,2.0,0.0,0.0,0.0,225.0,-1.0,0.0,32.0,0.0,0.0,0.0,0.0,0.0,0.0,0.0,0.0,DoS attacks-Hulk
80.0,6.0,2018-02-16 01:48:36,4402763.0,5.0,4.0,784.0,935.0,392.0,0.0,156.8,214.7072425,935.0,0.0,233.75,467.5,390.4366417,2.044170899,550345.375,1418942.989,4055428.0,6.0,4378587.0,1094646.75,1976802.75,4055428.0,30654.0,347327.0,115775.6667,180000.3565,323157.0,49.0,0.0,0.0,156.0,136.0,1.135650499,0.9085204,0.0,935.0,171.9,313.7686515,98450.76667,1.0,0.0,0.0,0.0,0.0,0.0,0.0,0.0,0.0,191.0,156.8,233.75,5.0,784.0,4.0,935.0,0.0,219.0,2.0,20.0,0.0,0.0,0.0,0.0,0.0,0.0,0.0,0.0,DoS attacks-Hulk
80.0,6.0,2018-02-16 01:47:24,99661.0,3.0,0.0,0.0,0.0,0.0,0.0,0.0,0.0,0.0,0.0,0.0,0.0,0.0,30.10204594,49830.5,13103.39576,59096.0,40565.0,99661.0,49830.5,13103.39576,59096.0,40565.0,0.0,0.0,0.0,0.0,0.0,0.0,0.0,96.0,0.0,30.10204594,0.0,0.0,0.0,0.0,0.0,0.0,0.0,0.0,0.0,0.0,1.0,0.0,0.0,0.0,0.0,0.0,0.0,0.0,3.0,0.0,0.0,0.0,225.0,-1.0,0.0,32.0,0.0,0.0,0.0,0.0,0.0,0.0,0.0,0.0,DoS attacks-Hulk
80.0,6.0,2018-02-16 01:48:15,670.0,2.0,0.0,0.0,0.0,0.0,0.0,0.0,0.0,0.0,0.0,0.0,0.0,0.0,2985.074627,670.0,0.0,670.0,670.0,670.0,670.0,0.0,670.0,670.0,0.0,0.0,0.0,0.0,0.0,0.0,0.0,64.0,0.0,2985.074627,0.0,0.0,0.0,0.0,0.0,0.0,0.0,0.0,0.0,0.0,1.0,0.0,0.0,0.0,0.0,0.0,0.0,0.0,2.0,0.0,0.0,0.0,225.0,-1.0,0.0,32.0,0.0,0.0,0.0,0.0,0.0,0.0,0.0,0.0,DoS attacks-Hulk
80.0,6.0,2018-02-16 01:45:28,17950.0,3.0,4.0,365.0,935.0,365.0,0.0,121.6666667,210.7328483,935.0,0.0,233.75,467.5,72423.39833,389.9721448,2991.666667,4529.233651,8985.0,7.0,9233.0,4616.5,6177.991947,8985.0,248.0,17943.0,5981.0,5168.726052,9234.0,21.0,0.0,0.0,104.0,136.0,167.1309192,222.8412256,0.0,935.0,162.5,337.2578496,113742.8571,0.0,0.0,0.0,1.0,0.0,0.0,0.0,0.0,1.0,185.7142857,121.6666667,233.75,3.0,365.0,4.0,935.0,26883.0,219.0,1.0,32.0,0.0,0.0,0.0,0.0,0.0,0.0,0.0,0.0,DoS attacks-Hulk
80.0,6.0,2018-02-16 01:46:33,25962.0,2.0,0.0,0.0,0.0,0.0,0.0,0.0,0.0,0.0,0.0,0.0,0.0,0.0,77.03566751,25962.0,0.0,25962.0,25962.0,25962.0,25962.0,0.0,25962.0,25962.0,0.0,0.0,0.0,0.0,0.0,0.0,0.0,64.0,0.0,77.03566751,0.0,0.0,0.0,0.0,0.0,0.0,0.0,0.0,0.0,0.0,1.0,0.0,0.0,0.0,0.0,0.0,0.0,0.0,2.0,0.0,0.0,0.0,225.0,-1.0,0.0,32.0,0.0,0.0,0.0,0.0,0.0,0.0,0.0,0.0,DoS attacks-Hulk
80.0,6.0,2018-02-16 01:47:31,498.0,2.0,0.0,0.0,0.0,0.0,0.0,0.0,0.0,0.0,0.0,0.0,0.0,0.0,4016.064257,498.0,0.0,498.0,498.0,498.0,498.0,0.0,498.0,498.0,0.0,0.0,0.0,0.0,0.0,0.0,0.0,64.0,0.0,4016.064257,0.0,0.0,0.0,0.0,0.0,0.0,0.0,0.0,0.0,0.0,1.0,0.0,0.0,0.0,0.0,0.0,0.0,0.0,2.0,0.0,0.0,0.0,225.0,-1.0,0.0,32.0,0.0,0.0,0.0,0.0,0.0,0.0,0.0,0.0,DoS attacks-Hulk
80.0,6.0,2018-02-16 01:46:02,89776.0,3.0,0.0,0.0,0.0,0.0,0.0,0.0,0.0,0.0,0.0,0.0,0.0,0.0,33.4165033,44888.0,11807.26903,53237.0,36539.0,89776.0,44888.0,11807.26903,53237.0,36539.0,0.0,0.0,0.0,0.0,0.0,0.0,0.0,96.0,0.0,33.4165033,0.0,0.0,0.0,0.0,0.0,0.0,0.0,0.0,0.0,0.0,1.0,0.0,0.0,0.0,0.0,0.0,0.0,0.0,3.0,0.0,0.0,0.0,225.0,-1.0,0.0,32.0,0.0,0.0,0.0,0.0,0.0,0.0,0.0,0.0,DoS attacks-Hulk
80.0,6.0,2018-02-16 01:47:40,45230.0,3.0,0.0,0.0,0.0,0.0,0.0,0.0,0.0,0.0,0.0,0.0,0.0,0.0,66.32765863,22615.0,26614.08503,41434.0,3796.0,45230.0,22615.0,26614.08503,41434.0,3796.0,0.0,0.0,0.0,0.0,0.0,0.0,0.0,96.0,0.0,66.32765863,0.0,0.0,0.0,0.0,0.0,0.0,0.0,0.0,0.0,0.0,1.0,0.0,0.0,0.0,0.0,0.0,0.0,0.0,3.0,0.0,0.0,0.0,225.0,-1.0,0.0,32.0,0.0,0.0,0.0,0.0,0.0,0.0,0.0,0.0,DoS attacks-Hulk
80.0,6.0,2018-02-16 01:47:41,17230.0,2.0,0.0,0.0,0.0,0.0,0.0,0.0,0.0,0.0,0.0,0.0,0.0,0.0,116.0766106,17230.0,0.0,17230.0,17230.0,17230.0,17230.0,0.0,17230.0,17230.0,0.0,0.0,0.0,0.0,0.0,0.0,0.0,64.0,0.0,116.0766106,0.0,0.0,0.0,0.0,0.0,0.0,0.0,0.0,0.0,0.0,1.0,0.0,0.0,0.0,0.0,0.0,0.0,0.0,2.0,0.0,0.0,0.0,225.0,-1.0,0.0,32.0,0.0,0.0,0.0,0.0,0.0,0.0,0.0,0.0,DoS attacks-Hulk
80.0,6.0,2018-02-16 01:46:26,26253.0,2.0,0.0,0.0,0.0,0.0,0.0,0.0,0.0,0.0,0.0,0.0,0.0,0.0,76.1817697,26253.0,0.0,26253.0,26253.0,26253.0,26253.0,0.0,26253.0,26253.0,0.0,0.0,0.0,0.0,0.0,0.0,0.0,64.0,0.0,76.1817697,0.0,0.0,0.0,0.0,0.0,0.0,0.0,0.0,0.0,0.0,1.0,0.0,0.0,0.0,0.0,0.0,0.0,0.0,2.0,0.0,0.0,0.0,225.0,-1.0,0.0,32.0,0.0,0.0,0.0,0.0,0.0,0.0,0.0,0.0,DoS attacks-Hulk
80.0,6.0,2018-02-16 01:47:44,3056.0,2.0,0.0,0.0,0.0,0.0,0.0,0.0,0.0,0.0,0.0,0.0,0.0,0.0,654.4502618,3056.0,0.0,3056.0,3056.0,3056.0,3056.0,0.0,3056.0,3056.0,0.0,0.0,0.0,0.0,0.0,0.0,0.0,64.0,0.0,654.4502618,0.0,0.0,0.0,0.0,0.0,0.0,0.0,0.0,0.0,0.0,1.0,0.0,0.0,0.0,0.0,0.0,0.0,0.0,2.0,0.0,0.0,0.0,225.0,-1.0,0.0,32.0,0.0,0.0,0.0,0.0,0.0,0.0,0.0,0.0,DoS attacks-Hulk
80.0,6.0,2018-02-16 01:46:18,29440.0,2.0,0.0,0.0,0.0,0.0,0.0,0.0,0.0,0.0,0.0,0.0,0.0,0.0,67.93478261,29440.0,0.0,29440.0,29440.0,29440.0,29440.0,0.0,29440.0,29440.0,0.0,0.0,0.0,0.0,0.0,0.0,0.0,64.0,0.0,67.93478261,0.0,0.0,0.0,0.0,0.0,0.0,0.0,0.0,0.0,0.0,1.0,0.0,0.0,0.0,0.0,0.0,0.0,0.0,2.0,0.0,0.0,0.0,225.0,-1.0,0.0,32.0,0.0,0.0,0.0,0.0,0.0,0.0,0.0,0.0,DoS attacks-Hulk
80.0,6.0,2018-02-16 01:47:32,3255.0,2.0,0.0,0.0,0.0,0.0,0.0,0.0,0.0,0.0,0.0,0.0,0.0,0.0,614.4393241,3255.0,0.0,3255.0,3255.0,3255.0,3255.0,0.0,3255.0,3255.0,0.0,0.0,0.0,0.0,0.0,0.0,0.0,64.0,0.0,614.4393241,0.0,0.0,0.0,0.0,0.0,0.0,0.0,0.0,0.0,0.0,1.0,0.0,0.0,0.0,0.0,0.0,0.0,0.0,2.0,0.0,0.0,0.0,225.0,-1.0,0.0,32.0,0.0,0.0,0.0,0.0,0.0,0.0,0.0,0.0,DoS attacks-Hulk
80.0,6.0,2018-02-16 01:48:03,7400.0,2.0,0.0,0.0,0.0,0.0,0.0,0.0,0.0,0.0,0.0,0.0,0.0,0.0,270.2702703,7400.0,0.0,7400.0,7400.0,7400.0,7400.0,0.0,7400.0,7400.0,0.0,0.0,0.0,0.0,0.0,0.0,0.0,64.0,0.0,270.2702703,0.0,0.0,0.0,0.0,0.0,0.0,0.0,0.0,0.0,0.0,1.0,0.0,0.0,0.0,0.0,0.0,0.0,0.0,2.0,0.0,0.0,0.0,225.0,-1.0,0.0,32.0,0.0,0.0,0.0,0.0,0.0,0.0,0.0,0.0,DoS attacks-Hulk
80.0,6.0,2018-02-16 01:46:38,69930.0,3.0,0.0,0.0,0.0,0.0,0.0,0.0,0.0,0.0,0.0,0.0,0.0,0.0,42.9000429,34965.0,8578.619469,41031.0,28899.0,69930.0,34965.0,8578.619469,41031.0,28899.0,0.0,0.0,0.0,0.0,0.0,0.0,0.0,96.0,0.0,42.9000429,0.0,0.0,0.0,0.0,0.0,0.0,0.0,0.0,0.0,0.0,1.0,0.0,0.0,0.0,0.0,0.0,0.0,0.0,3.0,0.0,0.0,0.0,225.0,-1.0,0.0,32.0,0.0,0.0,0.0,0.0,0.0,0.0,0.0,0.0,DoS attacks-Hulk
80.0,6.0,2018-02-16 01:48:22,5927.0,2.0,0.0,0.0,0.0,0.0,0.0,0.0,0.0,0.0,0.0,0.0,0.0,0.0,337.4388392,5927.0,0.0,5927.0,5927.0,5927.0,5927.0,0.0,5927.0,5927.0,0.0,0.0,0.0,0.0,0.0,0.0,0.0,64.0,0.0,337.4388392,0.0,0.0,0.0,0.0,0.0,0.0,0.0,0.0,0.0,0.0,1.0,0.0,0.0,0.0,0.0,0.0,0.0,0.0,2.0,0.0,0.0,0.0,225.0,-1.0,0.0,32.0,0.0,0.0,0.0,0.0,0.0,0.0,0.0,0.0,DoS attacks-Hulk
80.0,6.0,2018-02-16 01:47:06,53787.0,3.0,0.0,0.0,0.0,0.0,0.0,0.0,0.0,0.0,0.0,0.0,0.0,0.0,55.77555915,26893.5,21324.2192,41972.0,11815.0,53787.0,26893.5,21324.2192,41972.0,11815.0,0.0,0.0,0.0,0.0,0.0,0.0,0.0,96.0,0.0,55.77555915,0.0,0.0,0.0,0.0,0.0,0.0,0.0,0.0,0.0,0.0,1.0,0.0,0.0,0.0,0.0,0.0,0.0,0.0,3.0,0.0,0.0,0.0,225.0,-1.0,0.0,32.0,0.0,0.0,0.0,0.0,0.0,0.0,0.0,0.0,DoS attacks-Hulk
80.0,6.0,2018-02-16 01:46:21,63499.0,3.0,0.0,0.0,0.0,0.0,0.0,0.0,0.0,0.0,0.0,0.0,0.0,0.0,47.2448385,31749.5,12830.45254,40822.0,22677.0,63499.0,31749.5,12830.45254,40822.0,22677.0,0.0,0.0,0.0,0.0,0.0,0.0,0.0,96.0,0.0,47.2448385,0.0,0.0,0.0,0.0,0.0,0.0,0.0,0.0,0.0,0.0,1.0,0.0,0.0,0.0,0.0,0.0,0.0,0.0,3.0,0.0,0.0,0.0,225.0,-1.0,0.0,32.0,0.0,0.0,0.0,0.0,0.0,0.0,0.0,0.0,DoS attacks-Hulk
80.0,6.0,2018-02-16 01:47:02,1451.0,2.0,0.0,0.0,0.0,0.0,0.0,0.0,0.0,0.0,0.0,0.0,0.0,0.0,1378.359752,1451.0,0.0,1451.0,1451.0,1451.0,1451.0,0.0,1451.0,1451.0,0.0,0.0,0.0,0.0,0.0,0.0,0.0,64.0,0.0,1378.359752,0.0,0.0,0.0,0.0,0.0,0.0,0.0,0.0,0.0,0.0,1.0,0.0,0.0,0.0,0.0,0.0,0.0,0.0,2.0,0.0,0.0,0.0,225.0,-1.0,0.0,32.0,0.0,0.0,0.0,0.0,0.0,0.0,0.0,0.0,DoS attacks-Hulk
80.0,6.0,2018-02-16 01:47:22,23015.0,2.0,0.0,0.0,0.0,0.0,0.0,0.0,0.0,0.0,0.0,0.0,0.0,0.0,86.89984793,23015.0,0.0,23015.0,23015.0,23015.0,23015.0,0.0,23015.0,23015.0,0.0,0.0,0.0,0.0,0.0,0.0,0.0,64.0,0.0,86.89984793,0.0,0.0,0.0,0.0,0.0,0.0,0.0,0.0,0.0,0.0,1.0,0.0,0.0,0.0,0.0,0.0,0.0,0.0,2.0,0.0,0.0,0.0,225.0,-1.0,0.0,32.0,0.0,0.0,0.0,0.0,0.0,0.0,0.0,0.0,DoS attacks-Hulk
80.0,6.0,2018-02-16 01:47:06,18528.0,2.0,0.0,0.0,0.0,0.0,0.0,0.0,0.0,0.0,0.0,0.0,0.0,0.0,107.9447323,18528.0,0.0,18528.0,18528.0,18528.0,18528.0,0.0,18528.0,18528.0,0.0,0.0,0.0,0.0,0.0,0.0,0.0,64.0,0.0,107.9447323,0.0,0.0,0.0,0.0,0.0,0.0,0.0,0.0,0.0,0.0,1.0,0.0,0.0,0.0,0.0,0.0,0.0,0.0,2.0,0.0,0.0,0.0,225.0,-1.0,0.0,32.0,0.0,0.0,0.0,0.0,0.0,0.0,0.0,0.0,DoS attacks-Hulk
80.0,6.0,2018-02-16 01:45:59,7023.0,2.0,0.0,0.0,0.0,0.0,0.0,0.0,0.0,0.0,0.0,0.0,0.0,0.0,284.7785847,7023.0,0.0,7023.0,7023.0,7023.0,7023.0,0.0,7023.0,7023.0,0.0,0.0,0.0,0.0,0.0,0.0,0.0,64.0,0.0,284.7785847,0.0,0.0,0.0,0.0,0.0,0.0,0.0,0.0,0.0,0.0,1.0,0.0,0.0,0.0,0.0,0.0,0.0,0.0,2.0,0.0,0.0,0.0,225.0,-1.0,0.0,32.0,0.0,0.0,0.0,0.0,0.0,0.0,0.0,0.0,DoS attacks-Hulk
80.0,6.0,2018-02-16 01:47:46,32719.0,2.0,0.0,0.0,0.0,0.0,0.0,0.0,0.0,0.0,0.0,0.0,0.0,0.0,61.12656255,32719.0,0.0,32719.0,32719.0,32719.0,32719.0,0.0,32719.0,32719.0,0.0,0.0,0.0,0.0,0.0,0.0,0.0,64.0,0.0,61.12656255,0.0,0.0,0.0,0.0,0.0,0.0,0.0,0.0,0.0,0.0,1.0,0.0,0.0,0.0,0.0,0.0,0.0,0.0,2.0,0.0,0.0,0.0,225.0,-1.0,0.0,32.0,0.0,0.0,0.0,0.0,0.0,0.0,0.0,0.0,DoS attacks-Hulk
80.0,6.0,2018-02-16 01:45:47,27726.0,2.0,0.0,0.0,0.0,0.0,0.0,0.0,0.0,0.0,0.0,0.0,0.0,0.0,72.13445863,27726.0,0.0,27726.0,27726.0,27726.0,27726.0,0.0,27726.0,27726.0,0.0,0.0,0.0,0.0,0.0,0.0,0.0,64.0,0.0,72.13445863,0.0,0.0,0.0,0.0,0.0,0.0,0.0,0.0,0.0,0.0,1.0,0.0,0.0,0.0,0.0,0.0,0.0,0.0,2.0,0.0,0.0,0.0,225.0,-1.0,0.0,32.0,0.0,0.0,0.0,0.0,0.0,0.0,0.0,0.0,DoS attacks-Hulk
80.0,6.0,2018-02-16 01:48:07,7641.0,2.0,0.0,0.0,0.0,0.0,0.0,0.0,0.0,0.0,0.0,0.0,0.0,0.0,261.7458448,7641.0,0.0,7641.0,7641.0,7641.0,7641.0,0.0,7641.0,7641.0,0.0,0.0,0.0,0.0,0.0,0.0,0.0,64.0,0.0,261.7458448,0.0,0.0,0.0,0.0,0.0,0.0,0.0,0.0,0.0,0.0,1.0,0.0,0.0,0.0,0.0,0.0,0.0,0.0,2.0,0.0,0.0,0.0,225.0,-1.0,0.0,32.0,0.0,0.0,0.0,0.0,0.0,0.0,0.0,0.0,DoS attacks-Hulk
80.0,6.0,2018-02-16 01:45:44,27662.0,2.0,0.0,0.0,0.0,0.0,0.0,0.0,0.0,0.0,0.0,0.0,0.0,0.0,72.30135204,27662.0,0.0,27662.0,27662.0,27662.0,27662.0,0.0,27662.0,27662.0,0.0,0.0,0.0,0.0,0.0,0.0,0.0,64.0,0.0,72.30135204,0.0,0.0,0.0,0.0,0.0,0.0,0.0,0.0,0.0,0.0,1.0,0.0,0.0,0.0,0.0,0.0,0.0,0.0,2.0,0.0,0.0,0.0,225.0,-1.0,0.0,32.0,0.0,0.0,0.0,0.0,0.0,0.0,0.0,0.0,DoS attacks-Hulk
80.0,6.0,2018-02-16 01:45:56,81241.0,3.0,0.0,0.0,0.0,0.0,0.0,0.0,0.0,0.0,0.0,0.0,0.0,0.0,36.92716732,40620.5,3236.427737,42909.0,38332.0,81241.0,40620.5,3236.427737,42909.0,38332.0,0.0,0.0,0.0,0.0,0.0,0.0,0.0,96.0,0.0,36.92716732,0.0,0.0,0.0,0.0,0.0,0.0,0.0,0.0,0.0,0.0,1.0,0.0,0.0,0.0,0.0,0.0,0.0,0.0,3.0,0.0,0.0,0.0,225.0,-1.0,0.0,32.0,0.0,0.0,0.0,0.0,0.0,0.0,0.0,0.0,DoS attacks-Hulk
80.0,6.0,2018-02-16 01:46:18,31467.0,2.0,0.0,0.0,0.0,0.0,0.0,0.0,0.0,0.0,0.0,0.0,0.0,0.0,63.55864874,31467.0,0.0,31467.0,31467.0,31467.0,31467.0,0.0,31467.0,31467.0,0.0,0.0,0.0,0.0,0.0,0.0,0.0,64.0,0.0,63.55864874,0.0,0.0,0.0,0.0,0.0,0.0,0.0,0.0,0.0,0.0,1.0,0.0,0.0,0.0,0.0,0.0,0.0,0.0,2.0,0.0,0.0,0.0,225.0,-1.0,0.0,32.0,0.0,0.0,0.0,0.0,0.0,0.0,0.0,0.0,DoS attacks-Hulk
80.0,6.0,2018-02-16 01:45:30,46406.0,3.0,4.0,342.0,935.0,342.0,0.0,114.0,197.4537921,935.0,0.0,233.75,467.5,27517.99336,150.8425635,7734.333333,16775.7453,41801.0,7.0,42055.0,21027.5,29378.16544,41801.0,254.0,46399.0,15466.33333,23128.24823,42057.0,22.0,0.0,0.0,104.0,136.0,64.64681291,86.19575055,0.0,935.0,159.625,335.3777987,112478.2679,0.0,0.0,0.0,1.0,0.0,0.0,0.0,0.0,1.0,182.4285714,114.0,233.75,3.0,342.0,4.0,935.0,26883.0,219.0,1.0,32.0,0.0,0.0,0.0,0.0,0.0,0.0,0.0,0.0,DoS attacks-Hulk
80.0,6.0,2018-02-16 01:45:55,4664095.0,4.0,5.0,344.0,935.0,344.0,0.0,86.0,172.0,935.0,0.0,187.0,418.1447118,274.2225448,1.929634795,583011.875,1625377.546,4605480.0,2.0,4630341.0,1543447.0,2651834.007,4605489.0,273.0,4664086.0,1166021.5,2293020.04,4605485.0,22.0,0.0,0.0,136.0,168.0,0.857615465,1.072019331,0.0,935.0,127.9,303.4938952,92108.54444,0.0,0.0,0.0,0.0,1.0,1.0,0.0,0.0,1.0,142.1111111,86.0,187.0,4.0,344.0,5.0,935.0,225.0,237.0,1.0,32.0,0.0,0.0,0.0,0.0,0.0,0.0,0.0,0.0,DoS attacks-Hulk
80.0,6.0,2018-02-16 01:45:32,53649.0,3.0,4.0,362.0,935.0,362.0,0.0,120.6666667,209.0007974,935.0,0.0,233.75,467.5,24175.66031,130.4777349,8941.5,16325.45469,41197.0,6.0,12421.0,6210.5,6172.335093,10575.0,1846.0,53643.0,17881.0,21122.95654,41197.0,22.0,0.0,0.0,104.0,136.0,55.91902925,74.55870566,0.0,935.0,162.125,337.002093,113570.4107,0.0,0.0,0.0,1.0,0.0,0.0,0.0,0.0,1.0,185.2857143,120.6666667,233.75,3.0,362.0,4.0,935.0,26883.0,219.0,1.0,32.0,0.0,0.0,0.0,0.0,0.0,0.0,0.0,0.0,DoS attacks-Hulk
80.0,6.0,2018-02-16 01:46:30,1071.0,2.0,0.0,0.0,0.0,0.0,0.0,0.0,0.0,0.0,0.0,0.0,0.0,0.0,1867.413632,1071.0,0.0,1071.0,1071.0,1071.0,1071.0,0.0,1071.0,1071.0,0.0,0.0,0.0,0.0,0.0,0.0,0.0,64.0,0.0,1867.413632,0.0,0.0,0.0,0.0,0.0,0.0,0.0,0.0,0.0,0.0,1.0,0.0,0.0,0.0,0.0,0.0,0.0,0.0,2.0,0.0,0.0,0.0,225.0,-1.0,0.0,32.0,0.0,0.0,0.0,0.0,0.0,0.0,0.0,0.0,DoS attacks-Hulk
80.0,6.0,2018-02-16 01:48:13,49023.0,2.0,0.0,0.0,0.0,0.0,0.0,0.0,0.0,0.0,0.0,0.0,0.0,0.0,40.79717684,49023.0,0.0,49023.0,49023.0,49023.0,49023.0,0.0,49023.0,49023.0,0.0,0.0,0.0,0.0,0.0,0.0,0.0,64.0,0.0,40.79717684,0.0,0.0,0.0,0.0,0.0,0.0,0.0,0.0,0.0,0.0,1.0,0.0,0.0,0.0,0.0,0.0,0.0,0.0,2.0,0.0,0.0,0.0,225.0,-1.0,0.0,32.0,0.0,0.0,0.0,0.0,0.0,0.0,0.0,0.0,DoS attacks-Hulk
80.0,6.0,2018-02-16 01:45:29,39318.0,3.0,4.0,345.0,935.0,345.0,0.0,115.0,199.1858429,935.0,0.0,233.75,467.5,32555.06384,178.0355054,6553.0,14515.93409,36096.0,7.0,36357.0,18178.5,25339.1715,36096.0,261.0,39298.0,13099.33333,20178.47312,36344.0,86.0,0.0,0.0,104.0,136.0,76.30093087,101.7345745,0.0,935.0,160.0,335.6124466,112635.7143,0.0,0.0,0.0,1.0,0.0,0.0,0.0,0.0,1.0,182.8571429,115.0,233.75,3.0,345.0,4.0,935.0,26883.0,219.0,1.0,32.0,0.0,0.0,0.0,0.0,0.0,0.0,0.0,0.0,DoS attacks-Hulk
80.0,6.0,2018-02-16 01:48:07,175.0,2.0,0.0,0.0,0.0,0.0,0.0,0.0,0.0,0.0,0.0,0.0,0.0,0.0,11428.57143,175.0,0.0,175.0,175.0,175.0,175.0,0.0,175.0,175.0,0.0,0.0,0.0,0.0,0.0,0.0,0.0,64.0,0.0,11428.57143,0.0,0.0,0.0,0.0,0.0,0.0,0.0,0.0,0.0,0.0,1.0,0.0,0.0,0.0,0.0,0.0,0.0,0.0,2.0,0.0,0.0,0.0,225.0,-1.0,0.0,32.0,0.0,0.0,0.0,0.0,0.0,0.0,0.0,0.0,DoS attacks-Hulk
80.0,6.0,2018-02-16 01:48:31,49541.0,3.0,0.0,0.0,0.0,0.0,0.0,0.0,0.0,0.0,0.0,0.0,0.0,0.0,60.55590319,24770.5,26624.69163,43597.0,5944.0,49541.0,24770.5,26624.69163,43597.0,5944.0,0.0,0.0,0.0,0.0,0.0,0.0,0.0,96.0,0.0,60.55590319,0.0,0.0,0.0,0.0,0.0,0.0,0.0,0.0,0.0,0.0,1.0,0.0,0.0,0.0,0.0,0.0,0.0,0.0,3.0,0.0,0.0,0.0,225.0,-1.0,0.0,32.0,0.0,0.0,0.0,0.0,0.0,0.0,0.0,0.0,DoS attacks-Hulk
80.0,6.0,2018-02-16 01:46:18,2805.0,2.0,0.0,0.0,0.0,0.0,0.0,0.0,0.0,0.0,0.0,0.0,0.0,0.0,713.0124777,2805.0,0.0,2805.0,2805.0,2805.0,2805.0,0.0,2805.0,2805.0,0.0,0.0,0.0,0.0,0.0,0.0,0.0,64.0,0.0,713.0124777,0.0,0.0,0.0,0.0,0.0,0.0,0.0,0.0,0.0,0.0,1.0,0.0,0.0,0.0,0.0,0.0,0.0,0.0,2.0,0.0,0.0,0.0,225.0,-1.0,0.0,32.0,0.0,0.0,0.0,0.0,0.0,0.0,0.0,0.0,DoS attacks-Hulk
80.0,6.0,2018-02-16 01:46:47,50044.0,3.0,0.0,0.0,0.0,0.0,0.0,0.0,0.0,0.0,0.0,0.0,0.0,0.0,59.94724642,25022.0,26021.52955,43422.0,6622.0,50044.0,25022.0,26021.52955,43422.0,6622.0,0.0,0.0,0.0,0.0,0.0,0.0,0.0,96.0,0.0,59.94724642,0.0,0.0,0.0,0.0,0.0,0.0,0.0,0.0,0.0,0.0,1.0,0.0,0.0,0.0,0.0,0.0,0.0,0.0,3.0,0.0,0.0,0.0,225.0,-1.0,0.0,32.0,0.0,0.0,0.0,0.0,0.0,0.0,0.0,0.0,DoS attacks-Hulk
80.0,6.0,2018-02-16 01:46:04,12710.0,2.0,0.0,0.0,0.0,0.0,0.0,0.0,0.0,0.0,0.0,0.0,0.0,0.0,157.3564123,12710.0,0.0,12710.0,12710.0,12710.0,12710.0,0.0,12710.0,12710.0,0.0,0.0,0.0,0.0,0.0,0.0,0.0,64.0,0.0,157.3564123,0.0,0.0,0.0,0.0,0.0,0.0,0.0,0.0,0.0,0.0,1.0,0.0,0.0,0.0,0.0,0.0,0.0,0.0,2.0,0.0,0.0,0.0,225.0,-1.0,0.0,32.0,0.0,0.0,0.0,0.0,0.0,0.0,0.0,0.0,DoS attacks-Hulk
80.0,6.0,2018-02-16 01:46:59,29514.0,2.0,0.0,0.0,0.0,0.0,0.0,0.0,0.0,0.0,0.0,0.0,0.0,0.0,67.76445077,29514.0,0.0,29514.0,29514.0,29514.0,29514.0,0.0,29514.0,29514.0,0.0,0.0,0.0,0.0,0.0,0.0,0.0,64.0,0.0,67.76445077,0.0,0.0,0.0,0.0,0.0,0.0,0.0,0.0,0.0,0.0,1.0,0.0,0.0,0.0,0.0,0.0,0.0,0.0,2.0,0.0,0.0,0.0,225.0,-1.0,0.0,32.0,0.0,0.0,0.0,0.0,0.0,0.0,0.0,0.0,DoS attacks-Hulk
80.0,6.0,2018-02-16 01:48:10,2217.0,2.0,0.0,0.0,0.0,0.0,0.0,0.0,0.0,0.0,0.0,0.0,0.0,0.0,902.119982,2217.0,0.0,2217.0,2217.0,2217.0,2217.0,0.0,2217.0,2217.0,0.0,0.0,0.0,0.0,0.0,0.0,0.0,64.0,0.0,902.119982,0.0,0.0,0.0,0.0,0.0,0.0,0.0,0.0,0.0,0.0,1.0,0.0,0.0,0.0,0.0,0.0,0.0,0.0,2.0,0.0,0.0,0.0,225.0,-1.0,0.0,32.0,0.0,0.0,0.0,0.0,0.0,0.0,0.0,0.0,DoS attacks-Hulk
80.0,6.0,2018-02-16 01:47:46,51463.0,3.0,0.0,0.0,0.0,0.0,0.0,0.0,0.0,0.0,0.0,0.0,0.0,0.0,58.29430853,25731.5,31899.70822,48288.0,3175.0,51463.0,25731.5,31899.70822,48288.0,3175.0,0.0,0.0,0.0,0.0,0.0,0.0,0.0,96.0,0.0,58.29430853,0.0,0.0,0.0,0.0,0.0,0.0,0.0,0.0,0.0,0.0,1.0,0.0,0.0,0.0,0.0,0.0,0.0,0.0,3.0,0.0,0.0,0.0,225.0,-1.0,0.0,32.0,0.0,0.0,0.0,0.0,0.0,0.0,0.0,0.0,DoS attacks-Hulk
80.0,6.0,2018-02-16 01:47:36,463.0,2.0,0.0,0.0,0.0,0.0,0.0,0.0,0.0,0.0,0.0,0.0,0.0,0.0,4319.654428,463.0,0.0,463.0,463.0,463.0,463.0,0.0,463.0,463.0,0.0,0.0,0.0,0.0,0.0,0.0,0.0,64.0,0.0,4319.654428,0.0,0.0,0.0,0.0,0.0,0.0,0.0,0.0,0.0,0.0,1.0,0.0,0.0,0.0,0.0,0.0,0.0,0.0,2.0,0.0,0.0,0.0,225.0,-1.0,0.0,32.0,0.0,0.0,0.0,0.0,0.0,0.0,0.0,0.0,DoS attacks-Hulk
80.0,6.0,2018-02-16 01:48:28,7948.0,2.0,0.0,0.0,0.0,0.0,0.0,0.0,0.0,0.0,0.0,0.0,0.0,0.0,251.6356316,7948.0,0.0,7948.0,7948.0,7948.0,7948.0,0.0,7948.0,7948.0,0.0,0.0,0.0,0.0,0.0,0.0,0.0,64.0,0.0,251.6356316,0.0,0.0,0.0,0.0,0.0,0.0,0.0,0.0,0.0,0.0,1.0,0.0,0.0,0.0,0.0,0.0,0.0,0.0,2.0,0.0,0.0,0.0,225.0,-1.0,0.0,32.0,0.0,0.0,0.0,0.0,0.0,0.0,0.0,0.0,DoS attacks-Hulk
80.0,6.0,2018-02-16 01:48:24,15605.0,2.0,0.0,0.0,0.0,0.0,0.0,0.0,0.0,0.0,0.0,0.0,0.0,0.0,128.16405,15605.0,0.0,15605.0,15605.0,15605.0,15605.0,0.0,15605.0,15605.0,0.0,0.0,0.0,0.0,0.0,0.0,0.0,64.0,0.0,128.16405,0.0,0.0,0.0,0.0,0.0,0.0,0.0,0.0,0.0,0.0,1.0,0.0,0.0,0.0,0.0,0.0,0.0,0.0,2.0,0.0,0.0,0.0,225.0,-1.0,0.0,32.0,0.0,0.0,0.0,0.0,0.0,0.0,0.0,0.0,DoS attacks-Hulk
80.0,6.0,2018-02-16 01:46:11,6388.0,2.0,0.0,0.0,0.0,0.0,0.0,0.0,0.0,0.0,0.0,0.0,0.0,0.0,313.0870382,6388.0,0.0,6388.0,6388.0,6388.0,6388.0,0.0,6388.0,6388.0,0.0,0.0,0.0,0.0,0.0,0.0,0.0,64.0,0.0,313.0870382,0.0,0.0,0.0,0.0,0.0,0.0,0.0,0.0,0.0,0.0,1.0,0.0,0.0,0.0,0.0,0.0,0.0,0.0,2.0,0.0,0.0,0.0,225.0,-1.0,0.0,32.0,0.0,0.0,0.0,0.0,0.0,0.0,0.0,0.0,DoS attacks-Hulk
80.0,6.0,2018-02-16 01:48:19,28343.0,2.0,0.0,0.0,0.0,0.0,0.0,0.0,0.0,0.0,0.0,0.0,0.0,0.0,70.56416046,28343.0,0.0,28343.0,28343.0,28343.0,28343.0,0.0,28343.0,28343.0,0.0,0.0,0.0,0.0,0.0,0.0,0.0,64.0,0.0,70.56416046,0.0,0.0,0.0,0.0,0.0,0.0,0.0,0.0,0.0,0.0,1.0,0.0,0.0,0.0,0.0,0.0,0.0,0.0,2.0,0.0,0.0,0.0,225.0,-1.0,0.0,32.0,0.0,0.0,0.0,0.0,0.0,0.0,0.0,0.0,DoS attacks-Hulk
80.0,6.0,2018-02-16 01:45:38,1669.0,2.0,0.0,0.0,0.0,0.0,0.0,0.0,0.0,0.0,0.0,0.0,0.0,0.0,1198.322349,1669.0,0.0,1669.0,1669.0,1669.0,1669.0,0.0,1669.0,1669.0,0.0,0.0,0.0,0.0,0.0,0.0,0.0,64.0,0.0,1198.322349,0.0,0.0,0.0,0.0,0.0,0.0,0.0,0.0,0.0,0.0,1.0,0.0,0.0,0.0,0.0,0.0,0.0,0.0,2.0,0.0,0.0,0.0,225.0,-1.0,0.0,32.0,0.0,0.0,0.0,0.0,0.0,0.0,0.0,0.0,DoS attacks-Hulk
80.0,6.0,2018-02-16 01:45:42,865.0,2.0,0.0,0.0,0.0,0.0,0.0,0.0,0.0,0.0,0.0,0.0,0.0,0.0,2312.138728,865.0,0.0,865.0,865.0,865.0,865.0,0.0,865.0,865.0,0.0,0.0,0.0,0.0,0.0,0.0,0.0,64.0,0.0,2312.138728,0.0,0.0,0.0,0.0,0.0,0.0,0.0,0.0,0.0,0.0,1.0,0.0,0.0,0.0,0.0,0.0,0.0,0.0,2.0,0.0,0.0,0.0,225.0,-1.0,0.0,32.0,0.0,0.0,0.0,0.0,0.0,0.0,0.0,0.0,DoS attacks-Hulk
80.0,6.0,2018-02-16 01:48:30,15215.0,2.0,0.0,0.0,0.0,0.0,0.0,0.0,0.0,0.0,0.0,0.0,0.0,0.0,131.4492277,15215.0,0.0,15215.0,15215.0,15215.0,15215.0,0.0,15215.0,15215.0,0.0,0.0,0.0,0.0,0.0,0.0,0.0,64.0,0.0,131.4492277,0.0,0.0,0.0,0.0,0.0,0.0,0.0,0.0,0.0,0.0,1.0,0.0,0.0,0.0,0.0,0.0,0.0,0.0,2.0,0.0,0.0,0.0,225.0,-1.0,0.0,32.0,0.0,0.0,0.0,0.0,0.0,0.0,0.0,0.0,DoS attacks-Hulk
80.0,6.0,2018-02-16 01:46:48,2187.0,2.0,0.0,0.0,0.0,0.0,0.0,0.0,0.0,0.0,0.0,0.0,0.0,0.0,914.4947417,2187.0,0.0,2187.0,2187.0,2187.0,2187.0,0.0,2187.0,2187.0,0.0,0.0,0.0,0.0,0.0,0.0,0.0,64.0,0.0,914.4947417,0.0,0.0,0.0,0.0,0.0,0.0,0.0,0.0,0.0,0.0,1.0,0.0,0.0,0.0,0.0,0.0,0.0,0.0,2.0,0.0,0.0,0.0,225.0,-1.0,0.0,32.0,0.0,0.0,0.0,0.0,0.0,0.0,0.0,0.0,DoS attacks-Hulk
80.0,6.0,2018-02-16 01:48:40,59426.0,3.0,0.0,0.0,0.0,0.0,0.0,0.0,0.0,0.0,0.0,0.0,0.0,0.0,50.48295359,29713.0,26679.13885,48578.0,10848.0,59426.0,29713.0,26679.13885,48578.0,10848.0,0.0,0.0,0.0,0.0,0.0,0.0,0.0,96.0,0.0,50.48295359,0.0,0.0,0.0,0.0,0.0,0.0,0.0,0.0,0.0,0.0,1.0,0.0,0.0,0.0,0.0,0.0,0.0,0.0,3.0,0.0,0.0,0.0,225.0,-1.0,0.0,32.0,0.0,0.0,0.0,0.0,0.0,0.0,0.0,0.0,DoS attacks-Hulk
80.0,6.0,2018-02-16 01:46:02,13714.0,2.0,0.0,0.0,0.0,0.0,0.0,0.0,0.0,0.0,0.0,0.0,0.0,0.0,145.8363716,13714.0,0.0,13714.0,13714.0,13714.0,13714.0,0.0,13714.0,13714.0,0.0,0.0,0.0,0.0,0.0,0.0,0.0,64.0,0.0,145.8363716,0.0,0.0,0.0,0.0,0.0,0.0,0.0,0.0,0.0,0.0,1.0,0.0,0.0,0.0,0.0,0.0,0.0,0.0,2.0,0.0,0.0,0.0,225.0,-1.0,0.0,32.0,0.0,0.0,0.0,0.0,0.0,0.0,0.0,0.0,DoS attacks-Hulk
80.0,6.0,2018-02-16 01:47:36,395.0,2.0,0.0,0.0,0.0,0.0,0.0,0.0,0.0,0.0,0.0,0.0,0.0,0.0,5063.291139,395.0,0.0,395.0,395.0,395.0,395.0,0.0,395.0,395.0,0.0,0.0,0.0,0.0,0.0,0.0,0.0,64.0,0.0,5063.291139,0.0,0.0,0.0,0.0,0.0,0.0,0.0,0.0,0.0,0.0,1.0,0.0,0.0,0.0,0.0,0.0,0.0,0.0,2.0,0.0,0.0,0.0,225.0,-1.0,0.0,32.0,0.0,0.0,0.0,0.0,0.0,0.0,0.0,0.0,DoS attacks-Hulk
80.0,6.0,2018-02-16 01:46:32,90371.0,3.0,0.0,0.0,0.0,0.0,0.0,0.0,0.0,0.0,0.0,0.0,0.0,0.0,33.19649002,45185.5,3387.748589,47581.0,42790.0,90371.0,45185.5,3387.748589,47581.0,42790.0,0.0,0.0,0.0,0.0,0.0,0.0,0.0,96.0,0.0,33.19649002,0.0,0.0,0.0,0.0,0.0,0.0,0.0,0.0,0.0,0.0,1.0,0.0,0.0,0.0,0.0,0.0,0.0,0.0,3.0,0.0,0.0,0.0,225.0,-1.0,0.0,32.0,0.0,0.0,0.0,0.0,0.0,0.0,0.0,0.0,DoS attacks-Hulk
80.0,6.0,2018-02-16 01:45:56,26515.0,2.0,0.0,0.0,0.0,0.0,0.0,0.0,0.0,0.0,0.0,0.0,0.0,0.0,75.42900245,26515.0,0.0,26515.0,26515.0,26515.0,26515.0,0.0,26515.0,26515.0,0.0,0.0,0.0,0.0,0.0,0.0,0.0,64.0,0.0,75.42900245,0.0,0.0,0.0,0.0,0.0,0.0,0.0,0.0,0.0,0.0,1.0,0.0,0.0,0.0,0.0,0.0,0.0,0.0,2.0,0.0,0.0,0.0,225.0,-1.0,0.0,32.0,0.0,0.0,0.0,0.0,0.0,0.0,0.0,0.0,DoS attacks-Hulk
80.0,6.0,2018-02-16 01:45:46,9000.0,2.0,0.0,0.0,0.0,0.0,0.0,0.0,0.0,0.0,0.0,0.0,0.0,0.0,222.2222222,9000.0,0.0,9000.0,9000.0,9000.0,9000.0,0.0,9000.0,9000.0,0.0,0.0,0.0,0.0,0.0,0.0,0.0,64.0,0.0,222.2222222,0.0,0.0,0.0,0.0,0.0,0.0,0.0,0.0,0.0,0.0,1.0,0.0,0.0,0.0,0.0,0.0,0.0,0.0,2.0,0.0,0.0,0.0,225.0,-1.0,0.0,32.0,0.0,0.0,0.0,0.0,0.0,0.0,0.0,0.0,DoS attacks-Hulk
80.0,6.0,2018-02-16 01:45:33,1837.0,2.0,0.0,0.0,0.0,0.0,0.0,0.0,0.0,0.0,0.0,0.0,0.0,0.0,1088.731628,1837.0,0.0,1837.0,1837.0,1837.0,1837.0,0.0,1837.0,1837.0,0.0,0.0,0.0,0.0,0.0,0.0,0.0,64.0,0.0,1088.731628,0.0,0.0,0.0,0.0,0.0,0.0,0.0,0.0,0.0,0.0,1.0,0.0,0.0,0.0,0.0,0.0,0.0,0.0,2.0,0.0,0.0,0.0,225.0,-1.0,0.0,32.0,0.0,0.0,0.0,0.0,0.0,0.0,0.0,0.0,DoS attacks-Hulk
80.0,6.0,2018-02-16 01:47:39,4497.0,2.0,0.0,0.0,0.0,0.0,0.0,0.0,0.0,0.0,0.0,0.0,0.0,0.0,444.7409384,4497.0,0.0,4497.0,4497.0,4497.0,4497.0,0.0,4497.0,4497.0,0.0,0.0,0.0,0.0,0.0,0.0,0.0,64.0,0.0,444.7409384,0.0,0.0,0.0,0.0,0.0,0.0,0.0,0.0,0.0,0.0,1.0,0.0,0.0,0.0,0.0,0.0,0.0,0.0,2.0,0.0,0.0,0.0,225.0,-1.0,0.0,32.0,0.0,0.0,0.0,0.0,0.0,0.0,0.0,0.0,DoS attacks-Hulk
80.0,6.0,2018-02-16 01:47:57,58988.0,3.0,0.0,0.0,0.0,0.0,0.0,0.0,0.0,0.0,0.0,0.0,0.0,0.0,50.85780159,29494.0,19468.0639,43260.0,15728.0,58988.0,29494.0,19468.0639,43260.0,15728.0,0.0,0.0,0.0,0.0,0.0,0.0,0.0,96.0,0.0,50.85780159,0.0,0.0,0.0,0.0,0.0,0.0,0.0,0.0,0.0,0.0,1.0,0.0,0.0,0.0,0.0,0.0,0.0,0.0,3.0,0.0,0.0,0.0,225.0,-1.0,0.0,32.0,0.0,0.0,0.0,0.0,0.0,0.0,0.0,0.0,DoS attacks-Hulk
80.0,6.0,2018-02-16 01:46:57,5193.0,2.0,0.0,0.0,0.0,0.0,0.0,0.0,0.0,0.0,0.0,0.0,0.0,0.0,385.133834,5193.0,0.0,5193.0,5193.0,5193.0,5193.0,0.0,5193.0,5193.0,0.0,0.0,0.0,0.0,0.0,0.0,0.0,64.0,0.0,385.133834,0.0,0.0,0.0,0.0,0.0,0.0,0.0,0.0,0.0,0.0,1.0,0.0,0.0,0.0,0.0,0.0,0.0,0.0,2.0,0.0,0.0,0.0,225.0,-1.0,0.0,32.0,0.0,0.0,0.0,0.0,0.0,0.0,0.0,0.0,DoS attacks-Hulk
80.0,6.0,2018-02-16 01:47:05,16265.0,2.0,0.0,0.0,0.0,0.0,0.0,0.0,0.0,0.0,0.0,0.0,0.0,0.0,122.9634184,16265.0,0.0,16265.0,16265.0,16265.0,16265.0,0.0,16265.0,16265.0,0.0,0.0,0.0,0.0,0.0,0.0,0.0,64.0,0.0,122.9634184,0.0,0.0,0.0,0.0,0.0,0.0,0.0,0.0,0.0,0.0,1.0,0.0,0.0,0.0,0.0,0.0,0.0,0.0,2.0,0.0,0.0,0.0,225.0,-1.0,0.0,32.0,0.0,0.0,0.0,0.0,0.0,0.0,0.0,0.0,DoS attacks-Hulk
80.0,6.0,2018-02-16 01:47:05,6875.0,2.0,0.0,0.0,0.0,0.0,0.0,0.0,0.0,0.0,0.0,0.0,0.0,0.0,290.9090909,6875.0,0.0,6875.0,6875.0,6875.0,6875.0,0.0,6875.0,6875.0,0.0,0.0,0.0,0.0,0.0,0.0,0.0,64.0,0.0,290.9090909,0.0,0.0,0.0,0.0,0.0,0.0,0.0,0.0,0.0,0.0,1.0,0.0,0.0,0.0,0.0,0.0,0.0,0.0,2.0,0.0,0.0,0.0,225.0,-1.0,0.0,32.0,0.0,0.0,0.0,0.0,0.0,0.0,0.0,0.0,DoS attacks-Hulk
80.0,6.0,2018-02-16 01:45:29,2602.0,2.0,0.0,0.0,0.0,0.0,0.0,0.0,0.0,0.0,0.0,0.0,0.0,0.0,768.6395081,2602.0,0.0,2602.0,2602.0,2602.0,2602.0,0.0,2602.0,2602.0,0.0,0.0,0.0,0.0,0.0,0.0,0.0,64.0,0.0,768.6395081,0.0,0.0,0.0,0.0,0.0,0.0,0.0,0.0,0.0,0.0,1.0,0.0,0.0,0.0,0.0,0.0,0.0,0.0,2.0,0.0,0.0,0.0,225.0,-1.0,0.0,32.0,0.0,0.0,0.0,0.0,0.0,0.0,0.0,0.0,DoS attacks-Hulk
80.0,6.0,2018-02-16 01:47:59,27403.0,2.0,0.0,0.0,0.0,0.0,0.0,0.0,0.0,0.0,0.0,0.0,0.0,0.0,72.9847097,27403.0,0.0,27403.0,27403.0,27403.0,27403.0,0.0,27403.0,27403.0,0.0,0.0,0.0,0.0,0.0,0.0,0.0,64.0,0.0,72.9847097,0.0,0.0,0.0,0.0,0.0,0.0,0.0,0.0,0.0,0.0,1.0,0.0,0.0,0.0,0.0,0.0,0.0,0.0,2.0,0.0,0.0,0.0,225.0,-1.0,0.0,32.0,0.0,0.0,0.0,0.0,0.0,0.0,0.0,0.0,DoS attacks-Hulk
80.0,6.0,2018-02-16 01:45:42,453.0,2.0,0.0,0.0,0.0,0.0,0.0,0.0,0.0,0.0,0.0,0.0,0.0,0.0,4415.011038,453.0,0.0,453.0,453.0,453.0,453.0,0.0,453.0,453.0,0.0,0.0,0.0,0.0,0.0,0.0,0.0,64.0,0.0,4415.011038,0.0,0.0,0.0,0.0,0.0,0.0,0.0,0.0,0.0,0.0,1.0,0.0,0.0,0.0,0.0,0.0,0.0,0.0,2.0,0.0,0.0,0.0,225.0,-1.0,0.0,32.0,0.0,0.0,0.0,0.0,0.0,0.0,0.0,0.0,DoS attacks-Hulk
80.0,6.0,2018-02-16 01:47:41,32681.0,2.0,0.0,0.0,0.0,0.0,0.0,0.0,0.0,0.0,0.0,0.0,0.0,0.0,61.19763777,32681.0,0.0,32681.0,32681.0,32681.0,32681.0,0.0,32681.0,32681.0,0.0,0.0,0.0,0.0,0.0,0.0,0.0,64.0,0.0,61.19763777,0.0,0.0,0.0,0.0,0.0,0.0,0.0,0.0,0.0,0.0,1.0,0.0,0.0,0.0,0.0,0.0,0.0,0.0,2.0,0.0,0.0,0.0,225.0,-1.0,0.0,32.0,0.0,0.0,0.0,0.0,0.0,0.0,0.0,0.0,DoS attacks-Hulk
80.0,6.0,2018-02-16 01:45:48,36970.0,2.0,0.0,0.0,0.0,0.0,0.0,0.0,0.0,0.0,0.0,0.0,0.0,0.0,54.09791723,36970.0,0.0,36970.0,36970.0,36970.0,36970.0,0.0,36970.0,36970.0,0.0,0.0,0.0,0.0,0.0,0.0,0.0,64.0,0.0,54.09791723,0.0,0.0,0.0,0.0,0.0,0.0,0.0,0.0,0.0,0.0,1.0,0.0,0.0,0.0,0.0,0.0,0.0,0.0,2.0,0.0,0.0,0.0,225.0,-1.0,0.0,32.0,0.0,0.0,0.0,0.0,0.0,0.0,0.0,0.0,DoS attacks-Hulk
80.0,6.0,2018-02-16 01:46:39,5032.0,2.0,0.0,0.0,0.0,0.0,0.0,0.0,0.0,0.0,0.0,0.0,0.0,0.0,397.4562798,5032.0,0.0,5032.0,5032.0,5032.0,5032.0,0.0,5032.0,5032.0,0.0,0.0,0.0,0.0,0.0,0.0,0.0,64.0,0.0,397.4562798,0.0,0.0,0.0,0.0,0.0,0.0,0.0,0.0,0.0,0.0,1.0,0.0,0.0,0.0,0.0,0.0,0.0,0.0,2.0,0.0,0.0,0.0,225.0,-1.0,0.0,32.0,0.0,0.0,0.0,0.0,0.0,0.0,0.0,0.0,DoS attacks-Hulk
80.0,6.0,2018-02-16 01:48:20,32907.0,2.0,0.0,0.0,0.0,0.0,0.0,0.0,0.0,0.0,0.0,0.0,0.0,0.0,60.77734221,32907.0,0.0,32907.0,32907.0,32907.0,32907.0,0.0,32907.0,32907.0,0.0,0.0,0.0,0.0,0.0,0.0,0.0,64.0,0.0,60.77734221,0.0,0.0,0.0,0.0,0.0,0.0,0.0,0.0,0.0,0.0,1.0,0.0,0.0,0.0,0.0,0.0,0.0,0.0,2.0,0.0,0.0,0.0,225.0,-1.0,0.0,32.0,0.0,0.0,0.0,0.0,0.0,0.0,0.0,0.0,DoS attacks-Hulk
80.0,6.0,2018-02-16 01:45:47,61905012.0,4.0,4.0,336.0,935.0,336.0,0.0,84.0,168.0,935.0,0.0,233.75,467.5,20.53145551,0.129230247,8843573.143,23400000.0,61800000.0,5.0,61900000.0,20600000.0,35700000.0,61800000.0,258.0,103386.0,34462.0,58793.87943,102349.0,32.0,0.0,0.0,136.0,136.0,0.064615124,0.064615124,0.0,935.0,141.2222222,317.7317177,100953.4444,0.0,0.0,0.0,0.0,1.0,0.0,0.0,0.0,1.0,158.875,84.0,233.75,4.0,336.0,4.0,935.0,225.0,237.0,1.0,32.0,0.0,0.0,0.0,0.0,61800000.0,0.0,61800000.0,61800000.0,DoS attacks-Hulk
80.0,6.0,2018-02-16 01:45:27,939.0,2.0,0.0,0.0,0.0,0.0,0.0,0.0,0.0,0.0,0.0,0.0,0.0,0.0,2129.925453,939.0,0.0,939.0,939.0,939.0,939.0,0.0,939.0,939.0,0.0,0.0,0.0,0.0,0.0,0.0,0.0,64.0,0.0,2129.925453,0.0,0.0,0.0,0.0,0.0,0.0,0.0,0.0,0.0,0.0,1.0,0.0,0.0,0.0,0.0,0.0,0.0,0.0,2.0,0.0,0.0,0.0,225.0,-1.0,0.0,32.0,0.0,0.0,0.0,0.0,0.0,0.0,0.0,0.0,DoS attacks-Hulk
80.0,6.0,2018-02-16 01:47:18,22316.0,2.0,0.0,0.0,0.0,0.0,0.0,0.0,0.0,0.0,0.0,0.0,0.0,0.0,89.62179602,22316.0,0.0,22316.0,22316.0,22316.0,22316.0,0.0,22316.0,22316.0,0.0,0.0,0.0,0.0,0.0,0.0,0.0,64.0,0.0,89.62179602,0.0,0.0,0.0,0.0,0.0,0.0,0.0,0.0,0.0,0.0,1.0,0.0,0.0,0.0,0.0,0.0,0.0,0.0,2.0,0.0,0.0,0.0,225.0,-1.0,0.0,32.0,0.0,0.0,0.0,0.0,0.0,0.0,0.0,0.0,DoS attacks-Hulk
80.0,6.0,2018-02-16 01:47:12,37103.0,2.0,0.0,0.0,0.0,0.0,0.0,0.0,0.0,0.0,0.0,0.0,0.0,0.0,53.90399698,37103.0,0.0,37103.0,37103.0,37103.0,37103.0,0.0,37103.0,37103.0,0.0,0.0,0.0,0.0,0.0,0.0,0.0,64.0,0.0,53.90399698,0.0,0.0,0.0,0.0,0.0,0.0,0.0,0.0,0.0,0.0,1.0,0.0,0.0,0.0,0.0,0.0,0.0,0.0,2.0,0.0,0.0,0.0,225.0,-1.0,0.0,32.0,0.0,0.0,0.0,0.0,0.0,0.0,0.0,0.0,DoS attacks-Hulk
80.0,6.0,2018-02-16 01:46:34,10777.0,2.0,0.0,0.0,0.0,0.0,0.0,0.0,0.0,0.0,0.0,0.0,0.0,0.0,185.5804027,10777.0,0.0,10777.0,10777.0,10777.0,10777.0,0.0,10777.0,10777.0,0.0,0.0,0.0,0.0,0.0,0.0,0.0,64.0,0.0,185.5804027,0.0,0.0,0.0,0.0,0.0,0.0,0.0,0.0,0.0,0.0,1.0,0.0,0.0,0.0,0.0,0.0,0.0,0.0,2.0,0.0,0.0,0.0,225.0,-1.0,0.0,32.0,0.0,0.0,0.0,0.0,0.0,0.0,0.0,0.0,DoS attacks-Hulk
80.0,6.0,2018-02-16 01:47:42,40531.0,2.0,0.0,0.0,0.0,0.0,0.0,0.0,0.0,0.0,0.0,0.0,0.0,0.0,49.34494584,40531.0,0.0,40531.0,40531.0,40531.0,40531.0,0.0,40531.0,40531.0,0.0,0.0,0.0,0.0,0.0,0.0,0.0,64.0,0.0,49.34494584,0.0,0.0,0.0,0.0,0.0,0.0,0.0,0.0,0.0,0.0,1.0,0.0,0.0,0.0,0.0,0.0,0.0,0.0,2.0,0.0,0.0,0.0,225.0,-1.0,0.0,32.0,0.0,0.0,0.0,0.0,0.0,0.0,0.0,0.0,DoS attacks-Hulk
80.0,6.0,2018-02-16 01:46:01,30127.0,2.0,0.0,0.0,0.0,0.0,0.0,0.0,0.0,0.0,0.0,0.0,0.0,0.0,66.38563415,30127.0,0.0,30127.0,30127.0,30127.0,30127.0,0.0,30127.0,30127.0,0.0,0.0,0.0,0.0,0.0,0.0,0.0,64.0,0.0,66.38563415,0.0,0.0,0.0,0.0,0.0,0.0,0.0,0.0,0.0,0.0,1.0,0.0,0.0,0.0,0.0,0.0,0.0,0.0,2.0,0.0,0.0,0.0,225.0,-1.0,0.0,32.0,0.0,0.0,0.0,0.0,0.0,0.0,0.0,0.0,DoS attacks-Hulk
80.0,6.0,2018-02-16 01:47:45,106185.0,3.0,0.0,0.0,0.0,0.0,0.0,0.0,0.0,0.0,0.0,0.0,0.0,0.0,28.25257805,53092.5,13175.52065,62409.0,43776.0,106185.0,53092.5,13175.52065,62409.0,43776.0,0.0,0.0,0.0,0.0,0.0,0.0,0.0,96.0,0.0,28.25257805,0.0,0.0,0.0,0.0,0.0,0.0,0.0,0.0,0.0,0.0,1.0,0.0,0.0,0.0,0.0,0.0,0.0,0.0,3.0,0.0,0.0,0.0,225.0,-1.0,0.0,32.0,0.0,0.0,0.0,0.0,0.0,0.0,0.0,0.0,DoS attacks-Hulk
80.0,6.0,2018-02-16 01:48:21,219.0,2.0,0.0,0.0,0.0,0.0,0.0,0.0,0.0,0.0,0.0,0.0,0.0,0.0,9132.420091,219.0,0.0,219.0,219.0,219.0,219.0,0.0,219.0,219.0,0.0,0.0,0.0,0.0,0.0,0.0,0.0,64.0,0.0,9132.420091,0.0,0.0,0.0,0.0,0.0,0.0,0.0,0.0,0.0,0.0,1.0,0.0,0.0,0.0,0.0,0.0,0.0,0.0,2.0,0.0,0.0,0.0,225.0,-1.0,0.0,32.0,0.0,0.0,0.0,0.0,0.0,0.0,0.0,0.0,DoS attacks-Hulk
80.0,6.0,2018-02-16 01:48:43,34522.0,2.0,0.0,0.0,0.0,0.0,0.0,0.0,0.0,0.0,0.0,0.0,0.0,0.0,57.93407103,34522.0,0.0,34522.0,34522.0,34522.0,34522.0,0.0,34522.0,34522.0,0.0,0.0,0.0,0.0,0.0,0.0,0.0,64.0,0.0,57.93407103,0.0,0.0,0.0,0.0,0.0,0.0,0.0,0.0,0.0,0.0,1.0,0.0,0.0,0.0,0.0,0.0,0.0,0.0,2.0,0.0,0.0,0.0,225.0,-1.0,0.0,32.0,0.0,0.0,0.0,0.0,0.0,0.0,0.0,0.0,DoS attacks-Hulk
80.0,6.0,2018-02-16 01:47:25,1165.0,2.0,0.0,0.0,0.0,0.0,0.0,0.0,0.0,0.0,0.0,0.0,0.0,0.0,1716.738197,1165.0,0.0,1165.0,1165.0,1165.0,1165.0,0.0,1165.0,1165.0,0.0,0.0,0.0,0.0,0.0,0.0,0.0,64.0,0.0,1716.738197,0.0,0.0,0.0,0.0,0.0,0.0,0.0,0.0,0.0,0.0,1.0,0.0,0.0,0.0,0.0,0.0,0.0,0.0,2.0,0.0,0.0,0.0,225.0,-1.0,0.0,32.0,0.0,0.0,0.0,0.0,0.0,0.0,0.0,0.0,DoS attacks-Hulk
80.0,6.0,2018-02-16 01:48:24,1079.0,2.0,0.0,0.0,0.0,0.0,0.0,0.0,0.0,0.0,0.0,0.0,0.0,0.0,1853.568119,1079.0,0.0,1079.0,1079.0,1079.0,1079.0,0.0,1079.0,1079.0,0.0,0.0,0.0,0.0,0.0,0.0,0.0,64.0,0.0,1853.568119,0.0,0.0,0.0,0.0,0.0,0.0,0.0,0.0,0.0,0.0,1.0,0.0,0.0,0.0,0.0,0.0,0.0,0.0,2.0,0.0,0.0,0.0,225.0,-1.0,0.0,32.0,0.0,0.0,0.0,0.0,0.0,0.0,0.0,0.0,DoS attacks-Hulk
80.0,6.0,2018-02-16 01:45:28,44749.0,3.0,4.0,419.0,935.0,419.0,0.0,139.6666667,241.9097628,935.0,0.0,233.75,467.5,30257.65939,156.4280766,7458.166667,15883.6259,39647.0,7.0,39891.0,19945.5,27862.1285,39647.0,244.0,44742.0,14914.0,21763.98337,39892.0,28.0,0.0,0.0,104.0,136.0,67.04060426,89.38747235,0.0,935.0,169.25,342.3910671,117231.6429,0.0,0.0,0.0,1.0,0.0,0.0,0.0,0.0,1.0,193.4285714,139.6666667,233.75,3.0,419.0,4.0,935.0,26883.0,219.0,1.0,32.0,0.0,0.0,0.0,0.0,0.0,0.0,0.0,0.0,DoS attacks-Hulk
80.0,6.0,2018-02-16 01:46:24,5591.0,2.0,0.0,0.0,0.0,0.0,0.0,0.0,0.0,0.0,0.0,0.0,0.0,0.0,357.7177607,5591.0,0.0,5591.0,5591.0,5591.0,5591.0,0.0,5591.0,5591.0,0.0,0.0,0.0,0.0,0.0,0.0,0.0,64.0,0.0,357.7177607,0.0,0.0,0.0,0.0,0.0,0.0,0.0,0.0,0.0,0.0,1.0,0.0,0.0,0.0,0.0,0.0,0.0,0.0,2.0,0.0,0.0,0.0,225.0,-1.0,0.0,32.0,0.0,0.0,0.0,0.0,0.0,0.0,0.0,0.0,DoS attacks-Hulk
80.0,6.0,2018-02-16 01:47:26,11382.0,2.0,0.0,0.0,0.0,0.0,0.0,0.0,0.0,0.0,0.0,0.0,0.0,0.0,175.7160429,11382.0,0.0,11382.0,11382.0,11382.0,11382.0,0.0,11382.0,11382.0,0.0,0.0,0.0,0.0,0.0,0.0,0.0,64.0,0.0,175.7160429,0.0,0.0,0.0,0.0,0.0,0.0,0.0,0.0,0.0,0.0,1.0,0.0,0.0,0.0,0.0,0.0,0.0,0.0,2.0,0.0,0.0,0.0,225.0,-1.0,0.0,32.0,0.0,0.0,0.0,0.0,0.0,0.0,0.0,0.0,DoS attacks-Hulk
80.0,6.0,2018-02-16 01:45:58,594.0,2.0,0.0,0.0,0.0,0.0,0.0,0.0,0.0,0.0,0.0,0.0,0.0,0.0,3367.003367,594.0,0.0,594.0,594.0,594.0,594.0,0.0,594.0,594.0,0.0,0.0,0.0,0.0,0.0,0.0,0.0,64.0,0.0,3367.003367,0.0,0.0,0.0,0.0,0.0,0.0,0.0,0.0,0.0,0.0,1.0,0.0,0.0,0.0,0.0,0.0,0.0,0.0,2.0,0.0,0.0,0.0,225.0,-1.0,0.0,32.0,0.0,0.0,0.0,0.0,0.0,0.0,0.0,0.0,DoS attacks-Hulk
80.0,6.0,2018-02-16 01:46:04,69714.0,3.0,0.0,0.0,0.0,0.0,0.0,0.0,0.0,0.0,0.0,0.0,0.0,0.0,43.03296325,34857.0,7830.500495,40394.0,29320.0,69714.0,34857.0,7830.500495,40394.0,29320.0,0.0,0.0,0.0,0.0,0.0,0.0,0.0,96.0,0.0,43.03296325,0.0,0.0,0.0,0.0,0.0,0.0,0.0,0.0,0.0,0.0,1.0,0.0,0.0,0.0,0.0,0.0,0.0,0.0,3.0,0.0,0.0,0.0,225.0,-1.0,0.0,32.0,0.0,0.0,0.0,0.0,0.0,0.0,0.0,0.0,DoS attacks-Hulk
80.0,6.0,2018-02-16 01:47:50,16494.0,2.0,0.0,0.0,0.0,0.0,0.0,0.0,0.0,0.0,0.0,0.0,0.0,0.0,121.2562144,16494.0,0.0,16494.0,16494.0,16494.0,16494.0,0.0,16494.0,16494.0,0.0,0.0,0.0,0.0,0.0,0.0,0.0,64.0,0.0,121.2562144,0.0,0.0,0.0,0.0,0.0,0.0,0.0,0.0,0.0,0.0,1.0,0.0,0.0,0.0,0.0,0.0,0.0,0.0,2.0,0.0,0.0,0.0,225.0,-1.0,0.0,32.0,0.0,0.0,0.0,0.0,0.0,0.0,0.0,0.0,DoS attacks-Hulk
80.0,6.0,2018-02-16 01:46:19,25372.0,2.0,0.0,0.0,0.0,0.0,0.0,0.0,0.0,0.0,0.0,0.0,0.0,0.0,78.82705344,25372.0,0.0,25372.0,25372.0,25372.0,25372.0,0.0,25372.0,25372.0,0.0,0.0,0.0,0.0,0.0,0.0,0.0,64.0,0.0,78.82705344,0.0,0.0,0.0,0.0,0.0,0.0,0.0,0.0,0.0,0.0,1.0,0.0,0.0,0.0,0.0,0.0,0.0,0.0,2.0,0.0,0.0,0.0,225.0,-1.0,0.0,32.0,0.0,0.0,0.0,0.0,0.0,0.0,0.0,0.0,DoS attacks-Hulk
80.0,6.0,2018-02-16 01:47:57,203.0,2.0,0.0,0.0,0.0,0.0,0.0,0.0,0.0,0.0,0.0,0.0,0.0,0.0,9852.216749,203.0,0.0,203.0,203.0,203.0,203.0,0.0,203.0,203.0,0.0,0.0,0.0,0.0,0.0,0.0,0.0,64.0,0.0,9852.216749,0.0,0.0,0.0,0.0,0.0,0.0,0.0,0.0,0.0,0.0,1.0,0.0,0.0,0.0,0.0,0.0,0.0,0.0,2.0,0.0,0.0,0.0,225.0,-1.0,0.0,32.0,0.0,0.0,0.0,0.0,0.0,0.0,0.0,0.0,DoS attacks-Hulk
80.0,6.0,2018-02-16 01:46:16,42440.0,2.0,0.0,0.0,0.0,0.0,0.0,0.0,0.0,0.0,0.0,0.0,0.0,0.0,47.12535344,42440.0,0.0,42440.0,42440.0,42440.0,42440.0,0.0,42440.0,42440.0,0.0,0.0,0.0,0.0,0.0,0.0,0.0,64.0,0.0,47.12535344,0.0,0.0,0.0,0.0,0.0,0.0,0.0,0.0,0.0,0.0,1.0,0.0,0.0,0.0,0.0,0.0,0.0,0.0,2.0,0.0,0.0,0.0,225.0,-1.0,0.0,32.0,0.0,0.0,0.0,0.0,0.0,0.0,0.0,0.0,DoS attacks-Hulk
80.0,6.0,2018-02-16 01:45:32,1256.0,2.0,0.0,0.0,0.0,0.0,0.0,0.0,0.0,0.0,0.0,0.0,0.0,0.0,1592.356688,1256.0,0.0,1256.0,1256.0,1256.0,1256.0,0.0,1256.0,1256.0,0.0,0.0,0.0,0.0,0.0,0.0,0.0,64.0,0.0,1592.356688,0.0,0.0,0.0,0.0,0.0,0.0,0.0,0.0,0.0,0.0,1.0,0.0,0.0,0.0,0.0,0.0,0.0,0.0,2.0,0.0,0.0,0.0,225.0,-1.0,0.0,32.0,0.0,0.0,0.0,0.0,0.0,0.0,0.0,0.0,DoS attacks-Hulk
80.0,6.0,2018-02-16 01:46:01,441.0,2.0,0.0,0.0,0.0,0.0,0.0,0.0,0.0,0.0,0.0,0.0,0.0,0.0,4535.147392,441.0,0.0,441.0,441.0,441.0,441.0,0.0,441.0,441.0,0.0,0.0,0.0,0.0,0.0,0.0,0.0,64.0,0.0,4535.147392,0.0,0.0,0.0,0.0,0.0,0.0,0.0,0.0,0.0,0.0,1.0,0.0,0.0,0.0,0.0,0.0,0.0,0.0,2.0,0.0,0.0,0.0,225.0,-1.0,0.0,32.0,0.0,0.0,0.0,0.0,0.0,0.0,0.0,0.0,DoS attacks-Hulk
80.0,6.0,2018-02-16 01:45:39,2802.0,2.0,0.0,0.0,0.0,0.0,0.0,0.0,0.0,0.0,0.0,0.0,0.0,0.0,713.7758744,2802.0,0.0,2802.0,2802.0,2802.0,2802.0,0.0,2802.0,2802.0,0.0,0.0,0.0,0.0,0.0,0.0,0.0,64.0,0.0,713.7758744,0.0,0.0,0.0,0.0,0.0,0.0,0.0,0.0,0.0,0.0,1.0,0.0,0.0,0.0,0.0,0.0,0.0,0.0,2.0,0.0,0.0,0.0,225.0,-1.0,0.0,32.0,0.0,0.0,0.0,0.0,0.0,0.0,0.0,0.0,DoS attacks-Hulk
80.0,6.0,2018-02-16 01:47:28,1134.0,2.0,0.0,0.0,0.0,0.0,0.0,0.0,0.0,0.0,0.0,0.0,0.0,0.0,1763.66843,1134.0,0.0,1134.0,1134.0,1134.0,1134.0,0.0,1134.0,1134.0,0.0,0.0,0.0,0.0,0.0,0.0,0.0,64.0,0.0,1763.66843,0.0,0.0,0.0,0.0,0.0,0.0,0.0,0.0,0.0,0.0,1.0,0.0,0.0,0.0,0.0,0.0,0.0,0.0,2.0,0.0,0.0,0.0,225.0,-1.0,0.0,32.0,0.0,0.0,0.0,0.0,0.0,0.0,0.0,0.0,DoS attacks-Hulk
80.0,6.0,2018-02-16 01:45:36,793.0,2.0,0.0,0.0,0.0,0.0,0.0,0.0,0.0,0.0,0.0,0.0,0.0,0.0,2522.068096,793.0,0.0,793.0,793.0,793.0,793.0,0.0,793.0,793.0,0.0,0.0,0.0,0.0,0.0,0.0,0.0,64.0,0.0,2522.068096,0.0,0.0,0.0,0.0,0.0,0.0,0.0,0.0,0.0,0.0,1.0,0.0,0.0,0.0,0.0,0.0,0.0,0.0,2.0,0.0,0.0,0.0,225.0,-1.0,0.0,32.0,0.0,0.0,0.0,0.0,0.0,0.0,0.0,0.0,DoS attacks-Hulk
80.0,6.0,2018-02-16 01:47:24,43450.0,2.0,0.0,0.0,0.0,0.0,0.0,0.0,0.0,0.0,0.0,0.0,0.0,0.0,46.02991945,43450.0,0.0,43450.0,43450.0,43450.0,43450.0,0.0,43450.0,43450.0,0.0,0.0,0.0,0.0,0.0,0.0,0.0,64.0,0.0,46.02991945,0.0,0.0,0.0,0.0,0.0,0.0,0.0,0.0,0.0,0.0,1.0,0.0,0.0,0.0,0.0,0.0,0.0,0.0,2.0,0.0,0.0,0.0,225.0,-1.0,0.0,32.0,0.0,0.0,0.0,0.0,0.0,0.0,0.0,0.0,DoS attacks-Hulk
80.0,6.0,2018-02-16 01:46:53,260.0,2.0,0.0,0.0,0.0,0.0,0.0,0.0,0.0,0.0,0.0,0.0,0.0,0.0,7692.307692,260.0,0.0,260.0,260.0,260.0,260.0,0.0,260.0,260.0,0.0,0.0,0.0,0.0,0.0,0.0,0.0,64.0,0.0,7692.307692,0.0,0.0,0.0,0.0,0.0,0.0,0.0,0.0,0.0,0.0,1.0,0.0,0.0,0.0,0.0,0.0,0.0,0.0,2.0,0.0,0.0,0.0,225.0,-1.0,0.0,32.0,0.0,0.0,0.0,0.0,0.0,0.0,0.0,0.0,DoS attacks-Hulk
80.0,6.0,2018-02-16 01:45:30,249.0,2.0,0.0,0.0,0.0,0.0,0.0,0.0,0.0,0.0,0.0,0.0,0.0,0.0,8032.128514,249.0,0.0,249.0,249.0,249.0,249.0,0.0,249.0,249.0,0.0,0.0,0.0,0.0,0.0,0.0,0.0,64.0,0.0,8032.128514,0.0,0.0,0.0,0.0,0.0,0.0,0.0,0.0,0.0,0.0,1.0,0.0,0.0,0.0,0.0,0.0,0.0,0.0,2.0,0.0,0.0,0.0,225.0,-1.0,0.0,32.0,0.0,0.0,0.0,0.0,0.0,0.0,0.0,0.0,DoS attacks-Hulk
80.0,6.0,2018-02-16 01:45:38,942.0,2.0,0.0,0.0,0.0,0.0,0.0,0.0,0.0,0.0,0.0,0.0,0.0,0.0,2123.142251,942.0,0.0,942.0,942.0,942.0,942.0,0.0,942.0,942.0,0.0,0.0,0.0,0.0,0.0,0.0,0.0,64.0,0.0,2123.142251,0.0,0.0,0.0,0.0,0.0,0.0,0.0,0.0,0.0,0.0,1.0,0.0,0.0,0.0,0.0,0.0,0.0,0.0,2.0,0.0,0.0,0.0,225.0,-1.0,0.0,32.0,0.0,0.0,0.0,0.0,0.0,0.0,0.0,0.0,DoS attacks-Hulk
80.0,6.0,2018-02-16 01:47:21,22769.0,2.0,0.0,0.0,0.0,0.0,0.0,0.0,0.0,0.0,0.0,0.0,0.0,0.0,87.8387281,22769.0,0.0,22769.0,22769.0,22769.0,22769.0,0.0,22769.0,22769.0,0.0,0.0,0.0,0.0,0.0,0.0,0.0,64.0,0.0,87.8387281,0.0,0.0,0.0,0.0,0.0,0.0,0.0,0.0,0.0,0.0,1.0,0.0,0.0,0.0,0.0,0.0,0.0,0.0,2.0,0.0,0.0,0.0,225.0,-1.0,0.0,32.0,0.0,0.0,0.0,0.0,0.0,0.0,0.0,0.0,DoS attacks-Hulk
80.0,6.0,2018-02-16 01:47:49,22499.0,2.0,0.0,0.0,0.0,0.0,0.0,0.0,0.0,0.0,0.0,0.0,0.0,0.0,88.89283968,22499.0,0.0,22499.0,22499.0,22499.0,22499.0,0.0,22499.0,22499.0,0.0,0.0,0.0,0.0,0.0,0.0,0.0,64.0,0.0,88.89283968,0.0,0.0,0.0,0.0,0.0,0.0,0.0,0.0,0.0,0.0,1.0,0.0,0.0,0.0,0.0,0.0,0.0,0.0,2.0,0.0,0.0,0.0,225.0,-1.0,0.0,32.0,0.0,0.0,0.0,0.0,0.0,0.0,0.0,0.0,DoS attacks-Hulk
80.0,6.0,2018-02-16 01:46:59,57028.0,3.0,0.0,0.0,0.0,0.0,0.0,0.0,0.0,0.0,0.0,0.0,0.0,0.0,52.60573753,28514.0,17789.3924,41093.0,15935.0,57028.0,28514.0,17789.3924,41093.0,15935.0,0.0,0.0,0.0,0.0,0.0,0.0,0.0,96.0,0.0,52.60573753,0.0,0.0,0.0,0.0,0.0,0.0,0.0,0.0,0.0,0.0,1.0,0.0,0.0,0.0,0.0,0.0,0.0,0.0,3.0,0.0,0.0,0.0,225.0,-1.0,0.0,32.0,0.0,0.0,0.0,0.0,0.0,0.0,0.0,0.0,DoS attacks-Hulk
80.0,6.0,2018-02-16 01:47:13,4225107.0,4.0,5.0,341.0,935.0,341.0,0.0,85.25,170.5,935.0,0.0,187.0,418.1447118,302.0041859,2.130123568,528138.375,1455306.265,4129565.0,7.0,4179595.0,1393198.333,2369797.632,4129577.0,14301.0,4225095.0,1056273.75,2048989.879,4129572.0,21.0,0.0,0.0,136.0,168.0,0.946721586,1.183401982,0.0,935.0,127.6,303.2579393,91965.37778,0.0,0.0,0.0,0.0,1.0,1.0,0.0,0.0,1.0,141.7777778,85.25,187.0,4.0,341.0,5.0,935.0,225.0,219.0,1.0,32.0,0.0,0.0,0.0,0.0,0.0,0.0,0.0,0.0,DoS attacks-Hulk
80.0,6.0,2018-02-16 01:47:39,2054.0,2.0,0.0,0.0,0.0,0.0,0.0,0.0,0.0,0.0,0.0,0.0,0.0,0.0,973.7098345,2054.0,0.0,2054.0,2054.0,2054.0,2054.0,0.0,2054.0,2054.0,0.0,0.0,0.0,0.0,0.0,0.0,0.0,64.0,0.0,973.7098345,0.0,0.0,0.0,0.0,0.0,0.0,0.0,0.0,0.0,0.0,1.0,0.0,0.0,0.0,0.0,0.0,0.0,0.0,2.0,0.0,0.0,0.0,225.0,-1.0,0.0,32.0,0.0,0.0,0.0,0.0,0.0,0.0,0.0,0.0,DoS attacks-Hulk
80.0,6.0,2018-02-16 01:48:27,34245.0,2.0,0.0,0.0,0.0,0.0,0.0,0.0,0.0,0.0,0.0,0.0,0.0,0.0,58.40268652,34245.0,0.0,34245.0,34245.0,34245.0,34245.0,0.0,34245.0,34245.0,0.0,0.0,0.0,0.0,0.0,0.0,0.0,64.0,0.0,58.40268652,0.0,0.0,0.0,0.0,0.0,0.0,0.0,0.0,0.0,0.0,1.0,0.0,0.0,0.0,0.0,0.0,0.0,0.0,2.0,0.0,0.0,0.0,225.0,-1.0,0.0,32.0,0.0,0.0,0.0,0.0,0.0,0.0,0.0,0.0,DoS attacks-Hulk
80.0,6.0,2018-02-16 01:48:01,1678.0,2.0,0.0,0.0,0.0,0.0,0.0,0.0,0.0,0.0,0.0,0.0,0.0,0.0,1191.895113,1678.0,0.0,1678.0,1678.0,1678.0,1678.0,0.0,1678.0,1678.0,0.0,0.0,0.0,0.0,0.0,0.0,0.0,64.0,0.0,1191.895113,0.0,0.0,0.0,0.0,0.0,0.0,0.0,0.0,0.0,0.0,1.0,0.0,0.0,0.0,0.0,0.0,0.0,0.0,2.0,0.0,0.0,0.0,225.0,-1.0,0.0,32.0,0.0,0.0,0.0,0.0,0.0,0.0,0.0,0.0,DoS attacks-Hulk
80.0,6.0,2018-02-16 01:46:02,15560.0,2.0,0.0,0.0,0.0,0.0,0.0,0.0,0.0,0.0,0.0,0.0,0.0,0.0,128.5347044,15560.0,0.0,15560.0,15560.0,15560.0,15560.0,0.0,15560.0,15560.0,0.0,0.0,0.0,0.0,0.0,0.0,0.0,64.0,0.0,128.5347044,0.0,0.0,0.0,0.0,0.0,0.0,0.0,0.0,0.0,0.0,1.0,0.0,0.0,0.0,0.0,0.0,0.0,0.0,2.0,0.0,0.0,0.0,225.0,-1.0,0.0,32.0,0.0,0.0,0.0,0.0,0.0,0.0,0.0,0.0,DoS attacks-Hulk
80.0,6.0,2018-02-16 01:45:31,25053.0,3.0,4.0,352.0,935.0,352.0,0.0,117.3333333,203.2272948,935.0,0.0,233.75,467.5,51371.09328,279.4076558,4175.5,6378.176628,13359.0,4.0,13628.0,6814.0,9256.027766,13359.0,269.0,25045.0,8348.333333,7280.548491,13624.0,42.0,0.0,0.0,104.0,136.0,119.7461382,159.6615176,0.0,935.0,160.875,336.1723357,113011.8393,0.0,0.0,0.0,1.0,0.0,0.0,0.0,0.0,1.0,183.8571429,117.3333333,233.75,3.0,352.0,4.0,935.0,26883.0,219.0,1.0,32.0,0.0,0.0,0.0,0.0,0.0,0.0,0.0,0.0,DoS attacks-Hulk
80.0,6.0,2018-02-16 01:45:49,1020.0,2.0,0.0,0.0,0.0,0.0,0.0,0.0,0.0,0.0,0.0,0.0,0.0,0.0,1960.784314,1020.0,0.0,1020.0,1020.0,1020.0,1020.0,0.0,1020.0,1020.0,0.0,0.0,0.0,0.0,0.0,0.0,0.0,64.0,0.0,1960.784314,0.0,0.0,0.0,0.0,0.0,0.0,0.0,0.0,0.0,0.0,1.0,0.0,0.0,0.0,0.0,0.0,0.0,0.0,2.0,0.0,0.0,0.0,225.0,-1.0,0.0,32.0,0.0,0.0,0.0,0.0,0.0,0.0,0.0,0.0,DoS attacks-Hulk
80.0,6.0,2018-02-16 01:47:35,4225588.0,6.0,5.0,358.0,935.0,358.0,0.0,59.66666667,146.152888,935.0,0.0,187.0,418.1447118,305.9929174,2.603188006,422558.8,1289136.365,4090873.0,5.0,4219940.0,843988.0,1815270.494,4090873.0,310.0,4225583.0,1056395.75,2032365.531,4104679.0,5934.0,0.0,0.0,200.0,168.0,1.419920731,1.183267275,0.0,935.0,107.75,280.1084611,78460.75,0.0,0.0,0.0,0.0,1.0,1.0,0.0,0.0,0.0,117.5454545,59.66666667,187.0,6.0,358.0,5.0,935.0,225.0,219.0,1.0,32.0,0.0,0.0,0.0,0.0,0.0,0.0,0.0,0.0,DoS attacks-Hulk
80.0,6.0,2018-02-16 01:47:28,31234.0,2.0,0.0,0.0,0.0,0.0,0.0,0.0,0.0,0.0,0.0,0.0,0.0,0.0,64.03278479,31234.0,0.0,31234.0,31234.0,31234.0,31234.0,0.0,31234.0,31234.0,0.0,0.0,0.0,0.0,0.0,0.0,0.0,64.0,0.0,64.03278479,0.0,0.0,0.0,0.0,0.0,0.0,0.0,0.0,0.0,0.0,1.0,0.0,0.0,0.0,0.0,0.0,0.0,0.0,2.0,0.0,0.0,0.0,225.0,-1.0,0.0,32.0,0.0,0.0,0.0,0.0,0.0,0.0,0.0,0.0,DoS attacks-Hulk
80.0,6.0,2018-02-16 01:47:22,34880.0,2.0,0.0,0.0,0.0,0.0,0.0,0.0,0.0,0.0,0.0,0.0,0.0,0.0,57.33944954,34880.0,0.0,34880.0,34880.0,34880.0,34880.0,0.0,34880.0,34880.0,0.0,0.0,0.0,0.0,0.0,0.0,0.0,64.0,0.0,57.33944954,0.0,0.0,0.0,0.0,0.0,0.0,0.0,0.0,0.0,0.0,1.0,0.0,0.0,0.0,0.0,0.0,0.0,0.0,2.0,0.0,0.0,0.0,225.0,-1.0,0.0,32.0,0.0,0.0,0.0,0.0,0.0,0.0,0.0,0.0,DoS attacks-Hulk
80.0,6.0,2018-02-16 01:48:23,51245.0,2.0,0.0,0.0,0.0,0.0,0.0,0.0,0.0,0.0,0.0,0.0,0.0,0.0,39.02819787,51245.0,0.0,51245.0,51245.0,51245.0,51245.0,0.0,51245.0,51245.0,0.0,0.0,0.0,0.0,0.0,0.0,0.0,64.0,0.0,39.02819787,0.0,0.0,0.0,0.0,0.0,0.0,0.0,0.0,0.0,0.0,1.0,0.0,0.0,0.0,0.0,0.0,0.0,0.0,2.0,0.0,0.0,0.0,225.0,-1.0,0.0,32.0,0.0,0.0,0.0,0.0,0.0,0.0,0.0,0.0,DoS attacks-Hulk
80.0,6.0,2018-02-16 01:45:29,30752.0,3.0,4.0,314.0,935.0,314.0,0.0,104.6666667,181.2879845,935.0,0.0,233.75,467.5,40615.24454,227.6274714,5125.333333,11359.3286,28268.0,5.0,2440.0,1220.0,857.0134188,1826.0,614.0,30747.0,10249.0,15652.17911,28268.0,24.0,0.0,0.0,104.0,136.0,97.55463059,130.0728408,0.0,935.0,156.125,333.3425683,111117.2679,0.0,0.0,0.0,1.0,0.0,0.0,0.0,0.0,1.0,178.4285714,104.6666667,233.75,3.0,314.0,4.0,935.0,26883.0,219.0,1.0,32.0,0.0,0.0,0.0,0.0,0.0,0.0,0.0,0.0,DoS attacks-Hulk
80.0,6.0,2018-02-16 01:45:50,1494.0,2.0,0.0,0.0,0.0,0.0,0.0,0.0,0.0,0.0,0.0,0.0,0.0,0.0,1338.688086,1494.0,0.0,1494.0,1494.0,1494.0,1494.0,0.0,1494.0,1494.0,0.0,0.0,0.0,0.0,0.0,0.0,0.0,64.0,0.0,1338.688086,0.0,0.0,0.0,0.0,0.0,0.0,0.0,0.0,0.0,0.0,1.0,0.0,0.0,0.0,0.0,0.0,0.0,0.0,2.0,0.0,0.0,0.0,225.0,-1.0,0.0,32.0,0.0,0.0,0.0,0.0,0.0,0.0,0.0,0.0,DoS attacks-Hulk
80.0,6.0,2018-02-16 01:47:35,182.0,2.0,0.0,0.0,0.0,0.0,0.0,0.0,0.0,0.0,0.0,0.0,0.0,0.0,10989.01099,182.0,0.0,182.0,182.0,182.0,182.0,0.0,182.0,182.0,0.0,0.0,0.0,0.0,0.0,0.0,0.0,64.0,0.0,10989.01099,0.0,0.0,0.0,0.0,0.0,0.0,0.0,0.0,0.0,0.0,1.0,0.0,0.0,0.0,0.0,0.0,0.0,0.0,2.0,0.0,0.0,0.0,225.0,-1.0,0.0,32.0,0.0,0.0,0.0,0.0,0.0,0.0,0.0,0.0,DoS attacks-Hulk
80.0,6.0,2018-02-16 01:47:53,27621.0,2.0,0.0,0.0,0.0,0.0,0.0,0.0,0.0,0.0,0.0,0.0,0.0,0.0,72.40867456,27621.0,0.0,27621.0,27621.0,27621.0,27621.0,0.0,27621.0,27621.0,0.0,0.0,0.0,0.0,0.0,0.0,0.0,64.0,0.0,72.40867456,0.0,0.0,0.0,0.0,0.0,0.0,0.0,0.0,0.0,0.0,1.0,0.0,0.0,0.0,0.0,0.0,0.0,0.0,2.0,0.0,0.0,0.0,225.0,-1.0,0.0,32.0,0.0,0.0,0.0,0.0,0.0,0.0,0.0,0.0,DoS attacks-Hulk
80.0,6.0,2018-02-16 01:45:30,35192.0,3.0,4.0,399.0,935.0,399.0,0.0,133.0,230.3627574,935.0,0.0,233.75,467.5,37906.34235,198.9088429,5865.333333,13341.02934,33060.0,7.0,33351.0,16675.5,23171.18211,33060.0,291.0,35185.0,11728.33333,18748.93257,33353.0,20.0,0.0,0.0,104.0,136.0,85.24664697,113.662196,0.0,935.0,166.75,340.3740589,115854.5,0.0,0.0,0.0,1.0,0.0,0.0,0.0,0.0,1.0,190.5714286,133.0,233.75,3.0,399.0,4.0,935.0,26883.0,219.0,1.0,32.0,0.0,0.0,0.0,0.0,0.0,0.0,0.0,0.0,DoS attacks-Hulk
80.0,6.0,2018-02-16 01:46:01,23298.0,2.0,0.0,0.0,0.0,0.0,0.0,0.0,0.0,0.0,0.0,0.0,0.0,0.0,85.84427848,23298.0,0.0,23298.0,23298.0,23298.0,23298.0,0.0,23298.0,23298.0,0.0,0.0,0.0,0.0,0.0,0.0,0.0,64.0,0.0,85.84427848,0.0,0.0,0.0,0.0,0.0,0.0,0.0,0.0,0.0,0.0,1.0,0.0,0.0,0.0,0.0,0.0,0.0,0.0,2.0,0.0,0.0,0.0,225.0,-1.0,0.0,32.0,0.0,0.0,0.0,0.0,0.0,0.0,0.0,0.0,DoS attacks-Hulk
80.0,6.0,2018-02-16 01:48:11,16455.0,2.0,0.0,0.0,0.0,0.0,0.0,0.0,0.0,0.0,0.0,0.0,0.0,0.0,121.5436038,16455.0,0.0,16455.0,16455.0,16455.0,16455.0,0.0,16455.0,16455.0,0.0,0.0,0.0,0.0,0.0,0.0,0.0,64.0,0.0,121.5436038,0.0,0.0,0.0,0.0,0.0,0.0,0.0,0.0,0.0,0.0,1.0,0.0,0.0,0.0,0.0,0.0,0.0,0.0,2.0,0.0,0.0,0.0,225.0,-1.0,0.0,32.0,0.0,0.0,0.0,0.0,0.0,0.0,0.0,0.0,DoS attacks-Hulk
80.0,6.0,2018-02-16 01:46:53,1754.0,2.0,0.0,0.0,0.0,0.0,0.0,0.0,0.0,0.0,0.0,0.0,0.0,0.0,1140.250855,1754.0,0.0,1754.0,1754.0,1754.0,1754.0,0.0,1754.0,1754.0,0.0,0.0,0.0,0.0,0.0,0.0,0.0,64.0,0.0,1140.250855,0.0,0.0,0.0,0.0,0.0,0.0,0.0,0.0,0.0,0.0,1.0,0.0,0.0,0.0,0.0,0.0,0.0,0.0,2.0,0.0,0.0,0.0,225.0,-1.0,0.0,32.0,0.0,0.0,0.0,0.0,0.0,0.0,0.0,0.0,DoS attacks-Hulk
80.0,6.0,2018-02-16 01:47:32,28001.0,2.0,0.0,0.0,0.0,0.0,0.0,0.0,0.0,0.0,0.0,0.0,0.0,0.0,71.4260205,28001.0,0.0,28001.0,28001.0,28001.0,28001.0,0.0,28001.0,28001.0,0.0,0.0,0.0,0.0,0.0,0.0,0.0,64.0,0.0,71.4260205,0.0,0.0,0.0,0.0,0.0,0.0,0.0,0.0,0.0,0.0,1.0,0.0,0.0,0.0,0.0,0.0,0.0,0.0,2.0,0.0,0.0,0.0,225.0,-1.0,0.0,32.0,0.0,0.0,0.0,0.0,0.0,0.0,0.0,0.0,DoS attacks-Hulk
80.0,6.0,2018-02-16 01:45:54,53202.0,3.0,0.0,0.0,0.0,0.0,0.0,0.0,0.0,0.0,0.0,0.0,0.0,0.0,56.38885756,26601.0,24089.71382,43635.0,9567.0,53202.0,26601.0,24089.71382,43635.0,9567.0,0.0,0.0,0.0,0.0,0.0,0.0,0.0,96.0,0.0,56.38885756,0.0,0.0,0.0,0.0,0.0,0.0,0.0,0.0,0.0,0.0,1.0,0.0,0.0,0.0,0.0,0.0,0.0,0.0,3.0,0.0,0.0,0.0,225.0,-1.0,0.0,32.0,0.0,0.0,0.0,0.0,0.0,0.0,0.0,0.0,DoS attacks-Hulk
80.0,6.0,2018-02-16 01:47:30,53913.0,2.0,0.0,0.0,0.0,0.0,0.0,0.0,0.0,0.0,0.0,0.0,0.0,0.0,37.09680411,53913.0,0.0,53913.0,53913.0,53913.0,53913.0,0.0,53913.0,53913.0,0.0,0.0,0.0,0.0,0.0,0.0,0.0,64.0,0.0,37.09680411,0.0,0.0,0.0,0.0,0.0,0.0,0.0,0.0,0.0,0.0,1.0,0.0,0.0,0.0,0.0,0.0,0.0,0.0,2.0,0.0,0.0,0.0,225.0,-1.0,0.0,32.0,0.0,0.0,0.0,0.0,0.0,0.0,0.0,0.0,DoS attacks-Hulk
80.0,6.0,2018-02-16 01:48:40,674.0,2.0,0.0,0.0,0.0,0.0,0.0,0.0,0.0,0.0,0.0,0.0,0.0,0.0,2967.35905,674.0,0.0,674.0,674.0,674.0,674.0,0.0,674.0,674.0,0.0,0.0,0.0,0.0,0.0,0.0,0.0,64.0,0.0,2967.35905,0.0,0.0,0.0,0.0,0.0,0.0,0.0,0.0,0.0,0.0,1.0,0.0,0.0,0.0,0.0,0.0,0.0,0.0,2.0,0.0,0.0,0.0,225.0,-1.0,0.0,32.0,0.0,0.0,0.0,0.0,0.0,0.0,0.0,0.0,DoS attacks-Hulk
80.0,6.0,2018-02-16 01:45:42,1646.0,2.0,0.0,0.0,0.0,0.0,0.0,0.0,0.0,0.0,0.0,0.0,0.0,0.0,1215.066829,1646.0,0.0,1646.0,1646.0,1646.0,1646.0,0.0,1646.0,1646.0,0.0,0.0,0.0,0.0,0.0,0.0,0.0,64.0,0.0,1215.066829,0.0,0.0,0.0,0.0,0.0,0.0,0.0,0.0,0.0,0.0,1.0,0.0,0.0,0.0,0.0,0.0,0.0,0.0,2.0,0.0,0.0,0.0,225.0,-1.0,0.0,32.0,0.0,0.0,0.0,0.0,0.0,0.0,0.0,0.0,DoS attacks-Hulk
80.0,6.0,2018-02-16 01:47:43,51460.0,2.0,0.0,0.0,0.0,0.0,0.0,0.0,0.0,0.0,0.0,0.0,0.0,0.0,38.86513797,51460.0,0.0,51460.0,51460.0,51460.0,51460.0,0.0,51460.0,51460.0,0.0,0.0,0.0,0.0,0.0,0.0,0.0,64.0,0.0,38.86513797,0.0,0.0,0.0,0.0,0.0,0.0,0.0,0.0,0.0,0.0,1.0,0.0,0.0,0.0,0.0,0.0,0.0,0.0,2.0,0.0,0.0,0.0,225.0,-1.0,0.0,32.0,0.0,0.0,0.0,0.0,0.0,0.0,0.0,0.0,DoS attacks-Hulk
80.0,6.0,2018-02-16 01:47:23,32428.0,2.0,0.0,0.0,0.0,0.0,0.0,0.0,0.0,0.0,0.0,0.0,0.0,0.0,61.6750956,32428.0,0.0,32428.0,32428.0,32428.0,32428.0,0.0,32428.0,32428.0,0.0,0.0,0.0,0.0,0.0,0.0,0.0,64.0,0.0,61.6750956,0.0,0.0,0.0,0.0,0.0,0.0,0.0,0.0,0.0,0.0,1.0,0.0,0.0,0.0,0.0,0.0,0.0,0.0,2.0,0.0,0.0,0.0,225.0,-1.0,0.0,32.0,0.0,0.0,0.0,0.0,0.0,0.0,0.0,0.0,DoS attacks-Hulk
80.0,6.0,2018-02-16 01:45:52,2708.0,2.0,0.0,0.0,0.0,0.0,0.0,0.0,0.0,0.0,0.0,0.0,0.0,0.0,738.5524372,2708.0,0.0,2708.0,2708.0,2708.0,2708.0,0.0,2708.0,2708.0,0.0,0.0,0.0,0.0,0.0,0.0,0.0,64.0,0.0,738.5524372,0.0,0.0,0.0,0.0,0.0,0.0,0.0,0.0,0.0,0.0,1.0,0.0,0.0,0.0,0.0,0.0,0.0,0.0,2.0,0.0,0.0,0.0,225.0,-1.0,0.0,32.0,0.0,0.0,0.0,0.0,0.0,0.0,0.0,0.0,DoS attacks-Hulk
80.0,6.0,2018-02-16 01:46:10,9132.0,2.0,0.0,0.0,0.0,0.0,0.0,0.0,0.0,0.0,0.0,0.0,0.0,0.0,219.0100745,9132.0,0.0,9132.0,9132.0,9132.0,9132.0,0.0,9132.0,9132.0,0.0,0.0,0.0,0.0,0.0,0.0,0.0,64.0,0.0,219.0100745,0.0,0.0,0.0,0.0,0.0,0.0,0.0,0.0,0.0,0.0,1.0,0.0,0.0,0.0,0.0,0.0,0.0,0.0,2.0,0.0,0.0,0.0,225.0,-1.0,0.0,32.0,0.0,0.0,0.0,0.0,0.0,0.0,0.0,0.0,DoS attacks-Hulk
80.0,6.0,2018-02-16 01:45:58,58456.0,3.0,0.0,0.0,0.0,0.0,0.0,0.0,0.0,0.0,0.0,0.0,0.0,0.0,51.32065143,29228.0,13147.94349,38525.0,19931.0,58456.0,29228.0,13147.94349,38525.0,19931.0,0.0,0.0,0.0,0.0,0.0,0.0,0.0,96.0,0.0,51.32065143,0.0,0.0,0.0,0.0,0.0,0.0,0.0,0.0,0.0,0.0,1.0,0.0,0.0,0.0,0.0,0.0,0.0,0.0,3.0,0.0,0.0,0.0,225.0,-1.0,0.0,32.0,0.0,0.0,0.0,0.0,0.0,0.0,0.0,0.0,DoS attacks-Hulk
80.0,6.0,2018-02-16 01:45:57,3846.0,2.0,0.0,0.0,0.0,0.0,0.0,0.0,0.0,0.0,0.0,0.0,0.0,0.0,520.0208008,3846.0,0.0,3846.0,3846.0,3846.0,3846.0,0.0,3846.0,3846.0,0.0,0.0,0.0,0.0,0.0,0.0,0.0,64.0,0.0,520.0208008,0.0,0.0,0.0,0.0,0.0,0.0,0.0,0.0,0.0,0.0,1.0,0.0,0.0,0.0,0.0,0.0,0.0,0.0,2.0,0.0,0.0,0.0,225.0,-1.0,0.0,32.0,0.0,0.0,0.0,0.0,0.0,0.0,0.0,0.0,DoS attacks-Hulk
80.0,6.0,2018-02-16 01:48:09,66514.0,3.0,0.0,0.0,0.0,0.0,0.0,0.0,0.0,0.0,0.0,0.0,0.0,0.0,45.10328653,33257.0,20350.53316,47647.0,18867.0,66514.0,33257.0,20350.53316,47647.0,18867.0,0.0,0.0,0.0,0.0,0.0,0.0,0.0,96.0,0.0,45.10328653,0.0,0.0,0.0,0.0,0.0,0.0,0.0,0.0,0.0,0.0,1.0,0.0,0.0,0.0,0.0,0.0,0.0,0.0,3.0,0.0,0.0,0.0,225.0,-1.0,0.0,32.0,0.0,0.0,0.0,0.0,0.0,0.0,0.0,0.0,DoS attacks-Hulk
80.0,6.0,2018-02-16 01:46:04,1678.0,2.0,0.0,0.0,0.0,0.0,0.0,0.0,0.0,0.0,0.0,0.0,0.0,0.0,1191.895113,1678.0,0.0,1678.0,1678.0,1678.0,1678.0,0.0,1678.0,1678.0,0.0,0.0,0.0,0.0,0.0,0.0,0.0,64.0,0.0,1191.895113,0.0,0.0,0.0,0.0,0.0,0.0,0.0,0.0,0.0,0.0,1.0,0.0,0.0,0.0,0.0,0.0,0.0,0.0,2.0,0.0,0.0,0.0,225.0,-1.0,0.0,32.0,0.0,0.0,0.0,0.0,0.0,0.0,0.0,0.0,DoS attacks-Hulk
80.0,6.0,2018-02-16 01:46:20,3978.0,2.0,0.0,0.0,0.0,0.0,0.0,0.0,0.0,0.0,0.0,0.0,0.0,0.0,502.7652086,3978.0,0.0,3978.0,3978.0,3978.0,3978.0,0.0,3978.0,3978.0,0.0,0.0,0.0,0.0,0.0,0.0,0.0,64.0,0.0,502.7652086,0.0,0.0,0.0,0.0,0.0,0.0,0.0,0.0,0.0,0.0,1.0,0.0,0.0,0.0,0.0,0.0,0.0,0.0,2.0,0.0,0.0,0.0,225.0,-1.0,0.0,32.0,0.0,0.0,0.0,0.0,0.0,0.0,0.0,0.0,DoS attacks-Hulk
80.0,6.0,2018-02-16 01:47:47,36788.0,2.0,0.0,0.0,0.0,0.0,0.0,0.0,0.0,0.0,0.0,0.0,0.0,0.0,54.36555398,36788.0,0.0,36788.0,36788.0,36788.0,36788.0,0.0,36788.0,36788.0,0.0,0.0,0.0,0.0,0.0,0.0,0.0,64.0,0.0,54.36555398,0.0,0.0,0.0,0.0,0.0,0.0,0.0,0.0,0.0,0.0,1.0,0.0,0.0,0.0,0.0,0.0,0.0,0.0,2.0,0.0,0.0,0.0,225.0,-1.0,0.0,32.0,0.0,0.0,0.0,0.0,0.0,0.0,0.0,0.0,DoS attacks-Hulk
80.0,6.0,2018-02-16 01:45:46,7628.0,2.0,0.0,0.0,0.0,0.0,0.0,0.0,0.0,0.0,0.0,0.0,0.0,0.0,262.1919245,7628.0,0.0,7628.0,7628.0,7628.0,7628.0,0.0,7628.0,7628.0,0.0,0.0,0.0,0.0,0.0,0.0,0.0,64.0,0.0,262.1919245,0.0,0.0,0.0,0.0,0.0,0.0,0.0,0.0,0.0,0.0,1.0,0.0,0.0,0.0,0.0,0.0,0.0,0.0,2.0,0.0,0.0,0.0,225.0,-1.0,0.0,32.0,0.0,0.0,0.0,0.0,0.0,0.0,0.0,0.0,DoS attacks-Hulk
80.0,6.0,2018-02-16 01:47:05,770.0,2.0,0.0,0.0,0.0,0.0,0.0,0.0,0.0,0.0,0.0,0.0,0.0,0.0,2597.402597,770.0,0.0,770.0,770.0,770.0,770.0,0.0,770.0,770.0,0.0,0.0,0.0,0.0,0.0,0.0,0.0,64.0,0.0,2597.402597,0.0,0.0,0.0,0.0,0.0,0.0,0.0,0.0,0.0,0.0,1.0,0.0,0.0,0.0,0.0,0.0,0.0,0.0,2.0,0.0,0.0,0.0,225.0,-1.0,0.0,32.0,0.0,0.0,0.0,0.0,0.0,0.0,0.0,0.0,DoS attacks-Hulk
80.0,6.0,2018-02-16 01:45:55,10136.0,2.0,0.0,0.0,0.0,0.0,0.0,0.0,0.0,0.0,0.0,0.0,0.0,0.0,197.3164957,10136.0,0.0,10136.0,10136.0,10136.0,10136.0,0.0,10136.0,10136.0,0.0,0.0,0.0,0.0,0.0,0.0,0.0,64.0,0.0,197.3164957,0.0,0.0,0.0,0.0,0.0,0.0,0.0,0.0,0.0,0.0,1.0,0.0,0.0,0.0,0.0,0.0,0.0,0.0,2.0,0.0,0.0,0.0,225.0,-1.0,0.0,32.0,0.0,0.0,0.0,0.0,0.0,0.0,0.0,0.0,DoS attacks-Hulk
80.0,6.0,2018-02-16 01:46:54,77720.0,3.0,0.0,0.0,0.0,0.0,0.0,0.0,0.0,0.0,0.0,0.0,0.0,0.0,38.60010293,38860.0,714.177849,39365.0,38355.0,77720.0,38860.0,714.177849,39365.0,38355.0,0.0,0.0,0.0,0.0,0.0,0.0,0.0,96.0,0.0,38.60010293,0.0,0.0,0.0,0.0,0.0,0.0,0.0,0.0,0.0,0.0,1.0,0.0,0.0,0.0,0.0,0.0,0.0,0.0,3.0,0.0,0.0,0.0,225.0,-1.0,0.0,32.0,0.0,0.0,0.0,0.0,0.0,0.0,0.0,0.0,DoS attacks-Hulk
80.0,6.0,2018-02-16 01:47:16,9443.0,2.0,0.0,0.0,0.0,0.0,0.0,0.0,0.0,0.0,0.0,0.0,0.0,0.0,211.7970984,9443.0,0.0,9443.0,9443.0,9443.0,9443.0,0.0,9443.0,9443.0,0.0,0.0,0.0,0.0,0.0,0.0,0.0,64.0,0.0,211.7970984,0.0,0.0,0.0,0.0,0.0,0.0,0.0,0.0,0.0,0.0,1.0,0.0,0.0,0.0,0.0,0.0,0.0,0.0,2.0,0.0,0.0,0.0,225.0,-1.0,0.0,32.0,0.0,0.0,0.0,0.0,0.0,0.0,0.0,0.0,DoS attacks-Hulk
80.0,6.0,2018-02-16 01:48:01,17188.0,2.0,0.0,0.0,0.0,0.0,0.0,0.0,0.0,0.0,0.0,0.0,0.0,0.0,116.3602513,17188.0,0.0,17188.0,17188.0,17188.0,17188.0,0.0,17188.0,17188.0,0.0,0.0,0.0,0.0,0.0,0.0,0.0,64.0,0.0,116.3602513,0.0,0.0,0.0,0.0,0.0,0.0,0.0,0.0,0.0,0.0,1.0,0.0,0.0,0.0,0.0,0.0,0.0,0.0,2.0,0.0,0.0,0.0,225.0,-1.0,0.0,32.0,0.0,0.0,0.0,0.0,0.0,0.0,0.0,0.0,DoS attacks-Hulk
80.0,6.0,2018-02-16 01:48:41,17749.0,2.0,0.0,0.0,0.0,0.0,0.0,0.0,0.0,0.0,0.0,0.0,0.0,0.0,112.6824046,17749.0,0.0,17749.0,17749.0,17749.0,17749.0,0.0,17749.0,17749.0,0.0,0.0,0.0,0.0,0.0,0.0,0.0,64.0,0.0,112.6824046,0.0,0.0,0.0,0.0,0.0,0.0,0.0,0.0,0.0,0.0,1.0,0.0,0.0,0.0,0.0,0.0,0.0,0.0,2.0,0.0,0.0,0.0,225.0,-1.0,0.0,32.0,0.0,0.0,0.0,0.0,0.0,0.0,0.0,0.0,DoS attacks-Hulk
80.0,6.0,2018-02-16 01:46:04,42249.0,2.0,0.0,0.0,0.0,0.0,0.0,0.0,0.0,0.0,0.0,0.0,0.0,0.0,47.33839854,42249.0,0.0,42249.0,42249.0,42249.0,42249.0,0.0,42249.0,42249.0,0.0,0.0,0.0,0.0,0.0,0.0,0.0,64.0,0.0,47.33839854,0.0,0.0,0.0,0.0,0.0,0.0,0.0,0.0,0.0,0.0,1.0,0.0,0.0,0.0,0.0,0.0,0.0,0.0,2.0,0.0,0.0,0.0,225.0,-1.0,0.0,32.0,0.0,0.0,0.0,0.0,0.0,0.0,0.0,0.0,DoS attacks-Hulk
80.0,6.0,2018-02-16 01:45:57,2951.0,2.0,0.0,0.0,0.0,0.0,0.0,0.0,0.0,0.0,0.0,0.0,0.0,0.0,677.7363606,2951.0,0.0,2951.0,2951.0,2951.0,2951.0,0.0,2951.0,2951.0,0.0,0.0,0.0,0.0,0.0,0.0,0.0,64.0,0.0,677.7363606,0.0,0.0,0.0,0.0,0.0,0.0,0.0,0.0,0.0,0.0,1.0,0.0,0.0,0.0,0.0,0.0,0.0,0.0,2.0,0.0,0.0,0.0,225.0,-1.0,0.0,32.0,0.0,0.0,0.0,0.0,0.0,0.0,0.0,0.0,DoS attacks-Hulk
80.0,6.0,2018-02-16 01:46:15,50828.0,3.0,0.0,0.0,0.0,0.0,0.0,0.0,0.0,0.0,0.0,0.0,0.0,0.0,59.02258598,25414.0,24030.31685,42406.0,8422.0,50828.0,25414.0,24030.31685,42406.0,8422.0,0.0,0.0,0.0,0.0,0.0,0.0,0.0,96.0,0.0,59.02258598,0.0,0.0,0.0,0.0,0.0,0.0,0.0,0.0,0.0,0.0,1.0,0.0,0.0,0.0,0.0,0.0,0.0,0.0,3.0,0.0,0.0,0.0,225.0,-1.0,0.0,32.0,0.0,0.0,0.0,0.0,0.0,0.0,0.0,0.0,DoS attacks-Hulk
80.0,6.0,2018-02-16 01:45:44,286.0,2.0,0.0,0.0,0.0,0.0,0.0,0.0,0.0,0.0,0.0,0.0,0.0,0.0,6993.006993,286.0,0.0,286.0,286.0,286.0,286.0,0.0,286.0,286.0,0.0,0.0,0.0,0.0,0.0,0.0,0.0,64.0,0.0,6993.006993,0.0,0.0,0.0,0.0,0.0,0.0,0.0,0.0,0.0,0.0,1.0,0.0,0.0,0.0,0.0,0.0,0.0,0.0,2.0,0.0,0.0,0.0,225.0,-1.0,0.0,32.0,0.0,0.0,0.0,0.0,0.0,0.0,0.0,0.0,DoS attacks-Hulk
80.0,6.0,2018-02-16 01:47:17,33750.0,2.0,0.0,0.0,0.0,0.0,0.0,0.0,0.0,0.0,0.0,0.0,0.0,0.0,59.25925926,33750.0,0.0,33750.0,33750.0,33750.0,33750.0,0.0,33750.0,33750.0,0.0,0.0,0.0,0.0,0.0,0.0,0.0,64.0,0.0,59.25925926,0.0,0.0,0.0,0.0,0.0,0.0,0.0,0.0,0.0,0.0,1.0,0.0,0.0,0.0,0.0,0.0,0.0,0.0,2.0,0.0,0.0,0.0,225.0,-1.0,0.0,32.0,0.0,0.0,0.0,0.0,0.0,0.0,0.0,0.0,DoS attacks-Hulk
80.0,6.0,2018-02-16 01:45:59,339.0,2.0,0.0,0.0,0.0,0.0,0.0,0.0,0.0,0.0,0.0,0.0,0.0,0.0,5899.705015,339.0,0.0,339.0,339.0,339.0,339.0,0.0,339.0,339.0,0.0,0.0,0.0,0.0,0.0,0.0,0.0,64.0,0.0,5899.705015,0.0,0.0,0.0,0.0,0.0,0.0,0.0,0.0,0.0,0.0,1.0,0.0,0.0,0.0,0.0,0.0,0.0,0.0,2.0,0.0,0.0,0.0,225.0,-1.0,0.0,32.0,0.0,0.0,0.0,0.0,0.0,0.0,0.0,0.0,DoS attacks-Hulk
80.0,6.0,2018-02-16 01:47:10,73298.0,3.0,0.0,0.0,0.0,0.0,0.0,0.0,0.0,0.0,0.0,0.0,0.0,0.0,40.92881115,36649.0,4348.706704,39724.0,33574.0,73298.0,36649.0,4348.706704,39724.0,33574.0,0.0,0.0,0.0,0.0,0.0,0.0,0.0,96.0,0.0,40.92881115,0.0,0.0,0.0,0.0,0.0,0.0,0.0,0.0,0.0,0.0,1.0,0.0,0.0,0.0,0.0,0.0,0.0,0.0,3.0,0.0,0.0,0.0,225.0,-1.0,0.0,32.0,0.0,0.0,0.0,0.0,0.0,0.0,0.0,0.0,DoS attacks-Hulk
80.0,6.0,2018-02-16 01:47:13,4203847.0,4.0,5.0,359.0,935.0,359.0,0.0,89.75,179.5,935.0,0.0,187.0,418.1447118,307.8132958,2.140896184,525480.875,1450727.084,4115552.0,4.0,4161472.0,1387157.333,2362944.219,4115566.0,4379.0,4203833.0,1050958.25,2043172.788,4115558.0,24.0,0.0,0.0,136.0,168.0,0.951509415,1.189386769,0.0,935.0,129.4,304.7152405,92851.37778,0.0,0.0,0.0,0.0,1.0,1.0,0.0,0.0,1.0,143.7777778,89.75,187.0,4.0,359.0,5.0,935.0,225.0,237.0,1.0,32.0,0.0,0.0,0.0,0.0,0.0,0.0,0.0,0.0,DoS attacks-Hulk
80.0,6.0,2018-02-16 01:48:00,5881.0,2.0,0.0,0.0,0.0,0.0,0.0,0.0,0.0,0.0,0.0,0.0,0.0,0.0,340.078218,5881.0,0.0,5881.0,5881.0,5881.0,5881.0,0.0,5881.0,5881.0,0.0,0.0,0.0,0.0,0.0,0.0,0.0,64.0,0.0,340.078218,0.0,0.0,0.0,0.0,0.0,0.0,0.0,0.0,0.0,0.0,1.0,0.0,0.0,0.0,0.0,0.0,0.0,0.0,2.0,0.0,0.0,0.0,225.0,-1.0,0.0,32.0,0.0,0.0,0.0,0.0,0.0,0.0,0.0,0.0,DoS attacks-Hulk
80.0,6.0,2018-02-16 01:47:54,51378.0,3.0,0.0,0.0,0.0,0.0,0.0,0.0,0.0,0.0,0.0,0.0,0.0,0.0,58.39075091,25689.0,20875.20639,40450.0,10928.0,51378.0,25689.0,20875.20639,40450.0,10928.0,0.0,0.0,0.0,0.0,0.0,0.0,0.0,96.0,0.0,58.39075091,0.0,0.0,0.0,0.0,0.0,0.0,0.0,0.0,0.0,0.0,1.0,0.0,0.0,0.0,0.0,0.0,0.0,0.0,3.0,0.0,0.0,0.0,225.0,-1.0,0.0,32.0,0.0,0.0,0.0,0.0,0.0,0.0,0.0,0.0,DoS attacks-Hulk
80.0,6.0,2018-02-16 01:48:22,519.0,2.0,0.0,0.0,0.0,0.0,0.0,0.0,0.0,0.0,0.0,0.0,0.0,0.0,3853.564547,519.0,0.0,519.0,519.0,519.0,519.0,0.0,519.0,519.0,0.0,0.0,0.0,0.0,0.0,0.0,0.0,64.0,0.0,3853.564547,0.0,0.0,0.0,0.0,0.0,0.0,0.0,0.0,0.0,0.0,1.0,0.0,0.0,0.0,0.0,0.0,0.0,0.0,2.0,0.0,0.0,0.0,225.0,-1.0,0.0,32.0,0.0,0.0,0.0,0.0,0.0,0.0,0.0,0.0,DoS attacks-Hulk
80.0,6.0,2018-02-16 01:46:26,37455.0,2.0,0.0,0.0,0.0,0.0,0.0,0.0,0.0,0.0,0.0,0.0,0.0,0.0,53.39741023,37455.0,0.0,37455.0,37455.0,37455.0,37455.0,0.0,37455.0,37455.0,0.0,0.0,0.0,0.0,0.0,0.0,0.0,64.0,0.0,53.39741023,0.0,0.0,0.0,0.0,0.0,0.0,0.0,0.0,0.0,0.0,1.0,0.0,0.0,0.0,0.0,0.0,0.0,0.0,2.0,0.0,0.0,0.0,225.0,-1.0,0.0,32.0,0.0,0.0,0.0,0.0,0.0,0.0,0.0,0.0,DoS attacks-Hulk
80.0,6.0,2018-02-16 01:48:21,38113.0,2.0,0.0,0.0,0.0,0.0,0.0,0.0,0.0,0.0,0.0,0.0,0.0,0.0,52.47553328,38113.0,0.0,38113.0,38113.0,38113.0,38113.0,0.0,38113.0,38113.0,0.0,0.0,0.0,0.0,0.0,0.0,0.0,64.0,0.0,52.47553328,0.0,0.0,0.0,0.0,0.0,0.0,0.0,0.0,0.0,0.0,1.0,0.0,0.0,0.0,0.0,0.0,0.0,0.0,2.0,0.0,0.0,0.0,225.0,-1.0,0.0,32.0,0.0,0.0,0.0,0.0,0.0,0.0,0.0,0.0,DoS attacks-Hulk
80.0,6.0,2018-02-16 01:47:35,5481.0,2.0,0.0,0.0,0.0,0.0,0.0,0.0,0.0,0.0,0.0,0.0,0.0,0.0,364.8969166,5481.0,0.0,5481.0,5481.0,5481.0,5481.0,0.0,5481.0,5481.0,0.0,0.0,0.0,0.0,0.0,0.0,0.0,64.0,0.0,364.8969166,0.0,0.0,0.0,0.0,0.0,0.0,0.0,0.0,0.0,0.0,1.0,0.0,0.0,0.0,0.0,0.0,0.0,0.0,2.0,0.0,0.0,0.0,225.0,-1.0,0.0,32.0,0.0,0.0,0.0,0.0,0.0,0.0,0.0,0.0,DoS attacks-Hulk
80.0,6.0,2018-02-16 01:46:56,29199.0,2.0,0.0,0.0,0.0,0.0,0.0,0.0,0.0,0.0,0.0,0.0,0.0,0.0,68.49549642,29199.0,0.0,29199.0,29199.0,29199.0,29199.0,0.0,29199.0,29199.0,0.0,0.0,0.0,0.0,0.0,0.0,0.0,64.0,0.0,68.49549642,0.0,0.0,0.0,0.0,0.0,0.0,0.0,0.0,0.0,0.0,1.0,0.0,0.0,0.0,0.0,0.0,0.0,0.0,2.0,0.0,0.0,0.0,225.0,-1.0,0.0,32.0,0.0,0.0,0.0,0.0,0.0,0.0,0.0,0.0,DoS attacks-Hulk
80.0,6.0,2018-02-16 01:48:03,50930.0,3.0,0.0,0.0,0.0,0.0,0.0,0.0,0.0,0.0,0.0,0.0,0.0,0.0,58.90437856,25465.0,22816.92162,41599.0,9331.0,50930.0,25465.0,22816.92162,41599.0,9331.0,0.0,0.0,0.0,0.0,0.0,0.0,0.0,96.0,0.0,58.90437856,0.0,0.0,0.0,0.0,0.0,0.0,0.0,0.0,0.0,0.0,1.0,0.0,0.0,0.0,0.0,0.0,0.0,0.0,3.0,0.0,0.0,0.0,225.0,-1.0,0.0,32.0,0.0,0.0,0.0,0.0,0.0,0.0,0.0,0.0,DoS attacks-Hulk
80.0,6.0,2018-02-16 01:46:03,44033.0,2.0,0.0,0.0,0.0,0.0,0.0,0.0,0.0,0.0,0.0,0.0,0.0,0.0,45.42048009,44033.0,0.0,44033.0,44033.0,44033.0,44033.0,0.0,44033.0,44033.0,0.0,0.0,0.0,0.0,0.0,0.0,0.0,64.0,0.0,45.42048009,0.0,0.0,0.0,0.0,0.0,0.0,0.0,0.0,0.0,0.0,1.0,0.0,0.0,0.0,0.0,0.0,0.0,0.0,2.0,0.0,0.0,0.0,225.0,-1.0,0.0,32.0,0.0,0.0,0.0,0.0,0.0,0.0,0.0,0.0,DoS attacks-Hulk
80.0,6.0,2018-02-16 01:46:56,14571.0,2.0,0.0,0.0,0.0,0.0,0.0,0.0,0.0,0.0,0.0,0.0,0.0,0.0,137.258939,14571.0,0.0,14571.0,14571.0,14571.0,14571.0,0.0,14571.0,14571.0,0.0,0.0,0.0,0.0,0.0,0.0,0.0,64.0,0.0,137.258939,0.0,0.0,0.0,0.0,0.0,0.0,0.0,0.0,0.0,0.0,1.0,0.0,0.0,0.0,0.0,0.0,0.0,0.0,2.0,0.0,0.0,0.0,225.0,-1.0,0.0,32.0,0.0,0.0,0.0,0.0,0.0,0.0,0.0,0.0,DoS attacks-Hulk
80.0,6.0,2018-02-16 01:47:35,1402.0,2.0,0.0,0.0,0.0,0.0,0.0,0.0,0.0,0.0,0.0,0.0,0.0,0.0,1426.533524,1402.0,0.0,1402.0,1402.0,1402.0,1402.0,0.0,1402.0,1402.0,0.0,0.0,0.0,0.0,0.0,0.0,0.0,64.0,0.0,1426.533524,0.0,0.0,0.0,0.0,0.0,0.0,0.0,0.0,0.0,0.0,1.0,0.0,0.0,0.0,0.0,0.0,0.0,0.0,2.0,0.0,0.0,0.0,225.0,-1.0,0.0,32.0,0.0,0.0,0.0,0.0,0.0,0.0,0.0,0.0,DoS attacks-Hulk
80.0,6.0,2018-02-16 01:45:31,42442.0,3.0,4.0,368.0,935.0,368.0,0.0,122.6666667,212.4648991,935.0,0.0,233.75,467.5,30700.72098,164.9309646,7073.666667,14051.93757,35552.0,7.0,6845.0,3422.5,419.3143212,3719.0,3126.0,42435.0,14145.0,18849.01475,35552.0,37.0,0.0,0.0,104.0,136.0,70.68469912,94.24626549,0.0,935.0,162.875,337.5167456,113917.5536,0.0,0.0,0.0,1.0,0.0,0.0,0.0,0.0,1.0,186.1428571,122.6666667,233.75,3.0,368.0,4.0,935.0,26883.0,219.0,1.0,32.0,0.0,0.0,0.0,0.0,0.0,0.0,0.0,0.0,DoS attacks-Hulk
80.0,6.0,2018-02-16 01:46:48,54301.0,3.0,0.0,0.0,0.0,0.0,0.0,0.0,0.0,0.0,0.0,0.0,0.0,0.0,55.24760133,27150.5,20973.49424,41981.0,12320.0,54301.0,27150.5,20973.49424,41981.0,12320.0,0.0,0.0,0.0,0.0,0.0,0.0,0.0,96.0,0.0,55.24760133,0.0,0.0,0.0,0.0,0.0,0.0,0.0,0.0,0.0,0.0,1.0,0.0,0.0,0.0,0.0,0.0,0.0,0.0,3.0,0.0,0.0,0.0,225.0,-1.0,0.0,32.0,0.0,0.0,0.0,0.0,0.0,0.0,0.0,0.0,DoS attacks-Hulk
80.0,6.0,2018-02-16 01:48:20,5720.0,2.0,0.0,0.0,0.0,0.0,0.0,0.0,0.0,0.0,0.0,0.0,0.0,0.0,349.6503497,5720.0,0.0,5720.0,5720.0,5720.0,5720.0,0.0,5720.0,5720.0,0.0,0.0,0.0,0.0,0.0,0.0,0.0,64.0,0.0,349.6503497,0.0,0.0,0.0,0.0,0.0,0.0,0.0,0.0,0.0,0.0,1.0,0.0,0.0,0.0,0.0,0.0,0.0,0.0,2.0,0.0,0.0,0.0,225.0,-1.0,0.0,32.0,0.0,0.0,0.0,0.0,0.0,0.0,0.0,0.0,DoS attacks-Hulk
80.0,6.0,2018-02-16 01:45:34,12924.0,2.0,0.0,0.0,0.0,0.0,0.0,0.0,0.0,0.0,0.0,0.0,0.0,0.0,154.7508511,12924.0,0.0,12924.0,12924.0,12924.0,12924.0,0.0,12924.0,12924.0,0.0,0.0,0.0,0.0,0.0,0.0,0.0,64.0,0.0,154.7508511,0.0,0.0,0.0,0.0,0.0,0.0,0.0,0.0,0.0,0.0,1.0,0.0,0.0,0.0,0.0,0.0,0.0,0.0,2.0,0.0,0.0,0.0,225.0,-1.0,0.0,32.0,0.0,0.0,0.0,0.0,0.0,0.0,0.0,0.0,DoS attacks-Hulk
80.0,6.0,2018-02-16 01:45:47,14520.0,2.0,0.0,0.0,0.0,0.0,0.0,0.0,0.0,0.0,0.0,0.0,0.0,0.0,137.7410468,14520.0,0.0,14520.0,14520.0,14520.0,14520.0,0.0,14520.0,14520.0,0.0,0.0,0.0,0.0,0.0,0.0,0.0,64.0,0.0,137.7410468,0.0,0.0,0.0,0.0,0.0,0.0,0.0,0.0,0.0,0.0,1.0,0.0,0.0,0.0,0.0,0.0,0.0,0.0,2.0,0.0,0.0,0.0,225.0,-1.0,0.0,32.0,0.0,0.0,0.0,0.0,0.0,0.0,0.0,0.0,DoS attacks-Hulk
80.0,6.0,2018-02-16 01:46:18,557.0,2.0,0.0,0.0,0.0,0.0,0.0,0.0,0.0,0.0,0.0,0.0,0.0,0.0,3590.664273,557.0,0.0,557.0,557.0,557.0,557.0,0.0,557.0,557.0,0.0,0.0,0.0,0.0,0.0,0.0,0.0,64.0,0.0,3590.664273,0.0,0.0,0.0,0.0,0.0,0.0,0.0,0.0,0.0,0.0,1.0,0.0,0.0,0.0,0.0,0.0,0.0,0.0,2.0,0.0,0.0,0.0,225.0,-1.0,0.0,32.0,0.0,0.0,0.0,0.0,0.0,0.0,0.0,0.0,DoS attacks-Hulk
80.0,6.0,2018-02-16 01:47:16,4367.0,2.0,0.0,0.0,0.0,0.0,0.0,0.0,0.0,0.0,0.0,0.0,0.0,0.0,457.9803068,4367.0,0.0,4367.0,4367.0,4367.0,4367.0,0.0,4367.0,4367.0,0.0,0.0,0.0,0.0,0.0,0.0,0.0,64.0,0.0,457.9803068,0.0,0.0,0.0,0.0,0.0,0.0,0.0,0.0,0.0,0.0,1.0,0.0,0.0,0.0,0.0,0.0,0.0,0.0,2.0,0.0,0.0,0.0,225.0,-1.0,0.0,32.0,0.0,0.0,0.0,0.0,0.0,0.0,0.0,0.0,DoS attacks-Hulk
80.0,6.0,2018-02-16 01:48:26,47774.0,3.0,0.0,0.0,0.0,0.0,0.0,0.0,0.0,0.0,0.0,0.0,0.0,0.0,62.79566291,23887.0,28186.69051,43818.0,3956.0,47774.0,23887.0,28186.69051,43818.0,3956.0,0.0,0.0,0.0,0.0,0.0,0.0,0.0,96.0,0.0,62.79566291,0.0,0.0,0.0,0.0,0.0,0.0,0.0,0.0,0.0,0.0,1.0,0.0,0.0,0.0,0.0,0.0,0.0,0.0,3.0,0.0,0.0,0.0,225.0,-1.0,0.0,32.0,0.0,0.0,0.0,0.0,0.0,0.0,0.0,0.0,DoS attacks-Hulk
80.0,6.0,2018-02-16 01:45:44,41202.0,2.0,0.0,0.0,0.0,0.0,0.0,0.0,0.0,0.0,0.0,0.0,0.0,0.0,48.54133295,41202.0,0.0,41202.0,41202.0,41202.0,41202.0,0.0,41202.0,41202.0,0.0,0.0,0.0,0.0,0.0,0.0,0.0,64.0,0.0,48.54133295,0.0,0.0,0.0,0.0,0.0,0.0,0.0,0.0,0.0,0.0,1.0,0.0,0.0,0.0,0.0,0.0,0.0,0.0,2.0,0.0,0.0,0.0,225.0,-1.0,0.0,32.0,0.0,0.0,0.0,0.0,0.0,0.0,0.0,0.0,DoS attacks-Hulk
80.0,6.0,2018-02-16 01:46:19,55040.0,3.0,0.0,0.0,0.0,0.0,0.0,0.0,0.0,0.0,0.0,0.0,0.0,0.0,54.50581395,27520.0,18626.60683,40691.0,14349.0,55040.0,27520.0,18626.60683,40691.0,14349.0,0.0,0.0,0.0,0.0,0.0,0.0,0.0,96.0,0.0,54.50581395,0.0,0.0,0.0,0.0,0.0,0.0,0.0,0.0,0.0,0.0,1.0,0.0,0.0,0.0,0.0,0.0,0.0,0.0,3.0,0.0,0.0,0.0,225.0,-1.0,0.0,32.0,0.0,0.0,0.0,0.0,0.0,0.0,0.0,0.0,DoS attacks-Hulk
80.0,6.0,2018-02-16 01:45:30,30855.0,3.0,4.0,365.0,935.0,365.0,0.0,121.6666667,210.7328483,935.0,0.0,233.75,467.5,42132.5555,226.8676065,5142.5,11245.07396,28016.0,5.0,28380.0,14190.0,19552.91671,28016.0,364.0,30848.0,10282.66667,15716.51492,28378.0,40.0,0.0,0.0,104.0,136.0,97.22897423,129.6386323,0.0,935.0,162.5,337.2578496,113742.8571,0.0,0.0,0.0,1.0,0.0,0.0,0.0,0.0,1.0,185.7142857,121.6666667,233.75,3.0,365.0,4.0,935.0,26883.0,219.0,1.0,32.0,0.0,0.0,0.0,0.0,0.0,0.0,0.0,0.0,DoS attacks-Hulk
80.0,6.0,2018-02-16 01:48:16,8991.0,2.0,0.0,0.0,0.0,0.0,0.0,0.0,0.0,0.0,0.0,0.0,0.0,0.0,222.4446669,8991.0,0.0,8991.0,8991.0,8991.0,8991.0,0.0,8991.0,8991.0,0.0,0.0,0.0,0.0,0.0,0.0,0.0,64.0,0.0,222.4446669,0.0,0.0,0.0,0.0,0.0,0.0,0.0,0.0,0.0,0.0,1.0,0.0,0.0,0.0,0.0,0.0,0.0,0.0,2.0,0.0,0.0,0.0,225.0,-1.0,0.0,32.0,0.0,0.0,0.0,0.0,0.0,0.0,0.0,0.0,DoS attacks-Hulk
80.0,6.0,2018-02-16 01:45:45,40440.0,2.0,0.0,0.0,0.0,0.0,0.0,0.0,0.0,0.0,0.0,0.0,0.0,0.0,49.45598417,40440.0,0.0,40440.0,40440.0,40440.0,40440.0,0.0,40440.0,40440.0,0.0,0.0,0.0,0.0,0.0,0.0,0.0,64.0,0.0,49.45598417,0.0,0.0,0.0,0.0,0.0,0.0,0.0,0.0,0.0,0.0,1.0,0.0,0.0,0.0,0.0,0.0,0.0,0.0,2.0,0.0,0.0,0.0,225.0,-1.0,0.0,32.0,0.0,0.0,0.0,0.0,0.0,0.0,0.0,0.0,DoS attacks-Hulk
80.0,6.0,2018-02-16 01:47:31,7028.0,2.0,0.0,0.0,0.0,0.0,0.0,0.0,0.0,0.0,0.0,0.0,0.0,0.0,284.5759818,7028.0,0.0,7028.0,7028.0,7028.0,7028.0,0.0,7028.0,7028.0,0.0,0.0,0.0,0.0,0.0,0.0,0.0,64.0,0.0,284.5759818,0.0,0.0,0.0,0.0,0.0,0.0,0.0,0.0,0.0,0.0,1.0,0.0,0.0,0.0,0.0,0.0,0.0,0.0,2.0,0.0,0.0,0.0,225.0,-1.0,0.0,32.0,0.0,0.0,0.0,0.0,0.0,0.0,0.0,0.0,DoS attacks-Hulk
80.0,6.0,2018-02-16 01:45:39,744.0,2.0,0.0,0.0,0.0,0.0,0.0,0.0,0.0,0.0,0.0,0.0,0.0,0.0,2688.172043,744.0,0.0,744.0,744.0,744.0,744.0,0.0,744.0,744.0,0.0,0.0,0.0,0.0,0.0,0.0,0.0,64.0,0.0,2688.172043,0.0,0.0,0.0,0.0,0.0,0.0,0.0,0.0,0.0,0.0,1.0,0.0,0.0,0.0,0.0,0.0,0.0,0.0,2.0,0.0,0.0,0.0,225.0,-1.0,0.0,32.0,0.0,0.0,0.0,0.0,0.0,0.0,0.0,0.0,DoS attacks-Hulk
80.0,6.0,2018-02-16 01:47:39,45001.0,2.0,0.0,0.0,0.0,0.0,0.0,0.0,0.0,0.0,0.0,0.0,0.0,0.0,44.44345681,45001.0,0.0,45001.0,45001.0,45001.0,45001.0,0.0,45001.0,45001.0,0.0,0.0,0.0,0.0,0.0,0.0,0.0,64.0,0.0,44.44345681,0.0,0.0,0.0,0.0,0.0,0.0,0.0,0.0,0.0,0.0,1.0,0.0,0.0,0.0,0.0,0.0,0.0,0.0,2.0,0.0,0.0,0.0,225.0,-1.0,0.0,32.0,0.0,0.0,0.0,0.0,0.0,0.0,0.0,0.0,DoS attacks-Hulk
80.0,6.0,2018-02-16 01:47:08,19722.0,2.0,0.0,0.0,0.0,0.0,0.0,0.0,0.0,0.0,0.0,0.0,0.0,0.0,101.4095933,19722.0,0.0,19722.0,19722.0,19722.0,19722.0,0.0,19722.0,19722.0,0.0,0.0,0.0,0.0,0.0,0.0,0.0,64.0,0.0,101.4095933,0.0,0.0,0.0,0.0,0.0,0.0,0.0,0.0,0.0,0.0,1.0,0.0,0.0,0.0,0.0,0.0,0.0,0.0,2.0,0.0,0.0,0.0,225.0,-1.0,0.0,32.0,0.0,0.0,0.0,0.0,0.0,0.0,0.0,0.0,DoS attacks-Hulk
80.0,6.0,2018-02-16 01:46:30,770.0,2.0,0.0,0.0,0.0,0.0,0.0,0.0,0.0,0.0,0.0,0.0,0.0,0.0,2597.402597,770.0,0.0,770.0,770.0,770.0,770.0,0.0,770.0,770.0,0.0,0.0,0.0,0.0,0.0,0.0,0.0,64.0,0.0,2597.402597,0.0,0.0,0.0,0.0,0.0,0.0,0.0,0.0,0.0,0.0,1.0,0.0,0.0,0.0,0.0,0.0,0.0,0.0,2.0,0.0,0.0,0.0,225.0,-1.0,0.0,32.0,0.0,0.0,0.0,0.0,0.0,0.0,0.0,0.0,DoS attacks-Hulk
80.0,6.0,2018-02-16 01:45:38,2779.0,2.0,0.0,0.0,0.0,0.0,0.0,0.0,0.0,0.0,0.0,0.0,0.0,0.0,719.6833393,2779.0,0.0,2779.0,2779.0,2779.0,2779.0,0.0,2779.0,2779.0,0.0,0.0,0.0,0.0,0.0,0.0,0.0,64.0,0.0,719.6833393,0.0,0.0,0.0,0.0,0.0,0.0,0.0,0.0,0.0,0.0,1.0,0.0,0.0,0.0,0.0,0.0,0.0,0.0,2.0,0.0,0.0,0.0,225.0,-1.0,0.0,32.0,0.0,0.0,0.0,0.0,0.0,0.0,0.0,0.0,DoS attacks-Hulk
80.0,6.0,2018-02-16 01:48:09,1159.0,2.0,0.0,0.0,0.0,0.0,0.0,0.0,0.0,0.0,0.0,0.0,0.0,0.0,1725.625539,1159.0,0.0,1159.0,1159.0,1159.0,1159.0,0.0,1159.0,1159.0,0.0,0.0,0.0,0.0,0.0,0.0,0.0,64.0,0.0,1725.625539,0.0,0.0,0.0,0.0,0.0,0.0,0.0,0.0,0.0,0.0,1.0,0.0,0.0,0.0,0.0,0.0,0.0,0.0,2.0,0.0,0.0,0.0,225.0,-1.0,0.0,32.0,0.0,0.0,0.0,0.0,0.0,0.0,0.0,0.0,DoS attacks-Hulk
80.0,6.0,2018-02-16 01:47:28,57335.0,2.0,0.0,0.0,0.0,0.0,0.0,0.0,0.0,0.0,0.0,0.0,0.0,0.0,34.8827069,57335.0,0.0,57335.0,57335.0,57335.0,57335.0,0.0,57335.0,57335.0,0.0,0.0,0.0,0.0,0.0,0.0,0.0,64.0,0.0,34.8827069,0.0,0.0,0.0,0.0,0.0,0.0,0.0,0.0,0.0,0.0,1.0,0.0,0.0,0.0,0.0,0.0,0.0,0.0,2.0,0.0,0.0,0.0,225.0,-1.0,0.0,32.0,0.0,0.0,0.0,0.0,0.0,0.0,0.0,0.0,DoS attacks-Hulk
80.0,6.0,2018-02-16 01:47:15,2498.0,2.0,0.0,0.0,0.0,0.0,0.0,0.0,0.0,0.0,0.0,0.0,0.0,0.0,800.6405124,2498.0,0.0,2498.0,2498.0,2498.0,2498.0,0.0,2498.0,2498.0,0.0,0.0,0.0,0.0,0.0,0.0,0.0,64.0,0.0,800.6405124,0.0,0.0,0.0,0.0,0.0,0.0,0.0,0.0,0.0,0.0,1.0,0.0,0.0,0.0,0.0,0.0,0.0,0.0,2.0,0.0,0.0,0.0,225.0,-1.0,0.0,32.0,0.0,0.0,0.0,0.0,0.0,0.0,0.0,0.0,DoS attacks-Hulk
80.0,6.0,2018-02-16 01:45:36,4164.0,2.0,0.0,0.0,0.0,0.0,0.0,0.0,0.0,0.0,0.0,0.0,0.0,0.0,480.3073967,4164.0,0.0,4164.0,4164.0,4164.0,4164.0,0.0,4164.0,4164.0,0.0,0.0,0.0,0.0,0.0,0.0,0.0,64.0,0.0,480.3073967,0.0,0.0,0.0,0.0,0.0,0.0,0.0,0.0,0.0,0.0,1.0,0.0,0.0,0.0,0.0,0.0,0.0,0.0,2.0,0.0,0.0,0.0,225.0,-1.0,0.0,32.0,0.0,0.0,0.0,0.0,0.0,0.0,0.0,0.0,DoS attacks-Hulk
80.0,6.0,2018-02-16 01:46:37,71480.0,3.0,0.0,0.0,0.0,0.0,0.0,0.0,0.0,0.0,0.0,0.0,0.0,0.0,41.96978176,35740.0,4623.064135,39009.0,32471.0,71480.0,35740.0,4623.064135,39009.0,32471.0,0.0,0.0,0.0,0.0,0.0,0.0,0.0,96.0,0.0,41.96978176,0.0,0.0,0.0,0.0,0.0,0.0,0.0,0.0,0.0,0.0,1.0,0.0,0.0,0.0,0.0,0.0,0.0,0.0,3.0,0.0,0.0,0.0,225.0,-1.0,0.0,32.0,0.0,0.0,0.0,0.0,0.0,0.0,0.0,0.0,DoS attacks-Hulk
80.0,6.0,2018-02-16 01:46:11,1833.0,2.0,0.0,0.0,0.0,0.0,0.0,0.0,0.0,0.0,0.0,0.0,0.0,0.0,1091.107474,1833.0,0.0,1833.0,1833.0,1833.0,1833.0,0.0,1833.0,1833.0,0.0,0.0,0.0,0.0,0.0,0.0,0.0,64.0,0.0,1091.107474,0.0,0.0,0.0,0.0,0.0,0.0,0.0,0.0,0.0,0.0,1.0,0.0,0.0,0.0,0.0,0.0,0.0,0.0,2.0,0.0,0.0,0.0,225.0,-1.0,0.0,32.0,0.0,0.0,0.0,0.0,0.0,0.0,0.0,0.0,DoS attacks-Hulk
80.0,6.0,2018-02-16 01:46:11,3848.0,2.0,0.0,0.0,0.0,0.0,0.0,0.0,0.0,0.0,0.0,0.0,0.0,0.0,519.7505198,3848.0,0.0,3848.0,3848.0,3848.0,3848.0,0.0,3848.0,3848.0,0.0,0.0,0.0,0.0,0.0,0.0,0.0,64.0,0.0,519.7505198,0.0,0.0,0.0,0.0,0.0,0.0,0.0,0.0,0.0,0.0,1.0,0.0,0.0,0.0,0.0,0.0,0.0,0.0,2.0,0.0,0.0,0.0,225.0,-1.0,0.0,32.0,0.0,0.0,0.0,0.0,0.0,0.0,0.0,0.0,DoS attacks-Hulk
80.0,6.0,2018-02-16 01:48:33,2620.0,2.0,0.0,0.0,0.0,0.0,0.0,0.0,0.0,0.0,0.0,0.0,0.0,0.0,763.3587786,2620.0,0.0,2620.0,2620.0,2620.0,2620.0,0.0,2620.0,2620.0,0.0,0.0,0.0,0.0,0.0,0.0,0.0,64.0,0.0,763.3587786,0.0,0.0,0.0,0.0,0.0,0.0,0.0,0.0,0.0,0.0,1.0,0.0,0.0,0.0,0.0,0.0,0.0,0.0,2.0,0.0,0.0,0.0,225.0,-1.0,0.0,32.0,0.0,0.0,0.0,0.0,0.0,0.0,0.0,0.0,DoS attacks-Hulk
80.0,6.0,2018-02-16 01:48:29,42256.0,3.0,0.0,0.0,0.0,0.0,0.0,0.0,0.0,0.0,0.0,0.0,0.0,0.0,70.99583491,21128.0,28540.2439,41309.0,947.0,42256.0,21128.0,28540.2439,41309.0,947.0,0.0,0.0,0.0,0.0,0.0,0.0,0.0,96.0,0.0,70.99583491,0.0,0.0,0.0,0.0,0.0,0.0,0.0,0.0,0.0,0.0,1.0,0.0,0.0,0.0,0.0,0.0,0.0,0.0,3.0,0.0,0.0,0.0,225.0,-1.0,0.0,32.0,0.0,0.0,0.0,0.0,0.0,0.0,0.0,0.0,DoS attacks-Hulk
80.0,6.0,2018-02-16 01:45:32,44310.0,3.0,4.0,321.0,935.0,321.0,0.0,107.0,185.3294364,935.0,0.0,233.75,467.5,28345.74588,157.9778831,7385.0,12355.35484,30513.0,7.0,13764.0,6882.0,8056.774665,12579.0,1185.0,44303.0,14767.66667,15268.71119,30513.0,25.0,0.0,0.0,104.0,136.0,67.70480704,90.27307606,0.0,935.0,157.0,333.8250183,111439.1429,0.0,0.0,0.0,1.0,0.0,0.0,0.0,0.0,1.0,179.4285714,107.0,233.75,3.0,321.0,4.0,935.0,26883.0,219.0,1.0,32.0,0.0,0.0,0.0,0.0,0.0,0.0,0.0,0.0,DoS attacks-Hulk
80.0,6.0,2018-02-16 01:47:27,890.0,2.0,0.0,0.0,0.0,0.0,0.0,0.0,0.0,0.0,0.0,0.0,0.0,0.0,2247.191011,890.0,0.0,890.0,890.0,890.0,890.0,0.0,890.0,890.0,0.0,0.0,0.0,0.0,0.0,0.0,0.0,64.0,0.0,2247.191011,0.0,0.0,0.0,0.0,0.0,0.0,0.0,0.0,0.0,0.0,1.0,0.0,0.0,0.0,0.0,0.0,0.0,0.0,2.0,0.0,0.0,0.0,225.0,-1.0,0.0,32.0,0.0,0.0,0.0,0.0,0.0,0.0,0.0,0.0,DoS attacks-Hulk
80.0,6.0,2018-02-16 01:47:21,19185.0,2.0,0.0,0.0,0.0,0.0,0.0,0.0,0.0,0.0,0.0,0.0,0.0,0.0,104.2481105,19185.0,0.0,19185.0,19185.0,19185.0,19185.0,0.0,19185.0,19185.0,0.0,0.0,0.0,0.0,0.0,0.0,0.0,64.0,0.0,104.2481105,0.0,0.0,0.0,0.0,0.0,0.0,0.0,0.0,0.0,0.0,1.0,0.0,0.0,0.0,0.0,0.0,0.0,0.0,2.0,0.0,0.0,0.0,225.0,-1.0,0.0,32.0,0.0,0.0,0.0,0.0,0.0,0.0,0.0,0.0,DoS attacks-Hulk
80.0,6.0,2018-02-16 01:48:36,2399.0,2.0,0.0,0.0,0.0,0.0,0.0,0.0,0.0,0.0,0.0,0.0,0.0,0.0,833.6807003,2399.0,0.0,2399.0,2399.0,2399.0,2399.0,0.0,2399.0,2399.0,0.0,0.0,0.0,0.0,0.0,0.0,0.0,64.0,0.0,833.6807003,0.0,0.0,0.0,0.0,0.0,0.0,0.0,0.0,0.0,0.0,1.0,0.0,0.0,0.0,0.0,0.0,0.0,0.0,2.0,0.0,0.0,0.0,225.0,-1.0,0.0,32.0,0.0,0.0,0.0,0.0,0.0,0.0,0.0,0.0,DoS attacks-Hulk
80.0,6.0,2018-02-16 01:47:46,21506.0,2.0,0.0,0.0,0.0,0.0,0.0,0.0,0.0,0.0,0.0,0.0,0.0,0.0,92.99730308,21506.0,0.0,21506.0,21506.0,21506.0,21506.0,0.0,21506.0,21506.0,0.0,0.0,0.0,0.0,0.0,0.0,0.0,64.0,0.0,92.99730308,0.0,0.0,0.0,0.0,0.0,0.0,0.0,0.0,0.0,0.0,1.0,0.0,0.0,0.0,0.0,0.0,0.0,0.0,2.0,0.0,0.0,0.0,225.0,-1.0,0.0,32.0,0.0,0.0,0.0,0.0,0.0,0.0,0.0,0.0,DoS attacks-Hulk
80.0,6.0,2018-02-16 01:47:07,925.0,2.0,0.0,0.0,0.0,0.0,0.0,0.0,0.0,0.0,0.0,0.0,0.0,0.0,2162.162162,925.0,0.0,925.0,925.0,925.0,925.0,0.0,925.0,925.0,0.0,0.0,0.0,0.0,0.0,0.0,0.0,64.0,0.0,2162.162162,0.0,0.0,0.0,0.0,0.0,0.0,0.0,0.0,0.0,0.0,1.0,0.0,0.0,0.0,0.0,0.0,0.0,0.0,2.0,0.0,0.0,0.0,225.0,-1.0,0.0,32.0,0.0,0.0,0.0,0.0,0.0,0.0,0.0,0.0,DoS attacks-Hulk
80.0,6.0,2018-02-16 01:46:10,20737.0,2.0,0.0,0.0,0.0,0.0,0.0,0.0,0.0,0.0,0.0,0.0,0.0,0.0,96.44596615,20737.0,0.0,20737.0,20737.0,20737.0,20737.0,0.0,20737.0,20737.0,0.0,0.0,0.0,0.0,0.0,0.0,0.0,64.0,0.0,96.44596615,0.0,0.0,0.0,0.0,0.0,0.0,0.0,0.0,0.0,0.0,1.0,0.0,0.0,0.0,0.0,0.0,0.0,0.0,2.0,0.0,0.0,0.0,225.0,-1.0,0.0,32.0,0.0,0.0,0.0,0.0,0.0,0.0,0.0,0.0,DoS attacks-Hulk
80.0,6.0,2018-02-16 01:47:27,29834.0,2.0,0.0,0.0,0.0,0.0,0.0,0.0,0.0,0.0,0.0,0.0,0.0,0.0,67.0376081,29834.0,0.0,29834.0,29834.0,29834.0,29834.0,0.0,29834.0,29834.0,0.0,0.0,0.0,0.0,0.0,0.0,0.0,64.0,0.0,67.0376081,0.0,0.0,0.0,0.0,0.0,0.0,0.0,0.0,0.0,0.0,1.0,0.0,0.0,0.0,0.0,0.0,0.0,0.0,2.0,0.0,0.0,0.0,225.0,-1.0,0.0,32.0,0.0,0.0,0.0,0.0,0.0,0.0,0.0,0.0,DoS attacks-Hulk
80.0,6.0,2018-02-16 01:46:03,7747.0,2.0,0.0,0.0,0.0,0.0,0.0,0.0,0.0,0.0,0.0,0.0,0.0,0.0,258.1644508,7747.0,0.0,7747.0,7747.0,7747.0,7747.0,0.0,7747.0,7747.0,0.0,0.0,0.0,0.0,0.0,0.0,0.0,64.0,0.0,258.1644508,0.0,0.0,0.0,0.0,0.0,0.0,0.0,0.0,0.0,0.0,1.0,0.0,0.0,0.0,0.0,0.0,0.0,0.0,2.0,0.0,0.0,0.0,225.0,-1.0,0.0,32.0,0.0,0.0,0.0,0.0,0.0,0.0,0.0,0.0,DoS attacks-Hulk
80.0,6.0,2018-02-16 01:48:06,4646.0,2.0,0.0,0.0,0.0,0.0,0.0,0.0,0.0,0.0,0.0,0.0,0.0,0.0,430.4778304,4646.0,0.0,4646.0,4646.0,4646.0,4646.0,0.0,4646.0,4646.0,0.0,0.0,0.0,0.0,0.0,0.0,0.0,64.0,0.0,430.4778304,0.0,0.0,0.0,0.0,0.0,0.0,0.0,0.0,0.0,0.0,1.0,0.0,0.0,0.0,0.0,0.0,0.0,0.0,2.0,0.0,0.0,0.0,225.0,-1.0,0.0,32.0,0.0,0.0,0.0,0.0,0.0,0.0,0.0,0.0,DoS attacks-Hulk
80.0,6.0,2018-02-16 01:46:01,697.0,2.0,0.0,0.0,0.0,0.0,0.0,0.0,0.0,0.0,0.0,0.0,0.0,0.0,2869.440459,697.0,0.0,697.0,697.0,697.0,697.0,0.0,697.0,697.0,0.0,0.0,0.0,0.0,0.0,0.0,0.0,64.0,0.0,2869.440459,0.0,0.0,0.0,0.0,0.0,0.0,0.0,0.0,0.0,0.0,1.0,0.0,0.0,0.0,0.0,0.0,0.0,0.0,2.0,0.0,0.0,0.0,225.0,-1.0,0.0,32.0,0.0,0.0,0.0,0.0,0.0,0.0,0.0,0.0,DoS attacks-Hulk
80.0,6.0,2018-02-16 01:47:47,17912.0,2.0,0.0,0.0,0.0,0.0,0.0,0.0,0.0,0.0,0.0,0.0,0.0,0.0,111.6569897,17912.0,0.0,17912.0,17912.0,17912.0,17912.0,0.0,17912.0,17912.0,0.0,0.0,0.0,0.0,0.0,0.0,0.0,64.0,0.0,111.6569897,0.0,0.0,0.0,0.0,0.0,0.0,0.0,0.0,0.0,0.0,1.0,0.0,0.0,0.0,0.0,0.0,0.0,0.0,2.0,0.0,0.0,0.0,225.0,-1.0,0.0,32.0,0.0,0.0,0.0,0.0,0.0,0.0,0.0,0.0,DoS attacks-Hulk
80.0,6.0,2018-02-16 01:46:50,39264.0,2.0,0.0,0.0,0.0,0.0,0.0,0.0,0.0,0.0,0.0,0.0,0.0,0.0,50.93724531,39264.0,0.0,39264.0,39264.0,39264.0,39264.0,0.0,39264.0,39264.0,0.0,0.0,0.0,0.0,0.0,0.0,0.0,64.0,0.0,50.93724531,0.0,0.0,0.0,0.0,0.0,0.0,0.0,0.0,0.0,0.0,1.0,0.0,0.0,0.0,0.0,0.0,0.0,0.0,2.0,0.0,0.0,0.0,225.0,-1.0,0.0,32.0,0.0,0.0,0.0,0.0,0.0,0.0,0.0,0.0,DoS attacks-Hulk
80.0,6.0,2018-02-16 01:45:48,1036.0,2.0,0.0,0.0,0.0,0.0,0.0,0.0,0.0,0.0,0.0,0.0,0.0,0.0,1930.501931,1036.0,0.0,1036.0,1036.0,1036.0,1036.0,0.0,1036.0,1036.0,0.0,0.0,0.0,0.0,0.0,0.0,0.0,64.0,0.0,1930.501931,0.0,0.0,0.0,0.0,0.0,0.0,0.0,0.0,0.0,0.0,1.0,0.0,0.0,0.0,0.0,0.0,0.0,0.0,2.0,0.0,0.0,0.0,225.0,-1.0,0.0,32.0,0.0,0.0,0.0,0.0,0.0,0.0,0.0,0.0,DoS attacks-Hulk
80.0,6.0,2018-02-16 01:47:27,37636.0,2.0,0.0,0.0,0.0,0.0,0.0,0.0,0.0,0.0,0.0,0.0,0.0,0.0,53.14061005,37636.0,0.0,37636.0,37636.0,37636.0,37636.0,0.0,37636.0,37636.0,0.0,0.0,0.0,0.0,0.0,0.0,0.0,64.0,0.0,53.14061005,0.0,0.0,0.0,0.0,0.0,0.0,0.0,0.0,0.0,0.0,1.0,0.0,0.0,0.0,0.0,0.0,0.0,0.0,2.0,0.0,0.0,0.0,225.0,-1.0,0.0,32.0,0.0,0.0,0.0,0.0,0.0,0.0,0.0,0.0,DoS attacks-Hulk
80.0,6.0,2018-02-16 01:47:27,594.0,2.0,0.0,0.0,0.0,0.0,0.0,0.0,0.0,0.0,0.0,0.0,0.0,0.0,3367.003367,594.0,0.0,594.0,594.0,594.0,594.0,0.0,594.0,594.0,0.0,0.0,0.0,0.0,0.0,0.0,0.0,64.0,0.0,3367.003367,0.0,0.0,0.0,0.0,0.0,0.0,0.0,0.0,0.0,0.0,1.0,0.0,0.0,0.0,0.0,0.0,0.0,0.0,2.0,0.0,0.0,0.0,225.0,-1.0,0.0,32.0,0.0,0.0,0.0,0.0,0.0,0.0,0.0,0.0,DoS attacks-Hulk
80.0,6.0,2018-02-16 01:47:28,2947.0,2.0,0.0,0.0,0.0,0.0,0.0,0.0,0.0,0.0,0.0,0.0,0.0,0.0,678.6562606,2947.0,0.0,2947.0,2947.0,2947.0,2947.0,0.0,2947.0,2947.0,0.0,0.0,0.0,0.0,0.0,0.0,0.0,64.0,0.0,678.6562606,0.0,0.0,0.0,0.0,0.0,0.0,0.0,0.0,0.0,0.0,1.0,0.0,0.0,0.0,0.0,0.0,0.0,0.0,2.0,0.0,0.0,0.0,225.0,-1.0,0.0,32.0,0.0,0.0,0.0,0.0,0.0,0.0,0.0,0.0,DoS attacks-Hulk
80.0,6.0,2018-02-16 01:46:59,55949.0,2.0,0.0,0.0,0.0,0.0,0.0,0.0,0.0,0.0,0.0,0.0,0.0,0.0,35.74684087,55949.0,0.0,55949.0,55949.0,55949.0,55949.0,0.0,55949.0,55949.0,0.0,0.0,0.0,0.0,0.0,0.0,0.0,64.0,0.0,35.74684087,0.0,0.0,0.0,0.0,0.0,0.0,0.0,0.0,0.0,0.0,1.0,0.0,0.0,0.0,0.0,0.0,0.0,0.0,2.0,0.0,0.0,0.0,225.0,-1.0,0.0,32.0,0.0,0.0,0.0,0.0,0.0,0.0,0.0,0.0,DoS attacks-Hulk
80.0,6.0,2018-02-16 01:47:33,4837.0,2.0,0.0,0.0,0.0,0.0,0.0,0.0,0.0,0.0,0.0,0.0,0.0,0.0,413.4794294,4837.0,0.0,4837.0,4837.0,4837.0,4837.0,0.0,4837.0,4837.0,0.0,0.0,0.0,0.0,0.0,0.0,0.0,64.0,0.0,413.4794294,0.0,0.0,0.0,0.0,0.0,0.0,0.0,0.0,0.0,0.0,1.0,0.0,0.0,0.0,0.0,0.0,0.0,0.0,2.0,0.0,0.0,0.0,225.0,-1.0,0.0,32.0,0.0,0.0,0.0,0.0,0.0,0.0,0.0,0.0,DoS attacks-Hulk
80.0,6.0,2018-02-16 01:47:22,9577.0,2.0,0.0,0.0,0.0,0.0,0.0,0.0,0.0,0.0,0.0,0.0,0.0,0.0,208.833664,9577.0,0.0,9577.0,9577.0,9577.0,9577.0,0.0,9577.0,9577.0,0.0,0.0,0.0,0.0,0.0,0.0,0.0,64.0,0.0,208.833664,0.0,0.0,0.0,0.0,0.0,0.0,0.0,0.0,0.0,0.0,1.0,0.0,0.0,0.0,0.0,0.0,0.0,0.0,2.0,0.0,0.0,0.0,225.0,-1.0,0.0,32.0,0.0,0.0,0.0,0.0,0.0,0.0,0.0,0.0,DoS attacks-Hulk
80.0,6.0,2018-02-16 01:46:37,29657.0,2.0,0.0,0.0,0.0,0.0,0.0,0.0,0.0,0.0,0.0,0.0,0.0,0.0,67.43770442,29657.0,0.0,29657.0,29657.0,29657.0,29657.0,0.0,29657.0,29657.0,0.0,0.0,0.0,0.0,0.0,0.0,0.0,64.0,0.0,67.43770442,0.0,0.0,0.0,0.0,0.0,0.0,0.0,0.0,0.0,0.0,1.0,0.0,0.0,0.0,0.0,0.0,0.0,0.0,2.0,0.0,0.0,0.0,225.0,-1.0,0.0,32.0,0.0,0.0,0.0,0.0,0.0,0.0,0.0,0.0,DoS attacks-Hulk
80.0,6.0,2018-02-16 01:48:39,25084.0,2.0,0.0,0.0,0.0,0.0,0.0,0.0,0.0,0.0,0.0,0.0,0.0,0.0,79.73210014,25084.0,0.0,25084.0,25084.0,25084.0,25084.0,0.0,25084.0,25084.0,0.0,0.0,0.0,0.0,0.0,0.0,0.0,64.0,0.0,79.73210014,0.0,0.0,0.0,0.0,0.0,0.0,0.0,0.0,0.0,0.0,1.0,0.0,0.0,0.0,0.0,0.0,0.0,0.0,2.0,0.0,0.0,0.0,225.0,-1.0,0.0,32.0,0.0,0.0,0.0,0.0,0.0,0.0,0.0,0.0,DoS attacks-Hulk
80.0,6.0,2018-02-16 01:47:17,744.0,2.0,0.0,0.0,0.0,0.0,0.0,0.0,0.0,0.0,0.0,0.0,0.0,0.0,2688.172043,744.0,0.0,744.0,744.0,744.0,744.0,0.0,744.0,744.0,0.0,0.0,0.0,0.0,0.0,0.0,0.0,64.0,0.0,2688.172043,0.0,0.0,0.0,0.0,0.0,0.0,0.0,0.0,0.0,0.0,1.0,0.0,0.0,0.0,0.0,0.0,0.0,0.0,2.0,0.0,0.0,0.0,225.0,-1.0,0.0,32.0,0.0,0.0,0.0,0.0,0.0,0.0,0.0,0.0,DoS attacks-Hulk
80.0,6.0,2018-02-16 01:48:01,4457.0,2.0,0.0,0.0,0.0,0.0,0.0,0.0,0.0,0.0,0.0,0.0,0.0,0.0,448.7323312,4457.0,0.0,4457.0,4457.0,4457.0,4457.0,0.0,4457.0,4457.0,0.0,0.0,0.0,0.0,0.0,0.0,0.0,64.0,0.0,448.7323312,0.0,0.0,0.0,0.0,0.0,0.0,0.0,0.0,0.0,0.0,1.0,0.0,0.0,0.0,0.0,0.0,0.0,0.0,2.0,0.0,0.0,0.0,225.0,-1.0,0.0,32.0,0.0,0.0,0.0,0.0,0.0,0.0,0.0,0.0,DoS attacks-Hulk
80.0,6.0,2018-02-16 01:48:08,27636.0,2.0,0.0,0.0,0.0,0.0,0.0,0.0,0.0,0.0,0.0,0.0,0.0,0.0,72.36937328,27636.0,0.0,27636.0,27636.0,27636.0,27636.0,0.0,27636.0,27636.0,0.0,0.0,0.0,0.0,0.0,0.0,0.0,64.0,0.0,72.36937328,0.0,0.0,0.0,0.0,0.0,0.0,0.0,0.0,0.0,0.0,1.0,0.0,0.0,0.0,0.0,0.0,0.0,0.0,2.0,0.0,0.0,0.0,225.0,-1.0,0.0,32.0,0.0,0.0,0.0,0.0,0.0,0.0,0.0,0.0,DoS attacks-Hulk
80.0,6.0,2018-02-16 01:47:51,49399.0,2.0,0.0,0.0,0.0,0.0,0.0,0.0,0.0,0.0,0.0,0.0,0.0,0.0,40.48664953,49399.0,0.0,49399.0,49399.0,49399.0,49399.0,0.0,49399.0,49399.0,0.0,0.0,0.0,0.0,0.0,0.0,0.0,64.0,0.0,40.48664953,0.0,0.0,0.0,0.0,0.0,0.0,0.0,0.0,0.0,0.0,1.0,0.0,0.0,0.0,0.0,0.0,0.0,0.0,2.0,0.0,0.0,0.0,225.0,-1.0,0.0,32.0,0.0,0.0,0.0,0.0,0.0,0.0,0.0,0.0,DoS attacks-Hulk
80.0,6.0,2018-02-16 01:47:20,60792.0,3.0,0.0,0.0,0.0,0.0,0.0,0.0,0.0,0.0,0.0,0.0,0.0,0.0,49.3485985,30396.0,15798.17971,41567.0,19225.0,60792.0,30396.0,15798.17971,41567.0,19225.0,0.0,0.0,0.0,0.0,0.0,0.0,0.0,96.0,0.0,49.3485985,0.0,0.0,0.0,0.0,0.0,0.0,0.0,0.0,0.0,0.0,1.0,0.0,0.0,0.0,0.0,0.0,0.0,0.0,3.0,0.0,0.0,0.0,225.0,-1.0,0.0,32.0,0.0,0.0,0.0,0.0,0.0,0.0,0.0,0.0,DoS attacks-Hulk
80.0,6.0,2018-02-16 01:47:18,62764.0,3.0,0.0,0.0,0.0,0.0,0.0,0.0,0.0,0.0,0.0,0.0,0.0,0.0,47.79810082,31382.0,14330.22603,41515.0,21249.0,62764.0,31382.0,14330.22603,41515.0,21249.0,0.0,0.0,0.0,0.0,0.0,0.0,0.0,96.0,0.0,47.79810082,0.0,0.0,0.0,0.0,0.0,0.0,0.0,0.0,0.0,0.0,1.0,0.0,0.0,0.0,0.0,0.0,0.0,0.0,3.0,0.0,0.0,0.0,225.0,-1.0,0.0,32.0,0.0,0.0,0.0,0.0,0.0,0.0,0.0,0.0,DoS attacks-Hulk
80.0,6.0,2018-02-16 01:45:52,5643.0,2.0,0.0,0.0,0.0,0.0,0.0,0.0,0.0,0.0,0.0,0.0,0.0,0.0,354.4214071,5643.0,0.0,5643.0,5643.0,5643.0,5643.0,0.0,5643.0,5643.0,0.0,0.0,0.0,0.0,0.0,0.0,0.0,64.0,0.0,354.4214071,0.0,0.0,0.0,0.0,0.0,0.0,0.0,0.0,0.0,0.0,1.0,0.0,0.0,0.0,0.0,0.0,0.0,0.0,2.0,0.0,0.0,0.0,225.0,-1.0,0.0,32.0,0.0,0.0,0.0,0.0,0.0,0.0,0.0,0.0,DoS attacks-Hulk
80.0,6.0,2018-02-16 01:47:50,4521842.0,6.0,5.0,684.0,935.0,342.0,0.0,114.0,176.6080406,935.0,0.0,187.0,418.1447118,358.0399315,2.432636965,452184.2,1320313.434,4205493.0,4.0,4474994.0,894998.8,1852461.058,4205493.0,313.0,4521838.0,1130459.5,2055007.831,4208023.0,24.0,0.0,0.0,200.0,168.0,1.32689289,1.105744075,0.0,935.0,134.9166667,284.400952,80883.90152,0.0,0.0,0.0,0.0,1.0,1.0,0.0,0.0,0.0,147.1818182,114.0,187.0,6.0,684.0,5.0,935.0,225.0,219.0,2.0,32.0,0.0,0.0,0.0,0.0,0.0,0.0,0.0,0.0,DoS attacks-Hulk
80.0,6.0,2018-02-16 01:46:28,51255.0,2.0,0.0,0.0,0.0,0.0,0.0,0.0,0.0,0.0,0.0,0.0,0.0,0.0,39.02058336,51255.0,0.0,51255.0,51255.0,51255.0,51255.0,0.0,51255.0,51255.0,0.0,0.0,0.0,0.0,0.0,0.0,0.0,64.0,0.0,39.02058336,0.0,0.0,0.0,0.0,0.0,0.0,0.0,0.0,0.0,0.0,1.0,0.0,0.0,0.0,0.0,0.0,0.0,0.0,2.0,0.0,0.0,0.0,225.0,-1.0,0.0,32.0,0.0,0.0,0.0,0.0,0.0,0.0,0.0,0.0,DoS attacks-Hulk
80.0,6.0,2018-02-16 01:46:01,33466.0,2.0,0.0,0.0,0.0,0.0,0.0,0.0,0.0,0.0,0.0,0.0,0.0,0.0,59.76214666,33466.0,0.0,33466.0,33466.0,33466.0,33466.0,0.0,33466.0,33466.0,0.0,0.0,0.0,0.0,0.0,0.0,0.0,64.0,0.0,59.76214666,0.0,0.0,0.0,0.0,0.0,0.0,0.0,0.0,0.0,0.0,1.0,0.0,0.0,0.0,0.0,0.0,0.0,0.0,2.0,0.0,0.0,0.0,225.0,-1.0,0.0,32.0,0.0,0.0,0.0,0.0,0.0,0.0,0.0,0.0,DoS attacks-Hulk
80.0,6.0,2018-02-16 01:47:59,1570.0,2.0,0.0,0.0,0.0,0.0,0.0,0.0,0.0,0.0,0.0,0.0,0.0,0.0,1273.88535,1570.0,0.0,1570.0,1570.0,1570.0,1570.0,0.0,1570.0,1570.0,0.0,0.0,0.0,0.0,0.0,0.0,0.0,64.0,0.0,1273.88535,0.0,0.0,0.0,0.0,0.0,0.0,0.0,0.0,0.0,0.0,1.0,0.0,0.0,0.0,0.0,0.0,0.0,0.0,2.0,0.0,0.0,0.0,225.0,-1.0,0.0,32.0,0.0,0.0,0.0,0.0,0.0,0.0,0.0,0.0,DoS attacks-Hulk
80.0,6.0,2018-02-16 01:48:03,81220.0,3.0,0.0,0.0,0.0,0.0,0.0,0.0,0.0,0.0,0.0,0.0,0.0,0.0,36.93671509,40610.0,26024.35797,59012.0,22208.0,81220.0,40610.0,26024.35797,59012.0,22208.0,0.0,0.0,0.0,0.0,0.0,0.0,0.0,96.0,0.0,36.93671509,0.0,0.0,0.0,0.0,0.0,0.0,0.0,0.0,0.0,0.0,1.0,0.0,0.0,0.0,0.0,0.0,0.0,0.0,3.0,0.0,0.0,0.0,225.0,-1.0,0.0,32.0,0.0,0.0,0.0,0.0,0.0,0.0,0.0,0.0,DoS attacks-Hulk
80.0,6.0,2018-02-16 01:48:38,9628.0,2.0,0.0,0.0,0.0,0.0,0.0,0.0,0.0,0.0,0.0,0.0,0.0,0.0,207.7274616,9628.0,0.0,9628.0,9628.0,9628.0,9628.0,0.0,9628.0,9628.0,0.0,0.0,0.0,0.0,0.0,0.0,0.0,64.0,0.0,207.7274616,0.0,0.0,0.0,0.0,0.0,0.0,0.0,0.0,0.0,0.0,1.0,0.0,0.0,0.0,0.0,0.0,0.0,0.0,2.0,0.0,0.0,0.0,225.0,-1.0,0.0,32.0,0.0,0.0,0.0,0.0,0.0,0.0,0.0,0.0,DoS attacks-Hulk
80.0,6.0,2018-02-16 01:47:46,443.0,2.0,0.0,0.0,0.0,0.0,0.0,0.0,0.0,0.0,0.0,0.0,0.0,0.0,4514.672686,443.0,0.0,443.0,443.0,443.0,443.0,0.0,443.0,443.0,0.0,0.0,0.0,0.0,0.0,0.0,0.0,64.0,0.0,4514.672686,0.0,0.0,0.0,0.0,0.0,0.0,0.0,0.0,0.0,0.0,1.0,0.0,0.0,0.0,0.0,0.0,0.0,0.0,2.0,0.0,0.0,0.0,225.0,-1.0,0.0,32.0,0.0,0.0,0.0,0.0,0.0,0.0,0.0,0.0,DoS attacks-Hulk
80.0,6.0,2018-02-16 01:48:43,11286.0,2.0,0.0,0.0,0.0,0.0,0.0,0.0,0.0,0.0,0.0,0.0,0.0,0.0,177.2107035,11286.0,0.0,11286.0,11286.0,11286.0,11286.0,0.0,11286.0,11286.0,0.0,0.0,0.0,0.0,0.0,0.0,0.0,64.0,0.0,177.2107035,0.0,0.0,0.0,0.0,0.0,0.0,0.0,0.0,0.0,0.0,1.0,0.0,0.0,0.0,0.0,0.0,0.0,0.0,2.0,0.0,0.0,0.0,225.0,-1.0,0.0,32.0,0.0,0.0,0.0,0.0,0.0,0.0,0.0,0.0,DoS attacks-Hulk
80.0,6.0,2018-02-16 01:47:42,62795.0,3.0,0.0,0.0,0.0,0.0,0.0,0.0,0.0,0.0,0.0,0.0,0.0,0.0,47.77450434,31397.5,19105.31812,44907.0,17888.0,62795.0,31397.5,19105.31812,44907.0,17888.0,0.0,0.0,0.0,0.0,0.0,0.0,0.0,96.0,0.0,47.77450434,0.0,0.0,0.0,0.0,0.0,0.0,0.0,0.0,0.0,0.0,1.0,0.0,0.0,0.0,0.0,0.0,0.0,0.0,3.0,0.0,0.0,0.0,225.0,-1.0,0.0,32.0,0.0,0.0,0.0,0.0,0.0,0.0,0.0,0.0,DoS attacks-Hulk
80.0,6.0,2018-02-16 01:45:53,43173.0,3.0,0.0,0.0,0.0,0.0,0.0,0.0,0.0,0.0,0.0,0.0,0.0,0.0,69.48787437,21586.5,27635.85433,41128.0,2045.0,43173.0,21586.5,27635.85433,41128.0,2045.0,0.0,0.0,0.0,0.0,0.0,0.0,0.0,96.0,0.0,69.48787437,0.0,0.0,0.0,0.0,0.0,0.0,0.0,0.0,0.0,0.0,1.0,0.0,0.0,0.0,0.0,0.0,0.0,0.0,3.0,0.0,0.0,0.0,225.0,-1.0,0.0,32.0,0.0,0.0,0.0,0.0,0.0,0.0,0.0,0.0,DoS attacks-Hulk
80.0,6.0,2018-02-16 01:47:08,26931.0,2.0,0.0,0.0,0.0,0.0,0.0,0.0,0.0,0.0,0.0,0.0,0.0,0.0,74.26385949,26931.0,0.0,26931.0,26931.0,26931.0,26931.0,0.0,26931.0,26931.0,0.0,0.0,0.0,0.0,0.0,0.0,0.0,64.0,0.0,74.26385949,0.0,0.0,0.0,0.0,0.0,0.0,0.0,0.0,0.0,0.0,1.0,0.0,0.0,0.0,0.0,0.0,0.0,0.0,2.0,0.0,0.0,0.0,225.0,-1.0,0.0,32.0,0.0,0.0,0.0,0.0,0.0,0.0,0.0,0.0,DoS attacks-Hulk
80.0,6.0,2018-02-16 01:47:20,17178.0,2.0,0.0,0.0,0.0,0.0,0.0,0.0,0.0,0.0,0.0,0.0,0.0,0.0,116.4279893,17178.0,0.0,17178.0,17178.0,17178.0,17178.0,0.0,17178.0,17178.0,0.0,0.0,0.0,0.0,0.0,0.0,0.0,64.0,0.0,116.4279893,0.0,0.0,0.0,0.0,0.0,0.0,0.0,0.0,0.0,0.0,1.0,0.0,0.0,0.0,0.0,0.0,0.0,0.0,2.0,0.0,0.0,0.0,225.0,-1.0,0.0,32.0,0.0,0.0,0.0,0.0,0.0,0.0,0.0,0.0,DoS attacks-Hulk
80.0,6.0,2018-02-16 01:47:55,37241.0,2.0,0.0,0.0,0.0,0.0,0.0,0.0,0.0,0.0,0.0,0.0,0.0,0.0,53.70425069,37241.0,0.0,37241.0,37241.0,37241.0,37241.0,0.0,37241.0,37241.0,0.0,0.0,0.0,0.0,0.0,0.0,0.0,64.0,0.0,53.70425069,0.0,0.0,0.0,0.0,0.0,0.0,0.0,0.0,0.0,0.0,1.0,0.0,0.0,0.0,0.0,0.0,0.0,0.0,2.0,0.0,0.0,0.0,225.0,-1.0,0.0,32.0,0.0,0.0,0.0,0.0,0.0,0.0,0.0,0.0,DoS attacks-Hulk
80.0,6.0,2018-02-16 01:46:22,19959.0,2.0,0.0,0.0,0.0,0.0,0.0,0.0,0.0,0.0,0.0,0.0,0.0,0.0,100.2054211,19959.0,0.0,19959.0,19959.0,19959.0,19959.0,0.0,19959.0,19959.0,0.0,0.0,0.0,0.0,0.0,0.0,0.0,64.0,0.0,100.2054211,0.0,0.0,0.0,0.0,0.0,0.0,0.0,0.0,0.0,0.0,1.0,0.0,0.0,0.0,0.0,0.0,0.0,0.0,2.0,0.0,0.0,0.0,225.0,-1.0,0.0,32.0,0.0,0.0,0.0,0.0,0.0,0.0,0.0,0.0,DoS attacks-Hulk
80.0,6.0,2018-02-16 01:45:45,11334.0,2.0,0.0,0.0,0.0,0.0,0.0,0.0,0.0,0.0,0.0,0.0,0.0,0.0,176.4602082,11334.0,0.0,11334.0,11334.0,11334.0,11334.0,0.0,11334.0,11334.0,0.0,0.0,0.0,0.0,0.0,0.0,0.0,64.0,0.0,176.4602082,0.0,0.0,0.0,0.0,0.0,0.0,0.0,0.0,0.0,0.0,1.0,0.0,0.0,0.0,0.0,0.0,0.0,0.0,2.0,0.0,0.0,0.0,225.0,-1.0,0.0,32.0,0.0,0.0,0.0,0.0,0.0,0.0,0.0,0.0,DoS attacks-Hulk
80.0,6.0,2018-02-16 01:46:36,4622.0,2.0,0.0,0.0,0.0,0.0,0.0,0.0,0.0,0.0,0.0,0.0,0.0,0.0,432.7131112,4622.0,0.0,4622.0,4622.0,4622.0,4622.0,0.0,4622.0,4622.0,0.0,0.0,0.0,0.0,0.0,0.0,0.0,64.0,0.0,432.7131112,0.0,0.0,0.0,0.0,0.0,0.0,0.0,0.0,0.0,0.0,1.0,0.0,0.0,0.0,0.0,0.0,0.0,0.0,2.0,0.0,0.0,0.0,225.0,-1.0,0.0,32.0,0.0,0.0,0.0,0.0,0.0,0.0,0.0,0.0,DoS attacks-Hulk
80.0,6.0,2018-02-16 01:48:33,52923.0,3.0,0.0,0.0,0.0,0.0,0.0,0.0,0.0,0.0,0.0,0.0,0.0,0.0,56.6861289,26461.5,14507.70983,36720.0,16203.0,52923.0,26461.5,14507.70983,36720.0,16203.0,0.0,0.0,0.0,0.0,0.0,0.0,0.0,96.0,0.0,56.6861289,0.0,0.0,0.0,0.0,0.0,0.0,0.0,0.0,0.0,0.0,1.0,0.0,0.0,0.0,0.0,0.0,0.0,0.0,3.0,0.0,0.0,0.0,225.0,-1.0,0.0,32.0,0.0,0.0,0.0,0.0,0.0,0.0,0.0,0.0,DoS attacks-Hulk
80.0,6.0,2018-02-16 01:48:15,27821.0,2.0,0.0,0.0,0.0,0.0,0.0,0.0,0.0,0.0,0.0,0.0,0.0,0.0,71.88814205,27821.0,0.0,27821.0,27821.0,27821.0,27821.0,0.0,27821.0,27821.0,0.0,0.0,0.0,0.0,0.0,0.0,0.0,64.0,0.0,71.88814205,0.0,0.0,0.0,0.0,0.0,0.0,0.0,0.0,0.0,0.0,1.0,0.0,0.0,0.0,0.0,0.0,0.0,0.0,2.0,0.0,0.0,0.0,225.0,-1.0,0.0,32.0,0.0,0.0,0.0,0.0,0.0,0.0,0.0,0.0,DoS attacks-Hulk
80.0,6.0,2018-02-16 01:48:05,536.0,2.0,0.0,0.0,0.0,0.0,0.0,0.0,0.0,0.0,0.0,0.0,0.0,0.0,3731.343284,536.0,0.0,536.0,536.0,536.0,536.0,0.0,536.0,536.0,0.0,0.0,0.0,0.0,0.0,0.0,0.0,64.0,0.0,3731.343284,0.0,0.0,0.0,0.0,0.0,0.0,0.0,0.0,0.0,0.0,1.0,0.0,0.0,0.0,0.0,0.0,0.0,0.0,2.0,0.0,0.0,0.0,225.0,-1.0,0.0,32.0,0.0,0.0,0.0,0.0,0.0,0.0,0.0,0.0,DoS attacks-Hulk
80.0,6.0,2018-02-16 01:45:32,2711.0,2.0,0.0,0.0,0.0,0.0,0.0,0.0,0.0,0.0,0.0,0.0,0.0,0.0,737.7351531,2711.0,0.0,2711.0,2711.0,2711.0,2711.0,0.0,2711.0,2711.0,0.0,0.0,0.0,0.0,0.0,0.0,0.0,64.0,0.0,737.7351531,0.0,0.0,0.0,0.0,0.0,0.0,0.0,0.0,0.0,0.0,1.0,0.0,0.0,0.0,0.0,0.0,0.0,0.0,2.0,0.0,0.0,0.0,225.0,-1.0,0.0,32.0,0.0,0.0,0.0,0.0,0.0,0.0,0.0,0.0,DoS attacks-Hulk
80.0,6.0,2018-02-16 01:46:27,2859.0,2.0,0.0,0.0,0.0,0.0,0.0,0.0,0.0,0.0,0.0,0.0,0.0,0.0,699.5452956,2859.0,0.0,2859.0,2859.0,2859.0,2859.0,0.0,2859.0,2859.0,0.0,0.0,0.0,0.0,0.0,0.0,0.0,64.0,0.0,699.5452956,0.0,0.0,0.0,0.0,0.0,0.0,0.0,0.0,0.0,0.0,1.0,0.0,0.0,0.0,0.0,0.0,0.0,0.0,2.0,0.0,0.0,0.0,225.0,-1.0,0.0,32.0,0.0,0.0,0.0,0.0,0.0,0.0,0.0,0.0,DoS attacks-Hulk
80.0,6.0,2018-02-16 01:48:28,43446.0,2.0,0.0,0.0,0.0,0.0,0.0,0.0,0.0,0.0,0.0,0.0,0.0,0.0,46.03415734,43446.0,0.0,43446.0,43446.0,43446.0,43446.0,0.0,43446.0,43446.0,0.0,0.0,0.0,0.0,0.0,0.0,0.0,64.0,0.0,46.03415734,0.0,0.0,0.0,0.0,0.0,0.0,0.0,0.0,0.0,0.0,1.0,0.0,0.0,0.0,0.0,0.0,0.0,0.0,2.0,0.0,0.0,0.0,225.0,-1.0,0.0,32.0,0.0,0.0,0.0,0.0,0.0,0.0,0.0,0.0,DoS attacks-Hulk
80.0,6.0,2018-02-16 01:47:06,45096.0,3.0,0.0,0.0,0.0,0.0,0.0,0.0,0.0,0.0,0.0,0.0,0.0,0.0,66.52474721,22548.0,27225.02529,41799.0,3297.0,45096.0,22548.0,27225.02529,41799.0,3297.0,0.0,0.0,0.0,0.0,0.0,0.0,0.0,96.0,0.0,66.52474721,0.0,0.0,0.0,0.0,0.0,0.0,0.0,0.0,0.0,0.0,1.0,0.0,0.0,0.0,0.0,0.0,0.0,0.0,3.0,0.0,0.0,0.0,225.0,-1.0,0.0,32.0,0.0,0.0,0.0,0.0,0.0,0.0,0.0,0.0,DoS attacks-Hulk
80.0,6.0,2018-02-16 01:47:47,4413.0,2.0,0.0,0.0,0.0,0.0,0.0,0.0,0.0,0.0,0.0,0.0,0.0,0.0,453.2064355,4413.0,0.0,4413.0,4413.0,4413.0,4413.0,0.0,4413.0,4413.0,0.0,0.0,0.0,0.0,0.0,0.0,0.0,64.0,0.0,453.2064355,0.0,0.0,0.0,0.0,0.0,0.0,0.0,0.0,0.0,0.0,1.0,0.0,0.0,0.0,0.0,0.0,0.0,0.0,2.0,0.0,0.0,0.0,225.0,-1.0,0.0,32.0,0.0,0.0,0.0,0.0,0.0,0.0,0.0,0.0,DoS attacks-Hulk
80.0,6.0,2018-02-16 01:47:49,29298.0,2.0,0.0,0.0,0.0,0.0,0.0,0.0,0.0,0.0,0.0,0.0,0.0,0.0,68.26404533,29298.0,0.0,29298.0,29298.0,29298.0,29298.0,0.0,29298.0,29298.0,0.0,0.0,0.0,0.0,0.0,0.0,0.0,64.0,0.0,68.26404533,0.0,0.0,0.0,0.0,0.0,0.0,0.0,0.0,0.0,0.0,1.0,0.0,0.0,0.0,0.0,0.0,0.0,0.0,2.0,0.0,0.0,0.0,225.0,-1.0,0.0,32.0,0.0,0.0,0.0,0.0,0.0,0.0,0.0,0.0,DoS attacks-Hulk
80.0,6.0,2018-02-16 01:47:38,33609.0,2.0,0.0,0.0,0.0,0.0,0.0,0.0,0.0,0.0,0.0,0.0,0.0,0.0,59.50786992,33609.0,0.0,33609.0,33609.0,33609.0,33609.0,0.0,33609.0,33609.0,0.0,0.0,0.0,0.0,0.0,0.0,0.0,64.0,0.0,59.50786992,0.0,0.0,0.0,0.0,0.0,0.0,0.0,0.0,0.0,0.0,1.0,0.0,0.0,0.0,0.0,0.0,0.0,0.0,2.0,0.0,0.0,0.0,225.0,-1.0,0.0,32.0,0.0,0.0,0.0,0.0,0.0,0.0,0.0,0.0,DoS attacks-Hulk
80.0,6.0,2018-02-16 01:48:12,7766.0,2.0,0.0,0.0,0.0,0.0,0.0,0.0,0.0,0.0,0.0,0.0,0.0,0.0,257.5328354,7766.0,0.0,7766.0,7766.0,7766.0,7766.0,0.0,7766.0,7766.0,0.0,0.0,0.0,0.0,0.0,0.0,0.0,64.0,0.0,257.5328354,0.0,0.0,0.0,0.0,0.0,0.0,0.0,0.0,0.0,0.0,1.0,0.0,0.0,0.0,0.0,0.0,0.0,0.0,2.0,0.0,0.0,0.0,225.0,-1.0,0.0,32.0,0.0,0.0,0.0,0.0,0.0,0.0,0.0,0.0,DoS attacks-Hulk
80.0,6.0,2018-02-16 01:47:40,24578.0,2.0,0.0,0.0,0.0,0.0,0.0,0.0,0.0,0.0,0.0,0.0,0.0,0.0,81.37358613,24578.0,0.0,24578.0,24578.0,24578.0,24578.0,0.0,24578.0,24578.0,0.0,0.0,0.0,0.0,0.0,0.0,0.0,64.0,0.0,81.37358613,0.0,0.0,0.0,0.0,0.0,0.0,0.0,0.0,0.0,0.0,1.0,0.0,0.0,0.0,0.0,0.0,0.0,0.0,2.0,0.0,0.0,0.0,225.0,-1.0,0.0,32.0,0.0,0.0,0.0,0.0,0.0,0.0,0.0,0.0,DoS attacks-Hulk
80.0,6.0,2018-02-16 01:48:42,2861.0,2.0,0.0,0.0,0.0,0.0,0.0,0.0,0.0,0.0,0.0,0.0,0.0,0.0,699.056274,2861.0,0.0,2861.0,2861.0,2861.0,2861.0,0.0,2861.0,2861.0,0.0,0.0,0.0,0.0,0.0,0.0,0.0,64.0,0.0,699.056274,0.0,0.0,0.0,0.0,0.0,0.0,0.0,0.0,0.0,0.0,1.0,0.0,0.0,0.0,0.0,0.0,0.0,0.0,2.0,0.0,0.0,0.0,225.0,-1.0,0.0,32.0,0.0,0.0,0.0,0.0,0.0,0.0,0.0,0.0,DoS attacks-Hulk
80.0,6.0,2018-02-16 01:47:36,65460.0,3.0,0.0,0.0,0.0,0.0,0.0,0.0,0.0,0.0,0.0,0.0,0.0,0.0,45.82951421,32730.0,13669.78829,42396.0,23064.0,65460.0,32730.0,13669.78829,42396.0,23064.0,0.0,0.0,0.0,0.0,0.0,0.0,0.0,96.0,0.0,45.82951421,0.0,0.0,0.0,0.0,0.0,0.0,0.0,0.0,0.0,0.0,1.0,0.0,0.0,0.0,0.0,0.0,0.0,0.0,3.0,0.0,0.0,0.0,225.0,-1.0,0.0,32.0,0.0,0.0,0.0,0.0,0.0,0.0,0.0,0.0,DoS attacks-Hulk
80.0,6.0,2018-02-16 01:46:38,2097.0,2.0,0.0,0.0,0.0,0.0,0.0,0.0,0.0,0.0,0.0,0.0,0.0,0.0,953.743443,2097.0,0.0,2097.0,2097.0,2097.0,2097.0,0.0,2097.0,2097.0,0.0,0.0,0.0,0.0,0.0,0.0,0.0,64.0,0.0,953.743443,0.0,0.0,0.0,0.0,0.0,0.0,0.0,0.0,0.0,0.0,1.0,0.0,0.0,0.0,0.0,0.0,0.0,0.0,2.0,0.0,0.0,0.0,225.0,-1.0,0.0,32.0,0.0,0.0,0.0,0.0,0.0,0.0,0.0,0.0,DoS attacks-Hulk
80.0,6.0,2018-02-16 01:48:02,1209.0,2.0,0.0,0.0,0.0,0.0,0.0,0.0,0.0,0.0,0.0,0.0,0.0,0.0,1654.259719,1209.0,0.0,1209.0,1209.0,1209.0,1209.0,0.0,1209.0,1209.0,0.0,0.0,0.0,0.0,0.0,0.0,0.0,64.0,0.0,1654.259719,0.0,0.0,0.0,0.0,0.0,0.0,0.0,0.0,0.0,0.0,1.0,0.0,0.0,0.0,0.0,0.0,0.0,0.0,2.0,0.0,0.0,0.0,225.0,-1.0,0.0,32.0,0.0,0.0,0.0,0.0,0.0,0.0,0.0,0.0,DoS attacks-Hulk
80.0,6.0,2018-02-16 01:48:31,846.0,2.0,0.0,0.0,0.0,0.0,0.0,0.0,0.0,0.0,0.0,0.0,0.0,0.0,2364.066194,846.0,0.0,846.0,846.0,846.0,846.0,0.0,846.0,846.0,0.0,0.0,0.0,0.0,0.0,0.0,0.0,64.0,0.0,2364.066194,0.0,0.0,0.0,0.0,0.0,0.0,0.0,0.0,0.0,0.0,1.0,0.0,0.0,0.0,0.0,0.0,0.0,0.0,2.0,0.0,0.0,0.0,225.0,-1.0,0.0,32.0,0.0,0.0,0.0,0.0,0.0,0.0,0.0,0.0,DoS attacks-Hulk
80.0,6.0,2018-02-16 01:47:04,287.0,2.0,0.0,0.0,0.0,0.0,0.0,0.0,0.0,0.0,0.0,0.0,0.0,0.0,6968.641115,287.0,0.0,287.0,287.0,287.0,287.0,0.0,287.0,287.0,0.0,0.0,0.0,0.0,0.0,0.0,0.0,64.0,0.0,6968.641115,0.0,0.0,0.0,0.0,0.0,0.0,0.0,0.0,0.0,0.0,1.0,0.0,0.0,0.0,0.0,0.0,0.0,0.0,2.0,0.0,0.0,0.0,225.0,-1.0,0.0,32.0,0.0,0.0,0.0,0.0,0.0,0.0,0.0,0.0,DoS attacks-Hulk
80.0,6.0,2018-02-16 01:47:44,3204.0,2.0,0.0,0.0,0.0,0.0,0.0,0.0,0.0,0.0,0.0,0.0,0.0,0.0,624.2197253,3204.0,0.0,3204.0,3204.0,3204.0,3204.0,0.0,3204.0,3204.0,0.0,0.0,0.0,0.0,0.0,0.0,0.0,64.0,0.0,624.2197253,0.0,0.0,0.0,0.0,0.0,0.0,0.0,0.0,0.0,0.0,1.0,0.0,0.0,0.0,0.0,0.0,0.0,0.0,2.0,0.0,0.0,0.0,225.0,-1.0,0.0,32.0,0.0,0.0,0.0,0.0,0.0,0.0,0.0,0.0,DoS attacks-Hulk
80.0,6.0,2018-02-16 01:46:58,375.0,2.0,0.0,0.0,0.0,0.0,0.0,0.0,0.0,0.0,0.0,0.0,0.0,0.0,5333.333333,375.0,0.0,375.0,375.0,375.0,375.0,0.0,375.0,375.0,0.0,0.0,0.0,0.0,0.0,0.0,0.0,64.0,0.0,5333.333333,0.0,0.0,0.0,0.0,0.0,0.0,0.0,0.0,0.0,0.0,1.0,0.0,0.0,0.0,0.0,0.0,0.0,0.0,2.0,0.0,0.0,0.0,225.0,-1.0,0.0,32.0,0.0,0.0,0.0,0.0,0.0,0.0,0.0,0.0,DoS attacks-Hulk
80.0,6.0,2018-02-16 01:46:35,21927.0,2.0,0.0,0.0,0.0,0.0,0.0,0.0,0.0,0.0,0.0,0.0,0.0,0.0,91.21174807,21927.0,0.0,21927.0,21927.0,21927.0,21927.0,0.0,21927.0,21927.0,0.0,0.0,0.0,0.0,0.0,0.0,0.0,64.0,0.0,91.21174807,0.0,0.0,0.0,0.0,0.0,0.0,0.0,0.0,0.0,0.0,1.0,0.0,0.0,0.0,0.0,0.0,0.0,0.0,2.0,0.0,0.0,0.0,225.0,-1.0,0.0,32.0,0.0,0.0,0.0,0.0,0.0,0.0,0.0,0.0,DoS attacks-Hulk
80.0,6.0,2018-02-16 01:47:17,33237.0,2.0,0.0,0.0,0.0,0.0,0.0,0.0,0.0,0.0,0.0,0.0,0.0,0.0,60.17390258,33237.0,0.0,33237.0,33237.0,33237.0,33237.0,0.0,33237.0,33237.0,0.0,0.0,0.0,0.0,0.0,0.0,0.0,64.0,0.0,60.17390258,0.0,0.0,0.0,0.0,0.0,0.0,0.0,0.0,0.0,0.0,1.0,0.0,0.0,0.0,0.0,0.0,0.0,0.0,2.0,0.0,0.0,0.0,225.0,-1.0,0.0,32.0,0.0,0.0,0.0,0.0,0.0,0.0,0.0,0.0,DoS attacks-Hulk
80.0,6.0,2018-02-16 01:48:29,310.0,2.0,0.0,0.0,0.0,0.0,0.0,0.0,0.0,0.0,0.0,0.0,0.0,0.0,6451.612903,310.0,0.0,310.0,310.0,310.0,310.0,0.0,310.0,310.0,0.0,0.0,0.0,0.0,0.0,0.0,0.0,64.0,0.0,6451.612903,0.0,0.0,0.0,0.0,0.0,0.0,0.0,0.0,0.0,0.0,1.0,0.0,0.0,0.0,0.0,0.0,0.0,0.0,2.0,0.0,0.0,0.0,225.0,-1.0,0.0,32.0,0.0,0.0,0.0,0.0,0.0,0.0,0.0,0.0,DoS attacks-Hulk
80.0,6.0,2018-02-16 01:48:15,31434.0,2.0,0.0,0.0,0.0,0.0,0.0,0.0,0.0,0.0,0.0,0.0,0.0,0.0,63.6253738,31434.0,0.0,31434.0,31434.0,31434.0,31434.0,0.0,31434.0,31434.0,0.0,0.0,0.0,0.0,0.0,0.0,0.0,64.0,0.0,63.6253738,0.0,0.0,0.0,0.0,0.0,0.0,0.0,0.0,0.0,0.0,1.0,0.0,0.0,0.0,0.0,0.0,0.0,0.0,2.0,0.0,0.0,0.0,225.0,-1.0,0.0,32.0,0.0,0.0,0.0,0.0,0.0,0.0,0.0,0.0,DoS attacks-Hulk
80.0,6.0,2018-02-16 01:46:49,860.0,2.0,0.0,0.0,0.0,0.0,0.0,0.0,0.0,0.0,0.0,0.0,0.0,0.0,2325.581395,860.0,0.0,860.0,860.0,860.0,860.0,0.0,860.0,860.0,0.0,0.0,0.0,0.0,0.0,0.0,0.0,64.0,0.0,2325.581395,0.0,0.0,0.0,0.0,0.0,0.0,0.0,0.0,0.0,0.0,1.0,0.0,0.0,0.0,0.0,0.0,0.0,0.0,2.0,0.0,0.0,0.0,225.0,-1.0,0.0,32.0,0.0,0.0,0.0,0.0,0.0,0.0,0.0,0.0,DoS attacks-Hulk
80.0,6.0,2018-02-16 01:47:43,90887.0,3.0,0.0,0.0,0.0,0.0,0.0,0.0,0.0,0.0,0.0,0.0,0.0,0.0,33.00802095,45443.5,3017.224635,47577.0,43310.0,90887.0,45443.5,3017.224635,47577.0,43310.0,0.0,0.0,0.0,0.0,0.0,0.0,0.0,96.0,0.0,33.00802095,0.0,0.0,0.0,0.0,0.0,0.0,0.0,0.0,0.0,0.0,1.0,0.0,0.0,0.0,0.0,0.0,0.0,0.0,3.0,0.0,0.0,0.0,225.0,-1.0,0.0,32.0,0.0,0.0,0.0,0.0,0.0,0.0,0.0,0.0,DoS attacks-Hulk
80.0,6.0,2018-02-16 01:45:31,6259.0,2.0,0.0,0.0,0.0,0.0,0.0,0.0,0.0,0.0,0.0,0.0,0.0,0.0,319.5398626,6259.0,0.0,6259.0,6259.0,6259.0,6259.0,0.0,6259.0,6259.0,0.0,0.0,0.0,0.0,0.0,0.0,0.0,64.0,0.0,319.5398626,0.0,0.0,0.0,0.0,0.0,0.0,0.0,0.0,0.0,0.0,1.0,0.0,0.0,0.0,0.0,0.0,0.0,0.0,2.0,0.0,0.0,0.0,225.0,-1.0,0.0,32.0,0.0,0.0,0.0,0.0,0.0,0.0,0.0,0.0,DoS attacks-Hulk
80.0,6.0,2018-02-16 01:46:39,10718.0,2.0,0.0,0.0,0.0,0.0,0.0,0.0,0.0,0.0,0.0,0.0,0.0,0.0,186.601978,10718.0,0.0,10718.0,10718.0,10718.0,10718.0,0.0,10718.0,10718.0,0.0,0.0,0.0,0.0,0.0,0.0,0.0,64.0,0.0,186.601978,0.0,0.0,0.0,0.0,0.0,0.0,0.0,0.0,0.0,0.0,1.0,0.0,0.0,0.0,0.0,0.0,0.0,0.0,2.0,0.0,0.0,0.0,225.0,-1.0,0.0,32.0,0.0,0.0,0.0,0.0,0.0,0.0,0.0,0.0,DoS attacks-Hulk
80.0,6.0,2018-02-16 01:46:16,1310.0,2.0,0.0,0.0,0.0,0.0,0.0,0.0,0.0,0.0,0.0,0.0,0.0,0.0,1526.717557,1310.0,0.0,1310.0,1310.0,1310.0,1310.0,0.0,1310.0,1310.0,0.0,0.0,0.0,0.0,0.0,0.0,0.0,64.0,0.0,1526.717557,0.0,0.0,0.0,0.0,0.0,0.0,0.0,0.0,0.0,0.0,1.0,0.0,0.0,0.0,0.0,0.0,0.0,0.0,2.0,0.0,0.0,0.0,225.0,-1.0,0.0,32.0,0.0,0.0,0.0,0.0,0.0,0.0,0.0,0.0,DoS attacks-Hulk
80.0,6.0,2018-02-16 01:47:42,69355.0,3.0,0.0,0.0,0.0,0.0,0.0,0.0,0.0,0.0,0.0,0.0,0.0,0.0,43.25571336,34677.5,9074.301323,41094.0,28261.0,69355.0,34677.5,9074.301323,41094.0,28261.0,0.0,0.0,0.0,0.0,0.0,0.0,0.0,96.0,0.0,43.25571336,0.0,0.0,0.0,0.0,0.0,0.0,0.0,0.0,0.0,0.0,1.0,0.0,0.0,0.0,0.0,0.0,0.0,0.0,3.0,0.0,0.0,0.0,225.0,-1.0,0.0,32.0,0.0,0.0,0.0,0.0,0.0,0.0,0.0,0.0,DoS attacks-Hulk
80.0,6.0,2018-02-16 01:45:30,325.0,2.0,0.0,0.0,0.0,0.0,0.0,0.0,0.0,0.0,0.0,0.0,0.0,0.0,6153.846154,325.0,0.0,325.0,325.0,325.0,325.0,0.0,325.0,325.0,0.0,0.0,0.0,0.0,0.0,0.0,0.0,64.0,0.0,6153.846154,0.0,0.0,0.0,0.0,0.0,0.0,0.0,0.0,0.0,0.0,1.0,0.0,0.0,0.0,0.0,0.0,0.0,0.0,2.0,0.0,0.0,0.0,225.0,-1.0,0.0,32.0,0.0,0.0,0.0,0.0,0.0,0.0,0.0,0.0,DoS attacks-Hulk
80.0,6.0,2018-02-16 01:47:00,25048.0,2.0,0.0,0.0,0.0,0.0,0.0,0.0,0.0,0.0,0.0,0.0,0.0,0.0,79.84669435,25048.0,0.0,25048.0,25048.0,25048.0,25048.0,0.0,25048.0,25048.0,0.0,0.0,0.0,0.0,0.0,0.0,0.0,64.0,0.0,79.84669435,0.0,0.0,0.0,0.0,0.0,0.0,0.0,0.0,0.0,0.0,1.0,0.0,0.0,0.0,0.0,0.0,0.0,0.0,2.0,0.0,0.0,0.0,225.0,-1.0,0.0,32.0,0.0,0.0,0.0,0.0,0.0,0.0,0.0,0.0,DoS attacks-Hulk
80.0,6.0,2018-02-16 01:45:44,1628.0,2.0,0.0,0.0,0.0,0.0,0.0,0.0,0.0,0.0,0.0,0.0,0.0,0.0,1228.501229,1628.0,0.0,1628.0,1628.0,1628.0,1628.0,0.0,1628.0,1628.0,0.0,0.0,0.0,0.0,0.0,0.0,0.0,64.0,0.0,1228.501229,0.0,0.0,0.0,0.0,0.0,0.0,0.0,0.0,0.0,0.0,1.0,0.0,0.0,0.0,0.0,0.0,0.0,0.0,2.0,0.0,0.0,0.0,225.0,-1.0,0.0,32.0,0.0,0.0,0.0,0.0,0.0,0.0,0.0,0.0,DoS attacks-Hulk
80.0,6.0,2018-02-16 01:47:08,28978.0,2.0,0.0,0.0,0.0,0.0,0.0,0.0,0.0,0.0,0.0,0.0,0.0,0.0,69.01787563,28978.0,0.0,28978.0,28978.0,28978.0,28978.0,0.0,28978.0,28978.0,0.0,0.0,0.0,0.0,0.0,0.0,0.0,64.0,0.0,69.01787563,0.0,0.0,0.0,0.0,0.0,0.0,0.0,0.0,0.0,0.0,1.0,0.0,0.0,0.0,0.0,0.0,0.0,0.0,2.0,0.0,0.0,0.0,225.0,-1.0,0.0,32.0,0.0,0.0,0.0,0.0,0.0,0.0,0.0,0.0,DoS attacks-Hulk
80.0,6.0,2018-02-16 01:48:12,17625.0,2.0,0.0,0.0,0.0,0.0,0.0,0.0,0.0,0.0,0.0,0.0,0.0,0.0,113.4751773,17625.0,0.0,17625.0,17625.0,17625.0,17625.0,0.0,17625.0,17625.0,0.0,0.0,0.0,0.0,0.0,0.0,0.0,64.0,0.0,113.4751773,0.0,0.0,0.0,0.0,0.0,0.0,0.0,0.0,0.0,0.0,1.0,0.0,0.0,0.0,0.0,0.0,0.0,0.0,2.0,0.0,0.0,0.0,225.0,-1.0,0.0,32.0,0.0,0.0,0.0,0.0,0.0,0.0,0.0,0.0,DoS attacks-Hulk
80.0,6.0,2018-02-16 01:48:28,11582.0,2.0,0.0,0.0,0.0,0.0,0.0,0.0,0.0,0.0,0.0,0.0,0.0,0.0,172.6817475,11582.0,0.0,11582.0,11582.0,11582.0,11582.0,0.0,11582.0,11582.0,0.0,0.0,0.0,0.0,0.0,0.0,0.0,64.0,0.0,172.6817475,0.0,0.0,0.0,0.0,0.0,0.0,0.0,0.0,0.0,0.0,1.0,0.0,0.0,0.0,0.0,0.0,0.0,0.0,2.0,0.0,0.0,0.0,225.0,-1.0,0.0,32.0,0.0,0.0,0.0,0.0,0.0,0.0,0.0,0.0,DoS attacks-Hulk
80.0,6.0,2018-02-16 01:46:16,1818.0,2.0,0.0,0.0,0.0,0.0,0.0,0.0,0.0,0.0,0.0,0.0,0.0,0.0,1100.110011,1818.0,0.0,1818.0,1818.0,1818.0,1818.0,0.0,1818.0,1818.0,0.0,0.0,0.0,0.0,0.0,0.0,0.0,64.0,0.0,1100.110011,0.0,0.0,0.0,0.0,0.0,0.0,0.0,0.0,0.0,0.0,1.0,0.0,0.0,0.0,0.0,0.0,0.0,0.0,2.0,0.0,0.0,0.0,225.0,-1.0,0.0,32.0,0.0,0.0,0.0,0.0,0.0,0.0,0.0,0.0,DoS attacks-Hulk
80.0,6.0,2018-02-16 01:45:28,251.0,2.0,0.0,0.0,0.0,0.0,0.0,0.0,0.0,0.0,0.0,0.0,0.0,0.0,7968.12749,251.0,0.0,251.0,251.0,251.0,251.0,0.0,251.0,251.0,0.0,0.0,0.0,0.0,0.0,0.0,0.0,64.0,0.0,7968.12749,0.0,0.0,0.0,0.0,0.0,0.0,0.0,0.0,0.0,0.0,1.0,0.0,0.0,0.0,0.0,0.0,0.0,0.0,2.0,0.0,0.0,0.0,225.0,-1.0,0.0,32.0,0.0,0.0,0.0,0.0,0.0,0.0,0.0,0.0,DoS attacks-Hulk
80.0,6.0,2018-02-16 01:48:04,624.0,2.0,0.0,0.0,0.0,0.0,0.0,0.0,0.0,0.0,0.0,0.0,0.0,0.0,3205.128205,624.0,0.0,624.0,624.0,624.0,624.0,0.0,624.0,624.0,0.0,0.0,0.0,0.0,0.0,0.0,0.0,64.0,0.0,3205.128205,0.0,0.0,0.0,0.0,0.0,0.0,0.0,0.0,0.0,0.0,1.0,0.0,0.0,0.0,0.0,0.0,0.0,0.0,2.0,0.0,0.0,0.0,225.0,-1.0,0.0,32.0,0.0,0.0,0.0,0.0,0.0,0.0,0.0,0.0,DoS attacks-Hulk
80.0,6.0,2018-02-16 01:47:34,20803.0,2.0,0.0,0.0,0.0,0.0,0.0,0.0,0.0,0.0,0.0,0.0,0.0,0.0,96.13997981,20803.0,0.0,20803.0,20803.0,20803.0,20803.0,0.0,20803.0,20803.0,0.0,0.0,0.0,0.0,0.0,0.0,0.0,64.0,0.0,96.13997981,0.0,0.0,0.0,0.0,0.0,0.0,0.0,0.0,0.0,0.0,1.0,0.0,0.0,0.0,0.0,0.0,0.0,0.0,2.0,0.0,0.0,0.0,225.0,-1.0,0.0,32.0,0.0,0.0,0.0,0.0,0.0,0.0,0.0,0.0,DoS attacks-Hulk
80.0,6.0,2018-02-16 01:47:18,49010.0,3.0,0.0,0.0,0.0,0.0,0.0,0.0,0.0,0.0,0.0,0.0,0.0,0.0,61.21199755,24505.0,27482.41216,43938.0,5072.0,49010.0,24505.0,27482.41216,43938.0,5072.0,0.0,0.0,0.0,0.0,0.0,0.0,0.0,96.0,0.0,61.21199755,0.0,0.0,0.0,0.0,0.0,0.0,0.0,0.0,0.0,0.0,1.0,0.0,0.0,0.0,0.0,0.0,0.0,0.0,3.0,0.0,0.0,0.0,225.0,-1.0,0.0,32.0,0.0,0.0,0.0,0.0,0.0,0.0,0.0,0.0,DoS attacks-Hulk
80.0,6.0,2018-02-16 01:45:52,48087.0,3.0,0.0,0.0,0.0,0.0,0.0,0.0,0.0,0.0,0.0,0.0,0.0,0.0,62.3869237,24043.5,24842.78254,41610.0,6477.0,48087.0,24043.5,24842.78254,41610.0,6477.0,0.0,0.0,0.0,0.0,0.0,0.0,0.0,96.0,0.0,62.3869237,0.0,0.0,0.0,0.0,0.0,0.0,0.0,0.0,0.0,0.0,1.0,0.0,0.0,0.0,0.0,0.0,0.0,0.0,3.0,0.0,0.0,0.0,225.0,-1.0,0.0,32.0,0.0,0.0,0.0,0.0,0.0,0.0,0.0,0.0,DoS attacks-Hulk
80.0,6.0,2018-02-16 01:48:00,63472.0,3.0,0.0,0.0,0.0,0.0,0.0,0.0,0.0,0.0,0.0,0.0,0.0,0.0,47.26493572,31736.0,8898.231734,38028.0,25444.0,63472.0,31736.0,8898.231734,38028.0,25444.0,0.0,0.0,0.0,0.0,0.0,0.0,0.0,96.0,0.0,47.26493572,0.0,0.0,0.0,0.0,0.0,0.0,0.0,0.0,0.0,0.0,1.0,0.0,0.0,0.0,0.0,0.0,0.0,0.0,3.0,0.0,0.0,0.0,225.0,-1.0,0.0,32.0,0.0,0.0,0.0,0.0,0.0,0.0,0.0,0.0,DoS attacks-Hulk
80.0,6.0,2018-02-16 01:46:21,42040.0,2.0,0.0,0.0,0.0,0.0,0.0,0.0,0.0,0.0,0.0,0.0,0.0,0.0,47.5737393,42040.0,0.0,42040.0,42040.0,42040.0,42040.0,0.0,42040.0,42040.0,0.0,0.0,0.0,0.0,0.0,0.0,0.0,64.0,0.0,47.5737393,0.0,0.0,0.0,0.0,0.0,0.0,0.0,0.0,0.0,0.0,1.0,0.0,0.0,0.0,0.0,0.0,0.0,0.0,2.0,0.0,0.0,0.0,225.0,-1.0,0.0,32.0,0.0,0.0,0.0,0.0,0.0,0.0,0.0,0.0,DoS attacks-Hulk
80.0,6.0,2018-02-16 01:47:03,6578.0,2.0,0.0,0.0,0.0,0.0,0.0,0.0,0.0,0.0,0.0,0.0,0.0,0.0,304.0437823,6578.0,0.0,6578.0,6578.0,6578.0,6578.0,0.0,6578.0,6578.0,0.0,0.0,0.0,0.0,0.0,0.0,0.0,64.0,0.0,304.0437823,0.0,0.0,0.0,0.0,0.0,0.0,0.0,0.0,0.0,0.0,1.0,0.0,0.0,0.0,0.0,0.0,0.0,0.0,2.0,0.0,0.0,0.0,225.0,-1.0,0.0,32.0,0.0,0.0,0.0,0.0,0.0,0.0,0.0,0.0,DoS attacks-Hulk
80.0,6.0,2018-02-16 01:47:53,1342.0,2.0,0.0,0.0,0.0,0.0,0.0,0.0,0.0,0.0,0.0,0.0,0.0,0.0,1490.312966,1342.0,0.0,1342.0,1342.0,1342.0,1342.0,0.0,1342.0,1342.0,0.0,0.0,0.0,0.0,0.0,0.0,0.0,64.0,0.0,1490.312966,0.0,0.0,0.0,0.0,0.0,0.0,0.0,0.0,0.0,0.0,1.0,0.0,0.0,0.0,0.0,0.0,0.0,0.0,2.0,0.0,0.0,0.0,225.0,-1.0,0.0,32.0,0.0,0.0,0.0,0.0,0.0,0.0,0.0,0.0,DoS attacks-Hulk
80.0,6.0,2018-02-16 01:47:09,4195925.0,5.0,5.0,305.0,935.0,305.0,0.0,61.0,136.4001466,935.0,0.0,187.0,418.1447118,295.5248247,2.383264715,466213.8889,1368110.441,4114385.0,5.0,4176953.0,1044238.25,2046804.272,4114396.0,4813.0,4195914.0,1048978.5,2043611.768,4114392.0,22954.0,0.0,0.0,168.0,168.0,1.191632358,1.191632358,0.0,935.0,112.7272727,287.6574668,82746.81818,0.0,0.0,0.0,0.0,1.0,1.0,0.0,0.0,1.0,124.0,61.0,187.0,5.0,305.0,5.0,935.0,225.0,237.0,1.0,32.0,0.0,0.0,0.0,0.0,0.0,0.0,0.0,0.0,DoS attacks-Hulk
80.0,6.0,2018-02-16 01:45:53,407.0,2.0,0.0,0.0,0.0,0.0,0.0,0.0,0.0,0.0,0.0,0.0,0.0,0.0,4914.004914,407.0,0.0,407.0,407.0,407.0,407.0,0.0,407.0,407.0,0.0,0.0,0.0,0.0,0.0,0.0,0.0,64.0,0.0,4914.004914,0.0,0.0,0.0,0.0,0.0,0.0,0.0,0.0,0.0,0.0,1.0,0.0,0.0,0.0,0.0,0.0,0.0,0.0,2.0,0.0,0.0,0.0,225.0,-1.0,0.0,32.0,0.0,0.0,0.0,0.0,0.0,0.0,0.0,0.0,DoS attacks-Hulk
80.0,6.0,2018-02-16 01:46:44,34752.0,2.0,0.0,0.0,0.0,0.0,0.0,0.0,0.0,0.0,0.0,0.0,0.0,0.0,57.55064457,34752.0,0.0,34752.0,34752.0,34752.0,34752.0,0.0,34752.0,34752.0,0.0,0.0,0.0,0.0,0.0,0.0,0.0,64.0,0.0,57.55064457,0.0,0.0,0.0,0.0,0.0,0.0,0.0,0.0,0.0,0.0,1.0,0.0,0.0,0.0,0.0,0.0,0.0,0.0,2.0,0.0,0.0,0.0,225.0,-1.0,0.0,32.0,0.0,0.0,0.0,0.0,0.0,0.0,0.0,0.0,DoS attacks-Hulk
80.0,6.0,2018-02-16 01:47:04,4268715.0,4.0,5.0,336.0,935.0,336.0,0.0,84.0,168.0,935.0,0.0,187.0,418.1447118,297.7476829,2.108362821,533589.375,1471523.125,4175174.0,6.0,4231564.0,1410521.333,2394304.658,4175183.0,14804.0,4268706.0,1067176.5,2072134.996,4175181.0,24.0,0.0,0.0,136.0,168.0,0.937050143,1.171312678,0.0,935.0,127.1,302.8708746,91730.76667,0.0,0.0,0.0,0.0,1.0,1.0,0.0,0.0,1.0,141.2222222,84.0,187.0,4.0,336.0,5.0,935.0,225.0,219.0,1.0,32.0,0.0,0.0,0.0,0.0,0.0,0.0,0.0,0.0,DoS attacks-Hulk
80.0,6.0,2018-02-16 01:48:16,32066.0,2.0,0.0,0.0,0.0,0.0,0.0,0.0,0.0,0.0,0.0,0.0,0.0,0.0,62.37135907,32066.0,0.0,32066.0,32066.0,32066.0,32066.0,0.0,32066.0,32066.0,0.0,0.0,0.0,0.0,0.0,0.0,0.0,64.0,0.0,62.37135907,0.0,0.0,0.0,0.0,0.0,0.0,0.0,0.0,0.0,0.0,1.0,0.0,0.0,0.0,0.0,0.0,0.0,0.0,2.0,0.0,0.0,0.0,225.0,-1.0,0.0,32.0,0.0,0.0,0.0,0.0,0.0,0.0,0.0,0.0,DoS attacks-Hulk
80.0,6.0,2018-02-16 01:47:35,28393.0,2.0,0.0,0.0,0.0,0.0,0.0,0.0,0.0,0.0,0.0,0.0,0.0,0.0,70.43989716,28393.0,0.0,28393.0,28393.0,28393.0,28393.0,0.0,28393.0,28393.0,0.0,0.0,0.0,0.0,0.0,0.0,0.0,64.0,0.0,70.43989716,0.0,0.0,0.0,0.0,0.0,0.0,0.0,0.0,0.0,0.0,1.0,0.0,0.0,0.0,0.0,0.0,0.0,0.0,2.0,0.0,0.0,0.0,225.0,-1.0,0.0,32.0,0.0,0.0,0.0,0.0,0.0,0.0,0.0,0.0,DoS attacks-Hulk
80.0,6.0,2018-02-16 01:46:26,4039114.0,4.0,4.0,284.0,935.0,284.0,0.0,71.0,142.0,935.0,0.0,233.75,467.5,301.7988598,1.980632386,577016.2857,1495998.47,3969511.0,8.0,4015143.0,1338381.0,2278633.492,3969511.0,16751.0,69595.0,23198.33333,22794.12427,45633.0,61.0,0.0,0.0,124.0,136.0,0.990316193,0.990316193,0.0,935.0,135.4444444,314.2002193,98721.77778,1.0,0.0,0.0,0.0,0.0,0.0,0.0,0.0,1.0,152.375,71.0,233.75,4.0,284.0,4.0,935.0,0.0,219.0,1.0,20.0,0.0,0.0,0.0,0.0,0.0,0.0,0.0,0.0,DoS attacks-Hulk
80.0,6.0,2018-02-16 01:45:33,13619.0,2.0,0.0,0.0,0.0,0.0,0.0,0.0,0.0,0.0,0.0,0.0,0.0,0.0,146.8536603,13619.0,0.0,13619.0,13619.0,13619.0,13619.0,0.0,13619.0,13619.0,0.0,0.0,0.0,0.0,0.0,0.0,0.0,64.0,0.0,146.8536603,0.0,0.0,0.0,0.0,0.0,0.0,0.0,0.0,0.0,0.0,1.0,0.0,0.0,0.0,0.0,0.0,0.0,0.0,2.0,0.0,0.0,0.0,225.0,-1.0,0.0,32.0,0.0,0.0,0.0,0.0,0.0,0.0,0.0,0.0,DoS attacks-Hulk
80.0,6.0,2018-02-16 01:48:33,1063.0,2.0,0.0,0.0,0.0,0.0,0.0,0.0,0.0,0.0,0.0,0.0,0.0,0.0,1881.467545,1063.0,0.0,1063.0,1063.0,1063.0,1063.0,0.0,1063.0,1063.0,0.0,0.0,0.0,0.0,0.0,0.0,0.0,64.0,0.0,1881.467545,0.0,0.0,0.0,0.0,0.0,0.0,0.0,0.0,0.0,0.0,1.0,0.0,0.0,0.0,0.0,0.0,0.0,0.0,2.0,0.0,0.0,0.0,225.0,-1.0,0.0,32.0,0.0,0.0,0.0,0.0,0.0,0.0,0.0,0.0,DoS attacks-Hulk
80.0,6.0,2018-02-16 01:47:49,107817.0,3.0,0.0,0.0,0.0,0.0,0.0,0.0,0.0,0.0,0.0,0.0,0.0,0.0,27.82492557,53908.5,14591.14843,64226.0,43591.0,107817.0,53908.5,14591.14843,64226.0,43591.0,0.0,0.0,0.0,0.0,0.0,0.0,0.0,96.0,0.0,27.82492557,0.0,0.0,0.0,0.0,0.0,0.0,0.0,0.0,0.0,0.0,1.0,0.0,0.0,0.0,0.0,0.0,0.0,0.0,3.0,0.0,0.0,0.0,225.0,-1.0,0.0,32.0,0.0,0.0,0.0,0.0,0.0,0.0,0.0,0.0,DoS attacks-Hulk
80.0,6.0,2018-02-16 01:46:45,8275.0,2.0,0.0,0.0,0.0,0.0,0.0,0.0,0.0,0.0,0.0,0.0,0.0,0.0,241.6918429,8275.0,0.0,8275.0,8275.0,8275.0,8275.0,0.0,8275.0,8275.0,0.0,0.0,0.0,0.0,0.0,0.0,0.0,64.0,0.0,241.6918429,0.0,0.0,0.0,0.0,0.0,0.0,0.0,0.0,0.0,0.0,1.0,0.0,0.0,0.0,0.0,0.0,0.0,0.0,2.0,0.0,0.0,0.0,225.0,-1.0,0.0,32.0,0.0,0.0,0.0,0.0,0.0,0.0,0.0,0.0,DoS attacks-Hulk
80.0,6.0,2018-02-16 01:46:20,1036.0,2.0,0.0,0.0,0.0,0.0,0.0,0.0,0.0,0.0,0.0,0.0,0.0,0.0,1930.501931,1036.0,0.0,1036.0,1036.0,1036.0,1036.0,0.0,1036.0,1036.0,0.0,0.0,0.0,0.0,0.0,0.0,0.0,64.0,0.0,1930.501931,0.0,0.0,0.0,0.0,0.0,0.0,0.0,0.0,0.0,0.0,1.0,0.0,0.0,0.0,0.0,0.0,0.0,0.0,2.0,0.0,0.0,0.0,225.0,-1.0,0.0,32.0,0.0,0.0,0.0,0.0,0.0,0.0,0.0,0.0,DoS attacks-Hulk
80.0,6.0,2018-02-16 01:45:59,1685.0,2.0,0.0,0.0,0.0,0.0,0.0,0.0,0.0,0.0,0.0,0.0,0.0,0.0,1186.94362,1685.0,0.0,1685.0,1685.0,1685.0,1685.0,0.0,1685.0,1685.0,0.0,0.0,0.0,0.0,0.0,0.0,0.0,64.0,0.0,1186.94362,0.0,0.0,0.0,0.0,0.0,0.0,0.0,0.0,0.0,0.0,1.0,0.0,0.0,0.0,0.0,0.0,0.0,0.0,2.0,0.0,0.0,0.0,225.0,-1.0,0.0,32.0,0.0,0.0,0.0,0.0,0.0,0.0,0.0,0.0,DoS attacks-Hulk
80.0,6.0,2018-02-16 01:48:23,4032.0,2.0,0.0,0.0,0.0,0.0,0.0,0.0,0.0,0.0,0.0,0.0,0.0,0.0,496.031746,4032.0,0.0,4032.0,4032.0,4032.0,4032.0,0.0,4032.0,4032.0,0.0,0.0,0.0,0.0,0.0,0.0,0.0,64.0,0.0,496.031746,0.0,0.0,0.0,0.0,0.0,0.0,0.0,0.0,0.0,0.0,1.0,0.0,0.0,0.0,0.0,0.0,0.0,0.0,2.0,0.0,0.0,0.0,225.0,-1.0,0.0,32.0,0.0,0.0,0.0,0.0,0.0,0.0,0.0,0.0,DoS attacks-Hulk
80.0,6.0,2018-02-16 01:45:36,2752.0,2.0,0.0,0.0,0.0,0.0,0.0,0.0,0.0,0.0,0.0,0.0,0.0,0.0,726.744186,2752.0,0.0,2752.0,2752.0,2752.0,2752.0,0.0,2752.0,2752.0,0.0,0.0,0.0,0.0,0.0,0.0,0.0,64.0,0.0,726.744186,0.0,0.0,0.0,0.0,0.0,0.0,0.0,0.0,0.0,0.0,1.0,0.0,0.0,0.0,0.0,0.0,0.0,0.0,2.0,0.0,0.0,0.0,225.0,-1.0,0.0,32.0,0.0,0.0,0.0,0.0,0.0,0.0,0.0,0.0,DoS attacks-Hulk
80.0,6.0,2018-02-16 01:46:47,22367.0,2.0,0.0,0.0,0.0,0.0,0.0,0.0,0.0,0.0,0.0,0.0,0.0,0.0,89.41744534,22367.0,0.0,22367.0,22367.0,22367.0,22367.0,0.0,22367.0,22367.0,0.0,0.0,0.0,0.0,0.0,0.0,0.0,64.0,0.0,89.41744534,0.0,0.0,0.0,0.0,0.0,0.0,0.0,0.0,0.0,0.0,1.0,0.0,0.0,0.0,0.0,0.0,0.0,0.0,2.0,0.0,0.0,0.0,225.0,-1.0,0.0,32.0,0.0,0.0,0.0,0.0,0.0,0.0,0.0,0.0,DoS attacks-Hulk
80.0,6.0,2018-02-16 01:48:21,49101.0,3.0,0.0,0.0,0.0,0.0,0.0,0.0,0.0,0.0,0.0,0.0,0.0,0.0,61.09855196,24550.5,20050.01278,38728.0,10373.0,49101.0,24550.5,20050.01278,38728.0,10373.0,0.0,0.0,0.0,0.0,0.0,0.0,0.0,96.0,0.0,61.09855196,0.0,0.0,0.0,0.0,0.0,0.0,0.0,0.0,0.0,0.0,1.0,0.0,0.0,0.0,0.0,0.0,0.0,0.0,3.0,0.0,0.0,0.0,225.0,-1.0,0.0,32.0,0.0,0.0,0.0,0.0,0.0,0.0,0.0,0.0,DoS attacks-Hulk
80.0,6.0,2018-02-16 01:48:40,3580.0,2.0,0.0,0.0,0.0,0.0,0.0,0.0,0.0,0.0,0.0,0.0,0.0,0.0,558.6592179,3580.0,0.0,3580.0,3580.0,3580.0,3580.0,0.0,3580.0,3580.0,0.0,0.0,0.0,0.0,0.0,0.0,0.0,64.0,0.0,558.6592179,0.0,0.0,0.0,0.0,0.0,0.0,0.0,0.0,0.0,0.0,1.0,0.0,0.0,0.0,0.0,0.0,0.0,0.0,2.0,0.0,0.0,0.0,225.0,-1.0,0.0,32.0,0.0,0.0,0.0,0.0,0.0,0.0,0.0,0.0,DoS attacks-Hulk
80.0,6.0,2018-02-16 01:48:41,73390.0,3.0,0.0,0.0,0.0,0.0,0.0,0.0,0.0,0.0,0.0,0.0,0.0,0.0,40.87750375,36695.0,3532.705479,39193.0,34197.0,73390.0,36695.0,3532.705479,39193.0,34197.0,0.0,0.0,0.0,0.0,0.0,0.0,0.0,96.0,0.0,40.87750375,0.0,0.0,0.0,0.0,0.0,0.0,0.0,0.0,0.0,0.0,1.0,0.0,0.0,0.0,0.0,0.0,0.0,0.0,3.0,0.0,0.0,0.0,225.0,-1.0,0.0,32.0,0.0,0.0,0.0,0.0,0.0,0.0,0.0,0.0,DoS attacks-Hulk
80.0,6.0,2018-02-16 01:46:57,4083.0,2.0,0.0,0.0,0.0,0.0,0.0,0.0,0.0,0.0,0.0,0.0,0.0,0.0,489.835905,4083.0,0.0,4083.0,4083.0,4083.0,4083.0,0.0,4083.0,4083.0,0.0,0.0,0.0,0.0,0.0,0.0,0.0,64.0,0.0,489.835905,0.0,0.0,0.0,0.0,0.0,0.0,0.0,0.0,0.0,0.0,1.0,0.0,0.0,0.0,0.0,0.0,0.0,0.0,2.0,0.0,0.0,0.0,225.0,-1.0,0.0,32.0,0.0,0.0,0.0,0.0,0.0,0.0,0.0,0.0,DoS attacks-Hulk
80.0,6.0,2018-02-16 01:46:35,53319.0,2.0,0.0,0.0,0.0,0.0,0.0,0.0,0.0,0.0,0.0,0.0,0.0,0.0,37.51008083,53319.0,0.0,53319.0,53319.0,53319.0,53319.0,0.0,53319.0,53319.0,0.0,0.0,0.0,0.0,0.0,0.0,0.0,64.0,0.0,37.51008083,0.0,0.0,0.0,0.0,0.0,0.0,0.0,0.0,0.0,0.0,1.0,0.0,0.0,0.0,0.0,0.0,0.0,0.0,2.0,0.0,0.0,0.0,225.0,-1.0,0.0,32.0,0.0,0.0,0.0,0.0,0.0,0.0,0.0,0.0,DoS attacks-Hulk
80.0,6.0,2018-02-16 01:46:28,20176.0,2.0,0.0,0.0,0.0,0.0,0.0,0.0,0.0,0.0,0.0,0.0,0.0,0.0,99.12767645,20176.0,0.0,20176.0,20176.0,20176.0,20176.0,0.0,20176.0,20176.0,0.0,0.0,0.0,0.0,0.0,0.0,0.0,64.0,0.0,99.12767645,0.0,0.0,0.0,0.0,0.0,0.0,0.0,0.0,0.0,0.0,1.0,0.0,0.0,0.0,0.0,0.0,0.0,0.0,2.0,0.0,0.0,0.0,225.0,-1.0,0.0,32.0,0.0,0.0,0.0,0.0,0.0,0.0,0.0,0.0,DoS attacks-Hulk
80.0,6.0,2018-02-16 01:48:05,6306.0,2.0,0.0,0.0,0.0,0.0,0.0,0.0,0.0,0.0,0.0,0.0,0.0,0.0,317.158262,6306.0,0.0,6306.0,6306.0,6306.0,6306.0,0.0,6306.0,6306.0,0.0,0.0,0.0,0.0,0.0,0.0,0.0,64.0,0.0,317.158262,0.0,0.0,0.0,0.0,0.0,0.0,0.0,0.0,0.0,0.0,1.0,0.0,0.0,0.0,0.0,0.0,0.0,0.0,2.0,0.0,0.0,0.0,225.0,-1.0,0.0,32.0,0.0,0.0,0.0,0.0,0.0,0.0,0.0,0.0,DoS attacks-Hulk
80.0,6.0,2018-02-16 01:48:38,21708.0,2.0,0.0,0.0,0.0,0.0,0.0,0.0,0.0,0.0,0.0,0.0,0.0,0.0,92.13193293,21708.0,0.0,21708.0,21708.0,21708.0,21708.0,0.0,21708.0,21708.0,0.0,0.0,0.0,0.0,0.0,0.0,0.0,64.0,0.0,92.13193293,0.0,0.0,0.0,0.0,0.0,0.0,0.0,0.0,0.0,0.0,1.0,0.0,0.0,0.0,0.0,0.0,0.0,0.0,2.0,0.0,0.0,0.0,225.0,-1.0,0.0,32.0,0.0,0.0,0.0,0.0,0.0,0.0,0.0,0.0,DoS attacks-Hulk
80.0,6.0,2018-02-16 01:45:54,59975.0,3.0,0.0,0.0,0.0,0.0,0.0,0.0,0.0,0.0,0.0,0.0,0.0,0.0,50.02084202,29987.5,18362.856,42972.0,17003.0,59975.0,29987.5,18362.856,42972.0,17003.0,0.0,0.0,0.0,0.0,0.0,0.0,0.0,96.0,0.0,50.02084202,0.0,0.0,0.0,0.0,0.0,0.0,0.0,0.0,0.0,0.0,1.0,0.0,0.0,0.0,0.0,0.0,0.0,0.0,3.0,0.0,0.0,0.0,225.0,-1.0,0.0,32.0,0.0,0.0,0.0,0.0,0.0,0.0,0.0,0.0,DoS attacks-Hulk
80.0,6.0,2018-02-16 01:46:03,65661.0,3.0,0.0,0.0,0.0,0.0,0.0,0.0,0.0,0.0,0.0,0.0,0.0,0.0,45.68922191,32830.5,17078.75009,44907.0,20754.0,65661.0,32830.5,17078.75009,44907.0,20754.0,0.0,0.0,0.0,0.0,0.0,0.0,0.0,96.0,0.0,45.68922191,0.0,0.0,0.0,0.0,0.0,0.0,0.0,0.0,0.0,0.0,1.0,0.0,0.0,0.0,0.0,0.0,0.0,0.0,3.0,0.0,0.0,0.0,225.0,-1.0,0.0,32.0,0.0,0.0,0.0,0.0,0.0,0.0,0.0,0.0,DoS attacks-Hulk
80.0,6.0,2018-02-16 01:46:55,42887.0,2.0,0.0,0.0,0.0,0.0,0.0,0.0,0.0,0.0,0.0,0.0,0.0,0.0,46.63417819,42887.0,0.0,42887.0,42887.0,42887.0,42887.0,0.0,42887.0,42887.0,0.0,0.0,0.0,0.0,0.0,0.0,0.0,64.0,0.0,46.63417819,0.0,0.0,0.0,0.0,0.0,0.0,0.0,0.0,0.0,0.0,1.0,0.0,0.0,0.0,0.0,0.0,0.0,0.0,2.0,0.0,0.0,0.0,225.0,-1.0,0.0,32.0,0.0,0.0,0.0,0.0,0.0,0.0,0.0,0.0,DoS attacks-Hulk
80.0,6.0,2018-02-16 01:46:52,77341.0,3.0,0.0,0.0,0.0,0.0,0.0,0.0,0.0,0.0,0.0,0.0,0.0,0.0,38.78925796,38670.5,4393.254432,41777.0,35564.0,77341.0,38670.5,4393.254432,41777.0,35564.0,0.0,0.0,0.0,0.0,0.0,0.0,0.0,96.0,0.0,38.78925796,0.0,0.0,0.0,0.0,0.0,0.0,0.0,0.0,0.0,0.0,1.0,0.0,0.0,0.0,0.0,0.0,0.0,0.0,3.0,0.0,0.0,0.0,225.0,-1.0,0.0,32.0,0.0,0.0,0.0,0.0,0.0,0.0,0.0,0.0,DoS attacks-Hulk
80.0,6.0,2018-02-16 01:46:21,4138224.0,4.0,5.0,342.0,935.0,342.0,0.0,85.5,171.0,935.0,0.0,187.0,418.1447118,308.5864854,2.174846021,517278.0,1434605.913,4067485.0,4.0,4116290.0,1372096.667,2334408.419,4067495.0,241.0,4138214.0,1034553.5,2022057.319,4067492.0,36.0,0.0,0.0,136.0,168.0,0.966598232,1.208247789,0.0,935.0,127.7,303.336282,92012.9,0.0,0.0,0.0,0.0,1.0,1.0,0.0,0.0,1.0,141.8888889,85.5,187.0,4.0,342.0,5.0,935.0,225.0,237.0,1.0,32.0,0.0,0.0,0.0,0.0,0.0,0.0,0.0,0.0,DoS attacks-Hulk
80.0,6.0,2018-02-16 01:46:18,3512.0,2.0,0.0,0.0,0.0,0.0,0.0,0.0,0.0,0.0,0.0,0.0,0.0,0.0,569.476082,3512.0,0.0,3512.0,3512.0,3512.0,3512.0,0.0,3512.0,3512.0,0.0,0.0,0.0,0.0,0.0,0.0,0.0,64.0,0.0,569.476082,0.0,0.0,0.0,0.0,0.0,0.0,0.0,0.0,0.0,0.0,1.0,0.0,0.0,0.0,0.0,0.0,0.0,0.0,2.0,0.0,0.0,0.0,225.0,-1.0,0.0,32.0,0.0,0.0,0.0,0.0,0.0,0.0,0.0,0.0,DoS attacks-Hulk
80.0,6.0,2018-02-16 01:47:12,41716.0,2.0,0.0,0.0,0.0,0.0,0.0,0.0,0.0,0.0,0.0,0.0,0.0,0.0,47.94323521,41716.0,0.0,41716.0,41716.0,41716.0,41716.0,0.0,41716.0,41716.0,0.0,0.0,0.0,0.0,0.0,0.0,0.0,64.0,0.0,47.94323521,0.0,0.0,0.0,0.0,0.0,0.0,0.0,0.0,0.0,0.0,1.0,0.0,0.0,0.0,0.0,0.0,0.0,0.0,2.0,0.0,0.0,0.0,225.0,-1.0,0.0,32.0,0.0,0.0,0.0,0.0,0.0,0.0,0.0,0.0,DoS attacks-Hulk
80.0,6.0,2018-02-16 01:47:11,4220767.0,4.0,4.0,363.0,935.0,363.0,0.0,90.75,181.5,935.0,0.0,233.75,467.5,307.5270443,1.895390103,602966.7143,1540219.145,4094528.0,6.0,4210398.0,1403466.0,2331241.605,4094528.0,260.0,126233.0,42077.66667,64115.29922,115872.0,26.0,0.0,0.0,124.0,136.0,0.947695052,0.947695052,0.0,935.0,144.2222222,319.9206065,102349.1944,1.0,0.0,0.0,0.0,0.0,0.0,0.0,0.0,1.0,162.25,90.75,233.75,4.0,363.0,4.0,935.0,0.0,237.0,1.0,20.0,0.0,0.0,0.0,0.0,0.0,0.0,0.0,0.0,DoS attacks-Hulk
80.0,6.0,2018-02-16 01:47:40,1330.0,2.0,0.0,0.0,0.0,0.0,0.0,0.0,0.0,0.0,0.0,0.0,0.0,0.0,1503.759398,1330.0,0.0,1330.0,1330.0,1330.0,1330.0,0.0,1330.0,1330.0,0.0,0.0,0.0,0.0,0.0,0.0,0.0,64.0,0.0,1503.759398,0.0,0.0,0.0,0.0,0.0,0.0,0.0,0.0,0.0,0.0,1.0,0.0,0.0,0.0,0.0,0.0,0.0,0.0,2.0,0.0,0.0,0.0,225.0,-1.0,0.0,32.0,0.0,0.0,0.0,0.0,0.0,0.0,0.0,0.0,DoS attacks-Hulk
80.0,6.0,2018-02-16 01:48:12,44246.0,2.0,0.0,0.0,0.0,0.0,0.0,0.0,0.0,0.0,0.0,0.0,0.0,0.0,45.20182615,44246.0,0.0,44246.0,44246.0,44246.0,44246.0,0.0,44246.0,44246.0,0.0,0.0,0.0,0.0,0.0,0.0,0.0,64.0,0.0,45.20182615,0.0,0.0,0.0,0.0,0.0,0.0,0.0,0.0,0.0,0.0,1.0,0.0,0.0,0.0,0.0,0.0,0.0,0.0,2.0,0.0,0.0,0.0,225.0,-1.0,0.0,32.0,0.0,0.0,0.0,0.0,0.0,0.0,0.0,0.0,DoS attacks-Hulk
80.0,6.0,2018-02-16 01:47:00,548.0,2.0,0.0,0.0,0.0,0.0,0.0,0.0,0.0,0.0,0.0,0.0,0.0,0.0,3649.635036,548.0,0.0,548.0,548.0,548.0,548.0,0.0,548.0,548.0,0.0,0.0,0.0,0.0,0.0,0.0,0.0,64.0,0.0,3649.635036,0.0,0.0,0.0,0.0,0.0,0.0,0.0,0.0,0.0,0.0,1.0,0.0,0.0,0.0,0.0,0.0,0.0,0.0,2.0,0.0,0.0,0.0,225.0,-1.0,0.0,32.0,0.0,0.0,0.0,0.0,0.0,0.0,0.0,0.0,DoS attacks-Hulk
80.0,6.0,2018-02-16 01:46:50,1128.0,2.0,0.0,0.0,0.0,0.0,0.0,0.0,0.0,0.0,0.0,0.0,0.0,0.0,1773.049645,1128.0,0.0,1128.0,1128.0,1128.0,1128.0,0.0,1128.0,1128.0,0.0,0.0,0.0,0.0,0.0,0.0,0.0,64.0,0.0,1773.049645,0.0,0.0,0.0,0.0,0.0,0.0,0.0,0.0,0.0,0.0,1.0,0.0,0.0,0.0,0.0,0.0,0.0,0.0,2.0,0.0,0.0,0.0,225.0,-1.0,0.0,32.0,0.0,0.0,0.0,0.0,0.0,0.0,0.0,0.0,DoS attacks-Hulk
