dst_port,protocol,timestamp,flow_duration,tot_fwd_pkts,tot_bwd_pkts,totlen_fwd_pkts,totlen_bwd_pkts,fwd_pkt_len_max,fwd_pkt_len_min,fwd_pkt_len_mean,fwd_pkt_len_std,bwd_pkt_len_max,bwd_pkt_len_min,bwd_pkt_len_mean,bwd_pkt_len_std,flow_byts/s,flow_pkts/s,flow_iat_mean,flow_iat_std,flow_iat_max,flow_iat_min,fwd_iat_tot,fwd_iat_mean,fwd_iat_std,fwd_iat_max,fwd_iat_min,bwd_iat_tot,bwd_iat_mean,bwd_iat_std,bwd_iat_max,bwd_iat_min,fwd_psh_flags,fwd_urg_flags,fwd_header_len,bwd_header_len,fwd_pkts/s,bwd_pkts/s,pkt_len_min,pkt_len_max,pkt_len_mean,pkt_len_std,pkt_len_var,fin_flag_cnt,syn_flag_cnt,rst_flag_cnt,psh_flag_cnt,ack_flag_cnt,urg_flag_cnt,cwe_flag_count,ece_flag_cnt,down/up_ratio,pkt_size_avg,fwd_seg_size_avg,bwd_seg_size_avg,subflow_fwd_pkts,subflow_fwd_byts,subflow_bwd_pkts,subflow_bwd_byts,init_fwd_win_byts,init_bwd_win_byts,fwd_act_data_pkts,fwd_seg_size_min,active_mean,active_std,active_max,active_min,idle_mean,idle_std,idle_max,idle_min,label
16808.0,6.0,2018-03-01 04:43:22,85929586.0,2.0,0.0,0.0,0.0,0.0,0.0,0.0,0.0,0.0,0.0,0.0,0.0,0.0,0.023274871,85900000.0,0.0,85900000.0,85900000.0,85900000.0,85900000.0,0.0,85900000.0,85900000.0,0.0,0.0,0.0,0.0,0.0,0.0,0.0,40.0,0.0,0.023274871,0.0,0.0,0.0,0.0,0.0,0.0,0.0,0.0,0.0,0.0,1.0,0.0,0.0,0.0,0.0,0.0,0.0,0.0,2.0,0.0,0.0,0.0,62611.0,-1.0,0.0,20.0,0.0,0.0,0.0,0.0,85900000.0,0.0,85900000.0,85900000.0,Benign
53.0,17.0,2018-03-01 09:29:02,1493.0,1.0,1.0,31.0,78.0,31.0,31.0,31.0,0.0,78.0,78.0,78.0,0.0,73007.36772,1339.584729,1493.0,0.0,1493.0,1493.0,0.0,0.0,0.0,0.0,0.0,0.0,0.0,0.0,0.0,0.0,0.0,0.0,8.0,8.0,669.7923644,669.7923644,31.0,78.0,46.66666667,27.13546265,736.3333333,0.0,0.0,0.0,0.0,0.0,0.0,0.0,0.0,1.0,70.0,31.0,78.0,1.0,31.0,1.0,78.0,-1.0,-1.0,0.0,8.0,0.0,0.0,0.0,0.0,0.0,0.0,0.0,0.0,Benign
88.0,6.0,2018-03-01 03:37:12,259.0,1.0,1.0,0.0,0.0,0.0,0.0,0.0,0.0,0.0,0.0,0.0,0.0,0.0,7722.007722,259.0,0.0,259.0,259.0,0.0,0.0,0.0,0.0,0.0,0.0,0.0,0.0,0.0,0.0,0.0,0.0,24.0,20.0,3861.003861,3861.003861,0.0,0.0,0.0,0.0,0.0,0.0,0.0,0.0,1.0,0.0,0.0,0.0,0.0,1.0,0.0,0.0,0.0,1.0,0.0,1.0,0.0,1024.0,0.0,0.0,24.0,0.0,0.0,0.0,0.0,0.0,0.0,0.0,0.0,Benign
53.0,17.0,2018-03-01 04:09:12,10998.0,1.0,1.0,34.0,111.0,34.0,34.0,34.0,0.0,111.0,111.0,111.0,0.0,13184.21531,181.8512457,10998.0,0.0,10998.0,10998.0,0.0,0.0,0.0,0.0,0.0,0.0,0.0,0.0,0.0,0.0,0.0,0.0,8.0,8.0,90.92562284,90.92562284,34.0,111.0,59.66666667,44.45597073,1976.333333,0.0,0.0,0.0,0.0,0.0,0.0,0.0,0.0,1.0,89.5,34.0,111.0,1.0,34.0,1.0,111.0,-1.0,-1.0,0.0,8.0,0.0,0.0,0.0,0.0,0.0,0.0,0.0,0.0,Benign
80.0,6.0,2018-03-01 05:00:14,115852908.0,24.0,43.0,887.0,43209.0,875.0,0.0,36.95833333,178.5028265,1460.0,0.0,1004.860465,675.2873315,380.620571,0.578319536,1755347.091,3774483.574,10100000.0,0.0,116000000.0,5037082.957,5011154.511,10100000.0,142.0,112000000.0,2669353.833,4536030.225,11100000.0,0.0,0.0,0.0,492.0,1004.0,0.207159237,0.371160299,0.0,1460.0,648.4705882,720.0978265,518540.8797,0.0,0.0,1.0,1.0,0.0,0.0,0.0,1.0,1.0,658.1492537,36.95833333,1004.860465,24.0,887.0,43.0,43209.0,8192.0,968.0,13.0,20.0,125758.4545,300637.1272,1031670.0,31532.0,10100000.0,6698.621775,10100000.0,10000000.0,Benign
53.0,17.0,2018-03-01 01:57:36,310.0,1.0,1.0,84.0,212.0,84.0,84.0,84.0,0.0,212.0,212.0,212.0,0.0,954838.7097,6451.612903,310.0,0.0,310.0,310.0,0.0,0.0,0.0,0.0,0.0,0.0,0.0,0.0,0.0,0.0,0.0,0.0,8.0,8.0,3225.806452,3225.806452,84.0,212.0,126.6666667,73.90083446,5461.333333,0.0,0.0,0.0,0.0,0.0,0.0,0.0,0.0,1.0,190.0,84.0,212.0,1.0,84.0,1.0,212.0,-1.0,-1.0,0.0,8.0,0.0,0.0,0.0,0.0,0.0,0.0,0.0,0.0,Benign
53.0,17.0,2018-03-01 11:41:16,410.0,1.0,1.0,31.0,47.0,31.0,31.0,31.0,0.0,47.0,47.0,47.0,0.0,190243.9024,4878.04878,410.0,0.0,410.0,410.0,0.0,0.0,0.0,0.0,0.0,0.0,0.0,0.0,0.0,0.0,0.0,0.0,8.0,8.0,2439.02439,2439.02439,31.0,47.0,36.33333333,9.237604307,85.33333333,0.0,0.0,0.0,0.0,0.0,0.0,0.0,0.0,1.0,54.5,31.0,47.0,1.0,31.0,1.0,47.0,-1.0,-1.0,0.0,8.0,0.0,0.0,0.0,0.0,0.0,0.0,0.0,0.0,Benign
53.0,17.0,2018-03-01 01:38:01,25813.0,2.0,2.0,56.0,156.0,28.0,28.0,28.0,0.0,78.0,78.0,78.0,0.0,8212.915973,154.9606787,8604.333333,13577.37995,24274.0,332.0,25481.0,25481.0,0.0,25481.0,25481.0,24606.0,24606.0,0.0,24606.0,24606.0,0.0,0.0,16.0,16.0,77.48033936,77.48033936,28.0,78.0,48.0,27.38612788,750.0,0.0,0.0,0.0,0.0,0.0,0.0,0.0,0.0,1.0,60.0,28.0,78.0,2.0,56.0,2.0,156.0,-1.0,-1.0,1.0,8.0,0.0,0.0,0.0,0.0,0.0,0.0,0.0,0.0,Benign
53.0,17.0,2018-03-01 08:45:33,233.0,1.0,1.0,43.0,59.0,43.0,43.0,43.0,0.0,59.0,59.0,59.0,0.0,437768.2403,8583.690987,233.0,0.0,233.0,233.0,0.0,0.0,0.0,0.0,0.0,0.0,0.0,0.0,0.0,0.0,0.0,0.0,8.0,8.0,4291.845494,4291.845494,43.0,59.0,48.33333333,9.237604307,85.33333333,0.0,0.0,0.0,0.0,0.0,0.0,0.0,0.0,1.0,72.5,43.0,59.0,1.0,43.0,1.0,59.0,-1.0,-1.0,0.0,8.0,0.0,0.0,0.0,0.0,0.0,0.0,0.0,0.0,Benign
53.0,17.0,2018-03-01 08:20:25,228.0,1.0,1.0,37.0,69.0,37.0,37.0,37.0,0.0,69.0,69.0,69.0,0.0,464912.2807,8771.929825,228.0,0.0,228.0,228.0,0.0,0.0,0.0,0.0,0.0,0.0,0.0,0.0,0.0,0.0,0.0,0.0,8.0,8.0,4385.964912,4385.964912,37.0,69.0,47.66666667,18.47520861,341.3333333,0.0,0.0,0.0,0.0,0.0,0.0,0.0,0.0,1.0,71.5,37.0,69.0,1.0,37.0,1.0,69.0,-1.0,-1.0,0.0,8.0,0.0,0.0,0.0,0.0,0.0,0.0,0.0,0.0,Benign
80.0,6.0,2018-03-01 03:50:55,174.0,2.0,0.0,0.0,0.0,0.0,0.0,0.0,0.0,0.0,0.0,0.0,0.0,0.0,11494.25287,174.0,0.0,174.0,174.0,174.0,174.0,0.0,174.0,174.0,0.0,0.0,0.0,0.0,0.0,0.0,0.0,40.0,0.0,11494.25287,0.0,0.0,0.0,0.0,0.0,0.0,0.0,0.0,0.0,0.0,1.0,0.0,0.0,0.0,0.0,0.0,0.0,0.0,2.0,0.0,0.0,0.0,253.0,-1.0,0.0,20.0,0.0,0.0,0.0,0.0,0.0,0.0,0.0,0.0,Benign
51173.0,6.0,2018-03-01 11:58:20,2359.0,3.0,0.0,31.0,0.0,31.0,0.0,10.33333333,17.89785834,0.0,0.0,0.0,0.0,13141.16151,1271.725307,1179.5,1666.650683,2358.0,1.0,2359.0,1179.5,1666.650683,2358.0,1.0,0.0,0.0,0.0,0.0,0.0,0.0,0.0,60.0,0.0,1271.725307,0.0,0.0,31.0,7.75,15.5,240.25,0.0,0.0,0.0,0.0,1.0,0.0,0.0,0.0,0.0,10.33333333,10.33333333,0.0,3.0,31.0,0.0,0.0,980.0,-1.0,1.0,20.0,0.0,0.0,0.0,0.0,0.0,0.0,0.0,0.0,Benign
443.0,6.0,2018-03-01 05:27:28,60597522.0,14.0,13.0,869.0,3306.0,535.0,0.0,62.07142857,149.1965478,1460.0,0.0,254.3076923,538.4357567,68.89720672,0.445562774,2330673.923,4265243.638,10000000.0,9.0,60600000.0,4661347.846,5168026.378,10100000.0,198.0,60500000.0,5044003.167,5208370.574,10100000.0,20.0,0.0,0.0,292.0,332.0,0.231032549,0.214530225,0.0,1460.0,149.1071429,386.8433829,149647.8029,0.0,0.0,1.0,1.0,0.0,0.0,0.0,1.0,0.0,154.6296296,62.07142857,254.3076923,14.0,869.0,13.0,3306.0,8192.0,114.0,8.0,20.0,133384.5,156762.6929,453375.0,69348.0,9966181.5,85501.75242,10000000.0,9794718.0,Benign
53.0,17.0,2018-03-01 09:43:56,384.0,1.0,1.0,29.0,45.0,29.0,29.0,29.0,0.0,45.0,45.0,45.0,0.0,192708.3333,5208.333333,384.0,0.0,384.0,384.0,0.0,0.0,0.0,0.0,0.0,0.0,0.0,0.0,0.0,0.0,0.0,0.0,8.0,8.0,2604.166667,2604.166667,29.0,45.0,34.33333333,9.237604307,85.33333333,0.0,0.0,0.0,0.0,0.0,0.0,0.0,0.0,1.0,51.5,29.0,45.0,1.0,29.0,1.0,45.0,-1.0,-1.0,0.0,8.0,0.0,0.0,0.0,0.0,0.0,0.0,0.0,0.0,Benign
50268.0,6.0,2018-03-01 09:30:42,3294584.0,3.0,0.0,788.0,0.0,788.0,0.0,262.6666667,454.9520121,0.0,0.0,0.0,0.0,239.1804246,0.910585373,1647292.0,2329622.688,3294584.0,0.0,3294584.0,1647292.0,2329622.688,3294584.0,0.0,0.0,0.0,0.0,0.0,0.0,0.0,0.0,60.0,0.0,0.910585373,0.0,0.0,788.0,197.0,394.0,155236.0,0.0,0.0,0.0,0.0,1.0,0.0,0.0,0.0,0.0,262.6666667,262.6666667,0.0,3.0,788.0,0.0,0.0,300.0,-1.0,1.0,20.0,0.0,0.0,0.0,0.0,0.0,0.0,0.0,0.0,Benign
53.0,17.0,2018-03-01 04:40:58,289.0,1.0,1.0,40.0,56.0,40.0,40.0,40.0,0.0,56.0,56.0,56.0,0.0,332179.9308,6920.415225,289.0,0.0,289.0,289.0,0.0,0.0,0.0,0.0,0.0,0.0,0.0,0.0,0.0,0.0,0.0,0.0,8.0,8.0,3460.207612,3460.207612,40.0,56.0,45.33333333,9.237604307,85.33333333,0.0,0.0,0.0,0.0,0.0,0.0,0.0,0.0,1.0,68.0,40.0,56.0,1.0,40.0,1.0,56.0,-1.0,-1.0,0.0,8.0,0.0,0.0,0.0,0.0,0.0,0.0,0.0,0.0,Benign
3389.0,6.0,2018-03-01 04:48:19,1687043.0,8.0,7.0,1144.0,1581.0,677.0,0.0,143.0,227.9699228,1173.0,0.0,225.8571429,430.0986044,1615.252249,8.891296784,120503.0714,245444.5841,953179.0,5.0,1687043.0,241006.1429,391431.6797,1123430.0,5.0,1579080.0,263180.0,338836.1469,953179.0,108256.0,0.0,0.0,172.0,152.0,4.742024951,4.149271832,0.0,1173.0,170.3125,319.4027173,102018.0958,0.0,0.0,1.0,1.0,0.0,0.0,0.0,1.0,0.0,181.6666667,143.0,225.8571429,8.0,1144.0,7.0,1581.0,8192.0,62856.0,5.0,20.0,0.0,0.0,0.0,0.0,0.0,0.0,0.0,0.0,Benign
50384.0,6.0,2018-03-01 08:51:17,9.0,1.0,1.0,0.0,0.0,0.0,0.0,0.0,0.0,0.0,0.0,0.0,0.0,0.0,222222.2222,9.0,0.0,9.0,9.0,0.0,0.0,0.0,0.0,0.0,0.0,0.0,0.0,0.0,0.0,0.0,0.0,20.0,20.0,111111.1111,111111.1111,0.0,0.0,0.0,0.0,0.0,0.0,0.0,0.0,0.0,1.0,1.0,0.0,0.0,1.0,0.0,0.0,0.0,1.0,0.0,1.0,0.0,288.0,253.0,0.0,20.0,0.0,0.0,0.0,0.0,0.0,0.0,0.0,0.0,Benign
443.0,6.0,2018-03-01 11:15:04,75229.0,9.0,7.0,549.0,3521.0,198.0,0.0,61.0,86.73811158,1410.0,0.0,503.0,633.6805189,54101.47682,212.6839384,5015.266667,8916.335798,22481.0,6.0,75229.0,9403.625,10828.17255,23234.0,18.0,52437.0,8739.5,13364.90287,28883.0,14.0,0.0,0.0,192.0,152.0,119.6347153,93.04922304,0.0,1410.0,239.4117647,454.1227889,206227.5074,0.0,0.0,1.0,1.0,0.0,0.0,0.0,1.0,0.0,254.375,61.0,503.0,9.0,549.0,7.0,3521.0,8192.0,115.0,4.0,20.0,0.0,0.0,0.0,0.0,0.0,0.0,0.0,0.0,Benign
53.0,17.0,2018-03-01 01:32:48,509.0,1.0,1.0,34.0,126.0,34.0,34.0,34.0,0.0,126.0,126.0,126.0,0.0,314341.8468,3929.273084,509.0,0.0,509.0,509.0,0.0,0.0,0.0,0.0,0.0,0.0,0.0,0.0,0.0,0.0,0.0,0.0,8.0,8.0,1964.636542,1964.636542,34.0,126.0,64.66666667,53.11622477,2821.333333,0.0,0.0,0.0,0.0,0.0,0.0,0.0,0.0,1.0,97.0,34.0,126.0,1.0,34.0,1.0,126.0,-1.0,-1.0,0.0,8.0,0.0,0.0,0.0,0.0,0.0,0.0,0.0,0.0,Benign
23.0,6.0,2018-03-01 03:11:38,21.0,1.0,1.0,0.0,0.0,0.0,0.0,0.0,0.0,0.0,0.0,0.0,0.0,0.0,95238.09524,21.0,0.0,21.0,21.0,0.0,0.0,0.0,0.0,0.0,0.0,0.0,0.0,0.0,0.0,0.0,0.0,20.0,20.0,47619.04762,47619.04762,0.0,0.0,0.0,0.0,0.0,0.0,0.0,0.0,1.0,0.0,0.0,0.0,0.0,1.0,0.0,0.0,0.0,1.0,0.0,1.0,0.0,43565.0,0.0,0.0,20.0,0.0,0.0,0.0,0.0,0.0,0.0,0.0,0.0,Benign
49686.0,6.0,2018-03-01 08:19:45,17.0,1.0,1.0,0.0,0.0,0.0,0.0,0.0,0.0,0.0,0.0,0.0,0.0,0.0,117647.0588,17.0,0.0,17.0,17.0,0.0,0.0,0.0,0.0,0.0,0.0,0.0,0.0,0.0,0.0,0.0,0.0,20.0,20.0,58823.52941,58823.52941,0.0,0.0,0.0,0.0,0.0,0.0,0.0,0.0,0.0,1.0,1.0,0.0,0.0,1.0,0.0,0.0,0.0,1.0,0.0,1.0,0.0,980.0,253.0,0.0,20.0,0.0,0.0,0.0,0.0,0.0,0.0,0.0,0.0,Benign
3389.0,6.0,2018-03-01 09:53:05,1662201.0,8.0,7.0,1144.0,1581.0,677.0,0.0,143.0,227.9699228,1173.0,0.0,225.8571429,430.0986044,1639.392589,9.024179386,118728.6429,245396.5079,952033.0,4.0,1662201.0,237457.2857,387049.3558,1110224.0,4.0,1553572.0,258928.6667,340083.5612,952033.0,109506.0,0.0,0.0,172.0,152.0,4.812895673,4.211283714,0.0,1173.0,170.3125,319.4027173,102018.0958,0.0,0.0,1.0,1.0,0.0,0.0,0.0,1.0,0.0,181.6666667,143.0,225.8571429,8.0,1144.0,7.0,1581.0,8192.0,62856.0,5.0,20.0,0.0,0.0,0.0,0.0,0.0,0.0,0.0,0.0,Benign
53.0,17.0,2018-03-01 11:09:29,555.0,1.0,1.0,44.0,60.0,44.0,44.0,44.0,0.0,60.0,60.0,60.0,0.0,187387.3874,3603.603604,555.0,0.0,555.0,555.0,0.0,0.0,0.0,0.0,0.0,0.0,0.0,0.0,0.0,0.0,0.0,0.0,8.0,8.0,1801.801802,1801.801802,44.0,60.0,49.33333333,9.237604307,85.33333333,0.0,0.0,0.0,0.0,0.0,0.0,0.0,0.0,1.0,74.0,44.0,60.0,1.0,44.0,1.0,60.0,-1.0,-1.0,0.0,8.0,0.0,0.0,0.0,0.0,0.0,0.0,0.0,0.0,Benign
0.0,0.0,2018-03-01 11:22:47,100035586.0,3.0,3.0,0.0,0.0,0.0,0.0,0.0,0.0,0.0,0.0,0.0,0.0,0.0,0.059978656,20000000.0,27400000.0,50100000.0,91.0,100000000.0,50000000.0,51973.76263,50100000.0,50000000.0,100000000.0,50000000.0,51961.74182,50100000.0,50000000.0,0.0,0.0,0.0,0.0,0.029989328,0.029989328,0.0,0.0,0.0,0.0,0.0,0.0,0.0,0.0,0.0,0.0,0.0,0.0,0.0,1.0,0.0,0.0,0.0,3.0,0.0,3.0,0.0,-1.0,-1.0,0.0,0.0,95.0,5.656854249,99.0,91.0,50000000.0,51979.41949,50100000.0,50000000.0,Benign
80.0,6.0,2018-03-01 09:37:28,118097168.0,21.0,17.0,1755.0,3152.0,436.0,0.0,83.57142857,175.1752184,788.0,0.0,185.4117647,344.5430051,41.55053066,0.321768935,3191815.351,4628274.894,10200000.0,13.0,118000000.0,5904858.4,4883629.08,10200000.0,165.0,114000000.0,7096600.313,4659511.474,10200000.0,670.0,0.0,0.0,432.0,484.0,0.177819675,0.14394926,0.0,788.0,125.8205128,262.9173246,69125.51957,0.0,0.0,1.0,1.0,0.0,0.0,0.0,1.0,0.0,129.1315789,83.57142857,185.4117647,21.0,1755.0,17.0,3152.0,8192.0,294.0,15.0,20.0,206735.5455,648189.6926,2161101.0,11246.0,10100000.0,73818.31435,10200000.0,9984158.0,Benign
53.0,17.0,2018-03-01 03:18:15,255.0,1.0,1.0,38.0,54.0,38.0,38.0,38.0,0.0,54.0,54.0,54.0,0.0,360784.3137,7843.137255,255.0,0.0,255.0,255.0,0.0,0.0,0.0,0.0,0.0,0.0,0.0,0.0,0.0,0.0,0.0,0.0,8.0,8.0,3921.568627,3921.568627,38.0,54.0,43.33333333,9.237604307,85.33333333,0.0,0.0,0.0,0.0,0.0,0.0,0.0,0.0,1.0,65.0,38.0,54.0,1.0,38.0,1.0,54.0,-1.0,-1.0,0.0,8.0,0.0,0.0,0.0,0.0,0.0,0.0,0.0,0.0,Benign
53.0,17.0,2018-03-01 09:14:29,191353.0,2.0,2.0,84.0,318.0,42.0,42.0,42.0,0.0,159.0,159.0,159.0,0.0,2100.829357,20.9037747,63784.33333,62925.07613,125859.0,42.0,65452.0,65452.0,0.0,65452.0,65452.0,42.0,42.0,0.0,42.0,42.0,0.0,0.0,16.0,16.0,10.45188735,10.45188735,42.0,159.0,88.8,64.08353923,4106.7,0.0,0.0,0.0,0.0,0.0,0.0,0.0,0.0,1.0,111.0,42.0,159.0,2.0,84.0,2.0,318.0,-1.0,-1.0,1.0,8.0,0.0,0.0,0.0,0.0,0.0,0.0,0.0,0.0,Benign
3389.0,6.0,2018-03-01 12:33:51,1396446.0,8.0,7.0,1132.0,1581.0,661.0,0.0,141.5,222.7920235,1173.0,0.0,225.8571429,430.0986044,1942.789052,10.74155392,99746.14286,251992.314,968913.0,65.0,1396446.0,199492.2857,384864.6691,1070542.0,122.0,1332732.0,222122.0,366133.3646,968913.0,63707.0,0.0,0.0,168.0,148.0,5.728828755,5.012725161,0.0,1173.0,169.5625,317.7627981,100973.1958,0.0,0.0,0.0,1.0,0.0,0.0,0.0,0.0,0.0,180.8666667,141.5,225.8571429,8.0,1132.0,7.0,1581.0,8192.0,62868.0,5.0,20.0,0.0,0.0,0.0,0.0,0.0,0.0,0.0,0.0,Benign
53.0,17.0,2018-03-01 05:14:55,26449.0,1.0,1.0,34.0,133.0,34.0,34.0,34.0,0.0,133.0,133.0,133.0,0.0,6314.038338,75.6172256,26449.0,0.0,26449.0,26449.0,0.0,0.0,0.0,0.0,0.0,0.0,0.0,0.0,0.0,0.0,0.0,0.0,8.0,8.0,37.8086128,37.8086128,34.0,133.0,67.0,57.15767665,3267.0,0.0,0.0,0.0,0.0,0.0,0.0,0.0,0.0,1.0,100.5,34.0,133.0,1.0,34.0,1.0,133.0,-1.0,-1.0,0.0,8.0,0.0,0.0,0.0,0.0,0.0,0.0,0.0,0.0,Benign
53.0,17.0,2018-03-01 08:19:16,234.0,1.0,1.0,52.0,84.0,52.0,52.0,52.0,0.0,84.0,84.0,84.0,0.0,581196.5812,8547.008547,234.0,0.0,234.0,234.0,0.0,0.0,0.0,0.0,0.0,0.0,0.0,0.0,0.0,0.0,0.0,0.0,8.0,8.0,4273.504274,4273.504274,52.0,84.0,62.66666667,18.47520861,341.3333333,0.0,0.0,0.0,0.0,0.0,0.0,0.0,0.0,1.0,94.0,52.0,84.0,1.0,52.0,1.0,84.0,-1.0,-1.0,0.0,8.0,0.0,0.0,0.0,0.0,0.0,0.0,0.0,0.0,Benign
3389.0,6.0,2018-03-01 05:00:51,25739638.0,8.0,11.0,1128.0,1581.0,661.0,0.0,141.0,222.6233206,1173.0,0.0,143.7272727,352.1017157,105.2462354,0.738161119,1429979.889,3015384.311,11500000.0,4.0,25700000.0,3677091.143,4270882.48,11700000.0,4.0,25600000.0,2561839.5,3740385.723,11500000.0,43823.0,0.0,0.0,172.0,232.0,0.310804682,0.427356438,0.0,1173.0,135.45,290.7368995,84527.94474,0.0,0.0,1.0,1.0,0.0,0.0,0.0,1.0,1.0,142.5789474,141.0,143.7272727,8.0,1128.0,11.0,1581.0,8192.0,62872.0,5.0,20.0,4004835.0,5370488.731,7802344.0,207326.0,8804388.0,3771372.402,11500000.0,6137625.0,Benign
3546.0,6.0,2018-03-01 02:40:05,1.0,1.0,1.0,0.0,0.0,0.0,0.0,0.0,0.0,0.0,0.0,0.0,0.0,0.0,2000000.0,1.0,0.0,1.0,1.0,0.0,0.0,0.0,0.0,0.0,0.0,0.0,0.0,0.0,0.0,0.0,0.0,24.0,20.0,1000000.0,1000000.0,0.0,0.0,0.0,0.0,0.0,0.0,0.0,0.0,1.0,0.0,0.0,0.0,0.0,1.0,0.0,0.0,0.0,1.0,0.0,1.0,0.0,1024.0,0.0,0.0,24.0,0.0,0.0,0.0,0.0,0.0,0.0,0.0,0.0,Benign
3389.0,6.0,2018-03-01 11:31:53,3603351.0,11.0,9.0,1191.0,1600.0,677.0,0.0,108.2727273,200.4834611,1173.0,0.0,177.7777778,384.5298356,774.5567945,5.550389068,189650.0526,257936.0296,953201.0,4.0,3603351.0,360335.1,352453.6847,1194729.0,4.0,3422165.0,427770.625,351138.8457,953201.0,58841.0,0.0,0.0,232.0,204.0,3.052713988,2.497675081,0.0,1173.0,132.9047619,285.2456669,81365.09048,0.0,0.0,1.0,1.0,0.0,0.0,0.0,1.0,0.0,139.55,108.2727273,177.7777778,11.0,1191.0,9.0,1600.0,8192.0,62852.0,6.0,20.0,0.0,0.0,0.0,0.0,0.0,0.0,0.0,0.0,Benign
53.0,17.0,2018-03-01 09:37:30,1738.0,1.0,1.0,32.0,266.0,32.0,32.0,32.0,0.0,266.0,266.0,266.0,0.0,171461.4499,1150.747986,1738.0,0.0,1738.0,1738.0,0.0,0.0,0.0,0.0,0.0,0.0,0.0,0.0,0.0,0.0,0.0,0.0,8.0,8.0,575.3739931,575.3739931,32.0,266.0,110.0,135.099963,18252.0,0.0,0.0,0.0,0.0,0.0,0.0,0.0,0.0,1.0,165.0,32.0,266.0,1.0,32.0,1.0,266.0,-1.0,-1.0,0.0,8.0,0.0,0.0,0.0,0.0,0.0,0.0,0.0,0.0,Benign
51063.0,6.0,2018-03-01 11:30:29,7.0,1.0,1.0,0.0,0.0,0.0,0.0,0.0,0.0,0.0,0.0,0.0,0.0,0.0,285714.2857,7.0,0.0,7.0,7.0,0.0,0.0,0.0,0.0,0.0,0.0,0.0,0.0,0.0,0.0,0.0,0.0,20.0,20.0,142857.1429,142857.1429,0.0,0.0,0.0,0.0,0.0,0.0,0.0,0.0,0.0,1.0,1.0,0.0,0.0,1.0,0.0,0.0,0.0,1.0,0.0,1.0,0.0,148.0,252.0,0.0,20.0,0.0,0.0,0.0,0.0,0.0,0.0,0.0,0.0,Benign
443.0,6.0,2018-03-01 04:58:05,493.0,3.0,0.0,77.0,0.0,46.0,0.0,25.66666667,23.45918441,0.0,0.0,0.0,0.0,156186.6126,6085.192698,246.5,328.8046533,479.0,14.0,493.0,246.5,328.8046533,479.0,14.0,0.0,0.0,0.0,0.0,0.0,1.0,0.0,60.0,0.0,6085.192698,0.0,0.0,46.0,30.75,21.68524844,470.25,0.0,1.0,0.0,0.0,1.0,0.0,0.0,0.0,0.0,41.0,25.66666667,0.0,3.0,77.0,0.0,0.0,253.0,-1.0,1.0,20.0,0.0,0.0,0.0,0.0,0.0,0.0,0.0,0.0,Benign
3389.0,6.0,2018-03-01 04:54:18,16113383.0,8.0,8.0,1132.0,1581.0,661.0,0.0,141.5,222.7920235,1173.0,0.0,197.625,406.121705,168.369361,0.992963427,1074225.533,3710648.19,14500000.0,4.0,16100000.0,2301911.857,5469502.289,14700000.0,4.0,16000000.0,2290289.286,5375933.842,14500000.0,80940.0,0.0,0.0,168.0,168.0,0.496481713,0.496481713,0.0,1173.0,159.5882353,310.4088149,96353.63235,0.0,0.0,0.0,1.0,0.0,0.0,0.0,0.0,1.0,169.5625,141.5,197.625,8.0,1132.0,8.0,1581.0,8192.0,62868.0,5.0,20.0,206862.0,0.0,206862.0,206862.0,14500000.0,0.0,14500000.0,14500000.0,Benign
443.0,6.0,2018-03-01 11:27:29,221.0,3.0,0.0,77.0,0.0,46.0,0.0,25.66666667,23.45918441,0.0,0.0,0.0,0.0,348416.2896,13574.66063,110.5,130.8147545,203.0,18.0,221.0,110.5,130.8147545,203.0,18.0,0.0,0.0,0.0,0.0,0.0,1.0,0.0,60.0,0.0,13574.66063,0.0,0.0,46.0,30.75,21.68524844,470.25,0.0,1.0,0.0,0.0,1.0,0.0,0.0,0.0,0.0,41.0,25.66666667,0.0,3.0,77.0,0.0,0.0,258.0,-1.0,1.0,20.0,0.0,0.0,0.0,0.0,0.0,0.0,0.0,0.0,Benign
53.0,17.0,2018-03-01 02:14:46,832.0,1.0,1.0,38.0,66.0,38.0,38.0,38.0,0.0,66.0,66.0,66.0,0.0,125000.0,2403.846154,832.0,0.0,832.0,832.0,0.0,0.0,0.0,0.0,0.0,0.0,0.0,0.0,0.0,0.0,0.0,0.0,8.0,8.0,1201.923077,1201.923077,38.0,66.0,47.33333333,16.16580754,261.3333333,0.0,0.0,0.0,0.0,0.0,0.0,0.0,0.0,1.0,71.0,38.0,66.0,1.0,38.0,1.0,66.0,-1.0,-1.0,0.0,8.0,0.0,0.0,0.0,0.0,0.0,0.0,0.0,0.0,Benign
53.0,17.0,2018-03-01 08:16:47,556.0,1.0,1.0,54.0,70.0,54.0,54.0,54.0,0.0,70.0,70.0,70.0,0.0,223021.5827,3597.122302,556.0,0.0,556.0,556.0,0.0,0.0,0.0,0.0,0.0,0.0,0.0,0.0,0.0,0.0,0.0,0.0,8.0,8.0,1798.561151,1798.561151,54.0,70.0,59.33333333,9.237604307,85.33333333,0.0,0.0,0.0,0.0,0.0,0.0,0.0,0.0,1.0,89.0,54.0,70.0,1.0,54.0,1.0,70.0,-1.0,-1.0,0.0,8.0,0.0,0.0,0.0,0.0,0.0,0.0,0.0,0.0,Benign
3389.0,6.0,2018-03-01 12:19:16,3932815.0,15.0,8.0,1380.0,443.0,676.0,0.0,92.0,183.2332627,291.0,0.0,55.375,97.59528311,463.5356608,5.848228305,178764.3182,280449.9084,978251.0,15.0,3932815.0,280915.3571,361755.2274,1168238.0,18390.0,3837348.0,548192.5714,472282.4929,1365827.0,67896.0,0.0,0.0,324.0,172.0,3.814061938,2.034166367,0.0,676.0,75.95833333,154.6011641,23901.51993,0.0,0.0,1.0,1.0,0.0,0.0,0.0,1.0,0.0,79.26086957,92.0,55.375,15.0,1380.0,8.0,443.0,8192.0,62620.0,7.0,20.0,0.0,0.0,0.0,0.0,0.0,0.0,0.0,0.0,Benign
80.0,6.0,2018-03-01 10:14:30,119972291.0,17.0,16.0,597.0,768.0,293.0,0.0,35.11764706,97.06433585,384.0,0.0,48.0,131.1609698,11.37762719,0.275063514,3749134.094,4880071.157,10000000.0,29.0,120000000.0,7496256.938,4439505.997,10000000.0,530.0,120000000.0,7996004.867,4135655.768,10000000.0,442.0,0.0,0.0,352.0,464.0,0.141699386,0.133364128,0.0,384.0,40.14705882,111.7112437,12479.40196,0.0,0.0,1.0,1.0,0.0,0.0,0.0,1.0,0.0,41.36363636,35.11764706,48.0,17.0,597.0,16.0,768.0,8192.0,980.0,13.0,20.0,46515.25,31428.3185,130472.0,32237.0,9948494.0,182549.862,10000000.0,9374926.0,Benign
51519.0,6.0,2018-03-01 01:51:16,86.0,3.0,1.0,31.0,0.0,31.0,0.0,10.33333333,17.89785834,0.0,0.0,0.0,0.0,360465.1163,46511.62791,28.66666667,48.78865988,85.0,0.0,1.0,0.5,0.707106781,1.0,0.0,0.0,0.0,0.0,0.0,0.0,0.0,0.0,60.0,20.0,34883.72093,11627.90698,0.0,31.0,6.2,13.86362146,192.2,0.0,0.0,0.0,0.0,1.0,0.0,0.0,0.0,0.0,7.75,10.33333333,0.0,3.0,31.0,1.0,0.0,1050.0,0.0,1.0,20.0,0.0,0.0,0.0,0.0,0.0,0.0,0.0,0.0,Benign
53.0,17.0,2018-03-01 01:17:04,253.0,1.0,1.0,35.0,99.0,35.0,35.0,35.0,0.0,99.0,99.0,99.0,0.0,529644.2688,7905.13834,253.0,0.0,253.0,253.0,0.0,0.0,0.0,0.0,0.0,0.0,0.0,0.0,0.0,0.0,0.0,0.0,8.0,8.0,3952.56917,3952.56917,35.0,99.0,56.33333333,36.95041723,1365.333333,0.0,0.0,0.0,0.0,0.0,0.0,0.0,0.0,1.0,84.5,35.0,99.0,1.0,35.0,1.0,99.0,-1.0,-1.0,0.0,8.0,0.0,0.0,0.0,0.0,0.0,0.0,0.0,0.0,Benign
4900.0,6.0,2018-03-01 10:24:46,3.0,1.0,1.0,0.0,0.0,0.0,0.0,0.0,0.0,0.0,0.0,0.0,0.0,0.0,666666.6667,3.0,0.0,3.0,3.0,0.0,0.0,0.0,0.0,0.0,0.0,0.0,0.0,0.0,0.0,0.0,0.0,24.0,20.0,333333.3333,333333.3333,0.0,0.0,0.0,0.0,0.0,0.0,0.0,0.0,1.0,0.0,0.0,0.0,0.0,1.0,0.0,0.0,0.0,1.0,0.0,1.0,0.0,1024.0,0.0,0.0,24.0,0.0,0.0,0.0,0.0,0.0,0.0,0.0,0.0,Benign
443.0,6.0,2018-03-01 03:57:32,86457.0,10.0,13.0,1021.0,8334.0,693.0,0.0,102.1,219.2626279,1460.0,0.0,641.0769231,644.8997934,108204.0783,266.028199,3929.863636,9141.980052,41475.0,1.0,86443.0,9604.777778,16375.36155,51353.0,177.0,75079.0,6256.583333,12219.81429,41475.0,1.0,0.0,0.0,212.0,272.0,115.6644343,150.3637646,0.0,1460.0,389.7916667,560.4311988,314083.1286,0.0,0.0,1.0,1.0,0.0,0.0,0.0,1.0,1.0,406.7391304,102.1,641.0769231,10.0,1021.0,13.0,8334.0,8192.0,30.0,3.0,20.0,0.0,0.0,0.0,0.0,0.0,0.0,0.0,0.0,Benign
51974.0,6.0,2018-03-01 01:54:41,39.0,1.0,1.0,0.0,0.0,0.0,0.0,0.0,0.0,0.0,0.0,0.0,0.0,0.0,51282.05128,39.0,0.0,39.0,39.0,0.0,0.0,0.0,0.0,0.0,0.0,0.0,0.0,0.0,0.0,0.0,0.0,20.0,20.0,25641.02564,25641.02564,0.0,0.0,0.0,0.0,0.0,0.0,0.0,0.0,0.0,1.0,1.0,0.0,0.0,1.0,0.0,0.0,0.0,1.0,0.0,1.0,0.0,224.0,258.0,0.0,20.0,0.0,0.0,0.0,0.0,0.0,0.0,0.0,0.0,Benign
53.0,17.0,2018-03-01 09:49:14,12164.0,1.0,1.0,42.0,103.0,42.0,42.0,42.0,0.0,103.0,103.0,103.0,0.0,11920.42091,164.4195988,12164.0,0.0,12164.0,12164.0,0.0,0.0,0.0,0.0,0.0,0.0,0.0,0.0,0.0,0.0,0.0,0.0,8.0,8.0,82.20979941,82.20979941,42.0,103.0,62.33333333,35.21836642,1240.333333,0.0,0.0,0.0,0.0,0.0,0.0,0.0,0.0,1.0,93.5,42.0,103.0,1.0,42.0,1.0,103.0,-1.0,-1.0,0.0,8.0,0.0,0.0,0.0,0.0,0.0,0.0,0.0,0.0,Benign
53.0,17.0,2018-03-01 04:50:28,494.0,1.0,1.0,42.0,58.0,42.0,42.0,42.0,0.0,58.0,58.0,58.0,0.0,202429.1498,4048.582996,494.0,0.0,494.0,494.0,0.0,0.0,0.0,0.0,0.0,0.0,0.0,0.0,0.0,0.0,0.0,0.0,8.0,8.0,2024.291498,2024.291498,42.0,58.0,47.33333333,9.237604307,85.33333333,0.0,0.0,0.0,0.0,0.0,0.0,0.0,0.0,1.0,71.0,42.0,58.0,1.0,42.0,1.0,58.0,-1.0,-1.0,0.0,8.0,0.0,0.0,0.0,0.0,0.0,0.0,0.0,0.0,Benign
443.0,6.0,2018-03-01 08:16:41,117282721.0,53.0,88.0,1022.0,115404.0,250.0,0.0,19.28301887,54.63986195,1460.0,0.0,1311.409091,423.0336971,992.6952496,1.202223131,837733.7214,6964837.089,59000000.0,0.0,117000000.0,2255436.942,11400000.0,59000000.0,8.0,117000000.0,1347362.092,8820989.161,59000000.0,0.0,0.0,0.0,1072.0,1772.0,0.451899475,0.750323656,0.0,1460.0,819.9014085,712.7425337,508001.9193,0.0,0.0,1.0,1.0,0.0,0.0,0.0,1.0,1.0,825.7163121,19.28301887,1311.409091,53.0,1022.0,88.0,115404.0,8192.0,131.0,8.0,20.0,127644.5,92338.95323,192938.0,62351.0,58500000.0,749455.4063,59000000.0,58000000.0,Benign
443.0,6.0,2018-03-01 05:00:36,116427570.0,67.0,119.0,24776.0,36412.0,1293.0,0.0,369.7910448,565.8905702,1460.0,0.0,305.9831933,447.6203367,525.5456246,1.597559753,629338.2162,1396822.833,4916166.0,0.0,116000000.0,1764054.091,1940017.976,5062356.0,186.0,116000000.0,985992.6017,1684698.508,4969009.0,0.0,0.0,0.0,1352.0,2392.0,0.575465072,1.022094681,0.0,1460.0,327.2085561,492.1995556,242260.4025,0.0,0.0,1.0,1.0,0.0,0.0,0.0,1.0,1.0,328.9677419,369.7910448,305.9831933,67.0,24776.0,119.0,36412.0,8192.0,4937.0,22.0,20.0,0.0,0.0,0.0,0.0,0.0,0.0,0.0,0.0,Benign
53.0,17.0,2018-03-01 04:24:30,1631.0,1.0,1.0,45.0,134.0,45.0,45.0,45.0,0.0,134.0,134.0,134.0,0.0,109748.6205,1226.24157,1631.0,0.0,1631.0,1631.0,0.0,0.0,0.0,0.0,0.0,0.0,0.0,0.0,0.0,0.0,0.0,0.0,8.0,8.0,613.1207848,613.1207848,45.0,134.0,74.66666667,51.38417396,2640.333333,0.0,0.0,0.0,0.0,0.0,0.0,0.0,0.0,1.0,112.0,45.0,134.0,1.0,45.0,1.0,134.0,-1.0,-1.0,0.0,8.0,0.0,0.0,0.0,0.0,0.0,0.0,0.0,0.0,Benign
3389.0,6.0,2018-03-01 11:04:09,4990761.0,9.0,8.0,1128.0,1581.0,661.0,0.0,125.3333333,213.4830204,1173.0,0.0,197.625,406.121705,542.8029914,3.40629415,311922.5625,752620.1515,3003463.0,51.0,4990761.0,623845.125,1044467.602,3045801.0,75.0,4831546.0,690220.8571,1058889.508,3003463.0,159767.0,0.0,0.0,204.0,184.0,1.803332197,1.602961953,0.0,1173.0,150.5,303.437221,92074.14706,0.0,0.0,0.0,1.0,0.0,0.0,0.0,0.0,0.0,159.3529412,125.3333333,197.625,9.0,1128.0,8.0,1581.0,8192.0,62872.0,5.0,20.0,0.0,0.0,0.0,0.0,0.0,0.0,0.0,0.0,Benign
3389.0,6.0,2018-03-01 09:08:22,2538656.0,8.0,10.0,1148.0,1581.0,677.0,0.0,143.5,228.1296624,1173.0,0.0,158.1,367.7307137,1074.978256,7.090365926,149332.7059,248003.8646,984611.0,35.0,2538656.0,362665.1429,430096.6246,1218034.0,98.0,2475266.0,275029.5556,304889.1569,984611.0,49024.0,0.0,0.0,168.0,208.0,3.151273745,3.939092181,0.0,1173.0,143.6315789,298.5202786,89114.35673,0.0,0.0,0.0,1.0,0.0,0.0,0.0,0.0,1.0,151.6111111,143.5,158.1,8.0,1148.0,10.0,1581.0,8192.0,62852.0,5.0,20.0,0.0,0.0,0.0,0.0,0.0,0.0,0.0,0.0,Benign
3389.0,6.0,2018-03-01 01:19:04,118865297.0,210.0,216.0,51.0,9490.0,51.0,0.0,0.242857143,3.519334353,51.0,37.0,43.93518519,7.015959412,80.26732983,3.583888744,279683.0518,439513.7378,1932737.0,52.0,119000000.0,568733.4785,561947.98,2018759.0,3900.0,118000000.0,547738.5953,562634.0754,2015623.0,52.0,1.0,0.0,4200.0,4320.0,1.766705719,1.817183025,0.0,51.0,22.46370023,22.58308537,509.995745,0.0,1.0,0.0,0.0,1.0,0.0,0.0,0.0,1.0,22.51643192,0.242857143,43.93518519,210.0,51.0,216.0,9490.0,63817.0,63817.0,0.0,20.0,0.0,0.0,0.0,0.0,0.0,0.0,0.0,0.0,Benign
53.0,17.0,2018-03-01 12:51:33,347.0,1.0,1.0,32.0,48.0,32.0,32.0,32.0,0.0,48.0,48.0,48.0,0.0,230547.5504,5763.688761,347.0,0.0,347.0,347.0,0.0,0.0,0.0,0.0,0.0,0.0,0.0,0.0,0.0,0.0,0.0,0.0,8.0,8.0,2881.84438,2881.84438,32.0,48.0,37.33333333,9.237604307,85.33333333,0.0,0.0,0.0,0.0,0.0,0.0,0.0,0.0,1.0,56.0,32.0,48.0,1.0,32.0,1.0,48.0,-1.0,-1.0,0.0,8.0,0.0,0.0,0.0,0.0,0.0,0.0,0.0,0.0,Benign
53.0,17.0,2018-03-01 11:12:06,47714.0,2.0,2.0,82.0,114.0,41.0,41.0,41.0,0.0,57.0,57.0,57.0,0.0,4107.809029,83.83283732,15904.66667,26628.85199,46653.0,503.0,47211.0,47211.0,0.0,47211.0,47211.0,47156.0,47156.0,0.0,47156.0,47156.0,0.0,0.0,16.0,16.0,41.91641866,41.91641866,41.0,57.0,47.4,8.76356092,76.8,0.0,0.0,0.0,0.0,0.0,0.0,0.0,0.0,1.0,59.25,41.0,57.0,2.0,82.0,2.0,114.0,-1.0,-1.0,1.0,8.0,0.0,0.0,0.0,0.0,0.0,0.0,0.0,0.0,Benign
53.0,17.0,2018-03-01 11:15:05,47697.0,2.0,2.0,94.0,94.0,47.0,47.0,47.0,0.0,47.0,47.0,47.0,0.0,3941.547686,83.86271673,15899.0,17426.59726,34531.0,1.0,34531.0,34531.0,0.0,34531.0,34531.0,1.0,1.0,0.0,1.0,1.0,0.0,0.0,16.0,16.0,41.93135837,41.93135837,47.0,47.0,47.0,0.0,0.0,0.0,0.0,0.0,0.0,0.0,0.0,0.0,0.0,1.0,58.75,47.0,47.0,2.0,94.0,2.0,94.0,-1.0,-1.0,1.0,8.0,0.0,0.0,0.0,0.0,0.0,0.0,0.0,0.0,Benign
443.0,6.0,2018-03-01 03:51:22,384.0,3.0,0.0,77.0,0.0,46.0,0.0,25.66666667,23.45918441,0.0,0.0,0.0,0.0,200520.8333,7812.5,192.0,246.0731599,366.0,18.0,384.0,192.0,246.0731599,366.0,18.0,0.0,0.0,0.0,0.0,0.0,1.0,0.0,60.0,0.0,7812.5,0.0,0.0,46.0,30.75,21.68524844,470.25,0.0,1.0,0.0,0.0,1.0,0.0,0.0,0.0,0.0,41.0,25.66666667,0.0,3.0,77.0,0.0,0.0,256.0,-1.0,1.0,20.0,0.0,0.0,0.0,0.0,0.0,0.0,0.0,0.0,Benign
20914.0,6.0,2018-03-01 08:59:55,85279569.0,2.0,0.0,0.0,0.0,0.0,0.0,0.0,0.0,0.0,0.0,0.0,0.0,0.0,0.023452276,85300000.0,0.0,85300000.0,85300000.0,85300000.0,85300000.0,0.0,85300000.0,85300000.0,0.0,0.0,0.0,0.0,0.0,0.0,0.0,40.0,0.0,0.023452276,0.0,0.0,0.0,0.0,0.0,0.0,0.0,0.0,0.0,0.0,1.0,0.0,0.0,0.0,0.0,0.0,0.0,0.0,2.0,0.0,0.0,0.0,62600.0,-1.0,0.0,20.0,0.0,0.0,0.0,0.0,85300000.0,0.0,85300000.0,85300000.0,Benign
53.0,17.0,2018-03-01 11:26:42,1152.0,1.0,1.0,34.0,111.0,34.0,34.0,34.0,0.0,111.0,111.0,111.0,0.0,125868.0556,1736.111111,1152.0,0.0,1152.0,1152.0,0.0,0.0,0.0,0.0,0.0,0.0,0.0,0.0,0.0,0.0,0.0,0.0,8.0,8.0,868.0555556,868.0555556,34.0,111.0,59.66666667,44.45597073,1976.333333,0.0,0.0,0.0,0.0,0.0,0.0,0.0,0.0,1.0,89.5,34.0,111.0,1.0,34.0,1.0,111.0,-1.0,-1.0,0.0,8.0,0.0,0.0,0.0,0.0,0.0,0.0,0.0,0.0,Benign
53.0,17.0,2018-03-01 02:53:09,33463.0,2.0,2.0,80.0,192.0,40.0,40.0,40.0,0.0,96.0,96.0,96.0,0.0,8128.380599,119.5350088,11154.33333,11367.16483,22723.0,0.0,22723.0,22723.0,0.0,22723.0,22723.0,0.0,0.0,0.0,0.0,0.0,0.0,0.0,16.0,16.0,59.76750441,59.76750441,40.0,96.0,62.4,30.67246322,940.8,0.0,0.0,0.0,0.0,0.0,0.0,0.0,0.0,1.0,78.0,40.0,96.0,2.0,80.0,2.0,192.0,-1.0,-1.0,1.0,8.0,0.0,0.0,0.0,0.0,0.0,0.0,0.0,0.0,Benign
53.0,17.0,2018-03-01 01:44:53,275.0,1.0,1.0,40.0,168.0,40.0,40.0,40.0,0.0,168.0,168.0,168.0,0.0,756363.6364,7272.727273,275.0,0.0,275.0,275.0,0.0,0.0,0.0,0.0,0.0,0.0,0.0,0.0,0.0,0.0,0.0,0.0,8.0,8.0,3636.363636,3636.363636,40.0,168.0,82.66666667,73.90083446,5461.333333,0.0,0.0,0.0,0.0,0.0,0.0,0.0,0.0,1.0,124.0,40.0,168.0,1.0,40.0,1.0,168.0,-1.0,-1.0,0.0,8.0,0.0,0.0,0.0,0.0,0.0,0.0,0.0,0.0,Benign
53.0,17.0,2018-03-01 11:10:32,1431.0,1.0,1.0,50.0,132.0,50.0,50.0,50.0,0.0,132.0,132.0,132.0,0.0,127183.7876,1397.624039,1431.0,0.0,1431.0,1431.0,0.0,0.0,0.0,0.0,0.0,0.0,0.0,0.0,0.0,0.0,0.0,0.0,8.0,8.0,698.8120196,698.8120196,50.0,132.0,77.33333333,47.34272207,2241.333333,0.0,0.0,0.0,0.0,0.0,0.0,0.0,0.0,1.0,116.0,50.0,132.0,1.0,50.0,1.0,132.0,-1.0,-1.0,0.0,8.0,0.0,0.0,0.0,0.0,0.0,0.0,0.0,0.0,Benign
443.0,6.0,2018-03-01 09:16:34,117344791.0,15.0,16.0,1172.0,4883.0,522.0,0.0,78.13333333,138.9495626,1430.0,0.0,305.1875,474.5575088,51.60007486,0.264178748,3911493.033,14800000.0,58400000.0,1.0,117000000.0,8381770.786,21100000.0,58500000.0,31.0,117000000.0,7812590.867,20500000.0,58500000.0,1.0,0.0,0.0,312.0,332.0,0.127828427,0.136350322,0.0,1430.0,189.21875,362.9828694,131756.5635,0.0,0.0,1.0,1.0,0.0,0.0,0.0,1.0,1.0,195.3225806,78.13333333,305.1875,15.0,1172.0,16.0,4883.0,8192.0,180.0,8.0,20.0,412891.5,363211.7621,669721.0,156062.0,58200000.0,325408.4194,58400000.0,58000000.0,Benign
3389.0,6.0,2018-03-01 03:15:31,3748165.0,8.0,7.0,1144.0,1581.0,677.0,0.0,143.0,227.9699228,1173.0,0.0,225.8571429,430.0986044,727.022423,4.001958292,267726.0714,300525.1854,953202.0,3.0,3748165.0,535452.1429,455159.5335,1487535.0,3.0,3264275.0,544045.8333,210139.4089,953202.0,381426.0,0.0,0.0,168.0,148.0,2.134377756,1.867580536,0.0,1173.0,170.3125,319.4027173,102018.0958,0.0,0.0,0.0,1.0,0.0,0.0,0.0,0.0,0.0,181.6666667,143.0,225.8571429,8.0,1144.0,7.0,1581.0,8192.0,62856.0,5.0,20.0,0.0,0.0,0.0,0.0,0.0,0.0,0.0,0.0,Benign
53.0,17.0,2018-03-01 04:45:09,940.0,1.0,1.0,46.0,62.0,46.0,46.0,46.0,0.0,62.0,62.0,62.0,0.0,114893.617,2127.659574,940.0,0.0,940.0,940.0,0.0,0.0,0.0,0.0,0.0,0.0,0.0,0.0,0.0,0.0,0.0,0.0,8.0,8.0,1063.829787,1063.829787,46.0,62.0,51.33333333,9.237604307,85.33333333,0.0,0.0,0.0,0.0,0.0,0.0,0.0,0.0,1.0,77.0,46.0,62.0,1.0,46.0,1.0,62.0,-1.0,-1.0,0.0,8.0,0.0,0.0,0.0,0.0,0.0,0.0,0.0,0.0,Benign
22.0,6.0,2018-03-01 12:28:46,2033804.0,14.0,11.0,1179.0,1969.0,648.0,0.0,84.21428571,178.0666161,976.0,0.0,179.0,364.1864907,1547.838435,12.29223662,84741.83333,106995.3918,313023.0,11.0,2033804.0,156446.4615,113140.8327,313023.0,36.0,1826709.0,182670.9,181034.1582,558956.0,65.0,0.0,0.0,456.0,360.0,6.883652505,5.408584111,0.0,976.0,121.0769231,269.0061595,72364.31385,0.0,0.0,0.0,1.0,0.0,0.0,0.0,0.0,0.0,125.92,84.21428571,179.0,14.0,1179.0,11.0,1969.0,29200.0,230.0,7.0,32.0,0.0,0.0,0.0,0.0,0.0,0.0,0.0,0.0,Benign
53.0,17.0,2018-03-01 05:12:50,408.0,1.0,1.0,41.0,73.0,41.0,41.0,41.0,0.0,73.0,73.0,73.0,0.0,279411.7647,4901.960784,408.0,0.0,408.0,408.0,0.0,0.0,0.0,0.0,0.0,0.0,0.0,0.0,0.0,0.0,0.0,0.0,8.0,8.0,2450.980392,2450.980392,41.0,73.0,51.66666667,18.47520861,341.3333333,0.0,0.0,0.0,0.0,0.0,0.0,0.0,0.0,1.0,77.5,41.0,73.0,1.0,41.0,1.0,73.0,-1.0,-1.0,0.0,8.0,0.0,0.0,0.0,0.0,0.0,0.0,0.0,0.0,Benign
3389.0,6.0,2018-03-01 01:52:01,2861449.0,8.0,10.0,1132.0,1581.0,661.0,0.0,141.5,222.7920235,1173.0,0.0,158.1,367.7307137,948.1210394,6.290519244,168320.5294,331151.661,1350354.0,4.0,2861449.0,408778.4286,518393.7428,1471354.0,4.0,2780947.0,308994.1111,422765.8898,1350354.0,1134.0,0.0,0.0,168.0,208.0,2.795786331,3.494732913,0.0,1173.0,142.7894737,296.9505344,88179.61988,0.0,0.0,0.0,1.0,0.0,0.0,0.0,0.0,1.0,150.7222222,141.5,158.1,8.0,1132.0,10.0,1581.0,8192.0,62868.0,5.0,20.0,0.0,0.0,0.0,0.0,0.0,0.0,0.0,0.0,Benign
1085.0,6.0,2018-03-01 03:37:12,245.0,1.0,1.0,0.0,0.0,0.0,0.0,0.0,0.0,0.0,0.0,0.0,0.0,0.0,8163.265306,245.0,0.0,245.0,245.0,0.0,0.0,0.0,0.0,0.0,0.0,0.0,0.0,0.0,0.0,0.0,0.0,24.0,20.0,4081.632653,4081.632653,0.0,0.0,0.0,0.0,0.0,0.0,0.0,0.0,1.0,0.0,0.0,0.0,0.0,1.0,0.0,0.0,0.0,1.0,0.0,1.0,0.0,1024.0,0.0,0.0,24.0,0.0,0.0,0.0,0.0,0.0,0.0,0.0,0.0,Benign
49803.0,6.0,2018-03-01 08:26:34,32.0,1.0,1.0,0.0,0.0,0.0,0.0,0.0,0.0,0.0,0.0,0.0,0.0,0.0,62500.0,32.0,0.0,32.0,32.0,0.0,0.0,0.0,0.0,0.0,0.0,0.0,0.0,0.0,0.0,0.0,0.0,20.0,20.0,31250.0,31250.0,0.0,0.0,0.0,0.0,0.0,0.0,0.0,0.0,0.0,1.0,1.0,0.0,0.0,1.0,0.0,0.0,0.0,1.0,0.0,1.0,0.0,123.0,256.0,0.0,20.0,0.0,0.0,0.0,0.0,0.0,0.0,0.0,0.0,Benign
62983.0,6.0,2018-03-01 08:40:37,28.0,2.0,0.0,0.0,0.0,0.0,0.0,0.0,0.0,0.0,0.0,0.0,0.0,0.0,71428.57143,28.0,0.0,28.0,28.0,28.0,28.0,0.0,28.0,28.0,0.0,0.0,0.0,0.0,0.0,0.0,0.0,40.0,0.0,71428.57143,0.0,0.0,0.0,0.0,0.0,0.0,0.0,0.0,0.0,0.0,1.0,0.0,0.0,0.0,0.0,0.0,0.0,0.0,2.0,0.0,0.0,0.0,256.0,-1.0,0.0,20.0,0.0,0.0,0.0,0.0,0.0,0.0,0.0,0.0,Benign
80.0,6.0,2018-03-01 03:55:07,32435.0,3.0,5.0,428.0,2267.0,428.0,0.0,142.6666667,247.1059152,1460.0,0.0,453.4,662.3804043,83089.25543,246.6471404,4633.571429,7661.155197,16559.0,0.0,15368.0,7684.0,10516.09205,15120.0,248.0,17337.0,4334.25,8332.865829,16829.0,0.0,0.0,0.0,72.0,112.0,92.49267766,154.1544628,0.0,1460.0,299.4444444,519.498583,269878.7778,0.0,0.0,1.0,1.0,0.0,0.0,0.0,1.0,1.0,336.875,142.6666667,453.4,3.0,428.0,5.0,2267.0,8192.0,237.0,1.0,20.0,0.0,0.0,0.0,0.0,0.0,0.0,0.0,0.0,Benign
443.0,6.0,2018-03-01 01:34:53,118442944.0,18.0,20.0,1340.0,3957.0,432.0,0.0,74.44444444,114.6299531,1430.0,0.0,197.85,429.707278,44.7219549,0.32082958,3201160.649,13400000.0,58900000.0,1.0,118000000.0,6967232.0,19400000.0,58900000.0,113.0,118000000.0,6230573.737,18400000.0,58900000.0,1.0,0.0,0.0,372.0,412.0,0.151971906,0.168857674,0.0,1430.0,135.8205128,320.1523381,102497.5196,0.0,0.0,1.0,1.0,0.0,0.0,0.0,1.0,1.0,139.3947368,74.44444444,197.85,18.0,1340.0,20.0,3957.0,8192.0,184.0,10.0,20.0,769170.5,999756.3576,1476105.0,62236.0,58400000.0,619818.6917,58900000.0,58000000.0,Benign
443.0,6.0,2018-03-01 11:25:09,785.0,3.0,0.0,77.0,0.0,46.0,0.0,25.66666667,23.45918441,0.0,0.0,0.0,0.0,98089.17197,3821.656051,392.5,538.1082605,773.0,12.0,785.0,392.5,538.1082605,773.0,12.0,0.0,0.0,0.0,0.0,0.0,1.0,0.0,60.0,0.0,3821.656051,0.0,0.0,46.0,30.75,21.68524844,470.25,0.0,1.0,0.0,0.0,1.0,0.0,0.0,0.0,0.0,41.0,25.66666667,0.0,3.0,77.0,0.0,0.0,256.0,-1.0,1.0,20.0,0.0,0.0,0.0,0.0,0.0,0.0,0.0,0.0,Benign
2509.0,6.0,2018-03-01 05:26:15,86012626.0,2.0,0.0,0.0,0.0,0.0,0.0,0.0,0.0,0.0,0.0,0.0,0.0,0.0,0.0232524,86000000.0,0.0,86000000.0,86000000.0,86000000.0,86000000.0,0.0,86000000.0,86000000.0,0.0,0.0,0.0,0.0,0.0,0.0,0.0,40.0,0.0,0.0232524,0.0,0.0,0.0,0.0,0.0,0.0,0.0,0.0,0.0,0.0,1.0,0.0,0.0,0.0,0.0,0.0,0.0,0.0,2.0,0.0,0.0,0.0,62608.0,-1.0,0.0,20.0,0.0,0.0,0.0,0.0,86000000.0,0.0,86000000.0,86000000.0,Benign
0.0,0.0,2018-03-01 01:55:18,112640676.0,3.0,0.0,0.0,0.0,0.0,0.0,0.0,0.0,0.0,0.0,0.0,0.0,0.0,0.026633363,56300000.0,9.899494937,56300000.0,56300000.0,113000000.0,56300000.0,9.899494937,56300000.0,56300000.0,0.0,0.0,0.0,0.0,0.0,0.0,0.0,0.0,0.0,0.026633363,0.0,0.0,0.0,0.0,0.0,0.0,0.0,0.0,0.0,0.0,0.0,0.0,0.0,0.0,0.0,0.0,0.0,0.0,3.0,0.0,0.0,0.0,-1.0,-1.0,0.0,0.0,0.0,0.0,0.0,0.0,56300000.0,9.899494937,56300000.0,56300000.0,Benign
50170.0,6.0,2018-03-01 09:04:26,26.0,1.0,1.0,0.0,0.0,0.0,0.0,0.0,0.0,0.0,0.0,0.0,0.0,0.0,76923.07692,26.0,0.0,26.0,26.0,0.0,0.0,0.0,0.0,0.0,0.0,0.0,0.0,0.0,0.0,0.0,0.0,20.0,20.0,38461.53846,38461.53846,0.0,0.0,0.0,0.0,0.0,0.0,0.0,0.0,0.0,1.0,1.0,0.0,0.0,1.0,0.0,0.0,0.0,1.0,0.0,1.0,0.0,288.0,253.0,0.0,20.0,0.0,0.0,0.0,0.0,0.0,0.0,0.0,0.0,Benign
53.0,17.0,2018-03-01 09:56:10,247824.0,2.0,2.0,56.0,322.0,28.0,28.0,28.0,0.0,161.0,161.0,161.0,0.0,1525.276002,16.1404868,82608.0,100180.9581,194042.0,1.0,53781.0,53781.0,0.0,53781.0,53781.0,1.0,1.0,0.0,1.0,1.0,0.0,0.0,16.0,16.0,8.070243399,8.070243399,28.0,161.0,81.2,72.84710015,5306.7,0.0,0.0,0.0,0.0,0.0,0.0,0.0,0.0,1.0,101.5,28.0,161.0,2.0,56.0,2.0,322.0,-1.0,-1.0,1.0,8.0,0.0,0.0,0.0,0.0,0.0,0.0,0.0,0.0,Benign
54971.0,6.0,2018-03-01 03:52:52,482.0,2.0,0.0,0.0,0.0,0.0,0.0,0.0,0.0,0.0,0.0,0.0,0.0,0.0,4149.377593,482.0,0.0,482.0,482.0,482.0,482.0,0.0,482.0,482.0,0.0,0.0,0.0,0.0,0.0,0.0,0.0,40.0,0.0,4149.377593,0.0,0.0,0.0,0.0,0.0,0.0,0.0,0.0,0.0,0.0,1.0,0.0,0.0,0.0,0.0,0.0,0.0,0.0,2.0,0.0,0.0,0.0,50920.0,-1.0,0.0,20.0,0.0,0.0,0.0,0.0,0.0,0.0,0.0,0.0,Benign
53.0,17.0,2018-03-01 01:43:39,336.0,1.0,1.0,42.0,58.0,42.0,42.0,42.0,0.0,58.0,58.0,58.0,0.0,297619.0476,5952.380952,336.0,0.0,336.0,336.0,0.0,0.0,0.0,0.0,0.0,0.0,0.0,0.0,0.0,0.0,0.0,0.0,8.0,8.0,2976.190476,2976.190476,42.0,58.0,47.33333333,9.237604307,85.33333333,0.0,0.0,0.0,0.0,0.0,0.0,0.0,0.0,1.0,71.0,42.0,58.0,1.0,42.0,1.0,58.0,-1.0,-1.0,0.0,8.0,0.0,0.0,0.0,0.0,0.0,0.0,0.0,0.0,Benign
53.0,17.0,2018-03-01 09:44:18,256.0,1.0,1.0,45.0,61.0,45.0,45.0,45.0,0.0,61.0,61.0,61.0,0.0,414062.5,7812.5,256.0,0.0,256.0,256.0,0.0,0.0,0.0,0.0,0.0,0.0,0.0,0.0,0.0,0.0,0.0,0.0,8.0,8.0,3906.25,3906.25,45.0,61.0,50.33333333,9.237604307,85.33333333,0.0,0.0,0.0,0.0,0.0,0.0,0.0,0.0,1.0,75.5,45.0,61.0,1.0,45.0,1.0,61.0,-1.0,-1.0,0.0,8.0,0.0,0.0,0.0,0.0,0.0,0.0,0.0,0.0,Benign
3389.0,6.0,2018-03-01 01:25:22,3843666.0,14.0,7.0,1392.0,392.0,684.0,0.0,99.42857143,190.105523,291.0,0.0,56.0,105.3976597,464.1402245,5.463534032,192183.3,249430.754,953198.0,29.0,3843666.0,295666.6154,330101.5341,1204906.0,16540.0,3683367.0,613894.5,332968.2169,981885.0,210196.0,0.0,0.0,292.0,152.0,3.642356022,1.821178011,0.0,684.0,81.09090909,162.1527525,26293.51515,0.0,0.0,1.0,1.0,0.0,0.0,0.0,1.0,0.0,84.95238095,99.42857143,56.0,14.0,1392.0,7.0,392.0,8192.0,62646.0,7.0,20.0,0.0,0.0,0.0,0.0,0.0,0.0,0.0,0.0,Benign
445.0,6.0,2018-03-01 12:24:27,162691.0,3.0,1.0,0.0,0.0,0.0,0.0,0.0,0.0,0.0,0.0,0.0,0.0,0.0,24.58648604,54230.33333,93885.52855,162640.0,1.0,162691.0,81345.5,115038.4951,162690.0,1.0,0.0,0.0,0.0,0.0,0.0,0.0,0.0,72.0,32.0,18.43986453,6.146621509,0.0,0.0,0.0,0.0,0.0,0.0,0.0,0.0,1.0,0.0,0.0,0.0,0.0,0.0,0.0,0.0,0.0,3.0,0.0,1.0,0.0,8192.0,8192.0,0.0,20.0,0.0,0.0,0.0,0.0,0.0,0.0,0.0,0.0,Benign
53.0,17.0,2018-03-01 09:02:01,237.0,1.0,1.0,53.0,69.0,53.0,53.0,53.0,0.0,69.0,69.0,69.0,0.0,514767.9325,8438.818565,237.0,0.0,237.0,237.0,0.0,0.0,0.0,0.0,0.0,0.0,0.0,0.0,0.0,0.0,0.0,0.0,8.0,8.0,4219.409283,4219.409283,53.0,69.0,58.33333333,9.237604307,85.33333333,0.0,0.0,0.0,0.0,0.0,0.0,0.0,0.0,1.0,87.5,53.0,69.0,1.0,53.0,1.0,69.0,-1.0,-1.0,0.0,8.0,0.0,0.0,0.0,0.0,0.0,0.0,0.0,0.0,Benign
53.0,17.0,2018-03-01 04:24:16,774.0,1.0,1.0,32.0,60.0,32.0,32.0,32.0,0.0,60.0,60.0,60.0,0.0,118863.0491,2583.979328,774.0,0.0,774.0,774.0,0.0,0.0,0.0,0.0,0.0,0.0,0.0,0.0,0.0,0.0,0.0,0.0,8.0,8.0,1291.989664,1291.989664,32.0,60.0,41.33333333,16.16580754,261.3333333,0.0,0.0,0.0,0.0,0.0,0.0,0.0,0.0,1.0,62.0,32.0,60.0,1.0,32.0,1.0,60.0,-1.0,-1.0,0.0,8.0,0.0,0.0,0.0,0.0,0.0,0.0,0.0,0.0,Benign
445.0,6.0,2018-03-01 11:20:05,250927.0,3.0,1.0,0.0,0.0,0.0,0.0,0.0,0.0,0.0,0.0,0.0,0.0,0.0,15.94089118,83642.33333,144378.3564,250356.0,128.0,250927.0,125463.5,176805.6867,250484.0,443.0,0.0,0.0,0.0,0.0,0.0,0.0,0.0,72.0,32.0,11.95566838,3.985222794,0.0,0.0,0.0,0.0,0.0,0.0,0.0,0.0,1.0,0.0,0.0,0.0,0.0,0.0,0.0,0.0,0.0,3.0,0.0,1.0,0.0,8192.0,8192.0,0.0,20.0,0.0,0.0,0.0,0.0,0.0,0.0,0.0,0.0,Benign
3389.0,6.0,2018-03-01 09:38:32,6468101.0,8.0,9.0,1148.0,1581.0,677.0,0.0,143.5,228.1296624,1173.0,0.0,175.6666667,385.5612792,421.9167264,2.628283015,404256.3125,888450.7807,3571006.0,45.0,6468101.0,924014.4286,1380519.651,3839530.0,80.0,6237203.0,779650.375,1174899.8,3571006.0,135146.0,0.0,0.0,172.0,192.0,1.236839066,1.391443949,0.0,1173.0,151.6111111,305.0826578,93075.4281,0.0,0.0,1.0,1.0,0.0,0.0,0.0,1.0,1.0,160.5294118,143.5,175.6666667,8.0,1148.0,9.0,1581.0,8192.0,62852.0,5.0,20.0,0.0,0.0,0.0,0.0,0.0,0.0,0.0,0.0,Benign
53.0,17.0,2018-03-01 10:54:01,283.0,1.0,1.0,36.0,164.0,36.0,36.0,36.0,0.0,164.0,164.0,164.0,0.0,706713.7809,7067.137809,283.0,0.0,283.0,283.0,0.0,0.0,0.0,0.0,0.0,0.0,0.0,0.0,0.0,0.0,0.0,0.0,8.0,8.0,3533.568905,3533.568905,36.0,164.0,78.66666667,73.90083446,5461.333333,0.0,0.0,0.0,0.0,0.0,0.0,0.0,0.0,1.0,118.0,36.0,164.0,1.0,36.0,1.0,164.0,-1.0,-1.0,0.0,8.0,0.0,0.0,0.0,0.0,0.0,0.0,0.0,0.0,Benign
52374.0,6.0,2018-03-01 01:55:05,46.0,3.0,1.0,31.0,0.0,31.0,0.0,10.33333333,17.89785834,0.0,0.0,0.0,0.0,673913.0435,86956.52174,15.33333333,10.69267662,22.0,3.0,46.0,23.0,28.28427125,43.0,3.0,0.0,0.0,0.0,0.0,0.0,0.0,0.0,60.0,20.0,65217.3913,21739.13043,0.0,31.0,6.2,13.86362146,192.2,0.0,0.0,0.0,0.0,1.0,0.0,0.0,0.0,0.0,7.75,10.33333333,0.0,3.0,31.0,1.0,0.0,980.0,0.0,1.0,20.0,0.0,0.0,0.0,0.0,0.0,0.0,0.0,0.0,Benign
3389.0,6.0,2018-03-01 02:04:43,1700531.0,8.0,7.0,1128.0,1581.0,661.0,0.0,141.0,222.6233206,1173.0,0.0,225.8571429,430.0986044,1593.031824,8.820774217,121466.5,245688.5182,953172.0,2.0,1700531.0,242933.0,387062.2583,1114833.0,2.0,1589081.0,264846.8333,337783.8259,953172.0,110640.0,0.0,0.0,172.0,152.0,4.704412916,4.116361301,0.0,1173.0,169.3125,317.731274,100953.1625,0.0,0.0,1.0,1.0,0.0,0.0,0.0,1.0,0.0,180.6,141.0,225.8571429,8.0,1128.0,7.0,1581.0,8192.0,62872.0,5.0,20.0,0.0,0.0,0.0,0.0,0.0,0.0,0.0,0.0,Benign
80.0,6.0,2018-03-01 01:59:16,38389499.0,8.0,6.0,435.0,706.0,432.0,0.0,54.375,152.5843444,706.0,0.0,117.6666667,288.2232931,29.72166946,0.364683061,2953038.385,4522540.017,10000000.0,28.0,38400000.0,5484214.143,5060154.317,10100000.0,135.0,30500000.0,6102787.0,5483080.943,10100000.0,95412.0,0.0,0.0,172.0,168.0,0.20839032,0.15629274,0.0,706.0,76.06666667,206.7211603,42733.6381,0.0,0.0,1.0,1.0,0.0,0.0,0.0,1.0,0.0,81.5,54.375,117.6666667,8.0,435.0,6.0,706.0,8192.0,172.0,4.0,20.0,174893.0,159290.67,413829.0,95206.0,9422481.75,1095865.204,10000000.0,7780367.0,Benign
53.0,17.0,2018-03-01 08:16:48,2252.0,1.0,1.0,45.0,163.0,45.0,45.0,45.0,0.0,163.0,163.0,163.0,0.0,92362.34458,888.0994671,2252.0,0.0,2252.0,2252.0,0.0,0.0,0.0,0.0,0.0,0.0,0.0,0.0,0.0,0.0,0.0,0.0,8.0,8.0,444.0497336,444.0497336,45.0,163.0,84.33333333,68.12733176,4641.333333,0.0,0.0,0.0,0.0,0.0,0.0,0.0,0.0,1.0,126.5,45.0,163.0,1.0,45.0,1.0,163.0,-1.0,-1.0,0.0,8.0,0.0,0.0,0.0,0.0,0.0,0.0,0.0,0.0,Benign
3389.0,6.0,2018-03-01 10:15:39,1979867.0,9.0,7.0,1144.0,1581.0,677.0,0.0,127.1111111,218.5088353,1173.0,0.0,225.8571429,430.0986044,1376.355078,8.081350919,131991.1333,244373.9493,953132.0,5.0,1979867.0,247483.375,364419.8058,1114722.0,5.0,1871286.0,311881.0,323360.5472,953132.0,115797.0,0.0,0.0,192.0,152.0,4.545759892,3.535591027,0.0,1173.0,160.2941176,312.0067637,97348.22059,0.0,0.0,1.0,1.0,0.0,0.0,0.0,1.0,0.0,170.3125,127.1111111,225.8571429,9.0,1144.0,7.0,1581.0,8192.0,62856.0,5.0,20.0,0.0,0.0,0.0,0.0,0.0,0.0,0.0,0.0,Benign
53.0,17.0,2018-03-01 08:17:37,1062.0,1.0,1.0,77.0,155.0,77.0,77.0,77.0,0.0,155.0,155.0,155.0,0.0,218455.7439,1883.239171,1062.0,0.0,1062.0,1062.0,0.0,0.0,0.0,0.0,0.0,0.0,0.0,0.0,0.0,0.0,0.0,0.0,8.0,8.0,941.6195857,941.6195857,77.0,155.0,103.0,45.033321,2028.0,0.0,0.0,0.0,0.0,0.0,0.0,0.0,0.0,1.0,154.5,77.0,155.0,1.0,77.0,1.0,155.0,-1.0,-1.0,0.0,8.0,0.0,0.0,0.0,0.0,0.0,0.0,0.0,0.0,Benign
443.0,6.0,2018-03-01 02:24:09,155.0,2.0,0.0,0.0,0.0,0.0,0.0,0.0,0.0,0.0,0.0,0.0,0.0,0.0,12903.22581,155.0,0.0,155.0,155.0,155.0,155.0,0.0,155.0,155.0,0.0,0.0,0.0,0.0,0.0,0.0,0.0,40.0,0.0,12903.22581,0.0,0.0,0.0,0.0,0.0,0.0,0.0,0.0,0.0,0.0,1.0,0.0,0.0,0.0,0.0,0.0,0.0,0.0,2.0,0.0,0.0,0.0,255.0,-1.0,0.0,20.0,0.0,0.0,0.0,0.0,0.0,0.0,0.0,0.0,Benign
5382.0,6.0,2018-03-01 01:25:45,86354153.0,2.0,0.0,0.0,0.0,0.0,0.0,0.0,0.0,0.0,0.0,0.0,0.0,0.0,0.023160438,86400000.0,0.0,86400000.0,86400000.0,86400000.0,86400000.0,0.0,86400000.0,86400000.0,0.0,0.0,0.0,0.0,0.0,0.0,0.0,40.0,0.0,0.023160438,0.0,0.0,0.0,0.0,0.0,0.0,0.0,0.0,0.0,0.0,1.0,0.0,0.0,0.0,0.0,0.0,0.0,0.0,2.0,0.0,0.0,0.0,62608.0,-1.0,0.0,20.0,0.0,0.0,0.0,0.0,86400000.0,0.0,86400000.0,86400000.0,Benign
50532.0,6.0,2018-03-01 09:46:01,32.0,1.0,1.0,0.0,0.0,0.0,0.0,0.0,0.0,0.0,0.0,0.0,0.0,0.0,62500.0,32.0,0.0,32.0,32.0,0.0,0.0,0.0,0.0,0.0,0.0,0.0,0.0,0.0,0.0,0.0,0.0,20.0,20.0,31250.0,31250.0,0.0,0.0,0.0,0.0,0.0,0.0,0.0,0.0,0.0,1.0,1.0,0.0,0.0,1.0,0.0,0.0,0.0,1.0,0.0,1.0,0.0,31088.0,63854.0,0.0,20.0,0.0,0.0,0.0,0.0,0.0,0.0,0.0,0.0,Benign
53.0,17.0,2018-03-01 08:16:37,349.0,1.0,1.0,51.0,67.0,51.0,51.0,51.0,0.0,67.0,67.0,67.0,0.0,338108.8825,5730.659026,349.0,0.0,349.0,349.0,0.0,0.0,0.0,0.0,0.0,0.0,0.0,0.0,0.0,0.0,0.0,0.0,8.0,8.0,2865.329513,2865.329513,51.0,67.0,56.33333333,9.237604307,85.33333333,0.0,0.0,0.0,0.0,0.0,0.0,0.0,0.0,1.0,84.5,51.0,67.0,1.0,51.0,1.0,67.0,-1.0,-1.0,0.0,8.0,0.0,0.0,0.0,0.0,0.0,0.0,0.0,0.0,Benign
9103.0,6.0,2018-03-01 10:27:15,1.0,1.0,1.0,0.0,0.0,0.0,0.0,0.0,0.0,0.0,0.0,0.0,0.0,0.0,2000000.0,1.0,0.0,1.0,1.0,0.0,0.0,0.0,0.0,0.0,0.0,0.0,0.0,0.0,0.0,0.0,0.0,24.0,20.0,1000000.0,1000000.0,0.0,0.0,0.0,0.0,0.0,0.0,0.0,0.0,1.0,0.0,0.0,0.0,0.0,1.0,0.0,0.0,0.0,1.0,0.0,1.0,0.0,1024.0,0.0,0.0,24.0,0.0,0.0,0.0,0.0,0.0,0.0,0.0,0.0,Benign
3389.0,6.0,2018-03-01 11:16:34,1447952.0,8.0,8.0,1148.0,1581.0,677.0,0.0,143.5,228.1296624,1173.0,0.0,197.625,406.121705,1884.730986,11.05009006,96530.13333,243951.1877,971809.0,63.0,1447952.0,206850.2857,383375.5765,1073108.0,63.0,1384960.0,197851.4286,343017.9614,971809.0,2310.0,0.0,0.0,168.0,168.0,5.525045029,5.525045029,0.0,1173.0,160.5294118,312.044091,97371.51471,0.0,0.0,0.0,1.0,0.0,0.0,0.0,0.0,1.0,170.5625,143.5,197.625,8.0,1148.0,8.0,1581.0,8192.0,62852.0,5.0,20.0,0.0,0.0,0.0,0.0,0.0,0.0,0.0,0.0,Benign
53.0,17.0,2018-03-01 01:42:41,254.0,1.0,1.0,78.0,206.0,78.0,78.0,78.0,0.0,206.0,206.0,206.0,0.0,1118110.236,7874.015748,254.0,0.0,254.0,254.0,0.0,0.0,0.0,0.0,0.0,0.0,0.0,0.0,0.0,0.0,0.0,0.0,8.0,8.0,3937.007874,3937.007874,78.0,206.0,120.6666667,73.90083446,5461.333333,0.0,0.0,0.0,0.0,0.0,0.0,0.0,0.0,1.0,181.0,78.0,206.0,1.0,78.0,1.0,206.0,-1.0,-1.0,0.0,8.0,0.0,0.0,0.0,0.0,0.0,0.0,0.0,0.0,Benign
123.0,17.0,2018-03-01 11:02:47,18862.0,1.0,1.0,48.0,48.0,48.0,48.0,48.0,0.0,48.0,48.0,48.0,0.0,5089.598134,106.0332945,18862.0,0.0,18862.0,18862.0,0.0,0.0,0.0,0.0,0.0,0.0,0.0,0.0,0.0,0.0,0.0,0.0,8.0,8.0,53.01664723,53.01664723,48.0,48.0,48.0,0.0,0.0,0.0,0.0,0.0,0.0,0.0,0.0,0.0,0.0,1.0,72.0,48.0,48.0,1.0,48.0,1.0,48.0,-1.0,-1.0,0.0,8.0,0.0,0.0,0.0,0.0,0.0,0.0,0.0,0.0,Benign
53.0,17.0,2018-03-01 02:23:49,28319.0,1.0,1.0,44.0,100.0,44.0,44.0,44.0,0.0,100.0,100.0,100.0,0.0,5084.925315,70.62396271,28319.0,0.0,28319.0,28319.0,0.0,0.0,0.0,0.0,0.0,0.0,0.0,0.0,0.0,0.0,0.0,0.0,8.0,8.0,35.31198136,35.31198136,44.0,100.0,62.66666667,32.33161507,1045.333333,0.0,0.0,0.0,0.0,0.0,0.0,0.0,0.0,1.0,94.0,44.0,100.0,1.0,44.0,1.0,100.0,-1.0,-1.0,0.0,8.0,0.0,0.0,0.0,0.0,0.0,0.0,0.0,0.0,Benign
53.0,17.0,2018-03-01 12:00:02,79017.0,2.0,2.0,60.0,244.0,30.0,30.0,30.0,0.0,122.0,122.0,122.0,0.0,3847.273372,50.62201805,26339.0,22828.08487,40432.0,1.0,38584.0,38584.0,0.0,38584.0,38584.0,1.0,1.0,0.0,1.0,1.0,0.0,0.0,16.0,16.0,25.31100902,25.31100902,30.0,122.0,66.8,50.39047529,2539.2,0.0,0.0,0.0,0.0,0.0,0.0,0.0,0.0,1.0,83.5,30.0,122.0,2.0,60.0,2.0,244.0,-1.0,-1.0,1.0,8.0,0.0,0.0,0.0,0.0,0.0,0.0,0.0,0.0,Benign
53.0,17.0,2018-03-01 11:10:32,1507.0,1.0,1.0,40.0,139.0,40.0,40.0,40.0,0.0,139.0,139.0,139.0,0.0,118779.0312,1327.140013,1507.0,0.0,1507.0,1507.0,0.0,0.0,0.0,0.0,0.0,0.0,0.0,0.0,0.0,0.0,0.0,0.0,8.0,8.0,663.5700066,663.5700066,40.0,139.0,73.0,57.15767665,3267.0,0.0,0.0,0.0,0.0,0.0,0.0,0.0,0.0,1.0,109.5,40.0,139.0,1.0,40.0,1.0,139.0,-1.0,-1.0,0.0,8.0,0.0,0.0,0.0,0.0,0.0,0.0,0.0,0.0,Benign
53.0,17.0,2018-03-01 11:56:20,959.0,1.0,1.0,40.0,101.0,40.0,40.0,40.0,0.0,101.0,101.0,101.0,0.0,147028.1543,2085.505735,959.0,0.0,959.0,959.0,0.0,0.0,0.0,0.0,0.0,0.0,0.0,0.0,0.0,0.0,0.0,0.0,8.0,8.0,1042.752868,1042.752868,40.0,101.0,60.33333333,35.21836642,1240.333333,0.0,0.0,0.0,0.0,0.0,0.0,0.0,0.0,1.0,90.5,40.0,101.0,1.0,40.0,1.0,101.0,-1.0,-1.0,0.0,8.0,0.0,0.0,0.0,0.0,0.0,0.0,0.0,0.0,Benign
53.0,17.0,2018-03-01 01:14:20,2252.0,1.0,1.0,41.0,195.0,41.0,41.0,41.0,0.0,195.0,195.0,195.0,0.0,104795.7371,888.0994671,2252.0,0.0,2252.0,2252.0,0.0,0.0,0.0,0.0,0.0,0.0,0.0,0.0,0.0,0.0,0.0,0.0,8.0,8.0,444.0497336,444.0497336,41.0,195.0,92.33333333,88.91194146,7905.333333,0.0,0.0,0.0,0.0,0.0,0.0,0.0,0.0,1.0,138.5,41.0,195.0,1.0,41.0,1.0,195.0,-1.0,-1.0,0.0,8.0,0.0,0.0,0.0,0.0,0.0,0.0,0.0,0.0,Benign
22.0,6.0,2018-03-01 12:31:38,2326434.0,15.0,12.0,1239.0,2273.0,744.0,0.0,82.6,196.3691131,976.0,0.0,189.4166667,347.6425694,1509.606548,11.6057451,89478.23077,109649.4803,285890.0,9.0,2326434.0,166173.8571,111249.6973,285890.0,18.0,2103597.0,191236.0909,172252.3312,511370.0,78.0,0.0,0.0,488.0,392.0,6.447636168,5.158108934,0.0,976.0,125.4285714,269.5428817,72653.36508,0.0,0.0,0.0,1.0,0.0,0.0,0.0,0.0,0.0,130.0740741,82.6,189.4166667,15.0,1239.0,12.0,2273.0,29200.0,233.0,7.0,32.0,0.0,0.0,0.0,0.0,0.0,0.0,0.0,0.0,Benign
53.0,17.0,2018-03-01 09:28:33,39277.0,2.0,2.0,70.0,174.0,35.0,35.0,35.0,0.0,87.0,87.0,87.0,0.0,6212.287089,101.840772,13092.33333,21169.66245,37529.0,334.0,38943.0,38943.0,0.0,38943.0,38943.0,37863.0,37863.0,0.0,37863.0,37863.0,0.0,0.0,16.0,16.0,50.92038598,50.92038598,35.0,87.0,55.8,28.48157299,811.2,0.0,0.0,0.0,0.0,0.0,0.0,0.0,0.0,1.0,69.75,35.0,87.0,2.0,70.0,2.0,174.0,-1.0,-1.0,1.0,8.0,0.0,0.0,0.0,0.0,0.0,0.0,0.0,0.0,Benign
3389.0,6.0,2018-03-01 01:03:34,1391125.0,8.0,7.0,1148.0,1581.0,677.0,0.0,143.5,228.1296624,1173.0,0.0,225.8571429,430.0986044,1961.721628,10.78263995,99366.07143,252071.6684,968818.0,30.0,1391125.0,198732.1429,382560.6214,1064509.0,30.0,1328357.0,221392.8333,366361.9882,968818.0,62769.0,0.0,0.0,168.0,148.0,5.750741306,5.031898643,0.0,1173.0,170.5625,319.4332416,102037.5958,0.0,0.0,0.0,1.0,0.0,0.0,0.0,0.0,0.0,181.9333333,143.5,225.8571429,8.0,1148.0,7.0,1581.0,8192.0,62852.0,5.0,20.0,0.0,0.0,0.0,0.0,0.0,0.0,0.0,0.0,Benign
443.0,6.0,2018-03-01 09:16:37,60323.0,9.0,8.0,553.0,5823.0,202.0,0.0,61.44444444,87.53443767,1460.0,0.0,727.875,704.3908082,105697.6609,281.8162227,3770.1875,5863.026468,16341.0,0.0,60323.0,7540.375,7262.288855,18745.0,18.0,43759.0,6251.285714,10144.78833,24731.0,0.0,0.0,0.0,192.0,172.0,149.1968238,132.6193989,0.0,1460.0,354.2222222,571.2904439,326372.7712,0.0,0.0,1.0,1.0,0.0,0.0,0.0,1.0,0.0,375.0588235,61.44444444,727.875,9.0,553.0,8.0,5823.0,8192.0,119.0,4.0,20.0,0.0,0.0,0.0,0.0,0.0,0.0,0.0,0.0,Benign
51268.0,6.0,2018-03-01 01:03:29,1.0,2.0,0.0,31.0,0.0,31.0,0.0,15.5,21.92031022,0.0,0.0,0.0,0.0,31000000.0,2000000.0,1.0,0.0,1.0,1.0,1.0,1.0,0.0,1.0,1.0,0.0,0.0,0.0,0.0,0.0,1.0,0.0,40.0,0.0,2000000.0,0.0,0.0,31.0,20.66666667,17.89785834,320.3333333,0.0,1.0,0.0,0.0,1.0,0.0,0.0,0.0,0.0,31.0,15.5,0.0,2.0,31.0,0.0,0.0,946.0,-1.0,0.0,20.0,0.0,0.0,0.0,0.0,0.0,0.0,0.0,0.0,Benign
7895.0,6.0,2018-03-01 04:54:52,129931.0,2.0,1.0,0.0,0.0,0.0,0.0,0.0,0.0,0.0,0.0,0.0,0.0,0.0,23.0891781,64965.5,91846.80692,129911.0,20.0,129931.0,129931.0,0.0,129931.0,129931.0,0.0,0.0,0.0,0.0,0.0,0.0,0.0,40.0,20.0,15.3927854,7.696392701,0.0,0.0,0.0,0.0,0.0,0.0,0.0,0.0,1.0,0.0,0.0,0.0,0.0,0.0,0.0,0.0,0.0,2.0,0.0,1.0,0.0,1024.0,0.0,0.0,20.0,0.0,0.0,0.0,0.0,0.0,0.0,0.0,0.0,Benign
0.0,0.0,2018-03-01 04:12:58,112640983.0,3.0,0.0,0.0,0.0,0.0,0.0,0.0,0.0,0.0,0.0,0.0,0.0,0.0,0.02663329,56300000.0,72.83199846,56300000.0,56300000.0,113000000.0,56300000.0,72.83199846,56300000.0,56300000.0,0.0,0.0,0.0,0.0,0.0,0.0,0.0,0.0,0.0,0.02663329,0.0,0.0,0.0,0.0,0.0,0.0,0.0,0.0,0.0,0.0,0.0,0.0,0.0,0.0,0.0,0.0,0.0,0.0,3.0,0.0,0.0,0.0,-1.0,-1.0,0.0,0.0,0.0,0.0,0.0,0.0,56300000.0,72.83199846,56300000.0,56300000.0,Benign
53.0,17.0,2018-03-01 04:28:56,284784.0,2.0,2.0,76.0,108.0,38.0,38.0,38.0,0.0,54.0,54.0,54.0,0.0,646.1037137,14.04573291,94928.0,100580.1983,211068.0,36818.0,247886.0,247886.0,0.0,247886.0,247886.0,247966.0,247966.0,0.0,247966.0,247966.0,0.0,0.0,16.0,16.0,7.022866453,7.022866453,38.0,54.0,44.4,8.76356092,76.8,0.0,0.0,0.0,0.0,0.0,0.0,0.0,0.0,1.0,55.5,38.0,54.0,2.0,76.0,2.0,108.0,-1.0,-1.0,1.0,8.0,0.0,0.0,0.0,0.0,0.0,0.0,0.0,0.0,Benign
55844.0,6.0,2018-03-01 05:23:48,23.0,2.0,0.0,0.0,0.0,0.0,0.0,0.0,0.0,0.0,0.0,0.0,0.0,0.0,86956.52174,23.0,0.0,23.0,23.0,23.0,23.0,0.0,23.0,23.0,0.0,0.0,0.0,0.0,0.0,0.0,0.0,40.0,0.0,86956.52174,0.0,0.0,0.0,0.0,0.0,0.0,0.0,0.0,0.0,0.0,1.0,0.0,0.0,0.0,0.0,0.0,0.0,0.0,2.0,0.0,0.0,0.0,40921.0,-1.0,0.0,20.0,0.0,0.0,0.0,0.0,0.0,0.0,0.0,0.0,Benign
443.0,6.0,2018-03-01 11:53:50,117263187.0,14.0,12.0,589.0,4924.0,189.0,0.0,42.07142857,65.98072479,1460.0,0.0,410.3333333,636.6737902,47.01390215,0.221723464,4690527.48,16200000.0,58600000.0,1.0,117000000.0,9020245.154,21900000.0,58600000.0,32.0,117000000.0,10700000.0,23700000.0,58600000.0,1.0,0.0,0.0,292.0,252.0,0.119389557,0.102333906,0.0,1460.0,204.1851852,457.2102729,209041.2336,0.0,0.0,1.0,1.0,0.0,0.0,0.0,1.0,0.0,212.0384615,42.07142857,410.3333333,14.0,589.0,12.0,4924.0,8192.0,31.0,6.0,20.0,163278.5,123966.4253,250936.0,75621.0,58400000.0,187755.9423,58600000.0,58300000.0,Benign
51425.0,6.0,2018-03-01 10:28:05,173.0,3.0,1.0,31.0,0.0,31.0,0.0,10.33333333,17.89785834,0.0,0.0,0.0,0.0,179190.7514,23121.38728,57.66666667,41.35617648,103.0,22.0,173.0,86.5,54.44722215,125.0,48.0,0.0,0.0,0.0,0.0,0.0,0.0,0.0,60.0,20.0,17341.04046,5780.346821,0.0,31.0,6.2,13.86362146,192.2,0.0,0.0,0.0,0.0,1.0,0.0,0.0,0.0,0.0,7.75,10.33333333,0.0,3.0,31.0,1.0,0.0,237.0,0.0,1.0,20.0,0.0,0.0,0.0,0.0,0.0,0.0,0.0,0.0,Benign
53.0,17.0,2018-03-01 11:05:57,2165.0,1.0,1.0,35.0,83.0,35.0,35.0,35.0,0.0,83.0,83.0,83.0,0.0,54503.4642,923.7875289,2165.0,0.0,2165.0,2165.0,0.0,0.0,0.0,0.0,0.0,0.0,0.0,0.0,0.0,0.0,0.0,0.0,8.0,8.0,461.8937644,461.8937644,35.0,83.0,51.0,27.71281292,768.0,0.0,0.0,0.0,0.0,0.0,0.0,0.0,0.0,1.0,76.5,35.0,83.0,1.0,35.0,1.0,83.0,-1.0,-1.0,0.0,8.0,0.0,0.0,0.0,0.0,0.0,0.0,0.0,0.0,Benign
53.0,17.0,2018-03-01 04:50:03,327.0,1.0,1.0,32.0,48.0,32.0,32.0,32.0,0.0,48.0,48.0,48.0,0.0,244648.318,6116.207951,327.0,0.0,327.0,327.0,0.0,0.0,0.0,0.0,0.0,0.0,0.0,0.0,0.0,0.0,0.0,0.0,8.0,8.0,3058.103976,3058.103976,32.0,48.0,37.33333333,9.237604307,85.33333333,0.0,0.0,0.0,0.0,0.0,0.0,0.0,0.0,1.0,56.0,32.0,48.0,1.0,32.0,1.0,48.0,-1.0,-1.0,0.0,8.0,0.0,0.0,0.0,0.0,0.0,0.0,0.0,0.0,Benign
53.0,17.0,2018-03-01 05:14:04,344.0,1.0,1.0,39.0,55.0,39.0,39.0,39.0,0.0,55.0,55.0,55.0,0.0,273255.814,5813.953488,344.0,0.0,344.0,344.0,0.0,0.0,0.0,0.0,0.0,0.0,0.0,0.0,0.0,0.0,0.0,0.0,8.0,8.0,2906.976744,2906.976744,39.0,55.0,44.33333333,9.237604307,85.33333333,0.0,0.0,0.0,0.0,0.0,0.0,0.0,0.0,1.0,66.5,39.0,55.0,1.0,39.0,1.0,55.0,-1.0,-1.0,0.0,8.0,0.0,0.0,0.0,0.0,0.0,0.0,0.0,0.0,Benign
443.0,6.0,2018-03-01 09:16:51,119047354.0,26.0,29.0,1575.0,6476.0,316.0,0.0,60.57692308,81.21289212,1430.0,0.0,223.3103448,348.8443271,67.62855057,0.462001029,2204580.63,11200000.0,59000000.0,1.0,119000000.0,4761894.16,16300000.0,59000000.0,32.0,119000000.0,4246113.214,15400000.0,59100000.0,1.0,0.0,0.0,532.0,592.0,0.218400486,0.243600542,0.0,1430.0,143.7678571,268.2050092,71933.92695,0.0,0.0,1.0,1.0,0.0,0.0,0.0,1.0,1.0,146.3818182,60.57692308,223.3103448,26.0,1575.0,29.0,6476.0,8192.0,197.0,14.0,20.0,737855.5,822763.2876,1319637.0,156074.0,58700000.0,344779.6097,59000000.0,58500000.0,Benign
53.0,17.0,2018-03-01 01:21:58,47650.0,2.0,2.0,102.0,134.0,51.0,51.0,51.0,0.0,67.0,67.0,67.0,0.0,4952.780693,83.94543547,15883.33333,26739.97774,46760.0,444.0,47204.0,47204.0,0.0,47204.0,47204.0,47206.0,47206.0,0.0,47206.0,47206.0,0.0,0.0,16.0,16.0,41.97271773,41.97271773,51.0,67.0,57.4,8.76356092,76.8,0.0,0.0,0.0,0.0,0.0,0.0,0.0,0.0,1.0,71.75,51.0,67.0,2.0,102.0,2.0,134.0,-1.0,-1.0,1.0,8.0,0.0,0.0,0.0,0.0,0.0,0.0,0.0,0.0,Benign
53.0,17.0,2018-03-01 09:44:03,97068.0,2.0,2.0,72.0,258.0,36.0,36.0,36.0,0.0,129.0,129.0,129.0,0.0,3399.678576,41.20822516,32356.0,42549.19411,80561.0,29.0,16478.0,16478.0,0.0,16478.0,16478.0,29.0,29.0,0.0,29.0,29.0,0.0,0.0,16.0,16.0,20.60411258,20.60411258,36.0,129.0,73.2,50.93819785,2594.7,0.0,0.0,0.0,0.0,0.0,0.0,0.0,0.0,1.0,91.5,36.0,129.0,2.0,72.0,2.0,258.0,-1.0,-1.0,1.0,8.0,0.0,0.0,0.0,0.0,0.0,0.0,0.0,0.0,Benign
53.0,17.0,2018-03-01 01:58:05,98194.0,2.0,2.0,104.0,224.0,52.0,52.0,52.0,0.0,112.0,112.0,112.0,0.0,3340.326293,40.7356865,32731.33333,40997.92751,78717.0,1.0,19476.0,19476.0,0.0,19476.0,19476.0,1.0,1.0,0.0,1.0,1.0,0.0,0.0,16.0,16.0,20.36784325,20.36784325,52.0,112.0,76.0,32.86335345,1080.0,0.0,0.0,0.0,0.0,0.0,0.0,0.0,0.0,1.0,95.0,52.0,112.0,2.0,104.0,2.0,224.0,-1.0,-1.0,1.0,8.0,0.0,0.0,0.0,0.0,0.0,0.0,0.0,0.0,Benign
53.0,17.0,2018-03-01 04:57:04,258.0,1.0,1.0,40.0,56.0,40.0,40.0,40.0,0.0,56.0,56.0,56.0,0.0,372093.0233,7751.937984,258.0,0.0,258.0,258.0,0.0,0.0,0.0,0.0,0.0,0.0,0.0,0.0,0.0,0.0,0.0,0.0,8.0,8.0,3875.968992,3875.968992,40.0,56.0,45.33333333,9.237604307,85.33333333,0.0,0.0,0.0,0.0,0.0,0.0,0.0,0.0,1.0,68.0,40.0,56.0,1.0,40.0,1.0,56.0,-1.0,-1.0,0.0,8.0,0.0,0.0,0.0,0.0,0.0,0.0,0.0,0.0,Benign
443.0,6.0,2018-03-01 04:09:28,161.0,2.0,0.0,0.0,0.0,0.0,0.0,0.0,0.0,0.0,0.0,0.0,0.0,0.0,12422.36025,161.0,0.0,161.0,161.0,161.0,161.0,0.0,161.0,161.0,0.0,0.0,0.0,0.0,0.0,0.0,0.0,40.0,0.0,12422.36025,0.0,0.0,0.0,0.0,0.0,0.0,0.0,0.0,0.0,0.0,1.0,0.0,0.0,0.0,0.0,0.0,0.0,0.0,2.0,0.0,0.0,0.0,256.0,-1.0,0.0,20.0,0.0,0.0,0.0,0.0,0.0,0.0,0.0,0.0,Benign
80.0,6.0,2018-03-01 01:37:20,115937622.0,16.0,14.0,447.0,788.0,436.0,0.0,27.9375,108.8175652,788.0,0.0,56.28571429,210.6018586,10.6522799,0.258759836,3997849.034,4903428.817,10400000.0,15.0,116000000.0,7729174.8,4166167.253,10400000.0,172.0,111000000.0,8508421.923,3775277.441,10400000.0,824.0,0.0,0.0,332.0,424.0,0.138005246,0.12075459,0.0,788.0,39.83870968,159.3581076,25395.00645,0.0,0.0,1.0,1.0,0.0,0.0,0.0,1.0,0.0,41.16666667,27.9375,56.28571429,16.0,447.0,14.0,788.0,8192.0,290.0,12.0,20.0,17646.54545,21124.7525,81340.0,11244.0,10000000.0,111773.9113,10400000.0,10000000.0,Benign
3389.0,6.0,2018-03-01 05:08:41,2875831.0,8.0,11.0,1132.0,1581.0,661.0,0.0,141.5,222.7920235,1173.0,0.0,143.7272727,352.1017157,943.3794962,6.606786004,159768.3889,260993.8299,1069116.0,2.0,2875831.0,410833.0,431594.7426,1231160.0,2.0,2795082.0,279508.2,314185.9736,1069116.0,45102.0,0.0,0.0,168.0,228.0,2.781804633,3.824981371,0.0,1173.0,135.65,290.7886328,84558.02895,0.0,0.0,0.0,1.0,0.0,0.0,0.0,0.0,1.0,142.7894737,141.5,143.7272727,8.0,1132.0,11.0,1581.0,8192.0,62868.0,5.0,20.0,0.0,0.0,0.0,0.0,0.0,0.0,0.0,0.0,Benign
445.0,6.0,2018-03-01 11:35:21,279416.0,3.0,1.0,0.0,0.0,0.0,0.0,0.0,0.0,0.0,0.0,0.0,0.0,0.0,14.31557248,93138.66667,161263.7485,279350.0,0.0,279416.0,139708.0,197576.9484,279416.0,0.0,0.0,0.0,0.0,0.0,0.0,0.0,0.0,72.0,32.0,10.73667936,3.57889312,0.0,0.0,0.0,0.0,0.0,0.0,0.0,0.0,1.0,0.0,0.0,0.0,0.0,0.0,0.0,0.0,0.0,3.0,0.0,1.0,0.0,8192.0,8192.0,0.0,20.0,0.0,0.0,0.0,0.0,0.0,0.0,0.0,0.0,Benign
53.0,17.0,2018-03-01 09:46:56,24979.0,2.0,2.0,74.0,270.0,37.0,37.0,37.0,0.0,135.0,135.0,135.0,0.0,13771.56812,160.134513,8326.333333,13821.04057,24285.0,238.0,24741.0,24741.0,0.0,24741.0,24741.0,24523.0,24523.0,0.0,24523.0,24523.0,0.0,0.0,16.0,16.0,80.0672565,80.0672565,37.0,135.0,76.2,53.67681064,2881.2,0.0,0.0,0.0,0.0,0.0,0.0,0.0,0.0,1.0,95.25,37.0,135.0,2.0,74.0,2.0,270.0,-1.0,-1.0,1.0,8.0,0.0,0.0,0.0,0.0,0.0,0.0,0.0,0.0,Benign
80.0,6.0,2018-03-01 11:34:19,131.0,2.0,0.0,0.0,0.0,0.0,0.0,0.0,0.0,0.0,0.0,0.0,0.0,0.0,15267.17557,131.0,0.0,131.0,131.0,131.0,131.0,0.0,131.0,131.0,0.0,0.0,0.0,0.0,0.0,0.0,0.0,40.0,0.0,15267.17557,0.0,0.0,0.0,0.0,0.0,0.0,0.0,0.0,0.0,0.0,1.0,0.0,0.0,0.0,0.0,0.0,0.0,0.0,2.0,0.0,0.0,0.0,253.0,-1.0,0.0,20.0,0.0,0.0,0.0,0.0,0.0,0.0,0.0,0.0,Benign
443.0,6.0,2018-03-01 01:30:20,128621.0,3.0,3.0,194.0,7.0,194.0,0.0,64.66666667,112.0059522,7.0,0.0,2.333333333,4.041451884,1562.730814,46.64868101,25724.2,35091.51799,64499.0,1.0,64791.0,32395.5,45446.45993,64531.0,260.0,64122.0,32061.0,45339.68681,64121.0,1.0,0.0,0.0,72.0,64.0,23.3243405,23.3243405,0.0,194.0,28.71428571,72.93082176,5318.904762,0.0,0.0,1.0,1.0,0.0,0.0,0.0,1.0,1.0,33.5,64.66666667,2.333333333,3.0,194.0,3.0,7.0,8192.0,9811.0,1.0,20.0,0.0,0.0,0.0,0.0,0.0,0.0,0.0,0.0,Benign
53.0,17.0,2018-03-01 04:57:05,47372.0,2.0,2.0,70.0,130.0,35.0,35.0,35.0,0.0,65.0,65.0,65.0,0.0,4221.903234,84.43806468,15790.66667,13674.964,23825.0,1.0,23546.0,23546.0,0.0,23546.0,23546.0,1.0,1.0,0.0,1.0,1.0,0.0,0.0,16.0,16.0,42.21903234,42.21903234,35.0,65.0,47.0,16.43167673,270.0,0.0,0.0,0.0,0.0,0.0,0.0,0.0,0.0,1.0,58.75,35.0,65.0,2.0,70.0,2.0,130.0,-1.0,-1.0,1.0,8.0,0.0,0.0,0.0,0.0,0.0,0.0,0.0,0.0,Benign
0.0,0.0,2018-03-01 09:41:32,112640341.0,3.0,0.0,0.0,0.0,0.0,0.0,0.0,0.0,0.0,0.0,0.0,0.0,0.0,0.026633442,56300000.0,174.655375,56300000.0,56300000.0,113000000.0,56300000.0,174.655375,56300000.0,56300000.0,0.0,0.0,0.0,0.0,0.0,0.0,0.0,0.0,0.0,0.026633442,0.0,0.0,0.0,0.0,0.0,0.0,0.0,0.0,0.0,0.0,0.0,0.0,0.0,0.0,0.0,0.0,0.0,0.0,3.0,0.0,0.0,0.0,-1.0,-1.0,0.0,0.0,0.0,0.0,0.0,0.0,56300000.0,174.655375,56300000.0,56300000.0,Benign
443.0,6.0,2018-03-01 11:26:10,1086598.0,3.0,3.0,0.0,0.0,0.0,0.0,0.0,0.0,0.0,0.0,0.0,0.0,0.0,5.521821318,217319.6,263249.7428,506180.0,25064.0,1061524.0,530762.0,690.1362184,531250.0,530274.0,1061534.0,530767.0,688.7220049,531254.0,530280.0,0.0,0.0,92.0,60.0,2.760910659,2.760910659,0.0,0.0,0.0,0.0,0.0,0.0,0.0,1.0,1.0,0.0,0.0,0.0,1.0,1.0,0.0,0.0,0.0,3.0,0.0,3.0,0.0,8192.0,0.0,0.0,28.0,0.0,0.0,0.0,0.0,0.0,0.0,0.0,0.0,Benign
53.0,17.0,2018-03-01 11:51:47,12658.0,1.0,1.0,44.0,100.0,44.0,44.0,44.0,0.0,100.0,100.0,100.0,0.0,11376.20477,158.0028441,12658.0,0.0,12658.0,12658.0,0.0,0.0,0.0,0.0,0.0,0.0,0.0,0.0,0.0,0.0,0.0,0.0,8.0,8.0,79.00142203,79.00142203,44.0,100.0,62.66666667,32.33161507,1045.333333,0.0,0.0,0.0,0.0,0.0,0.0,0.0,0.0,1.0,94.0,44.0,100.0,1.0,44.0,1.0,100.0,-1.0,-1.0,0.0,8.0,0.0,0.0,0.0,0.0,0.0,0.0,0.0,0.0,Benign
53.0,17.0,2018-03-01 10:59:25,222.0,1.0,1.0,41.0,105.0,41.0,41.0,41.0,0.0,105.0,105.0,105.0,0.0,657657.6577,9009.009009,222.0,0.0,222.0,222.0,0.0,0.0,0.0,0.0,0.0,0.0,0.0,0.0,0.0,0.0,0.0,0.0,8.0,8.0,4504.504505,4504.504505,41.0,105.0,62.33333333,36.95041723,1365.333333,0.0,0.0,0.0,0.0,0.0,0.0,0.0,0.0,1.0,93.5,41.0,105.0,1.0,41.0,1.0,105.0,-1.0,-1.0,0.0,8.0,0.0,0.0,0.0,0.0,0.0,0.0,0.0,0.0,Benign
80.0,6.0,2018-03-01 04:40:06,79304.0,3.0,4.0,436.0,859.0,436.0,0.0,145.3333333,251.7247174,859.0,0.0,214.75,429.5,16329.56723,88.267931,13217.33333,20352.64448,40303.0,1.0,38998.0,19499.0,27126.03034,38680.0,318.0,40640.0,13546.66667,23460.91687,40637.0,1.0,0.0,0.0,72.0,92.0,37.82911329,50.43881771,0.0,859.0,161.875,320.3455445,102621.2679,0.0,0.0,1.0,1.0,0.0,0.0,0.0,1.0,1.0,185.0,145.3333333,214.75,3.0,436.0,4.0,859.0,8192.0,31.0,1.0,20.0,0.0,0.0,0.0,0.0,0.0,0.0,0.0,0.0,Benign
50161.0,6.0,2018-03-01 08:49:07,19.0,1.0,1.0,0.0,0.0,0.0,0.0,0.0,0.0,0.0,0.0,0.0,0.0,0.0,105263.1579,19.0,0.0,19.0,19.0,0.0,0.0,0.0,0.0,0.0,0.0,0.0,0.0,0.0,0.0,0.0,0.0,20.0,20.0,52631.57895,52631.57895,0.0,0.0,0.0,0.0,0.0,0.0,0.0,0.0,0.0,1.0,1.0,0.0,0.0,1.0,0.0,0.0,0.0,1.0,0.0,1.0,0.0,292.0,253.0,0.0,20.0,0.0,0.0,0.0,0.0,0.0,0.0,0.0,0.0,Benign
80.0,6.0,2018-03-01 01:10:06,116158862.0,18.0,16.0,875.0,1412.0,432.0,0.0,48.61111111,139.4789206,706.0,0.0,88.25,241.144908,19.68855377,0.292702592,3519965.515,4713007.383,10000000.0,17.0,116000000.0,6832874.235,4650237.037,10100000.0,166.0,112000000.0,7457658.867,4550699.63,10100000.0,95635.0,0.0,0.0,372.0,464.0,0.154960196,0.137742396,0.0,706.0,65.34285714,189.4800848,35902.70252,0.0,0.0,1.0,1.0,0.0,0.0,0.0,1.0,0.0,67.26470588,48.61111111,88.25,18.0,875.0,16.0,1412.0,8192.0,176.0,13.0,20.0,161173.7273,217604.5123,817276.0,95462.0,10000000.0,18409.96557,10000000.0,9952907.0,Benign
80.0,6.0,2018-03-01 03:38:48,115098483.0,16.0,14.0,445.0,706.0,434.0,0.0,27.8125,108.3175694,706.0,0.0,50.42857143,188.6864368,10.0001318,0.260646354,3968913.207,4879690.18,10000000.0,11.0,115000000.0,7673232.2,4163911.777,10000000.0,235.0,110000000.0,8476370.923,3756547.708,10000000.0,11384.0,0.0,0.0,332.0,424.0,0.139011389,0.121634965,0.0,706.0,37.12903226,146.5227495,21468.91613,0.0,0.0,1.0,1.0,0.0,0.0,0.0,1.0,0.0,38.36666667,27.8125,50.42857143,16.0,445.0,14.0,706.0,8192.0,172.0,12.0,20.0,19427.09091,27008.96156,100862.0,11217.0,9998035.364,20121.97425,10000000.0,9937366.0,Benign
3389.0,6.0,2018-03-01 03:28:39,1399349.0,8.0,7.0,1148.0,1581.0,677.0,0.0,143.5,228.1296624,1173.0,0.0,225.8571429,430.0986044,1950.192554,10.71927017,99953.5,251943.4805,968814.0,48.0,1399349.0,199907.0,384221.4752,1069445.0,48.0,1335490.0,222581.6667,365837.7419,968814.0,64719.0,0.0,0.0,168.0,148.0,5.716944093,5.002326082,0.0,1173.0,170.5625,319.4332416,102037.5958,0.0,0.0,0.0,1.0,0.0,0.0,0.0,0.0,0.0,181.9333333,143.5,225.8571429,8.0,1148.0,7.0,1581.0,8192.0,62852.0,5.0,20.0,0.0,0.0,0.0,0.0,0.0,0.0,0.0,0.0,Benign
53.0,17.0,2018-03-01 01:37:37,29087.0,2.0,2.0,80.0,112.0,40.0,40.0,40.0,0.0,56.0,56.0,56.0,0.0,6600.886994,137.518479,9695.666667,16087.57677,28272.0,405.0,28682.0,28682.0,0.0,28682.0,28682.0,28677.0,28677.0,0.0,28677.0,28677.0,0.0,0.0,16.0,16.0,68.75923952,68.75923952,40.0,56.0,46.4,8.76356092,76.8,0.0,0.0,0.0,0.0,0.0,0.0,0.0,0.0,1.0,58.0,40.0,56.0,2.0,80.0,2.0,112.0,-1.0,-1.0,1.0,8.0,0.0,0.0,0.0,0.0,0.0,0.0,0.0,0.0,Benign
3389.0,6.0,2018-03-01 12:55:28,1398883.0,8.0,7.0,1132.0,1581.0,661.0,0.0,141.5,222.7920235,1173.0,0.0,225.8571429,430.0986044,1939.404511,10.72284101,99920.21429,251972.4814,968832.0,2.0,1398883.0,199840.4286,383561.6841,1067818.0,2.0,1336385.0,222730.8333,365772.6485,968832.0,62834.0,0.0,0.0,168.0,148.0,5.718848538,5.003992471,0.0,1173.0,169.5625,317.7627981,100973.1958,0.0,0.0,0.0,1.0,0.0,0.0,0.0,0.0,0.0,180.8666667,141.5,225.8571429,8.0,1132.0,7.0,1581.0,8192.0,62868.0,5.0,20.0,0.0,0.0,0.0,0.0,0.0,0.0,0.0,0.0,Benign
53.0,17.0,2018-03-01 02:57:17,708.0,1.0,1.0,44.0,72.0,44.0,44.0,44.0,0.0,72.0,72.0,72.0,0.0,163841.8079,2824.858757,708.0,0.0,708.0,708.0,0.0,0.0,0.0,0.0,0.0,0.0,0.0,0.0,0.0,0.0,0.0,0.0,8.0,8.0,1412.429379,1412.429379,44.0,72.0,53.33333333,16.16580754,261.3333333,0.0,0.0,0.0,0.0,0.0,0.0,0.0,0.0,1.0,80.0,44.0,72.0,1.0,44.0,1.0,72.0,-1.0,-1.0,0.0,8.0,0.0,0.0,0.0,0.0,0.0,0.0,0.0,0.0,Benign
53.0,17.0,2018-03-01 01:15:21,24288.0,2.0,2.0,64.0,178.0,32.0,32.0,32.0,0.0,89.0,89.0,89.0,0.0,9963.768116,164.6903821,8096.0,8748.702704,17554.0,293.0,23995.0,23995.0,0.0,23995.0,23995.0,6734.0,6734.0,0.0,6734.0,6734.0,0.0,0.0,16.0,16.0,82.34519104,82.34519104,32.0,89.0,54.8,31.22018578,974.7,0.0,0.0,0.0,0.0,0.0,0.0,0.0,0.0,1.0,68.5,32.0,89.0,2.0,64.0,2.0,178.0,-1.0,-1.0,1.0,8.0,0.0,0.0,0.0,0.0,0.0,0.0,0.0,0.0,Benign
51679.0,6.0,2018-03-01 01:17:44,129.0,2.0,0.0,0.0,0.0,0.0,0.0,0.0,0.0,0.0,0.0,0.0,0.0,0.0,15503.87597,129.0,0.0,129.0,129.0,129.0,129.0,0.0,129.0,129.0,0.0,0.0,0.0,0.0,0.0,0.0,0.0,40.0,0.0,15503.87597,0.0,0.0,0.0,0.0,0.0,0.0,1.0,0.0,0.0,0.0,0.0,0.0,0.0,0.0,0.0,0.0,0.0,0.0,2.0,0.0,0.0,0.0,0.0,-1.0,0.0,20.0,0.0,0.0,0.0,0.0,0.0,0.0,0.0,0.0,Benign
443.0,6.0,2018-03-01 11:56:40,1085.0,3.0,0.0,77.0,0.0,46.0,0.0,25.66666667,23.45918441,0.0,0.0,0.0,0.0,70967.74194,2764.976959,542.5,748.8260813,1072.0,13.0,1085.0,542.5,748.8260813,1072.0,13.0,0.0,0.0,0.0,0.0,0.0,1.0,0.0,60.0,0.0,2764.976959,0.0,0.0,46.0,30.75,21.68524844,470.25,0.0,1.0,0.0,0.0,1.0,0.0,0.0,0.0,0.0,41.0,25.66666667,0.0,3.0,77.0,0.0,0.0,256.0,-1.0,1.0,20.0,0.0,0.0,0.0,0.0,0.0,0.0,0.0,0.0,Benign
3389.0,6.0,2018-03-01 01:07:24,1403169.0,8.0,7.0,1148.0,1581.0,677.0,0.0,143.5,228.1296624,1173.0,0.0,225.8571429,430.0986044,1944.883332,10.69008794,100226.3571,251838.7271,968792.0,31.0,1403169.0,200452.7143,387352.181,1077148.0,31.0,1339774.0,223295.6667,365621.0962,968792.0,63723.0,0.0,0.0,168.0,148.0,5.701380233,4.988707704,0.0,1173.0,170.5625,319.4332416,102037.5958,0.0,0.0,0.0,1.0,0.0,0.0,0.0,0.0,0.0,181.9333333,143.5,225.8571429,8.0,1148.0,7.0,1581.0,8192.0,62852.0,5.0,20.0,0.0,0.0,0.0,0.0,0.0,0.0,0.0,0.0,Benign
52956.0,6.0,2018-03-01 05:03:05,369.0,3.0,1.0,31.0,0.0,31.0,0.0,10.33333333,17.89785834,0.0,0.0,0.0,0.0,84010.84011,10840.1084,123.0,195.9770395,349.0,0.0,349.0,174.5,246.7802666,349.0,0.0,0.0,0.0,0.0,0.0,0.0,0.0,0.0,60.0,20.0,8130.081301,2710.0271,0.0,31.0,6.2,13.86362146,192.2,0.0,0.0,0.0,0.0,1.0,0.0,0.0,0.0,0.0,7.75,10.33333333,0.0,3.0,31.0,1.0,0.0,1087.0,0.0,1.0,20.0,0.0,0.0,0.0,0.0,0.0,0.0,0.0,0.0,Benign
22.0,6.0,2018-03-01 03:15:11,1849994.0,11.0,11.0,1195.0,1969.0,648.0,0.0,108.6363636,196.1154113,976.0,0.0,179.0,364.1864907,1710.275817,11.89193046,88094.95238,119497.481,253636.0,10.0,1849994.0,184999.4,128369.9121,289555.0,24.0,1597398.0,159739.8,128895.1328,290338.0,77.0,0.0,0.0,360.0,360.0,5.94596523,5.94596523,0.0,976.0,137.5652174,282.6775912,79906.62055,0.0,0.0,0.0,1.0,0.0,0.0,0.0,0.0,1.0,143.8181818,108.6363636,179.0,11.0,1195.0,11.0,1969.0,29200.0,230.0,7.0,32.0,0.0,0.0,0.0,0.0,0.0,0.0,0.0,0.0,Benign
53.0,17.0,2018-03-01 04:51:30,25492.0,2.0,2.0,84.0,116.0,42.0,42.0,42.0,0.0,58.0,58.0,58.0,0.0,7845.598619,156.9119724,8497.333333,13575.53109,24155.0,18.0,24155.0,24155.0,0.0,24155.0,24155.0,18.0,18.0,0.0,18.0,18.0,0.0,0.0,16.0,16.0,78.45598619,78.45598619,42.0,58.0,48.4,8.76356092,76.8,0.0,0.0,0.0,0.0,0.0,0.0,0.0,0.0,1.0,60.5,42.0,58.0,2.0,84.0,2.0,116.0,-1.0,-1.0,1.0,8.0,0.0,0.0,0.0,0.0,0.0,0.0,0.0,0.0,Benign
50157.0,6.0,2018-03-01 09:10:16,67.0,2.0,0.0,0.0,0.0,0.0,0.0,0.0,0.0,0.0,0.0,0.0,0.0,0.0,29850.74627,67.0,0.0,67.0,67.0,67.0,67.0,0.0,67.0,67.0,0.0,0.0,0.0,0.0,0.0,0.0,0.0,40.0,0.0,29850.74627,0.0,0.0,0.0,0.0,0.0,0.0,0.0,0.0,0.0,0.0,1.0,0.0,0.0,0.0,0.0,0.0,0.0,0.0,2.0,0.0,0.0,0.0,127.0,-1.0,0.0,20.0,0.0,0.0,0.0,0.0,0.0,0.0,0.0,0.0,Benign
443.0,6.0,2018-03-01 11:07:34,32259416.0,5.0,6.0,316.0,990.0,270.0,0.0,63.2,117.3081412,590.0,0.0,165.0,226.2838925,40.48430387,0.340985714,3225941.6,10200000.0,32100000.0,7.0,32300000.0,8064854.0,16100000.0,32200000.0,304.0,96898.0,19379.6,29222.63448,66265.0,39.0,1.0,0.0,100.0,120.0,0.154993506,0.185992208,0.0,590.0,131.3333333,180.9838432,32755.15152,0.0,1.0,0.0,0.0,1.0,0.0,0.0,0.0,1.0,143.2727273,63.2,165.0,5.0,316.0,6.0,990.0,254.0,405.0,1.0,20.0,123175.0,0.0,123175.0,123175.0,32100000.0,0.0,32100000.0,32100000.0,Benign
443.0,6.0,2018-03-01 10:46:20,118495886.0,13.0,11.0,601.0,3190.0,201.0,0.0,46.23076923,69.68399367,1430.0,0.0,290.0,533.0686635,31.99267188,0.202538677,5151995.043,16900000.0,58900000.0,1.0,118000000.0,9874657.167,22900000.0,58900000.0,457.0,118000000.0,11800000.0,24900000.0,59100000.0,1.0,0.0,0.0,272.0,232.0,0.10970845,0.092830227,0.0,1430.0,151.64,369.5667373,136579.5733,0.0,0.0,1.0,1.0,0.0,0.0,0.0,1.0,0.0,157.9583333,46.23076923,290.0,13.0,601.0,11.0,3190.0,8192.0,176.0,6.0,20.0,309799.0,217647.4672,463699.0,155899.0,58900000.0,85836.39928,58900000.0,58800000.0,Benign
53.0,17.0,2018-03-01 08:57:30,377.0,1.0,1.0,37.0,69.0,37.0,37.0,37.0,0.0,69.0,69.0,69.0,0.0,281167.1088,5305.039788,377.0,0.0,377.0,377.0,0.0,0.0,0.0,0.0,0.0,0.0,0.0,0.0,0.0,0.0,0.0,0.0,8.0,8.0,2652.519894,2652.519894,37.0,69.0,47.66666667,18.47520861,341.3333333,0.0,0.0,0.0,0.0,0.0,0.0,0.0,0.0,1.0,71.5,37.0,69.0,1.0,37.0,1.0,69.0,-1.0,-1.0,0.0,8.0,0.0,0.0,0.0,0.0,0.0,0.0,0.0,0.0,Benign
3389.0,6.0,2018-03-01 12:50:20,6503610.0,10.0,12.0,1213.0,2460.0,661.0,0.0,121.3,201.6774377,1173.0,0.0,205.0,333.0623747,564.7632622,3.382736665,309695.7143,665792.2502,3010859.0,12.0,6503610.0,722623.3333,978392.514,3044585.0,58.0,6338983.0,576271.1818,850176.4009,3010859.0,111612.0,0.0,0.0,224.0,276.0,1.537607575,1.84512909,0.0,1173.0,159.6956522,273.9587618,75053.40316,0.0,0.0,1.0,1.0,0.0,0.0,0.0,1.0,1.0,166.9545455,121.3,205.0,10.0,1213.0,12.0,2460.0,8192.0,62872.0,6.0,20.0,0.0,0.0,0.0,0.0,0.0,0.0,0.0,0.0,Benign
50930.0,6.0,2018-03-01 11:04:01,40329.0,2.0,1.0,38.0,0.0,38.0,0.0,19.0,26.87005769,0.0,0.0,0.0,0.0,942.2499938,74.38815741,20164.5,28454.68398,40285.0,44.0,40329.0,40329.0,0.0,40329.0,40329.0,0.0,0.0,0.0,0.0,0.0,1.0,0.0,40.0,20.0,49.59210494,24.79605247,0.0,38.0,19.0,21.93931023,481.3333333,0.0,1.0,0.0,0.0,1.0,0.0,0.0,0.0,0.0,25.33333333,19.0,0.0,2.0,38.0,1.0,0.0,176.0,0.0,0.0,20.0,0.0,0.0,0.0,0.0,0.0,0.0,0.0,0.0,Benign
443.0,6.0,2018-03-01 04:48:34,5624852.0,9.0,7.0,344.0,5286.0,187.0,0.0,38.22222222,69.5139874,1460.0,0.0,755.1428571,692.5333755,1000.915224,2.844519287,374990.1333,1397454.703,5426013.0,5.0,5624852.0,703106.5,1908604.32,5426013.0,27.0,120373.0,20062.16667,26004.0443,58825.0,12.0,0.0,0.0,192.0,152.0,1.600042099,1.244477188,0.0,1460.0,331.1764706,562.1711522,316036.4044,0.0,0.0,1.0,1.0,0.0,0.0,0.0,1.0,0.0,351.875,38.22222222,755.1428571,9.0,344.0,7.0,5286.0,8192.0,123.0,3.0,20.0,198812.0,0.0,198812.0,198812.0,5426013.0,0.0,5426013.0,5426013.0,Benign
443.0,6.0,2018-03-01 03:48:29,5811636.0,8.0,6.0,348.0,4155.0,191.0,0.0,43.5,73.85313612,1460.0,0.0,692.5,693.8235366,774.8248514,2.408960231,447048.9231,1546783.363,5594591.0,6.0,5811636.0,830233.7143,2101100.572,5594591.0,14.0,123332.0,24666.4,34834.04064,77452.0,18.0,0.0,0.0,172.0,132.0,1.376548703,1.032411527,0.0,1460.0,300.2,533.573559,284700.7429,0.0,0.0,1.0,1.0,0.0,0.0,0.0,1.0,0.0,321.6428571,43.5,692.5,8.0,348.0,6.0,4155.0,8192.0,946.0,3.0,20.0,217031.0,0.0,217031.0,217031.0,5594591.0,0.0,5594591.0,5594591.0,Benign
53.0,17.0,2018-03-01 01:44:28,1090.0,1.0,1.0,46.0,114.0,46.0,46.0,46.0,0.0,114.0,114.0,114.0,0.0,146788.9908,1834.862385,1090.0,0.0,1090.0,1090.0,0.0,0.0,0.0,0.0,0.0,0.0,0.0,0.0,0.0,0.0,0.0,0.0,8.0,8.0,917.4311927,917.4311927,46.0,114.0,68.66666667,39.2598183,1541.333333,0.0,0.0,0.0,0.0,0.0,0.0,0.0,0.0,1.0,103.0,46.0,114.0,1.0,46.0,1.0,114.0,-1.0,-1.0,0.0,8.0,0.0,0.0,0.0,0.0,0.0,0.0,0.0,0.0,Benign
26740.0,6.0,2018-03-01 09:21:28,86325735.0,2.0,0.0,0.0,0.0,0.0,0.0,0.0,0.0,0.0,0.0,0.0,0.0,0.0,0.023168062,86300000.0,0.0,86300000.0,86300000.0,86300000.0,86300000.0,0.0,86300000.0,86300000.0,0.0,0.0,0.0,0.0,0.0,0.0,0.0,40.0,0.0,0.023168062,0.0,0.0,0.0,0.0,0.0,0.0,0.0,0.0,0.0,0.0,1.0,0.0,0.0,0.0,0.0,0.0,0.0,0.0,2.0,0.0,0.0,0.0,62605.0,-1.0,0.0,20.0,0.0,0.0,0.0,0.0,86300000.0,0.0,86300000.0,86300000.0,Benign
3389.0,6.0,2018-03-01 03:01:39,11690397.0,8.0,8.0,1132.0,1581.0,661.0,0.0,141.5,222.7920235,1173.0,0.0,197.625,406.121705,232.0708185,1.368644709,779359.8,2555540.277,9958582.0,3.0,11700000.0,1670056.714,3737750.459,10100000.0,3.0,11600000.0,1657859.571,3681250.268,9958582.0,80407.0,0.0,0.0,168.0,168.0,0.684322354,0.684322354,0.0,1173.0,159.5882353,310.4088149,96353.63235,0.0,0.0,0.0,1.0,0.0,0.0,0.0,0.0,1.0,169.5625,141.5,197.625,8.0,1132.0,8.0,1581.0,8192.0,62868.0,5.0,20.0,125894.0,0.0,125894.0,125894.0,9958582.0,0.0,9958582.0,9958582.0,Benign
53.0,17.0,2018-03-01 03:37:24,699.0,1.0,1.0,32.0,128.0,32.0,32.0,32.0,0.0,128.0,128.0,128.0,0.0,228898.4263,2861.230329,699.0,0.0,699.0,699.0,0.0,0.0,0.0,0.0,0.0,0.0,0.0,0.0,0.0,0.0,0.0,0.0,8.0,8.0,1430.615165,1430.615165,32.0,128.0,64.0,55.42562584,3072.0,0.0,0.0,0.0,0.0,0.0,0.0,0.0,0.0,1.0,96.0,32.0,128.0,1.0,32.0,1.0,128.0,-1.0,-1.0,0.0,8.0,0.0,0.0,0.0,0.0,0.0,0.0,0.0,0.0,Benign
53.0,17.0,2018-03-01 10:58:01,1425.0,1.0,1.0,31.0,78.0,31.0,31.0,31.0,0.0,78.0,78.0,78.0,0.0,76491.22807,1403.508772,1425.0,0.0,1425.0,1425.0,0.0,0.0,0.0,0.0,0.0,0.0,0.0,0.0,0.0,0.0,0.0,0.0,8.0,8.0,701.754386,701.754386,31.0,78.0,46.66666667,27.13546265,736.3333333,0.0,0.0,0.0,0.0,0.0,0.0,0.0,0.0,1.0,70.0,31.0,78.0,1.0,31.0,1.0,78.0,-1.0,-1.0,0.0,8.0,0.0,0.0,0.0,0.0,0.0,0.0,0.0,0.0,Benign
500.0,17.0,2018-03-01 11:35:17,89480042.0,6.0,0.0,3000.0,0.0,500.0,500.0,500.0,0.0,0.0,0.0,0.0,0.0,33.52702941,0.067054059,17900000.0,15300000.0,42000000.0,4000391.0,89500000.0,17900000.0,15300000.0,42000000.0,4000391.0,0.0,0.0,0.0,0.0,0.0,0.0,0.0,48.0,0.0,0.067054059,0.0,500.0,500.0,500.0,0.0,0.0,0.0,0.0,0.0,0.0,0.0,0.0,0.0,0.0,0.0,583.3333333,500.0,0.0,6.0,3000.0,0.0,0.0,-1.0,-1.0,5.0,8.0,4000391.0,0.0,4000391.0,4000391.0,21400000.0,15300000.0,42000000.0,7200594.0,Benign
53.0,17.0,2018-03-01 04:32:31,1751.0,1.0,1.0,31.0,78.0,31.0,31.0,31.0,0.0,78.0,78.0,78.0,0.0,62250.14278,1142.204455,1751.0,0.0,1751.0,1751.0,0.0,0.0,0.0,0.0,0.0,0.0,0.0,0.0,0.0,0.0,0.0,0.0,8.0,8.0,571.1022273,571.1022273,31.0,78.0,46.66666667,27.13546265,736.3333333,0.0,0.0,0.0,0.0,0.0,0.0,0.0,0.0,1.0,70.0,31.0,78.0,1.0,31.0,1.0,78.0,-1.0,-1.0,0.0,8.0,0.0,0.0,0.0,0.0,0.0,0.0,0.0,0.0,Benign
80.0,6.0,2018-03-01 04:17:34,115208748.0,16.0,14.0,417.0,334.0,406.0,0.0,26.0625,101.3176317,334.0,0.0,23.85714286,89.2652548,6.518602216,0.260396893,3972715.448,4905205.717,10100000.0,29.0,115000000.0,7680583.2,4228741.165,10100000.0,4579.0,111000000.0,8544264.077,3783276.815,10100000.0,17012.0,0.0,0.0,332.0,424.0,0.138878343,0.12151855,0.0,406.0,24.22580645,92.77381444,8606.980645,0.0,0.0,1.0,1.0,0.0,0.0,0.0,1.0,0.0,25.03333333,26.0625,23.85714286,16.0,417.0,14.0,334.0,8192.0,172.0,12.0,20.0,32441.45455,47347.32595,175199.0,18133.0,10100000.0,54591.54135,10100000.0,9900727.0,Benign
135.0,6.0,2018-03-01 03:37:36,218731.0,2.0,0.0,0.0,0.0,0.0,0.0,0.0,0.0,0.0,0.0,0.0,0.0,0.0,9.143651334,218731.0,0.0,218731.0,218731.0,218731.0,218731.0,0.0,218731.0,218731.0,0.0,0.0,0.0,0.0,0.0,1.0,1.0,80.0,0.0,9.143651334,0.0,0.0,0.0,0.0,0.0,0.0,0.0,1.0,0.0,1.0,0.0,1.0,1.0,0.0,0.0,0.0,0.0,0.0,2.0,0.0,0.0,0.0,256.0,-1.0,0.0,40.0,0.0,0.0,0.0,0.0,0.0,0.0,0.0,0.0,Benign
1121.0,6.0,2018-03-01 10:27:15,1.0,1.0,1.0,0.0,0.0,0.0,0.0,0.0,0.0,0.0,0.0,0.0,0.0,0.0,2000000.0,1.0,0.0,1.0,1.0,0.0,0.0,0.0,0.0,0.0,0.0,0.0,0.0,0.0,0.0,0.0,0.0,24.0,20.0,1000000.0,1000000.0,0.0,0.0,0.0,0.0,0.0,0.0,0.0,0.0,1.0,0.0,0.0,0.0,0.0,1.0,0.0,0.0,0.0,1.0,0.0,1.0,0.0,1024.0,0.0,0.0,24.0,0.0,0.0,0.0,0.0,0.0,0.0,0.0,0.0,Benign
53.0,17.0,2018-03-01 05:14:52,252.0,1.0,1.0,51.0,67.0,51.0,51.0,51.0,0.0,67.0,67.0,67.0,0.0,468253.9683,7936.507937,252.0,0.0,252.0,252.0,0.0,0.0,0.0,0.0,0.0,0.0,0.0,0.0,0.0,0.0,0.0,0.0,8.0,8.0,3968.253968,3968.253968,51.0,67.0,56.33333333,9.237604307,85.33333333,0.0,0.0,0.0,0.0,0.0,0.0,0.0,0.0,1.0,84.5,51.0,67.0,1.0,51.0,1.0,67.0,-1.0,-1.0,0.0,8.0,0.0,0.0,0.0,0.0,0.0,0.0,0.0,0.0,Benign
443.0,6.0,2018-03-01 03:46:38,1167.0,3.0,0.0,77.0,0.0,46.0,0.0,25.66666667,23.45918441,0.0,0.0,0.0,0.0,65981.14824,2570.694087,583.5,806.8088373,1154.0,13.0,1167.0,583.5,806.8088373,1154.0,13.0,0.0,0.0,0.0,0.0,0.0,1.0,0.0,60.0,0.0,2570.694087,0.0,0.0,46.0,30.75,21.68524844,470.25,0.0,1.0,0.0,0.0,1.0,0.0,0.0,0.0,0.0,41.0,25.66666667,0.0,3.0,77.0,0.0,0.0,258.0,-1.0,1.0,20.0,0.0,0.0,0.0,0.0,0.0,0.0,0.0,0.0,Benign
445.0,6.0,2018-03-01 04:48:29,165225.0,5.0,4.0,286.0,170.0,103.0,0.0,57.2,52.48523602,131.0,0.0,42.5,61.79805822,2759.872901,54.47117567,20653.125,35265.57329,100132.0,2.0,165188.0,41297.0,42190.24874,100249.0,2.0,165184.0,55061.33333,39094.70878,100169.0,30968.0,0.0,0.0,112.0,92.0,30.26176426,24.20941141,0.0,131.0,45.6,52.98469381,2807.377778,0.0,0.0,0.0,1.0,0.0,0.0,0.0,0.0,0.0,50.66666667,57.2,42.5,5.0,286.0,4.0,170.0,8192.0,0.0,3.0,20.0,0.0,0.0,0.0,0.0,0.0,0.0,0.0,0.0,Benign
15004.0,6.0,2018-03-01 02:40:05,2.0,1.0,1.0,0.0,0.0,0.0,0.0,0.0,0.0,0.0,0.0,0.0,0.0,0.0,1000000.0,2.0,0.0,2.0,2.0,0.0,0.0,0.0,0.0,0.0,0.0,0.0,0.0,0.0,0.0,0.0,0.0,24.0,20.0,500000.0,500000.0,0.0,0.0,0.0,0.0,0.0,0.0,0.0,0.0,1.0,0.0,0.0,0.0,0.0,1.0,0.0,0.0,0.0,1.0,0.0,1.0,0.0,1024.0,0.0,0.0,24.0,0.0,0.0,0.0,0.0,0.0,0.0,0.0,0.0,Benign
50109.0,6.0,2018-03-01 08:46:21,206.0,2.0,1.0,38.0,0.0,38.0,0.0,19.0,26.87005769,0.0,0.0,0.0,0.0,184466.0194,14563.1068,103.0,121.6223664,189.0,17.0,206.0,206.0,0.0,206.0,206.0,0.0,0.0,0.0,0.0,0.0,1.0,0.0,40.0,20.0,9708.737864,4854.368932,0.0,38.0,19.0,21.93931023,481.3333333,0.0,1.0,0.0,0.0,1.0,0.0,0.0,0.0,0.0,25.33333333,19.0,0.0,2.0,38.0,1.0,0.0,123.0,0.0,0.0,20.0,0.0,0.0,0.0,0.0,0.0,0.0,0.0,0.0,Benign
50949.0,6.0,2018-03-01 10:59:43,1741.0,3.0,1.0,31.0,0.0,31.0,0.0,10.33333333,17.89785834,0.0,0.0,0.0,0.0,17805.8587,2297.530155,580.3333333,997.3827416,1732.0,0.0,1732.0,866.0,1224.708945,1732.0,0.0,0.0,0.0,0.0,0.0,0.0,0.0,0.0,60.0,20.0,1723.147616,574.3825388,0.0,31.0,6.2,13.86362146,192.2,0.0,0.0,0.0,0.0,1.0,0.0,0.0,0.0,0.0,7.75,10.33333333,0.0,3.0,31.0,1.0,0.0,984.0,0.0,1.0,20.0,0.0,0.0,0.0,0.0,0.0,0.0,0.0,0.0,Benign
443.0,6.0,2018-03-01 01:40:41,110179501.0,12.0,12.0,12.0,0.0,1.0,1.0,1.0,0.0,0.0,0.0,0.0,0.0,0.108913182,0.217826363,4790413.087,5104296.536,10000000.0,10786.0,110000000.0,10000000.0,25.59012594,10000000.0,10000000.0,110000000.0,10000000.0,75.84517723,10000000.0,10000000.0,0.0,0.0,240.0,384.0,0.108913182,0.108913182,0.0,1.0,0.52,0.509901951,0.26,0.0,0.0,0.0,0.0,1.0,0.0,0.0,0.0,1.0,0.541666667,1.0,0.0,12.0,12.0,12.0,0.0,256.0,72.0,11.0,20.0,10843.63636,45.59665059,10917.0,10786.0,10000000.0,47.58781357,10000000.0,10000000.0,Benign
53.0,17.0,2018-03-01 02:07:42,289.0,1.0,1.0,45.0,61.0,45.0,45.0,45.0,0.0,61.0,61.0,61.0,0.0,366782.0069,6920.415225,289.0,0.0,289.0,289.0,0.0,0.0,0.0,0.0,0.0,0.0,0.0,0.0,0.0,0.0,0.0,0.0,8.0,8.0,3460.207612,3460.207612,45.0,61.0,50.33333333,9.237604307,85.33333333,0.0,0.0,0.0,0.0,0.0,0.0,0.0,0.0,1.0,75.5,45.0,61.0,1.0,45.0,1.0,61.0,-1.0,-1.0,0.0,8.0,0.0,0.0,0.0,0.0,0.0,0.0,0.0,0.0,Benign
53.0,17.0,2018-03-01 04:17:55,32539.0,2.0,2.0,84.0,318.0,42.0,42.0,42.0,0.0,159.0,159.0,159.0,0.0,12354.40548,122.9294078,10846.33333,17951.17671,31567.0,1.0,31567.0,31567.0,0.0,31567.0,31567.0,1.0,1.0,0.0,1.0,1.0,0.0,0.0,16.0,16.0,61.46470389,61.46470389,42.0,159.0,88.8,64.08353923,4106.7,0.0,0.0,0.0,0.0,0.0,0.0,0.0,0.0,1.0,111.0,42.0,159.0,2.0,84.0,2.0,318.0,-1.0,-1.0,1.0,8.0,0.0,0.0,0.0,0.0,0.0,0.0,0.0,0.0,Benign
53.0,17.0,2018-03-01 03:54:25,1327.0,1.0,1.0,34.0,79.0,34.0,34.0,34.0,0.0,79.0,79.0,79.0,0.0,85154.4838,1507.159005,1327.0,0.0,1327.0,1327.0,0.0,0.0,0.0,0.0,0.0,0.0,0.0,0.0,0.0,0.0,0.0,0.0,8.0,8.0,753.5795026,753.5795026,34.0,79.0,49.0,25.98076211,675.0,0.0,0.0,0.0,0.0,0.0,0.0,0.0,0.0,1.0,73.5,34.0,79.0,1.0,34.0,1.0,79.0,-1.0,-1.0,0.0,8.0,0.0,0.0,0.0,0.0,0.0,0.0,0.0,0.0,Benign
53.0,17.0,2018-03-01 11:51:31,303.0,1.0,1.0,38.0,54.0,38.0,38.0,38.0,0.0,54.0,54.0,54.0,0.0,303630.363,6600.660066,303.0,0.0,303.0,303.0,0.0,0.0,0.0,0.0,0.0,0.0,0.0,0.0,0.0,0.0,0.0,0.0,8.0,8.0,3300.330033,3300.330033,38.0,54.0,43.33333333,9.237604307,85.33333333,0.0,0.0,0.0,0.0,0.0,0.0,0.0,0.0,1.0,65.0,38.0,54.0,1.0,38.0,1.0,54.0,-1.0,-1.0,0.0,8.0,0.0,0.0,0.0,0.0,0.0,0.0,0.0,0.0,Benign
8080.0,6.0,2018-03-01 11:15:46,21.0,1.0,1.0,0.0,0.0,0.0,0.0,0.0,0.0,0.0,0.0,0.0,0.0,0.0,95238.09524,21.0,0.0,21.0,21.0,0.0,0.0,0.0,0.0,0.0,0.0,0.0,0.0,0.0,0.0,0.0,0.0,20.0,20.0,47619.04762,47619.04762,0.0,0.0,0.0,0.0,0.0,0.0,0.0,0.0,1.0,0.0,0.0,0.0,0.0,1.0,0.0,0.0,0.0,1.0,0.0,1.0,0.0,16384.0,0.0,0.0,20.0,0.0,0.0,0.0,0.0,0.0,0.0,0.0,0.0,Benign
62948.0,6.0,2018-03-01 12:02:59,31.0,2.0,0.0,0.0,0.0,0.0,0.0,0.0,0.0,0.0,0.0,0.0,0.0,0.0,64516.12903,31.0,0.0,31.0,31.0,31.0,31.0,0.0,31.0,31.0,0.0,0.0,0.0,0.0,0.0,0.0,0.0,40.0,0.0,64516.12903,0.0,0.0,0.0,0.0,0.0,0.0,0.0,0.0,0.0,0.0,1.0,0.0,0.0,0.0,0.0,0.0,0.0,0.0,2.0,0.0,0.0,0.0,64240.0,-1.0,0.0,20.0,0.0,0.0,0.0,0.0,0.0,0.0,0.0,0.0,Benign
50011.0,6.0,2018-03-01 08:48:41,2296.0,3.0,1.0,82.0,0.0,51.0,0.0,27.33333333,25.69695183,0.0,0.0,0.0,0.0,35714.28571,1742.160279,765.3333333,1310.901344,2279.0,0.0,2296.0,1148.0,1623.51717,2296.0,0.0,0.0,0.0,0.0,0.0,0.0,1.0,0.0,60.0,20.0,1306.620209,435.5400697,0.0,51.0,26.6,25.6183528,656.3,0.0,1.0,0.0,0.0,1.0,0.0,0.0,0.0,0.0,33.25,27.33333333,0.0,3.0,82.0,1.0,0.0,110.0,0.0,1.0,20.0,0.0,0.0,0.0,0.0,0.0,0.0,0.0,0.0,Benign
50669.0,6.0,2018-03-01 09:45:57,20.0,1.0,1.0,0.0,0.0,0.0,0.0,0.0,0.0,0.0,0.0,0.0,0.0,0.0,100000.0,20.0,0.0,20.0,20.0,0.0,0.0,0.0,0.0,0.0,0.0,0.0,0.0,0.0,0.0,0.0,0.0,20.0,20.0,50000.0,50000.0,0.0,0.0,0.0,0.0,0.0,0.0,0.0,0.0,0.0,1.0,1.0,0.0,0.0,1.0,0.0,0.0,0.0,1.0,0.0,1.0,0.0,180.0,256.0,0.0,20.0,0.0,0.0,0.0,0.0,0.0,0.0,0.0,0.0,Benign
0.0,0.0,2018-03-01 01:52:48,116869794.0,24.0,0.0,0.0,0.0,0.0,0.0,0.0,0.0,0.0,0.0,0.0,0.0,0.0,0.205356741,5081295.391,77505.69952,5188940.0,5002323.0,117000000.0,5081295.391,77505.69952,5188940.0,5002323.0,0.0,0.0,0.0,0.0,0.0,0.0,0.0,0.0,0.0,0.205356741,0.0,0.0,0.0,0.0,0.0,0.0,0.0,0.0,0.0,0.0,0.0,0.0,0.0,0.0,0.0,0.0,0.0,0.0,24.0,0.0,0.0,0.0,-1.0,-1.0,0.0,0.0,0.0,0.0,0.0,0.0,5081295.391,77505.69952,5188940.0,5002323.0,Benign
5859.0,6.0,2018-03-01 10:49:48,2.0,1.0,1.0,0.0,0.0,0.0,0.0,0.0,0.0,0.0,0.0,0.0,0.0,0.0,1000000.0,2.0,0.0,2.0,2.0,0.0,0.0,0.0,0.0,0.0,0.0,0.0,0.0,0.0,0.0,0.0,0.0,24.0,20.0,500000.0,500000.0,0.0,0.0,0.0,0.0,0.0,0.0,0.0,0.0,1.0,0.0,0.0,0.0,0.0,1.0,0.0,0.0,0.0,1.0,0.0,1.0,0.0,1024.0,0.0,0.0,24.0,0.0,0.0,0.0,0.0,0.0,0.0,0.0,0.0,Benign
443.0,6.0,2018-03-01 09:55:52,128527.0,3.0,3.0,194.0,7.0,194.0,0.0,64.66666667,112.0059522,7.0,0.0,2.333333333,4.041451884,1563.873739,46.68279817,25705.4,35057.66417,64469.0,29.0,64750.0,32375.0,45428.78226,64498.0,252.0,64058.0,32029.0,45253.41978,64028.0,30.0,0.0,0.0,72.0,64.0,23.34139908,23.34139908,0.0,194.0,28.71428571,72.93082176,5318.904762,0.0,0.0,1.0,1.0,0.0,0.0,0.0,1.0,1.0,33.5,64.66666667,2.333333333,3.0,194.0,3.0,7.0,8192.0,9811.0,1.0,20.0,0.0,0.0,0.0,0.0,0.0,0.0,0.0,0.0,Benign
53.0,17.0,2018-03-01 05:27:35,15276.0,1.0,1.0,44.0,198.0,44.0,44.0,44.0,0.0,198.0,198.0,198.0,0.0,15841.84341,130.9243257,15276.0,0.0,15276.0,15276.0,0.0,0.0,0.0,0.0,0.0,0.0,0.0,0.0,0.0,0.0,0.0,0.0,8.0,8.0,65.46216287,65.46216287,44.0,198.0,95.33333333,88.91194146,7905.333333,0.0,0.0,0.0,0.0,0.0,0.0,0.0,0.0,1.0,143.0,44.0,198.0,1.0,44.0,1.0,198.0,-1.0,-1.0,0.0,8.0,0.0,0.0,0.0,0.0,0.0,0.0,0.0,0.0,Benign
445.0,6.0,2018-03-01 08:40:56,741232.0,5.0,4.0,286.0,170.0,103.0,0.0,57.2,52.48523602,131.0,0.0,42.5,61.79805822,615.1920047,12.14194746,92654.0,127718.4018,249424.0,3.0,741140.0,185285.0,123536.094,249737.0,3.0,741165.0,247055.0,2148.580927,249535.0,245755.0,0.0,0.0,112.0,92.0,6.745526367,5.396421094,0.0,131.0,45.6,52.98469381,2807.377778,0.0,0.0,0.0,1.0,0.0,0.0,0.0,0.0,0.0,50.66666667,57.2,42.5,5.0,286.0,4.0,170.0,8192.0,0.0,3.0,20.0,0.0,0.0,0.0,0.0,0.0,0.0,0.0,0.0,Benign
0.0,0.0,2018-03-01 01:45:00,24604.0,3.0,0.0,0.0,0.0,0.0,0.0,0.0,0.0,0.0,0.0,0.0,0.0,0.0,121.9313933,12302.0,3910.3005,15067.0,9537.0,24604.0,12302.0,3910.3005,15067.0,9537.0,0.0,0.0,0.0,0.0,0.0,0.0,0.0,0.0,0.0,121.9313933,0.0,0.0,0.0,0.0,0.0,0.0,0.0,0.0,0.0,0.0,0.0,0.0,0.0,0.0,0.0,0.0,0.0,0.0,3.0,0.0,0.0,0.0,-1.0,-1.0,0.0,0.0,0.0,0.0,0.0,0.0,0.0,0.0,0.0,0.0,Benign
53.0,17.0,2018-03-01 01:15:20,24380.0,2.0,2.0,88.0,628.0,44.0,44.0,44.0,0.0,314.0,314.0,314.0,0.0,29368.3347,164.0689089,8126.666667,11878.54694,21800.0,352.0,24028.0,24028.0,0.0,24028.0,24028.0,22152.0,22152.0,0.0,22152.0,22152.0,0.0,0.0,16.0,16.0,82.03445447,82.03445447,44.0,314.0,152.0,147.8850905,21870.0,0.0,0.0,0.0,0.0,0.0,0.0,0.0,0.0,1.0,190.0,44.0,314.0,2.0,88.0,2.0,628.0,-1.0,-1.0,1.0,8.0,0.0,0.0,0.0,0.0,0.0,0.0,0.0,0.0,Benign
55026.0,6.0,2018-03-01 04:04:47,57.0,2.0,0.0,0.0,0.0,0.0,0.0,0.0,0.0,0.0,0.0,0.0,0.0,0.0,35087.7193,57.0,0.0,57.0,57.0,57.0,57.0,0.0,57.0,57.0,0.0,0.0,0.0,0.0,0.0,0.0,0.0,40.0,0.0,35087.7193,0.0,0.0,0.0,0.0,0.0,0.0,1.0,0.0,0.0,0.0,0.0,0.0,0.0,0.0,0.0,0.0,0.0,0.0,2.0,0.0,0.0,0.0,0.0,-1.0,0.0,20.0,0.0,0.0,0.0,0.0,0.0,0.0,0.0,0.0,Benign
80.0,6.0,2018-03-01 01:13:27,455.0,2.0,0.0,0.0,0.0,0.0,0.0,0.0,0.0,0.0,0.0,0.0,0.0,0.0,4395.604396,455.0,0.0,455.0,455.0,455.0,455.0,0.0,455.0,455.0,0.0,0.0,0.0,0.0,0.0,0.0,0.0,40.0,0.0,4395.604396,0.0,0.0,0.0,0.0,0.0,0.0,0.0,0.0,0.0,0.0,1.0,0.0,0.0,0.0,0.0,0.0,0.0,0.0,2.0,0.0,0.0,0.0,253.0,-1.0,0.0,20.0,0.0,0.0,0.0,0.0,0.0,0.0,0.0,0.0,Benign
53.0,17.0,2018-03-01 12:19:40,1844.0,1.0,1.0,43.0,145.0,43.0,43.0,43.0,0.0,145.0,145.0,145.0,0.0,101952.2777,1084.598698,1844.0,0.0,1844.0,1844.0,0.0,0.0,0.0,0.0,0.0,0.0,0.0,0.0,0.0,0.0,0.0,0.0,8.0,8.0,542.2993492,542.2993492,43.0,145.0,77.0,58.88972746,3468.0,0.0,0.0,0.0,0.0,0.0,0.0,0.0,0.0,1.0,115.5,43.0,145.0,1.0,43.0,1.0,145.0,-1.0,-1.0,0.0,8.0,0.0,0.0,0.0,0.0,0.0,0.0,0.0,0.0,Benign
53.0,17.0,2018-03-01 05:20:57,285477.0,2.0,2.0,68.0,132.0,34.0,34.0,34.0,0.0,66.0,66.0,66.0,0.0,700.5818332,14.01163666,95159.0,130139.1755,243460.0,1.0,42016.0,42016.0,0.0,42016.0,42016.0,1.0,1.0,0.0,1.0,1.0,0.0,0.0,16.0,16.0,7.005818332,7.005818332,34.0,66.0,46.8,17.52712184,307.2,0.0,0.0,0.0,0.0,0.0,0.0,0.0,0.0,1.0,58.5,34.0,66.0,2.0,68.0,2.0,132.0,-1.0,-1.0,1.0,8.0,0.0,0.0,0.0,0.0,0.0,0.0,0.0,0.0,Benign
52121.0,6.0,2018-03-01 11:52:04,1.0,2.0,0.0,0.0,0.0,0.0,0.0,0.0,0.0,0.0,0.0,0.0,0.0,0.0,2000000.0,1.0,0.0,1.0,1.0,1.0,1.0,0.0,1.0,1.0,0.0,0.0,0.0,0.0,0.0,0.0,0.0,40.0,0.0,2000000.0,0.0,0.0,0.0,0.0,0.0,0.0,0.0,0.0,0.0,0.0,1.0,0.0,0.0,0.0,0.0,0.0,0.0,0.0,2.0,0.0,0.0,0.0,31.0,-1.0,0.0,20.0,0.0,0.0,0.0,0.0,0.0,0.0,0.0,0.0,Benign
443.0,6.0,2018-03-01 01:21:10,200.0,3.0,0.0,77.0,0.0,46.0,0.0,25.66666667,23.45918441,0.0,0.0,0.0,0.0,385000.0,15000.0,100.0,115.9655121,182.0,18.0,200.0,100.0,115.9655121,182.0,18.0,0.0,0.0,0.0,0.0,0.0,1.0,0.0,60.0,0.0,15000.0,0.0,0.0,46.0,30.75,21.68524844,470.25,0.0,1.0,0.0,0.0,1.0,0.0,0.0,0.0,0.0,41.0,25.66666667,0.0,3.0,77.0,0.0,0.0,258.0,-1.0,1.0,20.0,0.0,0.0,0.0,0.0,0.0,0.0,0.0,0.0,Benign
3389.0,6.0,2018-03-01 02:06:49,1408644.0,8.0,7.0,1148.0,1581.0,677.0,0.0,143.5,228.1296624,1173.0,0.0,225.8571429,430.0986044,1937.324122,10.64853859,100617.4286,251848.9003,968864.0,3.0,1408644.0,201234.8571,385112.6805,1072666.0,3.0,1345000.0,224166.6667,365133.4333,968864.0,63814.0,0.0,0.0,168.0,148.0,5.679220584,4.969318011,0.0,1173.0,170.5625,319.4332416,102037.5958,0.0,0.0,0.0,1.0,0.0,0.0,0.0,0.0,0.0,181.9333333,143.5,225.8571429,8.0,1148.0,7.0,1581.0,8192.0,62852.0,5.0,20.0,0.0,0.0,0.0,0.0,0.0,0.0,0.0,0.0,Benign
53.0,17.0,2018-03-01 09:49:10,263.0,1.0,1.0,38.0,134.0,38.0,38.0,38.0,0.0,134.0,134.0,134.0,0.0,653992.3954,7604.562738,263.0,0.0,263.0,263.0,0.0,0.0,0.0,0.0,0.0,0.0,0.0,0.0,0.0,0.0,0.0,0.0,8.0,8.0,3802.281369,3802.281369,38.0,134.0,70.0,55.42562584,3072.0,0.0,0.0,0.0,0.0,0.0,0.0,0.0,0.0,1.0,105.0,38.0,134.0,1.0,38.0,1.0,134.0,-1.0,-1.0,0.0,8.0,0.0,0.0,0.0,0.0,0.0,0.0,0.0,0.0,Benign
1322.0,6.0,2018-03-01 02:42:15,2.0,1.0,1.0,0.0,0.0,0.0,0.0,0.0,0.0,0.0,0.0,0.0,0.0,0.0,1000000.0,2.0,0.0,2.0,2.0,0.0,0.0,0.0,0.0,0.0,0.0,0.0,0.0,0.0,0.0,0.0,0.0,24.0,20.0,500000.0,500000.0,0.0,0.0,0.0,0.0,0.0,0.0,0.0,0.0,1.0,0.0,0.0,0.0,0.0,1.0,0.0,0.0,0.0,1.0,0.0,1.0,0.0,1024.0,0.0,0.0,24.0,0.0,0.0,0.0,0.0,0.0,0.0,0.0,0.0,Benign
80.0,6.0,2018-03-01 09:44:12,117225880.0,20.0,18.0,1307.0,2118.0,432.0,0.0,65.35,158.0257391,706.0,0.0,117.6666667,270.7386411,29.21709779,0.324160501,3168267.027,4566362.114,10000000.0,16.0,117000000.0,6169783.158,4822748.826,10100000.0,4640.0,112000000.0,6614370.765,4876793.542,10100000.0,94432.0,0.0,0.0,412.0,504.0,0.17061079,0.153549711,0.0,706.0,87.82051282,214.8687325,46168.5722,0.0,0.0,1.0,1.0,0.0,0.0,0.0,1.0,0.0,90.13157895,65.35,117.6666667,20.0,1307.0,18.0,2118.0,8192.0,180.0,14.0,20.0,223976.7273,431652.5267,1525458.0,93737.0,9998223.273,51536.60513,10000000.0,9843471.0,Benign
52301.0,6.0,2018-03-01 03:23:22,6580.0,2.0,0.0,0.0,0.0,0.0,0.0,0.0,0.0,0.0,0.0,0.0,0.0,0.0,303.9513678,6580.0,0.0,6580.0,6580.0,6580.0,6580.0,0.0,6580.0,6580.0,0.0,0.0,0.0,0.0,0.0,0.0,0.0,40.0,0.0,303.9513678,0.0,0.0,0.0,0.0,0.0,0.0,0.0,0.0,0.0,0.0,1.0,0.0,0.0,0.0,0.0,0.0,0.0,0.0,2.0,0.0,0.0,0.0,133.0,-1.0,0.0,20.0,0.0,0.0,0.0,0.0,0.0,0.0,0.0,0.0,Benign
3389.0,6.0,2018-03-01 12:44:04,1407811.0,8.0,7.0,1148.0,1581.0,677.0,0.0,143.5,228.1296624,1173.0,0.0,225.8571429,430.0986044,1938.470434,10.65483932,100557.9286,251865.1504,968900.0,2.0,1407811.0,201115.8571,384707.0929,1071645.0,2.0,1344278.0,224046.3333,365190.4049,968900.0,65222.0,0.0,0.0,168.0,148.0,5.682580971,4.97225835,0.0,1173.0,170.5625,319.4332416,102037.5958,0.0,0.0,0.0,1.0,0.0,0.0,0.0,0.0,0.0,181.9333333,143.5,225.8571429,8.0,1148.0,7.0,1581.0,8192.0,62852.0,5.0,20.0,0.0,0.0,0.0,0.0,0.0,0.0,0.0,0.0,Benign
32609.0,6.0,2018-03-01 08:34:53,85981117.0,2.0,0.0,0.0,0.0,0.0,0.0,0.0,0.0,0.0,0.0,0.0,0.0,0.0,0.023260921,86000000.0,0.0,86000000.0,86000000.0,86000000.0,86000000.0,0.0,86000000.0,86000000.0,0.0,0.0,0.0,0.0,0.0,0.0,0.0,40.0,0.0,0.023260921,0.0,0.0,0.0,0.0,0.0,0.0,0.0,0.0,0.0,0.0,1.0,0.0,0.0,0.0,0.0,0.0,0.0,0.0,2.0,0.0,0.0,0.0,62602.0,-1.0,0.0,20.0,0.0,0.0,0.0,0.0,86000000.0,0.0,86000000.0,86000000.0,Benign
53.0,17.0,2018-03-01 02:54:39,406.0,1.0,1.0,42.0,58.0,42.0,42.0,42.0,0.0,58.0,58.0,58.0,0.0,246305.4187,4926.108374,406.0,0.0,406.0,406.0,0.0,0.0,0.0,0.0,0.0,0.0,0.0,0.0,0.0,0.0,0.0,0.0,8.0,8.0,2463.054187,2463.054187,42.0,58.0,47.33333333,9.237604307,85.33333333,0.0,0.0,0.0,0.0,0.0,0.0,0.0,0.0,1.0,71.0,42.0,58.0,1.0,42.0,1.0,58.0,-1.0,-1.0,0.0,8.0,0.0,0.0,0.0,0.0,0.0,0.0,0.0,0.0,Benign
0.0,0.0,2018-03-01 05:12:43,112639189.0,3.0,0.0,0.0,0.0,0.0,0.0,0.0,0.0,0.0,0.0,0.0,0.0,0.0,0.026633714,56300000.0,30.40559159,56300000.0,56300000.0,113000000.0,56300000.0,30.40559159,56300000.0,56300000.0,0.0,0.0,0.0,0.0,0.0,0.0,0.0,0.0,0.0,0.026633714,0.0,0.0,0.0,0.0,0.0,0.0,0.0,0.0,0.0,0.0,0.0,0.0,0.0,0.0,0.0,0.0,0.0,0.0,3.0,0.0,0.0,0.0,-1.0,-1.0,0.0,0.0,0.0,0.0,0.0,0.0,56300000.0,30.40559159,56300000.0,56300000.0,Benign
53.0,17.0,2018-03-01 09:51:47,1768.0,1.0,1.0,43.0,99.0,43.0,43.0,43.0,0.0,99.0,99.0,99.0,0.0,80316.74208,1131.221719,1768.0,0.0,1768.0,1768.0,0.0,0.0,0.0,0.0,0.0,0.0,0.0,0.0,0.0,0.0,0.0,0.0,8.0,8.0,565.6108597,565.6108597,43.0,99.0,61.66666667,32.33161507,1045.333333,0.0,0.0,0.0,0.0,0.0,0.0,0.0,0.0,1.0,92.5,43.0,99.0,1.0,43.0,1.0,99.0,-1.0,-1.0,0.0,8.0,0.0,0.0,0.0,0.0,0.0,0.0,0.0,0.0,Benign
443.0,6.0,2018-03-01 09:58:57,117941175.0,64.0,100.0,2061.0,120534.0,439.0,0.0,32.203125,105.8810623,1460.0,0.0,1205.34,526.612161,1039.458866,1.390523708,723565.4908,2553101.642,10100000.0,0.0,118000000.0,1872082.143,3860462.771,10100000.0,14.0,113000000.0,1145829.051,3186749.32,10100000.0,0.0,0.0,0.0,1292.0,2144.0,0.542643398,0.84788031,0.0,1460.0,743.0,708.9314099,502583.7439,0.0,0.0,1.0,1.0,0.0,0.0,0.0,1.0,1.0,747.5304878,32.203125,1205.34,64.0,2061.0,100.0,120534.0,8192.0,135.0,18.0,20.0,229385.5455,706031.2968,2358150.0,16466.0,10100000.0,1316.31641,10100000.0,10100000.0,Benign
53.0,17.0,2018-03-01 01:24:48,1208.0,1.0,1.0,47.0,132.0,47.0,47.0,47.0,0.0,132.0,132.0,132.0,0.0,148178.8079,1655.629139,1208.0,0.0,1208.0,1208.0,0.0,0.0,0.0,0.0,0.0,0.0,0.0,0.0,0.0,0.0,0.0,0.0,8.0,8.0,827.8145695,827.8145695,47.0,132.0,75.33333333,49.07477288,2408.333333,0.0,0.0,0.0,0.0,0.0,0.0,0.0,0.0,1.0,113.0,47.0,132.0,1.0,47.0,1.0,132.0,-1.0,-1.0,0.0,8.0,0.0,0.0,0.0,0.0,0.0,0.0,0.0,0.0,Benign
53.0,17.0,2018-03-01 10:26:14,36654.0,1.0,1.0,39.0,71.0,39.0,39.0,39.0,0.0,71.0,71.0,71.0,0.0,3001.036722,54.56430403,36654.0,0.0,36654.0,36654.0,0.0,0.0,0.0,0.0,0.0,0.0,0.0,0.0,0.0,0.0,0.0,0.0,8.0,8.0,27.28215202,27.28215202,39.0,71.0,49.66666667,18.47520861,341.3333333,0.0,0.0,0.0,0.0,0.0,0.0,0.0,0.0,1.0,74.5,39.0,71.0,1.0,39.0,1.0,71.0,-1.0,-1.0,0.0,8.0,0.0,0.0,0.0,0.0,0.0,0.0,0.0,0.0,Benign
443.0,6.0,2018-03-01 01:18:58,115884564.0,21.0,18.0,925.0,4156.0,559.0,0.0,44.04761905,128.021278,1460.0,0.0,230.8888889,478.1409943,43.84535632,0.336541802,3049593.789,4576651.19,10000000.0,3.0,116000000.0,5794228.2,4927893.61,10000000.0,20.0,111000000.0,6507730.118,4917754.825,10000000.0,3.0,0.0,0.0,432.0,504.0,0.181214816,0.155326986,0.0,1460.0,127.025,342.2854175,117159.3071,0.0,0.0,1.0,1.0,0.0,0.0,0.0,1.0,0.0,130.2820513,44.04761905,230.8888889,21.0,925.0,18.0,4156.0,8192.0,981.0,15.0,20.0,50360.16667,101179.2755,371640.0,20822.0,9606685.167,1378510.652,10000000.0,5229635.0,Benign
53.0,17.0,2018-03-01 11:03:01,24243.0,2.0,2.0,86.0,206.0,43.0,43.0,43.0,0.0,103.0,103.0,103.0,0.0,12044.71394,164.9960813,8081.0,10576.48755,20129.0,326.0,23917.0,23917.0,0.0,23917.0,23917.0,4114.0,4114.0,0.0,4114.0,4114.0,0.0,0.0,16.0,16.0,82.49804067,82.49804067,43.0,103.0,67.0,32.86335345,1080.0,0.0,0.0,0.0,0.0,0.0,0.0,0.0,0.0,1.0,83.75,43.0,103.0,2.0,86.0,2.0,206.0,-1.0,-1.0,1.0,8.0,0.0,0.0,0.0,0.0,0.0,0.0,0.0,0.0,Benign
53.0,17.0,2018-03-01 08:26:46,2646.0,1.0,1.0,67.0,192.0,67.0,67.0,67.0,0.0,192.0,192.0,192.0,0.0,97883.59788,755.8578987,2646.0,0.0,2646.0,2646.0,0.0,0.0,0.0,0.0,0.0,0.0,0.0,0.0,0.0,0.0,0.0,0.0,8.0,8.0,377.9289494,377.9289494,67.0,192.0,108.6666667,72.16878365,5208.333333,0.0,0.0,0.0,0.0,0.0,0.0,0.0,0.0,1.0,163.0,67.0,192.0,1.0,67.0,1.0,192.0,-1.0,-1.0,0.0,8.0,0.0,0.0,0.0,0.0,0.0,0.0,0.0,0.0,Benign
53.0,17.0,2018-03-01 03:34:47,14840.0,1.0,1.0,30.0,60.0,30.0,30.0,30.0,0.0,60.0,60.0,60.0,0.0,6064.690027,134.7708895,14840.0,0.0,14840.0,14840.0,0.0,0.0,0.0,0.0,0.0,0.0,0.0,0.0,0.0,0.0,0.0,0.0,8.0,8.0,67.38544474,67.38544474,30.0,60.0,40.0,17.32050808,300.0,0.0,0.0,0.0,0.0,0.0,0.0,0.0,0.0,1.0,60.0,30.0,60.0,1.0,30.0,1.0,60.0,-1.0,-1.0,0.0,8.0,0.0,0.0,0.0,0.0,0.0,0.0,0.0,0.0,Benign
445.0,6.0,2018-03-01 02:19:41,700121.0,2.0,2.0,0.0,0.0,0.0,0.0,0.0,0.0,0.0,0.0,0.0,0.0,0.0,5.71329813,233373.6667,404172.6126,700072.0,19.0,700091.0,700091.0,0.0,700091.0,700091.0,700102.0,700102.0,0.0,700102.0,700102.0,0.0,0.0,64.0,40.0,2.856649065,2.856649065,0.0,0.0,0.0,0.0,0.0,0.0,0.0,0.0,1.0,0.0,0.0,0.0,0.0,1.0,0.0,0.0,0.0,2.0,0.0,2.0,0.0,8192.0,0.0,0.0,32.0,0.0,0.0,0.0,0.0,0.0,0.0,0.0,0.0,Benign
3389.0,6.0,2018-03-01 03:21:30,2674203.0,8.0,11.0,1132.0,1581.0,661.0,0.0,141.5,222.7920235,1173.0,0.0,143.7272727,352.1017157,1014.507874,7.104920606,148566.8333,258024.988,1036315.0,49.0,2674203.0,382029.0,448542.2311,1223013.0,103.0,2610414.0,261041.4,319025.0041,1036315.0,831.0,0.0,0.0,168.0,228.0,2.991545518,4.113375088,0.0,1173.0,135.65,290.7886328,84558.02895,0.0,0.0,0.0,1.0,0.0,0.0,0.0,0.0,1.0,142.7894737,141.5,143.7272727,8.0,1132.0,11.0,1581.0,8192.0,62868.0,5.0,20.0,0.0,0.0,0.0,0.0,0.0,0.0,0.0,0.0,Benign
445.0,6.0,2018-03-01 12:21:47,958197.0,5.0,4.0,286.0,170.0,103.0,0.0,57.2,52.48523602,131.0,0.0,42.5,61.79805822,475.893788,9.392640553,119774.625,166833.7775,353181.0,27.0,958132.0,239533.0,163653.9522,353208.0,1893.0,958170.0,319390.0,51095.25329,355367.0,260905.0,0.0,0.0,112.0,92.0,5.218133641,4.174506912,0.0,131.0,45.6,52.98469381,2807.377778,0.0,0.0,0.0,1.0,0.0,0.0,0.0,0.0,0.0,50.66666667,57.2,42.5,5.0,286.0,4.0,170.0,8192.0,0.0,3.0,20.0,0.0,0.0,0.0,0.0,0.0,0.0,0.0,0.0,Benign
3389.0,6.0,2018-03-01 05:21:47,10198249.0,12.0,10.0,1395.0,361.0,686.0,0.0,116.25,202.009957,291.0,0.0,36.1,91.04998627,172.1864214,2.15723307,485630.9048,1261885.105,5802322.0,4.0,10200000.0,927113.5455,1758987.473,6073337.0,4.0,10000000.0,1114257.222,1822031.866,5802322.0,40901.0,0.0,0.0,252.0,212.0,1.176672584,0.980560486,0.0,686.0,76.34782609,160.2034527,25665.14625,0.0,0.0,1.0,1.0,0.0,0.0,0.0,1.0,0.0,79.81818182,116.25,36.1,12.0,1395.0,10.0,361.0,8192.0,62605.0,7.0,20.0,229756.0,0.0,229756.0,229756.0,5802322.0,0.0,5802322.0,5802322.0,Benign
50297.0,6.0,2018-03-01 09:14:24,142.0,2.0,1.0,38.0,0.0,38.0,0.0,19.0,26.87005769,0.0,0.0,0.0,0.0,267605.6338,21126.76056,71.0,83.43860018,130.0,12.0,142.0,142.0,0.0,142.0,142.0,0.0,0.0,0.0,0.0,0.0,1.0,0.0,40.0,20.0,14084.50704,7042.253521,0.0,38.0,19.0,21.93931023,481.3333333,0.0,1.0,0.0,0.0,1.0,0.0,0.0,0.0,0.0,25.33333333,19.0,0.0,2.0,38.0,1.0,0.0,176.0,0.0,0.0,20.0,0.0,0.0,0.0,0.0,0.0,0.0,0.0,0.0,Benign
443.0,6.0,2018-03-01 03:37:21,185989.0,3.0,3.0,194.0,7.0,194.0,0.0,64.66666667,112.0059522,7.0,0.0,2.333333333,4.041451884,1080.709074,32.25997236,37197.8,50766.10341,92934.0,0.0,93305.0,46652.5,65491.52297,92962.0,343.0,93055.0,46527.5,65799.82152,93055.0,0.0,0.0,0.0,72.0,64.0,16.12998618,16.12998618,0.0,194.0,28.71428571,72.93082176,5318.904762,0.0,0.0,1.0,1.0,0.0,0.0,0.0,1.0,1.0,33.5,64.66666667,2.333333333,3.0,194.0,3.0,7.0,8192.0,9811.0,1.0,20.0,0.0,0.0,0.0,0.0,0.0,0.0,0.0,0.0,Benign
53.0,17.0,2018-03-01 08:42:56,76456.0,1.0,1.0,35.0,135.0,35.0,35.0,35.0,0.0,135.0,135.0,135.0,0.0,2223.501099,26.15883645,76456.0,0.0,76456.0,76456.0,0.0,0.0,0.0,0.0,0.0,0.0,0.0,0.0,0.0,0.0,0.0,0.0,8.0,8.0,13.07941823,13.07941823,35.0,135.0,68.33333333,57.73502692,3333.333333,0.0,0.0,0.0,0.0,0.0,0.0,0.0,0.0,1.0,102.5,35.0,135.0,1.0,35.0,1.0,135.0,-1.0,-1.0,0.0,8.0,0.0,0.0,0.0,0.0,0.0,0.0,0.0,0.0,Benign
80.0,6.0,2018-03-01 11:44:21,118985830.0,22.0,21.0,1739.0,3530.0,432.0,0.0,79.04545455,170.3004285,706.0,0.0,168.0952381,308.123661,44.2825839,0.36138757,2832995.952,4369500.063,10000000.0,12.0,119000000.0,5665991.905,4826564.957,10100000.0,88984.0,115000000.0,5742230.5,4964395.298,10100000.0,95559.0,0.0,0.0,464.0,564.0,0.184895966,0.176491604,0.0,706.0,119.75,246.261548,60644.75,0.0,0.0,1.0,1.0,0.0,0.0,0.0,1.0,0.0,122.5348837,79.04545455,168.0952381,22.0,1739.0,21.0,3530.0,8192.0,184.0,15.0,20.0,439028.4545,1140710.446,3878399.0,94752.0,10000000.0,42000.38158,10000000.0,9874778.0,Benign
445.0,6.0,2018-03-01 11:18:37,192497.0,5.0,4.0,373.0,172.0,140.0,0.0,74.6,70.28371077,133.0,0.0,43.0,62.75348596,2831.212954,46.75397539,24062.125,32604.61714,64428.0,35.0,192462.0,48115.5,30766.78987,64493.0,1994.0,192425.0,64141.66667,313.0532436,64503.0,63952.0,0.0,0.0,112.0,92.0,25.97443077,20.77954462,0.0,140.0,54.5,64.19804428,4121.388889,0.0,0.0,0.0,1.0,0.0,0.0,0.0,0.0,0.0,60.55555556,74.6,43.0,5.0,373.0,4.0,172.0,8192.0,0.0,3.0,20.0,0.0,0.0,0.0,0.0,0.0,0.0,0.0,0.0,Benign
53.0,17.0,2018-03-01 04:13:40,28214.0,1.0,1.0,43.0,99.0,43.0,43.0,43.0,0.0,99.0,99.0,99.0,0.0,5032.962359,70.88679379,28214.0,0.0,28214.0,28214.0,0.0,0.0,0.0,0.0,0.0,0.0,0.0,0.0,0.0,0.0,0.0,0.0,8.0,8.0,35.4433969,35.4433969,43.0,99.0,61.66666667,32.33161507,1045.333333,0.0,0.0,0.0,0.0,0.0,0.0,0.0,0.0,1.0,92.5,43.0,99.0,1.0,43.0,1.0,99.0,-1.0,-1.0,0.0,8.0,0.0,0.0,0.0,0.0,0.0,0.0,0.0,0.0,Benign
53.0,17.0,2018-03-01 03:39:27,2126112.0,2.0,2.0,76.0,160.0,44.0,32.0,38.0,8.485281374,100.0,60.0,80.0,28.28427125,111.0007375,1.881368432,708704.0,1215873.716,2112657.0,738.0,2125374.0,2125374.0,0.0,2125374.0,2125374.0,2113395.0,2113395.0,0.0,2113395.0,2113395.0,0.0,0.0,16.0,16.0,0.940684216,0.940684216,32.0,100.0,56.0,26.53299832,704.0,0.0,0.0,0.0,0.0,0.0,0.0,0.0,0.0,1.0,70.0,38.0,80.0,2.0,76.0,2.0,160.0,-1.0,-1.0,1.0,8.0,0.0,0.0,0.0,0.0,0.0,0.0,0.0,0.0,Benign
443.0,6.0,2018-03-01 01:45:54,118050269.0,14.0,14.0,633.0,5211.0,200.0,0.0,45.21428571,70.30721439,1460.0,0.0,372.2142857,599.2860083,49.50433446,0.237187092,4372232.185,15500000.0,58200000.0,0.0,118000000.0,9080789.923,21800000.0,58200000.0,48.0,118000000.0,9074825.923,21800000.0,58300000.0,0.0,0.0,0.0,292.0,292.0,0.118593546,0.118593546,0.0,1460.0,201.5172414,444.1561518,197274.6872,0.0,0.0,1.0,1.0,0.0,0.0,0.0,1.0,1.0,208.7142857,45.21428571,372.2142857,14.0,633.0,14.0,5211.0,8192.0,31.0,6.0,20.0,823283.0,1022919.054,1546596.0,99970.0,58200000.0,121363.5653,58200000.0,58100000.0,Benign
3389.0,6.0,2018-03-01 02:58:25,1403223.0,8.0,7.0,1132.0,1581.0,661.0,0.0,141.5,222.7920235,1173.0,0.0,225.8571429,430.0986044,1933.406166,10.68967655,100230.2143,251941.3798,969063.0,37.0,1403223.0,200460.4286,385816.5666,1073626.0,138.0,1339799.0,223299.8333,365674.2315,969063.0,64396.0,0.0,0.0,168.0,148.0,5.701160828,4.988515724,0.0,1173.0,169.5625,317.7627981,100973.1958,0.0,0.0,0.0,1.0,0.0,0.0,0.0,0.0,0.0,180.8666667,141.5,225.8571429,8.0,1132.0,7.0,1581.0,8192.0,62868.0,5.0,20.0,0.0,0.0,0.0,0.0,0.0,0.0,0.0,0.0,Benign
3389.0,6.0,2018-03-01 04:06:30,1255949.0,8.0,7.0,1148.0,1581.0,677.0,0.0,143.5,228.1296624,1173.0,0.0,225.8571429,430.0986044,2172.85893,11.94316011,89710.64286,249480.0493,953172.0,83.0,1255949.0,179421.2857,384833.6694,1051322.0,145.0,1219565.0,203260.8333,368130.9134,953172.0,36049.0,0.0,0.0,172.0,152.0,6.369685393,5.573474719,0.0,1173.0,170.5625,319.4332416,102037.5958,0.0,0.0,0.0,1.0,0.0,0.0,0.0,0.0,0.0,181.9333333,143.5,225.8571429,8.0,1148.0,7.0,1581.0,8192.0,62852.0,5.0,20.0,0.0,0.0,0.0,0.0,0.0,0.0,0.0,0.0,Benign
445.0,6.0,2018-03-01 01:47:35,175445.0,3.0,1.0,0.0,0.0,0.0,0.0,0.0,0.0,0.0,0.0,0.0,0.0,0.0,22.79916783,58481.66667,100625.9853,174674.0,77.0,175445.0,87722.5,123076.885,174751.0,694.0,0.0,0.0,0.0,0.0,0.0,0.0,0.0,72.0,32.0,17.09937587,5.699791958,0.0,0.0,0.0,0.0,0.0,0.0,0.0,0.0,1.0,0.0,0.0,0.0,0.0,0.0,0.0,0.0,0.0,3.0,0.0,1.0,0.0,8192.0,8192.0,0.0,20.0,0.0,0.0,0.0,0.0,0.0,0.0,0.0,0.0,Benign
3389.0,6.0,2018-03-01 09:47:49,14165051.0,8.0,10.0,1148.0,1581.0,677.0,0.0,143.5,228.1296624,1173.0,0.0,158.1,367.7307137,192.6572661,1.270733159,833238.2941,1579273.39,4979447.0,47.0,14200000.0,2023578.714,2098873.465,5100846.0,196.0,14100000.0,1566811.778,1924935.718,4979447.0,64015.0,0.0,0.0,168.0,208.0,0.564770293,0.705962866,0.0,1173.0,143.6315789,298.5202786,89114.35673,0.0,0.0,0.0,1.0,0.0,0.0,0.0,0.0,1.0,151.6111111,143.5,158.1,8.0,1148.0,10.0,1581.0,8192.0,62852.0,5.0,20.0,0.0,0.0,0.0,0.0,0.0,0.0,0.0,0.0,Benign
264.0,6.0,2018-03-01 02:42:15,1.0,1.0,1.0,0.0,0.0,0.0,0.0,0.0,0.0,0.0,0.0,0.0,0.0,0.0,2000000.0,1.0,0.0,1.0,1.0,0.0,0.0,0.0,0.0,0.0,0.0,0.0,0.0,0.0,0.0,0.0,0.0,24.0,20.0,1000000.0,1000000.0,0.0,0.0,0.0,0.0,0.0,0.0,0.0,0.0,1.0,0.0,0.0,0.0,0.0,1.0,0.0,0.0,0.0,1.0,0.0,1.0,0.0,1024.0,0.0,0.0,24.0,0.0,0.0,0.0,0.0,0.0,0.0,0.0,0.0,Benign
53.0,17.0,2018-03-01 01:50:35,752.0,1.0,1.0,46.0,131.0,46.0,46.0,46.0,0.0,131.0,131.0,131.0,0.0,235372.3404,2659.574468,752.0,0.0,752.0,752.0,0.0,0.0,0.0,0.0,0.0,0.0,0.0,0.0,0.0,0.0,0.0,0.0,8.0,8.0,1329.787234,1329.787234,46.0,131.0,74.33333333,49.07477288,2408.333333,0.0,0.0,0.0,0.0,0.0,0.0,0.0,0.0,1.0,111.5,46.0,131.0,1.0,46.0,1.0,131.0,-1.0,-1.0,0.0,8.0,0.0,0.0,0.0,0.0,0.0,0.0,0.0,0.0,Benign
53.0,17.0,2018-03-01 10:24:31,242.0,1.0,1.0,58.0,74.0,58.0,58.0,58.0,0.0,74.0,74.0,74.0,0.0,545454.5455,8264.46281,242.0,0.0,242.0,242.0,0.0,0.0,0.0,0.0,0.0,0.0,0.0,0.0,0.0,0.0,0.0,0.0,8.0,8.0,4132.231405,4132.231405,58.0,74.0,63.33333333,9.237604307,85.33333333,0.0,0.0,0.0,0.0,0.0,0.0,0.0,0.0,1.0,95.0,58.0,74.0,1.0,58.0,1.0,74.0,-1.0,-1.0,0.0,8.0,0.0,0.0,0.0,0.0,0.0,0.0,0.0,0.0,Benign
3389.0,6.0,2018-03-01 11:58:49,3939261.0,13.0,8.0,1392.0,392.0,684.0,0.0,107.0769231,195.6133352,291.0,0.0,49.0,99.56763674,452.8768213,5.33094913,196963.05,263185.0473,953308.0,34.0,3939261.0,328271.75,361671.2362,1263916.0,77803.0,3869040.0,552720.0,417706.8275,1176089.0,93770.0,0.0,0.0,272.0,172.0,3.300111366,2.030837764,0.0,684.0,81.09090909,162.1527525,26293.51515,0.0,0.0,1.0,1.0,0.0,0.0,0.0,1.0,0.0,84.95238095,107.0769231,49.0,13.0,1392.0,8.0,392.0,8192.0,62608.0,7.0,20.0,0.0,0.0,0.0,0.0,0.0,0.0,0.0,0.0,Benign
53.0,17.0,2018-03-01 01:50:37,58224.0,2.0,2.0,68.0,234.0,34.0,34.0,34.0,0.0,117.0,117.0,117.0,0.0,5186.864523,68.70019236,19408.0,18952.43602,37919.0,43.0,20262.0,20262.0,0.0,20262.0,20262.0,43.0,43.0,0.0,43.0,43.0,0.0,0.0,16.0,16.0,34.35009618,34.35009618,34.0,117.0,67.2,45.46097227,2066.7,0.0,0.0,0.0,0.0,0.0,0.0,0.0,0.0,1.0,84.0,34.0,117.0,2.0,68.0,2.0,234.0,-1.0,-1.0,1.0,8.0,0.0,0.0,0.0,0.0,0.0,0.0,0.0,0.0,Benign
53.0,17.0,2018-03-01 01:45:41,289.0,1.0,1.0,42.0,58.0,42.0,42.0,42.0,0.0,58.0,58.0,58.0,0.0,346020.7612,6920.415225,289.0,0.0,289.0,289.0,0.0,0.0,0.0,0.0,0.0,0.0,0.0,0.0,0.0,0.0,0.0,0.0,8.0,8.0,3460.207612,3460.207612,42.0,58.0,47.33333333,9.237604307,85.33333333,0.0,0.0,0.0,0.0,0.0,0.0,0.0,0.0,1.0,71.0,42.0,58.0,1.0,42.0,1.0,58.0,-1.0,-1.0,0.0,8.0,0.0,0.0,0.0,0.0,0.0,0.0,0.0,0.0,Benign
4445.0,6.0,2018-03-01 11:54:58,118386.0,2.0,1.0,0.0,0.0,0.0,0.0,0.0,0.0,0.0,0.0,0.0,0.0,0.0,25.34083422,59193.0,83683.25913,118366.0,20.0,118386.0,118386.0,0.0,118386.0,118386.0,0.0,0.0,0.0,0.0,0.0,0.0,0.0,40.0,20.0,16.89388948,8.44694474,0.0,0.0,0.0,0.0,0.0,0.0,0.0,0.0,1.0,0.0,0.0,0.0,0.0,0.0,0.0,0.0,0.0,2.0,0.0,1.0,0.0,1024.0,0.0,0.0,20.0,0.0,0.0,0.0,0.0,0.0,0.0,0.0,0.0,Benign
0.0,0.0,2018-03-01 08:51:51,115222740.0,24.0,0.0,0.0,0.0,0.0,0.0,0.0,0.0,0.0,0.0,0.0,0.0,0.0,0.208292217,5009684.348,7255.879732,5020822.0,4998737.0,115000000.0,5009684.348,7255.879732,5020822.0,4998737.0,0.0,0.0,0.0,0.0,0.0,0.0,0.0,0.0,0.0,0.208292217,0.0,0.0,0.0,0.0,0.0,0.0,0.0,0.0,0.0,0.0,0.0,0.0,0.0,0.0,0.0,0.0,0.0,0.0,24.0,0.0,0.0,0.0,-1.0,-1.0,0.0,0.0,7498300.5,3534916.602,9997864.0,4998737.0,5011306.95,6301.607836,5020822.0,5001032.0,Benign
53.0,17.0,2018-03-01 01:15:17,270.0,1.0,1.0,51.0,147.0,51.0,51.0,51.0,0.0,147.0,147.0,147.0,0.0,733333.3333,7407.407407,270.0,0.0,270.0,270.0,0.0,0.0,0.0,0.0,0.0,0.0,0.0,0.0,0.0,0.0,0.0,0.0,8.0,8.0,3703.703704,3703.703704,51.0,147.0,83.0,55.42562584,3072.0,0.0,0.0,0.0,0.0,0.0,0.0,0.0,0.0,1.0,124.5,51.0,147.0,1.0,51.0,1.0,147.0,-1.0,-1.0,0.0,8.0,0.0,0.0,0.0,0.0,0.0,0.0,0.0,0.0,Benign
3389.0,6.0,2018-03-01 01:08:54,1391893.0,8.0,7.0,1132.0,1581.0,661.0,0.0,141.5,222.7920235,1173.0,0.0,225.8571429,430.0986044,1949.144079,10.77669045,99420.92857,252135.3449,969070.0,44.0,1391893.0,198841.8571,382597.6208,1064718.0,44.0,1328351.0,221391.8333,366481.4631,969070.0,63740.0,0.0,0.0,168.0,148.0,5.74756824,5.02912221,0.0,1173.0,169.5625,317.7627981,100973.1958,0.0,0.0,0.0,1.0,0.0,0.0,0.0,0.0,0.0,180.8666667,141.5,225.8571429,8.0,1132.0,7.0,1581.0,8192.0,62868.0,5.0,20.0,0.0,0.0,0.0,0.0,0.0,0.0,0.0,0.0,Benign
0.0,0.0,2018-03-01 10:55:37,99647192.0,62.0,0.0,0.0,0.0,0.0,0.0,0.0,0.0,0.0,0.0,0.0,0.0,0.0,0.622195154,1633560.525,1610121.209,8556041.0,220763.0,99600000.0,1633560.525,1610121.209,8556041.0,220763.0,0.0,0.0,0.0,0.0,0.0,0.0,0.0,0.0,0.0,0.622195154,0.0,0.0,0.0,0.0,0.0,0.0,0.0,0.0,0.0,0.0,0.0,0.0,0.0,0.0,0.0,0.0,0.0,0.0,62.0,0.0,0.0,0.0,-1.0,-1.0,0.0,0.0,37200000.0,37300000.0,63600000.0,10800000.0,6770900.0,1706156.522,8556041.0,5156579.0,Benign
53.0,17.0,2018-03-01 05:27:33,268.0,1.0,1.0,37.0,69.0,37.0,37.0,37.0,0.0,69.0,69.0,69.0,0.0,395522.3881,7462.686567,268.0,0.0,268.0,268.0,0.0,0.0,0.0,0.0,0.0,0.0,0.0,0.0,0.0,0.0,0.0,0.0,8.0,8.0,3731.343284,3731.343284,37.0,69.0,47.66666667,18.47520861,341.3333333,0.0,0.0,0.0,0.0,0.0,0.0,0.0,0.0,1.0,71.5,37.0,69.0,1.0,37.0,1.0,69.0,-1.0,-1.0,0.0,8.0,0.0,0.0,0.0,0.0,0.0,0.0,0.0,0.0,Benign
3389.0,6.0,2018-03-01 12:57:37,1845198.0,8.0,7.0,1148.0,1581.0,677.0,0.0,143.5,228.1296624,1173.0,0.0,225.8571429,430.0986044,1478.974072,8.129208898,131799.8571,241305.8311,937577.0,54.0,1845198.0,263599.7143,389838.3896,1139580.0,69.0,1706577.0,284429.5,320906.1987,937577.0,139331.0,0.0,0.0,172.0,152.0,4.335578079,3.793630819,0.0,1173.0,170.5625,319.4332416,102037.5958,0.0,0.0,1.0,1.0,0.0,0.0,0.0,1.0,0.0,181.9333333,143.5,225.8571429,8.0,1148.0,7.0,1581.0,8192.0,62852.0,5.0,20.0,0.0,0.0,0.0,0.0,0.0,0.0,0.0,0.0,Benign
443.0,6.0,2018-03-01 01:22:03,492.0,3.0,0.0,77.0,0.0,46.0,0.0,25.66666667,23.45918441,0.0,0.0,0.0,0.0,156504.065,6097.560976,246.0,328.0975465,478.0,14.0,492.0,246.0,328.0975465,478.0,14.0,0.0,0.0,0.0,0.0,0.0,1.0,0.0,60.0,0.0,6097.560976,0.0,0.0,46.0,30.75,21.68524844,470.25,0.0,1.0,0.0,0.0,1.0,0.0,0.0,0.0,0.0,41.0,25.66666667,0.0,3.0,77.0,0.0,0.0,258.0,-1.0,1.0,20.0,0.0,0.0,0.0,0.0,0.0,0.0,0.0,0.0,Benign
53.0,17.0,2018-03-01 09:49:11,262.0,1.0,1.0,35.0,131.0,35.0,35.0,35.0,0.0,131.0,131.0,131.0,0.0,633587.7863,7633.587786,262.0,0.0,262.0,262.0,0.0,0.0,0.0,0.0,0.0,0.0,0.0,0.0,0.0,0.0,0.0,0.0,8.0,8.0,3816.793893,3816.793893,35.0,131.0,67.0,55.42562584,3072.0,0.0,0.0,0.0,0.0,0.0,0.0,0.0,0.0,1.0,100.5,35.0,131.0,1.0,35.0,1.0,131.0,-1.0,-1.0,0.0,8.0,0.0,0.0,0.0,0.0,0.0,0.0,0.0,0.0,Benign
53.0,17.0,2018-03-01 01:09:11,46550.0,1.0,1.0,30.0,122.0,30.0,30.0,30.0,0.0,122.0,122.0,122.0,0.0,3265.306122,42.96455424,46550.0,0.0,46550.0,46550.0,0.0,0.0,0.0,0.0,0.0,0.0,0.0,0.0,0.0,0.0,0.0,0.0,8.0,8.0,21.48227712,21.48227712,30.0,122.0,60.66666667,53.11622477,2821.333333,0.0,0.0,0.0,0.0,0.0,0.0,0.0,0.0,1.0,91.0,30.0,122.0,1.0,30.0,1.0,122.0,-1.0,-1.0,0.0,8.0,0.0,0.0,0.0,0.0,0.0,0.0,0.0,0.0,Benign
443.0,6.0,2018-03-01 12:56:51,396192.0,10.0,8.0,512.0,4879.0,194.0,0.0,51.2,80.737985,1460.0,0.0,609.875,709.1371895,13607.03901,45.43251757,23305.41176,69764.89334,288487.0,1.0,396192.0,44021.33333,93359.11322,288487.0,17.0,90721.0,12960.14286,26758.96616,71996.0,1.0,0.0,0.0,212.0,172.0,25.24028754,20.19223003,0.0,1460.0,283.7368421,529.7255938,280609.2047,0.0,0.0,1.0,1.0,0.0,0.0,0.0,1.0,0.0,299.5,51.2,609.875,10.0,512.0,8.0,4879.0,8192.0,30.0,4.0,20.0,0.0,0.0,0.0,0.0,0.0,0.0,0.0,0.0,Benign
53.0,17.0,2018-03-01 11:44:22,288.0,1.0,1.0,42.0,58.0,42.0,42.0,42.0,0.0,58.0,58.0,58.0,0.0,347222.2222,6944.444444,288.0,0.0,288.0,288.0,0.0,0.0,0.0,0.0,0.0,0.0,0.0,0.0,0.0,0.0,0.0,0.0,8.0,8.0,3472.222222,3472.222222,42.0,58.0,47.33333333,9.237604307,85.33333333,0.0,0.0,0.0,0.0,0.0,0.0,0.0,0.0,1.0,71.0,42.0,58.0,1.0,42.0,1.0,58.0,-1.0,-1.0,0.0,8.0,0.0,0.0,0.0,0.0,0.0,0.0,0.0,0.0,Benign
3389.0,6.0,2018-03-01 03:56:56,1988146.0,8.0,7.0,1128.0,1581.0,661.0,0.0,141.0,222.6233206,1173.0,0.0,225.8571429,430.0986044,1362.575988,7.544717541,142010.4286,245999.712,953121.0,51.0,1988146.0,284020.8571,394188.3058,1167003.0,51.0,1832426.0,305404.3333,317933.4688,953121.0,159416.0,0.0,0.0,172.0,152.0,4.023849355,3.520868186,0.0,1173.0,169.3125,317.731274,100953.1625,0.0,0.0,0.0,1.0,0.0,0.0,0.0,0.0,0.0,180.6,141.0,225.8571429,8.0,1128.0,7.0,1581.0,8192.0,62872.0,5.0,20.0,0.0,0.0,0.0,0.0,0.0,0.0,0.0,0.0,Benign
0.0,0.0,2018-03-01 08:46:12,645762.0,4.0,0.0,0.0,0.0,0.0,0.0,0.0,0.0,0.0,0.0,0.0,0.0,0.0,6.19423255,215254.0,68758.15836,283599.0,146090.0,645762.0,215254.0,68758.15836,283599.0,146090.0,0.0,0.0,0.0,0.0,0.0,0.0,0.0,0.0,0.0,6.19423255,0.0,0.0,0.0,0.0,0.0,0.0,0.0,0.0,0.0,0.0,0.0,0.0,0.0,0.0,0.0,0.0,0.0,0.0,4.0,0.0,0.0,0.0,-1.0,-1.0,0.0,0.0,0.0,0.0,0.0,0.0,0.0,0.0,0.0,0.0,Benign
443.0,6.0,2018-03-01 04:29:58,141.0,2.0,0.0,0.0,0.0,0.0,0.0,0.0,0.0,0.0,0.0,0.0,0.0,0.0,14184.39716,141.0,0.0,141.0,141.0,141.0,141.0,0.0,141.0,141.0,0.0,0.0,0.0,0.0,0.0,0.0,0.0,40.0,0.0,14184.39716,0.0,0.0,0.0,0.0,0.0,0.0,0.0,0.0,0.0,0.0,1.0,0.0,0.0,0.0,0.0,0.0,0.0,0.0,2.0,0.0,0.0,0.0,2053.0,-1.0,0.0,20.0,0.0,0.0,0.0,0.0,0.0,0.0,0.0,0.0,Benign
53.0,17.0,2018-03-01 10:09:07,25783.0,2.0,2.0,70.0,126.0,35.0,35.0,35.0,0.0,63.0,63.0,63.0,0.0,7601.908234,155.1409844,8594.333333,13821.063,24549.0,288.0,25495.0,25495.0,0.0,25495.0,25495.0,24837.0,24837.0,0.0,24837.0,24837.0,0.0,0.0,16.0,16.0,77.57049218,77.57049218,35.0,63.0,46.2,15.33623161,235.2,0.0,0.0,0.0,0.0,0.0,0.0,0.0,0.0,1.0,57.75,35.0,63.0,2.0,70.0,2.0,126.0,-1.0,-1.0,1.0,8.0,0.0,0.0,0.0,0.0,0.0,0.0,0.0,0.0,Benign
53.0,17.0,2018-03-01 03:03:01,1044.0,1.0,1.0,40.0,139.0,40.0,40.0,40.0,0.0,139.0,139.0,139.0,0.0,171455.9387,1915.708812,1044.0,0.0,1044.0,1044.0,0.0,0.0,0.0,0.0,0.0,0.0,0.0,0.0,0.0,0.0,0.0,0.0,8.0,8.0,957.8544061,957.8544061,40.0,139.0,73.0,57.15767665,3267.0,0.0,0.0,0.0,0.0,0.0,0.0,0.0,0.0,1.0,109.5,40.0,139.0,1.0,40.0,1.0,139.0,-1.0,-1.0,0.0,8.0,0.0,0.0,0.0,0.0,0.0,0.0,0.0,0.0,Benign
3389.0,6.0,2018-03-01 12:28:31,1702213.0,8.0,7.0,1144.0,1581.0,677.0,0.0,143.0,227.9699228,1173.0,0.0,225.8571429,430.0986044,1600.857237,8.812058185,121586.6429,245562.881,953167.0,2.0,1702213.0,243173.2857,388353.7445,1118192.0,2.0,1592309.0,265384.8333,337920.6867,953167.0,109329.0,0.0,0.0,172.0,152.0,4.699764366,4.11229382,0.0,1173.0,170.3125,319.4027173,102018.0958,0.0,0.0,1.0,1.0,0.0,0.0,0.0,1.0,0.0,181.6666667,143.0,225.8571429,8.0,1144.0,7.0,1581.0,8192.0,62856.0,5.0,20.0,0.0,0.0,0.0,0.0,0.0,0.0,0.0,0.0,Benign
53.0,17.0,2018-03-01 08:50:11,274.0,1.0,1.0,45.0,61.0,45.0,45.0,45.0,0.0,61.0,61.0,61.0,0.0,386861.3139,7299.270073,274.0,0.0,274.0,274.0,0.0,0.0,0.0,0.0,0.0,0.0,0.0,0.0,0.0,0.0,0.0,0.0,8.0,8.0,3649.635036,3649.635036,45.0,61.0,50.33333333,9.237604307,85.33333333,0.0,0.0,0.0,0.0,0.0,0.0,0.0,0.0,1.0,75.5,45.0,61.0,1.0,45.0,1.0,61.0,-1.0,-1.0,0.0,8.0,0.0,0.0,0.0,0.0,0.0,0.0,0.0,0.0,Benign
53.0,17.0,2018-03-01 08:32:49,2308.0,1.0,1.0,32.0,266.0,32.0,32.0,32.0,0.0,266.0,266.0,266.0,0.0,129116.1179,866.5511265,2308.0,0.0,2308.0,2308.0,0.0,0.0,0.0,0.0,0.0,0.0,0.0,0.0,0.0,0.0,0.0,0.0,8.0,8.0,433.2755633,433.2755633,32.0,266.0,110.0,135.099963,18252.0,0.0,0.0,0.0,0.0,0.0,0.0,0.0,0.0,1.0,165.0,32.0,266.0,1.0,32.0,1.0,266.0,-1.0,-1.0,0.0,8.0,0.0,0.0,0.0,0.0,0.0,0.0,0.0,0.0,Benign
443.0,6.0,2018-03-01 12:03:42,5454865.0,8.0,6.0,381.0,3953.0,224.0,0.0,47.625,83.55312681,1460.0,0.0,658.8333333,677.4925584,794.520121,2.566516312,419605.0,1469908.652,5311321.0,6.0,5454865.0,779266.4286,1998694.987,5311321.0,15.0,52386.0,10477.2,14356.0118,30356.0,16.0,0.0,0.0,172.0,132.0,1.466580749,1.099935562,0.0,1460.0,288.9333333,515.0676054,265294.6381,0.0,0.0,1.0,1.0,0.0,0.0,0.0,1.0,0.0,309.5714286,47.625,658.8333333,8.0,381.0,6.0,3953.0,8192.0,946.0,3.0,20.0,143529.0,0.0,143529.0,143529.0,5311321.0,0.0,5311321.0,5311321.0,Benign
53.0,17.0,2018-03-01 05:02:17,1319.0,1.0,1.0,40.0,139.0,40.0,40.0,40.0,0.0,139.0,139.0,139.0,0.0,135708.8704,1516.300227,1319.0,0.0,1319.0,1319.0,0.0,0.0,0.0,0.0,0.0,0.0,0.0,0.0,0.0,0.0,0.0,0.0,8.0,8.0,758.1501137,758.1501137,40.0,139.0,73.0,57.15767665,3267.0,0.0,0.0,0.0,0.0,0.0,0.0,0.0,0.0,1.0,109.5,40.0,139.0,1.0,40.0,1.0,139.0,-1.0,-1.0,0.0,8.0,0.0,0.0,0.0,0.0,0.0,0.0,0.0,0.0,Benign
80.0,6.0,2018-03-01 01:33:17,4890701.0,2.0,1.0,1.0,0.0,1.0,0.0,0.5,0.707106781,0.0,0.0,0.0,0.0,0.204469666,0.613408998,2445350.5,3442227.631,4879373.0,11328.0,4890701.0,4890701.0,0.0,4890701.0,4890701.0,0.0,0.0,0.0,0.0,0.0,0.0,0.0,40.0,32.0,0.408939332,0.204469666,0.0,1.0,0.5,0.577350269,0.333333333,0.0,0.0,0.0,0.0,1.0,0.0,0.0,0.0,0.0,0.666666667,0.5,0.0,2.0,1.0,1.0,0.0,256.0,290.0,0.0,20.0,0.0,0.0,0.0,0.0,0.0,0.0,0.0,0.0,Benign
443.0,6.0,2018-03-01 05:00:22,637.0,3.0,0.0,77.0,0.0,46.0,0.0,25.66666667,23.45918441,0.0,0.0,0.0,0.0,120879.1209,4709.576138,318.5,430.6280297,623.0,14.0,637.0,318.5,430.6280297,623.0,14.0,0.0,0.0,0.0,0.0,0.0,1.0,0.0,60.0,0.0,4709.576138,0.0,0.0,46.0,30.75,21.68524844,470.25,0.0,1.0,0.0,0.0,1.0,0.0,0.0,0.0,0.0,41.0,25.66666667,0.0,3.0,77.0,0.0,0.0,257.0,-1.0,1.0,20.0,0.0,0.0,0.0,0.0,0.0,0.0,0.0,0.0,Benign
443.0,6.0,2018-03-01 01:55:27,605.0,2.0,0.0,0.0,0.0,0.0,0.0,0.0,0.0,0.0,0.0,0.0,0.0,0.0,3305.785124,605.0,0.0,605.0,605.0,605.0,605.0,0.0,605.0,605.0,0.0,0.0,0.0,0.0,0.0,0.0,0.0,40.0,0.0,3305.785124,0.0,0.0,0.0,0.0,0.0,0.0,0.0,0.0,0.0,0.0,1.0,0.0,0.0,0.0,0.0,0.0,0.0,0.0,2.0,0.0,0.0,0.0,256.0,-1.0,0.0,20.0,0.0,0.0,0.0,0.0,0.0,0.0,0.0,0.0,Benign
445.0,6.0,2018-03-01 11:54:22,508802.0,5.0,4.0,373.0,172.0,140.0,0.0,74.6,70.28371077,133.0,0.0,43.0,62.75348596,1071.143588,17.68860971,63600.25,86736.94722,169936.0,49.0,508708.0,127177.0,82472.73871,170008.0,3486.0,508753.0,169584.3333,833.6104206,170084.0,168622.0,0.0,0.0,112.0,92.0,9.827005397,7.861604318,0.0,140.0,54.5,64.19804428,4121.388889,0.0,0.0,0.0,1.0,0.0,0.0,0.0,0.0,0.0,60.55555556,74.6,43.0,5.0,373.0,4.0,172.0,8192.0,0.0,3.0,20.0,0.0,0.0,0.0,0.0,0.0,0.0,0.0,0.0,Benign
52834.0,6.0,2018-03-01 02:57:21,9211.0,3.0,1.0,97.0,0.0,66.0,0.0,32.33333333,33.02019584,0.0,0.0,0.0,0.0,10530.88698,434.2633807,3070.333333,5301.525661,9192.0,1.0,9211.0,4605.5,6511.746348,9210.0,1.0,0.0,0.0,0.0,0.0,0.0,1.0,0.0,60.0,20.0,325.6975356,108.5658452,0.0,66.0,32.6,33.01211899,1089.8,0.0,1.0,0.0,0.0,1.0,0.0,0.0,0.0,0.0,40.75,32.33333333,0.0,3.0,97.0,1.0,0.0,62.0,0.0,1.0,20.0,0.0,0.0,0.0,0.0,0.0,0.0,0.0,0.0,Benign
53.0,17.0,2018-03-01 04:30:52,1635.0,1.0,1.0,34.0,126.0,34.0,34.0,34.0,0.0,126.0,126.0,126.0,0.0,97859.32722,1223.24159,1635.0,0.0,1635.0,1635.0,0.0,0.0,0.0,0.0,0.0,0.0,0.0,0.0,0.0,0.0,0.0,0.0,8.0,8.0,611.6207951,611.6207951,34.0,126.0,64.66666667,53.11622477,2821.333333,0.0,0.0,0.0,0.0,0.0,0.0,0.0,0.0,1.0,97.0,34.0,126.0,1.0,34.0,1.0,126.0,-1.0,-1.0,0.0,8.0,0.0,0.0,0.0,0.0,0.0,0.0,0.0,0.0,Benign
3389.0,6.0,2018-03-01 05:27:03,3966987.0,15.0,8.0,1402.0,443.0,692.0,0.0,93.46666667,186.7729204,291.0,0.0,55.375,97.59528311,465.0884916,5.797851115,180317.5909,254479.6405,937634.0,2.0,3966987.0,283356.2143,349193.8805,1243514.0,2.0,3832186.0,547455.1429,326370.2884,937634.0,108367.0,0.0,0.0,324.0,172.0,3.781207249,2.016643866,0.0,692.0,76.875,157.2575601,24729.94022,0.0,0.0,1.0,1.0,0.0,0.0,0.0,1.0,0.0,80.2173913,93.46666667,55.375,15.0,1402.0,8.0,443.0,8192.0,62598.0,7.0,20.0,0.0,0.0,0.0,0.0,0.0,0.0,0.0,0.0,Benign
445.0,6.0,2018-03-01 04:55:59,763577.0,2.0,2.0,0.0,0.0,0.0,0.0,0.0,0.0,0.0,0.0,0.0,0.0,0.0,5.238502469,254525.6667,440811.5493,763531.0,22.0,763553.0,763553.0,0.0,763553.0,763553.0,763555.0,763555.0,0.0,763555.0,763555.0,0.0,0.0,56.0,40.0,2.619251235,2.619251235,0.0,0.0,0.0,0.0,0.0,0.0,0.0,0.0,1.0,0.0,0.0,0.0,0.0,1.0,0.0,0.0,0.0,2.0,0.0,2.0,0.0,8192.0,0.0,0.0,28.0,0.0,0.0,0.0,0.0,0.0,0.0,0.0,0.0,Benign
53.0,17.0,2018-03-01 09:28:40,46181.0,1.0,1.0,31.0,182.0,31.0,31.0,31.0,0.0,182.0,182.0,182.0,0.0,4612.286438,43.30785388,46181.0,0.0,46181.0,46181.0,0.0,0.0,0.0,0.0,0.0,0.0,0.0,0.0,0.0,0.0,0.0,0.0,8.0,8.0,21.65392694,21.65392694,31.0,182.0,81.33333333,87.17989065,7600.333333,0.0,0.0,0.0,0.0,0.0,0.0,0.0,0.0,1.0,122.0,31.0,182.0,1.0,31.0,1.0,182.0,-1.0,-1.0,0.0,8.0,0.0,0.0,0.0,0.0,0.0,0.0,0.0,0.0,Benign
53.0,17.0,2018-03-01 09:38:46,307.0,1.0,1.0,44.0,60.0,44.0,44.0,44.0,0.0,60.0,60.0,60.0,0.0,338762.215,6514.65798,307.0,0.0,307.0,307.0,0.0,0.0,0.0,0.0,0.0,0.0,0.0,0.0,0.0,0.0,0.0,0.0,8.0,8.0,3257.32899,3257.32899,44.0,60.0,49.33333333,9.237604307,85.33333333,0.0,0.0,0.0,0.0,0.0,0.0,0.0,0.0,1.0,74.0,44.0,60.0,1.0,44.0,1.0,60.0,-1.0,-1.0,0.0,8.0,0.0,0.0,0.0,0.0,0.0,0.0,0.0,0.0,Benign
53.0,17.0,2018-03-01 04:28:47,274.0,1.0,1.0,26.0,42.0,26.0,26.0,26.0,0.0,42.0,42.0,42.0,0.0,248175.1825,7299.270073,274.0,0.0,274.0,274.0,0.0,0.0,0.0,0.0,0.0,0.0,0.0,0.0,0.0,0.0,0.0,0.0,8.0,8.0,3649.635036,3649.635036,26.0,42.0,31.33333333,9.237604307,85.33333333,0.0,0.0,0.0,0.0,0.0,0.0,0.0,0.0,1.0,47.0,26.0,42.0,1.0,26.0,1.0,42.0,-1.0,-1.0,0.0,8.0,0.0,0.0,0.0,0.0,0.0,0.0,0.0,0.0,Benign
1108.0,6.0,2018-03-01 03:37:12,2.0,1.0,1.0,0.0,0.0,0.0,0.0,0.0,0.0,0.0,0.0,0.0,0.0,0.0,1000000.0,2.0,0.0,2.0,2.0,0.0,0.0,0.0,0.0,0.0,0.0,0.0,0.0,0.0,0.0,0.0,0.0,24.0,20.0,500000.0,500000.0,0.0,0.0,0.0,0.0,0.0,0.0,0.0,0.0,1.0,0.0,0.0,0.0,0.0,1.0,0.0,0.0,0.0,1.0,0.0,1.0,0.0,1024.0,0.0,0.0,24.0,0.0,0.0,0.0,0.0,0.0,0.0,0.0,0.0,Benign
52341.0,6.0,2018-03-01 03:38:49,1.0,2.0,0.0,0.0,0.0,0.0,0.0,0.0,0.0,0.0,0.0,0.0,0.0,0.0,2000000.0,1.0,0.0,1.0,1.0,1.0,1.0,0.0,1.0,1.0,0.0,0.0,0.0,0.0,0.0,0.0,0.0,40.0,0.0,2000000.0,0.0,0.0,0.0,0.0,0.0,0.0,0.0,0.0,0.0,0.0,1.0,0.0,0.0,0.0,0.0,0.0,0.0,0.0,2.0,0.0,0.0,0.0,189.0,-1.0,0.0,20.0,0.0,0.0,0.0,0.0,0.0,0.0,0.0,0.0,Benign
445.0,6.0,2018-03-01 05:18:43,781066.0,5.0,5.0,286.0,170.0,103.0,0.0,57.2,52.48523602,131.0,0.0,34.0,56.79348554,583.8175007,12.80301537,86785.11111,95204.39559,207410.0,5.0,780857.0,195214.25,151540.957,370061.0,5.0,781003.0,195250.75,85292.47967,288739.0,81782.0,0.0,0.0,112.0,112.0,6.401507683,6.401507683,0.0,131.0,41.45454545,52.11211689,2715.672727,0.0,0.0,0.0,1.0,0.0,0.0,0.0,0.0,1.0,45.6,57.2,34.0,5.0,286.0,5.0,170.0,8192.0,0.0,3.0,20.0,0.0,0.0,0.0,0.0,0.0,0.0,0.0,0.0,Benign
53.0,17.0,2018-03-01 11:11:22,37618.0,2.0,2.0,66.0,212.0,33.0,33.0,33.0,0.0,106.0,106.0,106.0,0.0,7390.079217,106.3320751,12539.33333,21233.91368,37058.0,207.0,37265.0,37265.0,0.0,37265.0,37265.0,560.0,560.0,0.0,560.0,560.0,0.0,0.0,16.0,16.0,53.16603754,53.16603754,33.0,106.0,62.2,39.9837467,1598.7,0.0,0.0,0.0,0.0,0.0,0.0,0.0,0.0,1.0,77.75,33.0,106.0,2.0,66.0,2.0,212.0,-1.0,-1.0,1.0,8.0,0.0,0.0,0.0,0.0,0.0,0.0,0.0,0.0,Benign
53.0,17.0,2018-03-01 05:14:04,341.0,1.0,1.0,35.0,131.0,35.0,35.0,35.0,0.0,131.0,131.0,131.0,0.0,486803.5191,5865.102639,341.0,0.0,341.0,341.0,0.0,0.0,0.0,0.0,0.0,0.0,0.0,0.0,0.0,0.0,0.0,0.0,8.0,8.0,2932.55132,2932.55132,35.0,131.0,67.0,55.42562584,3072.0,0.0,0.0,0.0,0.0,0.0,0.0,0.0,0.0,1.0,100.5,35.0,131.0,1.0,35.0,1.0,131.0,-1.0,-1.0,0.0,8.0,0.0,0.0,0.0,0.0,0.0,0.0,0.0,0.0,Benign
67.0,17.0,2018-03-01 03:44:02,92933380.0,9.0,0.0,2700.0,0.0,300.0,300.0,300.0,0.0,0.0,0.0,0.0,0.0,29.05307006,0.096843567,11600000.0,9730890.519,31900000.0,3815379.0,92900000.0,11600000.0,9730890.519,31900000.0,3815379.0,0.0,0.0,0.0,0.0,0.0,0.0,0.0,72.0,0.0,0.096843567,0.0,300.0,300.0,300.0,0.0,0.0,0.0,0.0,0.0,0.0,0.0,0.0,0.0,0.0,0.0,333.3333333,300.0,0.0,9.0,2700.0,0.0,0.0,-1.0,-1.0,8.0,8.0,5891074.5,2720751.025,7814936.0,3967213.0,16200000.0,9734108.089,31900000.0,7324741.0,Benign
443.0,6.0,2018-03-01 04:44:08,117328575.0,54.0,104.0,1525.0,131169.0,517.0,0.0,28.24074074,95.94395675,1410.0,0.0,1261.240385,413.6451623,1130.960638,1.346645521,747315.7643,6568795.993,58700000.0,0.0,117000000.0,2213746.698,11200000.0,58700000.0,13.0,117000000.0,1138355.359,8106630.941,58800000.0,0.0,0.0,0.0,1092.0,2092.0,0.460245938,0.886399583,0.0,1410.0,834.5534591,679.0252102,461075.236,0.0,0.0,1.0,1.0,0.0,0.0,0.0,1.0,1.0,839.835443,28.24074074,1261.240385,54.0,1525.0,104.0,131169.0,8192.0,127.0,8.0,20.0,235896.5,223450.6926,393900.0,77893.0,58400000.0,508281.7893,58700000.0,58000000.0,Benign
443.0,6.0,2018-03-01 04:42:15,319.0,3.0,0.0,77.0,0.0,46.0,0.0,25.66666667,23.45918441,0.0,0.0,0.0,0.0,241379.3103,9404.388715,159.5,188.7975106,293.0,26.0,319.0,159.5,188.7975106,293.0,26.0,0.0,0.0,0.0,0.0,0.0,1.0,0.0,60.0,0.0,9404.388715,0.0,0.0,46.0,30.75,21.68524844,470.25,0.0,1.0,0.0,0.0,1.0,0.0,0.0,0.0,0.0,41.0,25.66666667,0.0,3.0,77.0,0.0,0.0,255.0,-1.0,1.0,20.0,0.0,0.0,0.0,0.0,0.0,0.0,0.0,0.0,Benign
3389.0,6.0,2018-03-01 04:41:07,5017771.0,10.0,7.0,1148.0,1581.0,677.0,0.0,114.8,210.0924664,1173.0,0.0,225.8571429,430.0986044,543.866988,3.387958518,313610.6875,534213.3351,2068091.0,42.0,5017771.0,557530.1111,674780.7474,2068091.0,307.0,4786105.0,797684.1667,884630.1438,2515230.0,233591.0,0.0,0.0,212.0,152.0,1.992916775,1.395041743,0.0,1173.0,151.6111111,305.0826578,93075.4281,0.0,0.0,0.0,1.0,0.0,0.0,0.0,0.0,0.0,160.5294118,114.8,225.8571429,10.0,1148.0,7.0,1581.0,8192.0,62852.0,5.0,20.0,0.0,0.0,0.0,0.0,0.0,0.0,0.0,0.0,Benign
53.0,17.0,2018-03-01 05:02:42,1216.0,1.0,1.0,38.0,86.0,38.0,38.0,38.0,0.0,86.0,86.0,86.0,0.0,101973.6842,1644.736842,1216.0,0.0,1216.0,1216.0,0.0,0.0,0.0,0.0,0.0,0.0,0.0,0.0,0.0,0.0,0.0,0.0,8.0,8.0,822.3684211,822.3684211,38.0,86.0,54.0,27.71281292,768.0,0.0,0.0,0.0,0.0,0.0,0.0,0.0,0.0,1.0,81.0,38.0,86.0,1.0,38.0,1.0,86.0,-1.0,-1.0,0.0,8.0,0.0,0.0,0.0,0.0,0.0,0.0,0.0,0.0,Benign
50720.0,6.0,2018-03-01 09:47:52,12391.0,3.0,1.0,31.0,0.0,31.0,0.0,10.33333333,17.89785834,0.0,0.0,0.0,0.0,2501.815834,322.8149463,4130.333333,7139.229814,12374.0,0.0,12374.0,6187.0,8749.73931,12374.0,0.0,0.0,0.0,0.0,0.0,0.0,0.0,0.0,60.0,20.0,242.1112097,80.70373658,0.0,31.0,6.2,13.86362146,192.2,0.0,0.0,0.0,0.0,1.0,0.0,0.0,0.0,0.0,7.75,10.33333333,0.0,3.0,31.0,1.0,0.0,984.0,0.0,1.0,20.0,0.0,0.0,0.0,0.0,0.0,0.0,0.0,0.0,Benign
443.0,6.0,2018-03-01 01:44:41,186.0,3.0,0.0,77.0,0.0,46.0,0.0,25.66666667,23.45918441,0.0,0.0,0.0,0.0,413978.4946,16129.03226,93.0,108.8944443,170.0,16.0,186.0,93.0,108.8944443,170.0,16.0,0.0,0.0,0.0,0.0,0.0,1.0,0.0,60.0,0.0,16129.03226,0.0,0.0,46.0,30.75,21.68524844,470.25,0.0,1.0,0.0,0.0,1.0,0.0,0.0,0.0,0.0,41.0,25.66666667,0.0,3.0,77.0,0.0,0.0,254.0,-1.0,1.0,20.0,0.0,0.0,0.0,0.0,0.0,0.0,0.0,0.0,Benign
443.0,6.0,2018-03-01 09:11:41,110115460.0,15.0,15.0,1328.0,872.0,517.0,0.0,88.53333333,167.8714928,322.0,0.0,58.13333333,85.18623855,19.97902928,0.272441308,3797084.828,14000000.0,58400000.0,2.0,110000000.0,7865390.0,19600000.0,58500000.0,191.0,60400000.0,4313335.143,15600000.0,58400000.0,2.0,0.0,0.0,336.0,312.0,0.136220654,0.136220654,0.0,517.0,70.96774194,130.1615621,16942.03226,0.0,0.0,1.0,1.0,0.0,0.0,0.0,1.0,1.0,73.33333333,88.53333333,58.13333333,15.0,1328.0,15.0,872.0,8192.0,180.0,7.0,20.0,1064161.5,953691.1792,1738523.0,389800.0,54000000.0,6164642.478,58400000.0,49600000.0,Benign
53.0,17.0,2018-03-01 08:16:39,12873.0,1.0,1.0,47.0,132.0,47.0,47.0,47.0,0.0,132.0,132.0,132.0,0.0,13905.07263,155.36394,12873.0,0.0,12873.0,12873.0,0.0,0.0,0.0,0.0,0.0,0.0,0.0,0.0,0.0,0.0,0.0,0.0,8.0,8.0,77.68197001,77.68197001,47.0,132.0,75.33333333,49.07477288,2408.333333,0.0,0.0,0.0,0.0,0.0,0.0,0.0,0.0,1.0,113.0,47.0,132.0,1.0,47.0,1.0,132.0,-1.0,-1.0,0.0,8.0,0.0,0.0,0.0,0.0,0.0,0.0,0.0,0.0,Benign
53.0,17.0,2018-03-01 10:26:16,712.0,1.0,1.0,40.0,100.0,40.0,40.0,40.0,0.0,100.0,100.0,100.0,0.0,196629.2135,2808.988764,712.0,0.0,712.0,712.0,0.0,0.0,0.0,0.0,0.0,0.0,0.0,0.0,0.0,0.0,0.0,0.0,8.0,8.0,1404.494382,1404.494382,40.0,100.0,60.0,34.64101615,1200.0,0.0,0.0,0.0,0.0,0.0,0.0,0.0,0.0,1.0,90.0,40.0,100.0,1.0,40.0,1.0,100.0,-1.0,-1.0,0.0,8.0,0.0,0.0,0.0,0.0,0.0,0.0,0.0,0.0,Benign
179.0,6.0,2018-03-01 10:51:58,2.0,1.0,1.0,0.0,0.0,0.0,0.0,0.0,0.0,0.0,0.0,0.0,0.0,0.0,1000000.0,2.0,0.0,2.0,2.0,0.0,0.0,0.0,0.0,0.0,0.0,0.0,0.0,0.0,0.0,0.0,0.0,24.0,20.0,500000.0,500000.0,0.0,0.0,0.0,0.0,0.0,0.0,0.0,0.0,1.0,0.0,0.0,0.0,0.0,1.0,0.0,0.0,0.0,1.0,0.0,1.0,0.0,1024.0,0.0,0.0,24.0,0.0,0.0,0.0,0.0,0.0,0.0,0.0,0.0,Benign
53.0,17.0,2018-03-01 08:16:37,1279.0,1.0,1.0,33.0,70.0,33.0,33.0,33.0,0.0,70.0,70.0,70.0,0.0,80531.66536,1563.721658,1279.0,0.0,1279.0,1279.0,0.0,0.0,0.0,0.0,0.0,0.0,0.0,0.0,0.0,0.0,0.0,0.0,8.0,8.0,781.8608288,781.8608288,33.0,70.0,45.33333333,21.36195996,456.3333333,0.0,0.0,0.0,0.0,0.0,0.0,0.0,0.0,1.0,68.0,33.0,70.0,1.0,33.0,1.0,70.0,-1.0,-1.0,0.0,8.0,0.0,0.0,0.0,0.0,0.0,0.0,0.0,0.0,Benign
53.0,17.0,2018-03-01 09:49:13,690.0,1.0,1.0,32.0,60.0,32.0,32.0,32.0,0.0,60.0,60.0,60.0,0.0,133333.3333,2898.550725,690.0,0.0,690.0,690.0,0.0,0.0,0.0,0.0,0.0,0.0,0.0,0.0,0.0,0.0,0.0,0.0,8.0,8.0,1449.275362,1449.275362,32.0,60.0,41.33333333,16.16580754,261.3333333,0.0,0.0,0.0,0.0,0.0,0.0,0.0,0.0,1.0,62.0,32.0,60.0,1.0,32.0,1.0,60.0,-1.0,-1.0,0.0,8.0,0.0,0.0,0.0,0.0,0.0,0.0,0.0,0.0,Benign
50761.0,6.0,2018-03-01 09:51:07,21.0,1.0,1.0,0.0,0.0,0.0,0.0,0.0,0.0,0.0,0.0,0.0,0.0,0.0,95238.09524,21.0,0.0,21.0,21.0,0.0,0.0,0.0,0.0,0.0,0.0,0.0,0.0,0.0,0.0,0.0,0.0,20.0,20.0,47619.04762,47619.04762,0.0,0.0,0.0,0.0,0.0,0.0,0.0,0.0,0.0,1.0,1.0,0.0,0.0,1.0,0.0,0.0,0.0,1.0,0.0,1.0,0.0,172.0,255.0,0.0,20.0,0.0,0.0,0.0,0.0,0.0,0.0,0.0,0.0,Benign
3389.0,6.0,2018-03-01 05:09:09,1797361.0,8.0,7.0,1128.0,1581.0,661.0,0.0,141.0,222.6233206,1173.0,0.0,225.8571429,430.0986044,1507.209737,8.345568865,128382.9286,245756.4791,950071.0,2.0,1797361.0,256765.8571,419854.1033,1203290.0,2.0,1595315.0,265885.8333,335665.4858,950071.0,110034.0,0.0,0.0,172.0,152.0,4.450970061,3.894598803,0.0,1173.0,169.3125,317.731274,100953.1625,0.0,0.0,1.0,1.0,0.0,0.0,0.0,1.0,0.0,180.6,141.0,225.8571429,8.0,1128.0,7.0,1581.0,8192.0,62872.0,5.0,20.0,0.0,0.0,0.0,0.0,0.0,0.0,0.0,0.0,Benign
3703.0,6.0,2018-03-01 03:37:12,261.0,1.0,1.0,0.0,0.0,0.0,0.0,0.0,0.0,0.0,0.0,0.0,0.0,0.0,7662.835249,261.0,0.0,261.0,261.0,0.0,0.0,0.0,0.0,0.0,0.0,0.0,0.0,0.0,0.0,0.0,0.0,24.0,20.0,3831.417625,3831.417625,0.0,0.0,0.0,0.0,0.0,0.0,0.0,0.0,1.0,0.0,0.0,0.0,0.0,1.0,0.0,0.0,0.0,1.0,0.0,1.0,0.0,1024.0,0.0,0.0,24.0,0.0,0.0,0.0,0.0,0.0,0.0,0.0,0.0,Benign
443.0,6.0,2018-03-01 11:15:03,144760.0,9.0,7.0,512.0,4472.0,194.0,0.0,56.88888889,83.48269947,1430.0,0.0,638.8571429,695.6206889,34429.40039,110.5277701,9650.666667,17609.24902,63860.0,3.0,144760.0,18095.0,21723.72315,63879.0,25.0,95218.0,15869.66667,29724.24245,75731.0,18.0,0.0,0.0,192.0,152.0,62.17187068,48.35589942,0.0,1430.0,293.1764706,523.4494048,273999.2794,0.0,0.0,1.0,1.0,0.0,0.0,0.0,1.0,0.0,311.5,56.88888889,638.8571429,9.0,512.0,7.0,4472.0,8192.0,172.0,4.0,20.0,0.0,0.0,0.0,0.0,0.0,0.0,0.0,0.0,Benign
53.0,17.0,2018-03-01 03:50:55,346.0,1.0,1.0,32.0,48.0,32.0,32.0,32.0,0.0,48.0,48.0,48.0,0.0,231213.8728,5780.346821,346.0,0.0,346.0,346.0,0.0,0.0,0.0,0.0,0.0,0.0,0.0,0.0,0.0,0.0,0.0,0.0,8.0,8.0,2890.17341,2890.17341,32.0,48.0,37.33333333,9.237604307,85.33333333,0.0,0.0,0.0,0.0,0.0,0.0,0.0,0.0,1.0,56.0,32.0,48.0,1.0,32.0,1.0,48.0,-1.0,-1.0,0.0,8.0,0.0,0.0,0.0,0.0,0.0,0.0,0.0,0.0,Benign
0.0,0.0,2018-03-01 04:13:34,112640995.0,3.0,0.0,0.0,0.0,0.0,0.0,0.0,0.0,0.0,0.0,0.0,0.0,0.0,0.026633287,56300000.0,48.7903679,56300000.0,56300000.0,113000000.0,56300000.0,48.7903679,56300000.0,56300000.0,0.0,0.0,0.0,0.0,0.0,0.0,0.0,0.0,0.0,0.026633287,0.0,0.0,0.0,0.0,0.0,0.0,0.0,0.0,0.0,0.0,0.0,0.0,0.0,0.0,0.0,0.0,0.0,0.0,3.0,0.0,0.0,0.0,-1.0,-1.0,0.0,0.0,0.0,0.0,0.0,0.0,56300000.0,48.7903679,56300000.0,56300000.0,Benign
443.0,6.0,2018-03-01 04:23:28,18.0,1.0,1.0,0.0,0.0,0.0,0.0,0.0,0.0,0.0,0.0,0.0,0.0,0.0,111111.1111,18.0,0.0,18.0,18.0,0.0,0.0,0.0,0.0,0.0,0.0,0.0,0.0,0.0,0.0,0.0,0.0,20.0,20.0,55555.55556,55555.55556,0.0,0.0,0.0,0.0,0.0,0.0,0.0,0.0,0.0,1.0,0.0,0.0,0.0,1.0,0.0,0.0,0.0,1.0,0.0,1.0,0.0,63825.0,5144.0,0.0,20.0,0.0,0.0,0.0,0.0,0.0,0.0,0.0,0.0,Benign
53.0,17.0,2018-03-01 08:16:40,324.0,1.0,1.0,81.0,129.0,81.0,81.0,81.0,0.0,129.0,129.0,129.0,0.0,648148.1481,6172.839506,324.0,0.0,324.0,324.0,0.0,0.0,0.0,0.0,0.0,0.0,0.0,0.0,0.0,0.0,0.0,0.0,8.0,8.0,3086.419753,3086.419753,81.0,129.0,97.0,27.71281292,768.0,0.0,0.0,0.0,0.0,0.0,0.0,0.0,0.0,1.0,145.5,81.0,129.0,1.0,81.0,1.0,129.0,-1.0,-1.0,0.0,8.0,0.0,0.0,0.0,0.0,0.0,0.0,0.0,0.0,Benign
0.0,0.0,2018-03-01 11:40:20,106450414.0,59.0,0.0,0.0,0.0,0.0,0.0,0.0,0.0,0.0,0.0,0.0,0.0,0.0,0.554248666,1835351.966,2896405.864,21200000.0,53223.0,106000000.0,1835351.966,2896405.864,21200000.0,53223.0,0.0,0.0,0.0,0.0,0.0,0.0,0.0,0.0,0.0,0.554248666,0.0,0.0,0.0,0.0,0.0,0.0,0.0,0.0,0.0,0.0,0.0,0.0,0.0,0.0,0.0,0.0,0.0,0.0,59.0,0.0,0.0,0.0,-1.0,-1.0,0.0,0.0,36300000.0,35700000.0,61500000.0,11000000.0,14300000.0,9667206.823,21200000.0,7500122.0,Benign
53.0,17.0,2018-03-01 04:02:44,343.0,1.0,1.0,38.0,54.0,38.0,38.0,38.0,0.0,54.0,54.0,54.0,0.0,268221.5743,5830.90379,343.0,0.0,343.0,343.0,0.0,0.0,0.0,0.0,0.0,0.0,0.0,0.0,0.0,0.0,0.0,0.0,8.0,8.0,2915.451895,2915.451895,38.0,54.0,43.33333333,9.237604307,85.33333333,0.0,0.0,0.0,0.0,0.0,0.0,0.0,0.0,1.0,65.0,38.0,54.0,1.0,38.0,1.0,54.0,-1.0,-1.0,0.0,8.0,0.0,0.0,0.0,0.0,0.0,0.0,0.0,0.0,Benign
53.0,17.0,2018-03-01 09:45:01,1601.0,1.0,1.0,42.0,155.0,42.0,42.0,42.0,0.0,155.0,155.0,155.0,0.0,123048.0949,1249.219238,1601.0,0.0,1601.0,1601.0,0.0,0.0,0.0,0.0,0.0,0.0,0.0,0.0,0.0,0.0,0.0,0.0,8.0,8.0,624.609619,624.609619,42.0,155.0,79.66666667,65.24058042,4256.333333,0.0,0.0,0.0,0.0,0.0,0.0,0.0,0.0,1.0,119.5,42.0,155.0,1.0,42.0,1.0,155.0,-1.0,-1.0,0.0,8.0,0.0,0.0,0.0,0.0,0.0,0.0,0.0,0.0,Benign
53.0,17.0,2018-03-01 11:31:59,423.0,1.0,1.0,40.0,56.0,40.0,40.0,40.0,0.0,56.0,56.0,56.0,0.0,226950.3546,4728.132388,423.0,0.0,423.0,423.0,0.0,0.0,0.0,0.0,0.0,0.0,0.0,0.0,0.0,0.0,0.0,0.0,8.0,8.0,2364.066194,2364.066194,40.0,56.0,45.33333333,9.237604307,85.33333333,0.0,0.0,0.0,0.0,0.0,0.0,0.0,0.0,1.0,68.0,40.0,56.0,1.0,40.0,1.0,56.0,-1.0,-1.0,0.0,8.0,0.0,0.0,0.0,0.0,0.0,0.0,0.0,0.0,Benign
10000.0,6.0,2018-03-01 10:27:15,2.0,1.0,1.0,0.0,0.0,0.0,0.0,0.0,0.0,0.0,0.0,0.0,0.0,0.0,1000000.0,2.0,0.0,2.0,2.0,0.0,0.0,0.0,0.0,0.0,0.0,0.0,0.0,0.0,0.0,0.0,0.0,24.0,20.0,500000.0,500000.0,0.0,0.0,0.0,0.0,0.0,0.0,0.0,0.0,1.0,0.0,0.0,0.0,0.0,1.0,0.0,0.0,0.0,1.0,0.0,1.0,0.0,1024.0,0.0,0.0,24.0,0.0,0.0,0.0,0.0,0.0,0.0,0.0,0.0,Benign
80.0,6.0,2018-03-01 04:26:23,30167032.0,5.0,8.0,2.0,634.0,1.0,0.0,0.4,0.547722558,634.0,0.0,79.25,224.1528496,21.08261761,0.430934008,2513919.333,4520249.23,10100000.0,15.0,20200000.0,5052741.0,5774413.881,10100000.0,16846.0,30200000.0,4307171.714,5365001.839,10100000.0,15.0,0.0,0.0,112.0,172.0,0.165743849,0.265190159,0.0,634.0,45.42857143,169.4028945,28697.34066,0.0,0.0,1.0,1.0,0.0,0.0,0.0,1.0,1.0,48.92307692,0.4,79.25,5.0,2.0,8.0,634.0,8192.0,60.0,2.0,20.0,60561.0,61775.67683,104243.0,16879.0,10000000.0,53614.25036,10100000.0,10000000.0,Benign
443.0,6.0,2018-03-01 01:16:48,117807264.0,12.0,14.0,1031.0,2965.0,448.0,0.0,85.91666667,159.4846578,1184.0,0.0,211.7857143,403.3963843,33.9198099,0.220699464,4712290.56,16200000.0,58700000.0,1.0,118000000.0,10700000.0,23600000.0,58700000.0,80.0,118000000.0,9054448.077,21900000.0,58800000.0,1.0,1.0,0.0,240.0,280.0,0.101861291,0.118838173,0.0,1184.0,164.5925926,315.0726728,99270.78917,0.0,1.0,0.0,0.0,1.0,0.0,0.0,0.0,1.0,170.9230769,85.91666667,211.7857143,12.0,1031.0,14.0,2965.0,257.0,189.0,5.0,20.0,451476.5,550510.2063,840746.0,62207.0,58400000.0,396954.8977,58700000.0,58100000.0,Benign
3389.0,6.0,2018-03-01 01:25:13,1394745.0,8.0,7.0,1132.0,1581.0,661.0,0.0,141.5,222.7920235,1173.0,0.0,225.8571429,430.0986044,1945.158434,10.75465408,99624.64286,252224.3077,969632.0,37.0,1394745.0,199249.2857,382944.4411,1065894.0,37.0,1331174.0,221862.3333,366527.8617,969632.0,64086.0,0.0,0.0,168.0,148.0,5.735815507,5.018838569,0.0,1173.0,169.5625,317.7627981,100973.1958,0.0,0.0,0.0,1.0,0.0,0.0,0.0,0.0,0.0,180.8666667,141.5,225.8571429,8.0,1132.0,7.0,1581.0,8192.0,62868.0,5.0,20.0,0.0,0.0,0.0,0.0,0.0,0.0,0.0,0.0,Benign
765.0,6.0,2018-03-01 02:40:05,2.0,1.0,1.0,0.0,0.0,0.0,0.0,0.0,0.0,0.0,0.0,0.0,0.0,0.0,1000000.0,2.0,0.0,2.0,2.0,0.0,0.0,0.0,0.0,0.0,0.0,0.0,0.0,0.0,0.0,0.0,0.0,24.0,20.0,500000.0,500000.0,0.0,0.0,0.0,0.0,0.0,0.0,0.0,0.0,1.0,0.0,0.0,0.0,0.0,1.0,0.0,0.0,0.0,1.0,0.0,1.0,0.0,1024.0,0.0,0.0,24.0,0.0,0.0,0.0,0.0,0.0,0.0,0.0,0.0,Benign
52050.0,6.0,2018-03-01 11:43:03,29.0,1.0,1.0,0.0,0.0,0.0,0.0,0.0,0.0,0.0,0.0,0.0,0.0,0.0,68965.51724,29.0,0.0,29.0,29.0,0.0,0.0,0.0,0.0,0.0,0.0,0.0,0.0,0.0,0.0,0.0,0.0,20.0,20.0,34482.75862,34482.75862,0.0,0.0,0.0,0.0,0.0,0.0,0.0,0.0,0.0,1.0,1.0,0.0,0.0,1.0,0.0,0.0,0.0,1.0,0.0,1.0,0.0,180.0,253.0,0.0,20.0,0.0,0.0,0.0,0.0,0.0,0.0,0.0,0.0,Benign
445.0,6.0,2018-03-01 08:34:14,160474.0,3.0,1.0,0.0,0.0,0.0,0.0,0.0,0.0,0.0,0.0,0.0,0.0,0.0,24.92615626,53491.33333,92241.11679,160002.0,57.0,160474.0,80237.0,112885.355,160059.0,415.0,0.0,0.0,0.0,0.0,0.0,0.0,0.0,72.0,32.0,18.6946172,6.231539066,0.0,0.0,0.0,0.0,0.0,0.0,0.0,0.0,1.0,0.0,0.0,0.0,0.0,0.0,0.0,0.0,0.0,3.0,0.0,1.0,0.0,8192.0,8192.0,0.0,20.0,0.0,0.0,0.0,0.0,0.0,0.0,0.0,0.0,Benign
50254.0,6.0,2018-03-01 08:59:52,19.0,1.0,1.0,0.0,0.0,0.0,0.0,0.0,0.0,0.0,0.0,0.0,0.0,0.0,105263.1579,19.0,0.0,19.0,19.0,0.0,0.0,0.0,0.0,0.0,0.0,0.0,0.0,0.0,0.0,0.0,0.0,20.0,20.0,52631.57895,52631.57895,0.0,0.0,0.0,0.0,0.0,0.0,0.0,0.0,0.0,1.0,1.0,0.0,0.0,1.0,0.0,0.0,0.0,1.0,0.0,1.0,0.0,123.0,253.0,0.0,20.0,0.0,0.0,0.0,0.0,0.0,0.0,0.0,0.0,Benign
8545.0,6.0,2018-03-01 09:53:40,20.0,1.0,1.0,0.0,0.0,0.0,0.0,0.0,0.0,0.0,0.0,0.0,0.0,0.0,100000.0,20.0,0.0,20.0,20.0,0.0,0.0,0.0,0.0,0.0,0.0,0.0,0.0,0.0,0.0,0.0,0.0,20.0,20.0,50000.0,50000.0,0.0,0.0,0.0,0.0,0.0,0.0,0.0,0.0,1.0,0.0,0.0,0.0,0.0,1.0,0.0,0.0,0.0,1.0,0.0,1.0,0.0,65535.0,0.0,0.0,20.0,0.0,0.0,0.0,0.0,0.0,0.0,0.0,0.0,Benign
53.0,17.0,2018-03-01 04:02:53,859.0,1.0,1.0,26.0,108.0,26.0,26.0,26.0,0.0,108.0,108.0,108.0,0.0,155995.3434,2328.288708,859.0,0.0,859.0,859.0,0.0,0.0,0.0,0.0,0.0,0.0,0.0,0.0,0.0,0.0,0.0,0.0,8.0,8.0,1164.144354,1164.144354,26.0,108.0,53.33333333,47.34272207,2241.333333,0.0,0.0,0.0,0.0,0.0,0.0,0.0,0.0,1.0,80.0,26.0,108.0,1.0,26.0,1.0,108.0,-1.0,-1.0,0.0,8.0,0.0,0.0,0.0,0.0,0.0,0.0,0.0,0.0,Benign
53049.0,6.0,2018-03-01 01:45:58,14.0,1.0,1.0,0.0,0.0,0.0,0.0,0.0,0.0,0.0,0.0,0.0,0.0,0.0,142857.1429,14.0,0.0,14.0,14.0,0.0,0.0,0.0,0.0,0.0,0.0,0.0,0.0,0.0,0.0,0.0,0.0,20.0,20.0,71428.57143,71428.57143,0.0,0.0,0.0,0.0,0.0,0.0,0.0,0.0,0.0,1.0,1.0,0.0,0.0,1.0,0.0,0.0,0.0,1.0,0.0,1.0,0.0,116.0,253.0,0.0,20.0,0.0,0.0,0.0,0.0,0.0,0.0,0.0,0.0,Benign
53.0,17.0,2018-03-01 08:36:53,87718.0,1.0,1.0,65.0,127.0,65.0,65.0,65.0,0.0,127.0,127.0,127.0,0.0,2188.832395,22.80033744,87718.0,0.0,87718.0,87718.0,0.0,0.0,0.0,0.0,0.0,0.0,0.0,0.0,0.0,0.0,0.0,0.0,8.0,8.0,11.40016872,11.40016872,65.0,127.0,85.66666667,35.79571669,1281.333333,0.0,0.0,0.0,0.0,0.0,0.0,0.0,0.0,1.0,128.5,65.0,127.0,1.0,65.0,1.0,127.0,-1.0,-1.0,0.0,8.0,0.0,0.0,0.0,0.0,0.0,0.0,0.0,0.0,Benign
53.0,17.0,2018-03-01 03:48:29,1626.0,1.0,1.0,35.0,87.0,35.0,35.0,35.0,0.0,87.0,87.0,87.0,0.0,75030.75031,1230.0123,1626.0,0.0,1626.0,1626.0,0.0,0.0,0.0,0.0,0.0,0.0,0.0,0.0,0.0,0.0,0.0,0.0,8.0,8.0,615.0061501,615.0061501,35.0,87.0,52.33333333,30.022214,901.3333333,0.0,0.0,0.0,0.0,0.0,0.0,0.0,0.0,1.0,78.5,35.0,87.0,1.0,35.0,1.0,87.0,-1.0,-1.0,0.0,8.0,0.0,0.0,0.0,0.0,0.0,0.0,0.0,0.0,Benign
443.0,6.0,2018-03-01 08:48:40,418216.0,8.0,6.0,347.0,3999.0,190.0,0.0,43.375,73.56811712,1460.0,0.0,666.5,729.0063786,10391.75928,33.47552461,32170.46154,71953.40398,236819.0,1.0,418216.0,59745.14286,94835.31455,236819.0,101.0,31527.0,6305.4,7504.46156,16537.0,1.0,0.0,0.0,172.0,132.0,19.12887121,14.3466534,0.0,1460.0,289.7333333,542.2401243,294024.3524,0.0,0.0,1.0,1.0,0.0,0.0,0.0,1.0,0.0,310.4285714,43.375,666.5,8.0,347.0,6.0,3999.0,8192.0,110.0,3.0,20.0,0.0,0.0,0.0,0.0,0.0,0.0,0.0,0.0,Benign
445.0,6.0,2018-03-01 11:16:01,823239.0,2.0,2.0,0.0,0.0,0.0,0.0,0.0,0.0,0.0,0.0,0.0,0.0,0.0,4.858856298,274413.0,475260.8852,823197.0,21.0,823218.0,823218.0,0.0,823218.0,823218.0,823218.0,823218.0,0.0,823218.0,823218.0,0.0,0.0,64.0,40.0,2.429428149,2.429428149,0.0,0.0,0.0,0.0,0.0,0.0,0.0,0.0,1.0,0.0,0.0,0.0,0.0,1.0,0.0,0.0,0.0,2.0,0.0,2.0,0.0,8192.0,0.0,0.0,32.0,0.0,0.0,0.0,0.0,0.0,0.0,0.0,0.0,Benign
80.0,6.0,2018-03-01 01:08:21,69962838.0,10.0,11.0,437.0,1950.0,431.0,0.0,43.7,136.0841651,1460.0,0.0,177.2727273,450.1131171,34.11811282,0.30015935,3498141.9,4864911.393,10000000.0,9.0,60300000.0,6695018.333,5005710.612,10000000.0,299.0,69900000.0,6993214.4,4819806.912,10000000.0,18.0,0.0,0.0,212.0,304.0,0.142933024,0.157226326,0.0,1460.0,108.5,330.8342629,109451.3095,0.0,0.0,1.0,1.0,0.0,0.0,0.0,1.0,1.0,113.6666667,43.7,177.2727273,10.0,437.0,11.0,1950.0,8192.0,946.0,7.0,20.0,36033.83333,12867.40052,62299.0,30675.0,10000000.0,7627.194469,10000000.0,10000000.0,Benign
3389.0,6.0,2018-03-01 03:31:15,1403252.0,8.0,7.0,1132.0,1581.0,661.0,0.0,141.5,222.7920235,1173.0,0.0,225.8571429,430.0986044,1933.366209,10.68945564,100232.2857,256272.706,984472.0,46.0,1403252.0,200464.5714,387943.6862,1078514.0,46.0,1340578.0,223429.6667,373016.9458,984472.0,63766.0,0.0,0.0,168.0,148.0,5.701043006,4.98841263,0.0,1173.0,169.5625,317.7627981,100973.1958,0.0,0.0,0.0,1.0,0.0,0.0,0.0,0.0,0.0,180.8666667,141.5,225.8571429,8.0,1132.0,7.0,1581.0,8192.0,62868.0,5.0,20.0,0.0,0.0,0.0,0.0,0.0,0.0,0.0,0.0,Benign
53.0,17.0,2018-03-01 12:02:16,411.0,1.0,1.0,32.0,89.0,32.0,32.0,32.0,0.0,89.0,89.0,89.0,0.0,294403.8929,4866.180049,411.0,0.0,411.0,411.0,0.0,0.0,0.0,0.0,0.0,0.0,0.0,0.0,0.0,0.0,0.0,0.0,8.0,8.0,2433.090024,2433.090024,32.0,89.0,51.0,32.90896534,1083.0,0.0,0.0,0.0,0.0,0.0,0.0,0.0,0.0,1.0,76.5,32.0,89.0,1.0,32.0,1.0,89.0,-1.0,-1.0,0.0,8.0,0.0,0.0,0.0,0.0,0.0,0.0,0.0,0.0,Benign
50637.0,6.0,2018-03-01 10:10:33,1.0,2.0,0.0,31.0,0.0,31.0,0.0,15.5,21.92031022,0.0,0.0,0.0,0.0,31000000.0,2000000.0,1.0,0.0,1.0,1.0,1.0,1.0,0.0,1.0,1.0,0.0,0.0,0.0,0.0,0.0,1.0,0.0,40.0,0.0,2000000.0,0.0,0.0,31.0,20.66666667,17.89785834,320.3333333,0.0,1.0,0.0,0.0,1.0,0.0,0.0,0.0,0.0,31.0,15.5,0.0,2.0,31.0,0.0,0.0,296.0,-1.0,0.0,20.0,0.0,0.0,0.0,0.0,0.0,0.0,0.0,0.0,Benign
53.0,17.0,2018-03-01 11:20:27,326.0,1.0,1.0,48.0,64.0,48.0,48.0,48.0,0.0,64.0,64.0,64.0,0.0,343558.2822,6134.969325,326.0,0.0,326.0,326.0,0.0,0.0,0.0,0.0,0.0,0.0,0.0,0.0,0.0,0.0,0.0,0.0,8.0,8.0,3067.484663,3067.484663,48.0,64.0,53.33333333,9.237604307,85.33333333,0.0,0.0,0.0,0.0,0.0,0.0,0.0,0.0,1.0,80.0,48.0,64.0,1.0,48.0,1.0,64.0,-1.0,-1.0,0.0,8.0,0.0,0.0,0.0,0.0,0.0,0.0,0.0,0.0,Benign
53.0,17.0,2018-03-01 09:44:02,715.0,1.0,1.0,42.0,117.0,42.0,42.0,42.0,0.0,117.0,117.0,117.0,0.0,222377.6224,2797.202797,715.0,0.0,715.0,715.0,0.0,0.0,0.0,0.0,0.0,0.0,0.0,0.0,0.0,0.0,0.0,0.0,8.0,8.0,1398.601399,1398.601399,42.0,117.0,67.0,43.30127019,1875.0,0.0,0.0,0.0,0.0,0.0,0.0,0.0,0.0,1.0,100.5,42.0,117.0,1.0,42.0,1.0,117.0,-1.0,-1.0,0.0,8.0,0.0,0.0,0.0,0.0,0.0,0.0,0.0,0.0,Benign
53.0,17.0,2018-03-01 11:09:40,1758.0,1.0,1.0,43.0,99.0,43.0,43.0,43.0,0.0,99.0,99.0,99.0,0.0,80773.60637,1137.656428,1758.0,0.0,1758.0,1758.0,0.0,0.0,0.0,0.0,0.0,0.0,0.0,0.0,0.0,0.0,0.0,0.0,8.0,8.0,568.8282139,568.8282139,43.0,99.0,61.66666667,32.33161507,1045.333333,0.0,0.0,0.0,0.0,0.0,0.0,0.0,0.0,1.0,92.5,43.0,99.0,1.0,43.0,1.0,99.0,-1.0,-1.0,0.0,8.0,0.0,0.0,0.0,0.0,0.0,0.0,0.0,0.0,Benign
443.0,6.0,2018-03-01 04:35:27,9285683.0,3.0,0.0,0.0,0.0,0.0,0.0,0.0,0.0,0.0,0.0,0.0,0.0,0.0,0.323078012,4642841.5,2152435.163,6164843.0,3120840.0,9285683.0,4642841.5,2152435.163,6164843.0,3120840.0,0.0,0.0,0.0,0.0,0.0,0.0,0.0,92.0,0.0,0.323078012,0.0,0.0,0.0,0.0,0.0,0.0,0.0,0.0,1.0,1.0,0.0,0.0,0.0,1.0,0.0,0.0,0.0,0.0,3.0,0.0,0.0,0.0,8192.0,-1.0,0.0,28.0,3120840.0,0.0,3120840.0,3120840.0,6164843.0,0.0,6164843.0,6164843.0,Benign
443.0,6.0,2018-03-01 01:45:11,60092208.0,4.0,2.0,148.0,252.0,74.0,0.0,37.0,42.72391992,126.0,126.0,126.0,0.0,6.656437054,0.099846556,12000000.0,26800000.0,59900000.0,30366.0,60100000.0,20000000.0,34600000.0,59900000.0,77914.0,60000000.0,60000000.0,0.0,60000000.0,60000000.0,1.0,0.0,80.0,40.0,0.066564371,0.033282185,0.0,126.0,67.71428571,51.77423518,2680.571429,0.0,1.0,0.0,0.0,1.0,0.0,0.0,0.0,0.0,79.0,37.0,126.0,4.0,148.0,2.0,252.0,254.0,7304.0,1.0,20.0,77914.0,0.0,77914.0,77914.0,59900000.0,0.0,59900000.0,59900000.0,Benign
443.0,6.0,2018-03-01 09:07:26,115634875.0,19.0,20.0,944.0,4963.0,517.0,0.0,49.68421053,136.5275929,1460.0,0.0,248.15,530.3014312,51.08320479,0.337268493,3043023.026,4587941.68,10000000.0,0.0,116000000.0,6424159.722,4789594.39,10000000.0,12.0,110000000.0,5799856.105,5079082.99,10000000.0,0.0,0.0,0.0,392.0,544.0,0.164310291,0.172958201,0.0,1460.0,147.675,394.9957084,156021.6096,0.0,0.0,1.0,1.0,0.0,0.0,0.0,1.0,1.0,151.4615385,49.68421053,248.15,19.0,944.0,20.0,4963.0,8192.0,123.0,15.0,20.0,12108.75,6795.47985,33686.0,10018.0,9624129.833,1321582.122,10000000.0,5427545.0,Benign
51146.0,6.0,2018-03-01 10:55:10,33.0,1.0,1.0,0.0,0.0,0.0,0.0,0.0,0.0,0.0,0.0,0.0,0.0,0.0,60606.06061,33.0,0.0,33.0,33.0,0.0,0.0,0.0,0.0,0.0,0.0,0.0,0.0,0.0,0.0,0.0,0.0,20.0,20.0,30303.0303,30303.0303,0.0,0.0,0.0,0.0,0.0,0.0,0.0,0.0,0.0,1.0,1.0,0.0,0.0,1.0,0.0,0.0,0.0,1.0,0.0,1.0,0.0,172.0,255.0,0.0,20.0,0.0,0.0,0.0,0.0,0.0,0.0,0.0,0.0,Benign
22.0,6.0,2018-03-01 03:37:12,6392.0,3.0,2.0,0.0,41.0,0.0,0.0,0.0,0.0,41.0,0.0,20.5,28.99137803,6414.267835,782.2277847,1598.0,2053.362608,4540.0,25.0,6392.0,3196.0,3955.555334,5993.0,399.0,4914.0,4914.0,0.0,4914.0,4914.0,0.0,0.0,72.0,52.0,469.3366708,312.8911139,0.0,41.0,6.833333333,16.73817991,280.1666667,0.0,0.0,1.0,1.0,0.0,0.0,0.0,1.0,0.0,8.2,0.0,20.5,3.0,0.0,2.0,41.0,8192.0,211.0,0.0,20.0,0.0,0.0,0.0,0.0,0.0,0.0,0.0,0.0,Benign
53358.0,6.0,2018-03-01 01:38:41,2.0,2.0,0.0,37.0,0.0,37.0,0.0,18.5,26.1629509,0.0,0.0,0.0,0.0,18500000.0,1000000.0,2.0,0.0,2.0,2.0,2.0,2.0,0.0,2.0,2.0,0.0,0.0,0.0,0.0,0.0,0.0,0.0,40.0,0.0,1000000.0,0.0,0.0,37.0,12.33333333,21.36195996,456.3333333,0.0,0.0,0.0,0.0,1.0,0.0,0.0,0.0,0.0,18.5,18.5,0.0,2.0,37.0,0.0,0.0,40958.0,-1.0,1.0,20.0,0.0,0.0,0.0,0.0,0.0,0.0,0.0,0.0,Benign
53.0,17.0,2018-03-01 10:12:48,408.0,1.0,1.0,43.0,59.0,43.0,43.0,43.0,0.0,59.0,59.0,59.0,0.0,250000.0,4901.960784,408.0,0.0,408.0,408.0,0.0,0.0,0.0,0.0,0.0,0.0,0.0,0.0,0.0,0.0,0.0,0.0,8.0,8.0,2450.980392,2450.980392,43.0,59.0,48.33333333,9.237604307,85.33333333,0.0,0.0,0.0,0.0,0.0,0.0,0.0,0.0,1.0,72.5,43.0,59.0,1.0,43.0,1.0,59.0,-1.0,-1.0,0.0,8.0,0.0,0.0,0.0,0.0,0.0,0.0,0.0,0.0,Benign
443.0,6.0,2018-03-01 11:11:46,799.0,3.0,0.0,77.0,0.0,46.0,0.0,25.66666667,23.45918441,0.0,0.0,0.0,0.0,96370.46308,3754.693367,399.5,539.522474,781.0,18.0,799.0,399.5,539.522474,781.0,18.0,0.0,0.0,0.0,0.0,0.0,1.0,0.0,60.0,0.0,3754.693367,0.0,0.0,46.0,30.75,21.68524844,470.25,0.0,1.0,0.0,0.0,1.0,0.0,0.0,0.0,0.0,41.0,25.66666667,0.0,3.0,77.0,0.0,0.0,255.0,-1.0,1.0,20.0,0.0,0.0,0.0,0.0,0.0,0.0,0.0,0.0,Benign
53.0,17.0,2018-03-01 05:06:28,771.0,1.0,1.0,35.0,99.0,35.0,35.0,35.0,0.0,99.0,99.0,99.0,0.0,173800.2594,2594.033722,771.0,0.0,771.0,771.0,0.0,0.0,0.0,0.0,0.0,0.0,0.0,0.0,0.0,0.0,0.0,0.0,8.0,8.0,1297.016861,1297.016861,35.0,99.0,56.33333333,36.95041723,1365.333333,0.0,0.0,0.0,0.0,0.0,0.0,0.0,0.0,1.0,84.5,35.0,99.0,1.0,35.0,1.0,99.0,-1.0,-1.0,0.0,8.0,0.0,0.0,0.0,0.0,0.0,0.0,0.0,0.0,Benign
53.0,17.0,2018-03-01 11:58:14,212.0,1.0,1.0,22.0,54.0,22.0,22.0,22.0,0.0,54.0,54.0,54.0,0.0,358490.566,9433.962264,212.0,0.0,212.0,212.0,0.0,0.0,0.0,0.0,0.0,0.0,0.0,0.0,0.0,0.0,0.0,0.0,8.0,8.0,4716.981132,4716.981132,22.0,54.0,32.66666667,18.47520861,341.3333333,0.0,0.0,0.0,0.0,0.0,0.0,0.0,0.0,1.0,49.0,22.0,54.0,1.0,22.0,1.0,54.0,-1.0,-1.0,0.0,8.0,0.0,0.0,0.0,0.0,0.0,0.0,0.0,0.0,Benign
53.0,17.0,2018-03-01 04:24:32,56391.0,2.0,2.0,76.0,426.0,38.0,38.0,38.0,0.0,213.0,213.0,213.0,0.0,8902.129772,70.93330496,18797.0,18161.77957,36250.0,1.0,20140.0,20140.0,0.0,20140.0,20140.0,1.0,1.0,0.0,1.0,1.0,0.0,0.0,16.0,16.0,35.46665248,35.46665248,38.0,213.0,108.0,95.85144756,9187.5,0.0,0.0,0.0,0.0,0.0,0.0,0.0,0.0,1.0,135.0,38.0,213.0,2.0,76.0,2.0,426.0,-1.0,-1.0,1.0,8.0,0.0,0.0,0.0,0.0,0.0,0.0,0.0,0.0,Benign
51822.0,6.0,2018-03-01 11:15:03,138.0,2.0,1.0,38.0,0.0,38.0,0.0,19.0,26.87005769,0.0,0.0,0.0,0.0,275362.3188,21739.13043,69.0,76.36753237,123.0,15.0,138.0,138.0,0.0,138.0,138.0,0.0,0.0,0.0,0.0,0.0,1.0,0.0,40.0,20.0,14492.75362,7246.376812,0.0,38.0,19.0,21.93931023,481.3333333,0.0,1.0,0.0,0.0,1.0,0.0,0.0,0.0,0.0,25.33333333,19.0,0.0,2.0,38.0,1.0,0.0,176.0,0.0,0.0,20.0,0.0,0.0,0.0,0.0,0.0,0.0,0.0,0.0,Benign
25734.0,6.0,2018-03-01 02:40:05,2.0,1.0,1.0,0.0,0.0,0.0,0.0,0.0,0.0,0.0,0.0,0.0,0.0,0.0,1000000.0,2.0,0.0,2.0,2.0,0.0,0.0,0.0,0.0,0.0,0.0,0.0,0.0,0.0,0.0,0.0,0.0,24.0,20.0,500000.0,500000.0,0.0,0.0,0.0,0.0,0.0,0.0,0.0,0.0,1.0,0.0,0.0,0.0,0.0,1.0,0.0,0.0,0.0,1.0,0.0,1.0,0.0,1024.0,0.0,0.0,24.0,0.0,0.0,0.0,0.0,0.0,0.0,0.0,0.0,Benign
445.0,6.0,2018-03-01 08:49:05,962380.0,5.0,4.0,286.0,170.0,103.0,0.0,57.2,52.48523602,131.0,0.0,42.5,61.79805822,473.8253081,9.351815291,120297.5,165847.2876,322209.0,3.0,962287.0,240571.75,160382.7292,322260.0,3.0,962329.0,320776.3333,1531.037666,322536.0,319749.0,0.0,0.0,112.0,92.0,5.19545294,4.156362352,0.0,131.0,45.6,52.98469381,2807.377778,0.0,0.0,0.0,1.0,0.0,0.0,0.0,0.0,0.0,50.66666667,57.2,42.5,5.0,286.0,4.0,170.0,8192.0,0.0,3.0,20.0,0.0,0.0,0.0,0.0,0.0,0.0,0.0,0.0,Benign
52725.0,6.0,2018-03-01 01:23:50,17.0,1.0,1.0,0.0,0.0,0.0,0.0,0.0,0.0,0.0,0.0,0.0,0.0,0.0,117647.0588,17.0,0.0,17.0,17.0,0.0,0.0,0.0,0.0,0.0,0.0,0.0,0.0,0.0,0.0,0.0,0.0,20.0,20.0,58823.52941,58823.52941,0.0,0.0,0.0,0.0,0.0,0.0,0.0,0.0,0.0,1.0,1.0,0.0,0.0,1.0,0.0,0.0,0.0,1.0,0.0,1.0,0.0,64.0,253.0,0.0,20.0,0.0,0.0,0.0,0.0,0.0,0.0,0.0,0.0,Benign
53.0,17.0,2018-03-01 04:06:31,871.0,1.0,1.0,41.0,69.0,41.0,41.0,41.0,0.0,69.0,69.0,69.0,0.0,126291.6188,2296.211251,871.0,0.0,871.0,871.0,0.0,0.0,0.0,0.0,0.0,0.0,0.0,0.0,0.0,0.0,0.0,0.0,8.0,8.0,1148.105626,1148.105626,41.0,69.0,50.33333333,16.16580754,261.3333333,0.0,0.0,0.0,0.0,0.0,0.0,0.0,0.0,1.0,75.5,41.0,69.0,1.0,41.0,1.0,69.0,-1.0,-1.0,0.0,8.0,0.0,0.0,0.0,0.0,0.0,0.0,0.0,0.0,Benign
10012.0,6.0,2018-03-01 10:49:48,6.0,1.0,1.0,0.0,0.0,0.0,0.0,0.0,0.0,0.0,0.0,0.0,0.0,0.0,333333.3333,6.0,0.0,6.0,6.0,0.0,0.0,0.0,0.0,0.0,0.0,0.0,0.0,0.0,0.0,0.0,0.0,24.0,20.0,166666.6667,166666.6667,0.0,0.0,0.0,0.0,0.0,0.0,0.0,0.0,1.0,0.0,0.0,0.0,0.0,1.0,0.0,0.0,0.0,1.0,0.0,1.0,0.0,1024.0,0.0,0.0,24.0,0.0,0.0,0.0,0.0,0.0,0.0,0.0,0.0,Benign
80.0,6.0,2018-03-01 09:53:43,116703846.0,20.0,16.0,1307.0,2118.0,432.0,0.0,65.35,158.0257391,706.0,0.0,132.375,284.5976985,29.3477903,0.308473124,3334395.6,4680880.597,10000000.0,15.0,117000000.0,6142307.684,4828465.218,10000000.0,157.0,111000000.0,7390666.4,4506313.976,10000000.0,11277.0,0.0,0.0,412.0,464.0,0.171373958,0.137099166,0.0,706.0,92.56756757,219.7313436,48281.86336,0.0,0.0,1.0,1.0,0.0,0.0,0.0,1.0,0.0,95.13888889,65.35,132.375,20.0,1307.0,16.0,2118.0,8192.0,180.0,14.0,20.0,78734.81818,223892.4693,753796.0,11169.0,9999442.455,15462.66849,10000000.0,9952821.0,Benign
53.0,17.0,2018-03-01 04:57:06,18622.0,1.0,1.0,31.0,87.0,31.0,31.0,31.0,0.0,87.0,87.0,87.0,0.0,6336.591129,107.3998496,18622.0,0.0,18622.0,18622.0,0.0,0.0,0.0,0.0,0.0,0.0,0.0,0.0,0.0,0.0,0.0,0.0,8.0,8.0,53.69992482,53.69992482,31.0,87.0,49.66666667,32.33161507,1045.333333,0.0,0.0,0.0,0.0,0.0,0.0,0.0,0.0,1.0,74.5,31.0,87.0,1.0,31.0,1.0,87.0,-1.0,-1.0,0.0,8.0,0.0,0.0,0.0,0.0,0.0,0.0,0.0,0.0,Benign
53.0,17.0,2018-03-01 08:20:31,307.0,1.0,1.0,42.0,58.0,42.0,42.0,42.0,0.0,58.0,58.0,58.0,0.0,325732.899,6514.65798,307.0,0.0,307.0,307.0,0.0,0.0,0.0,0.0,0.0,0.0,0.0,0.0,0.0,0.0,0.0,0.0,8.0,8.0,3257.32899,3257.32899,42.0,58.0,47.33333333,9.237604307,85.33333333,0.0,0.0,0.0,0.0,0.0,0.0,0.0,0.0,1.0,71.0,42.0,58.0,1.0,42.0,1.0,58.0,-1.0,-1.0,0.0,8.0,0.0,0.0,0.0,0.0,0.0,0.0,0.0,0.0,Benign
53.0,17.0,2018-03-01 08:30:15,286.0,1.0,1.0,44.0,60.0,44.0,44.0,44.0,0.0,60.0,60.0,60.0,0.0,363636.3636,6993.006993,286.0,0.0,286.0,286.0,0.0,0.0,0.0,0.0,0.0,0.0,0.0,0.0,0.0,0.0,0.0,0.0,8.0,8.0,3496.503497,3496.503497,44.0,60.0,49.33333333,9.237604307,85.33333333,0.0,0.0,0.0,0.0,0.0,0.0,0.0,0.0,1.0,74.0,44.0,60.0,1.0,44.0,1.0,60.0,-1.0,-1.0,0.0,8.0,0.0,0.0,0.0,0.0,0.0,0.0,0.0,0.0,Benign
443.0,6.0,2018-03-01 09:27:56,50193.0,9.0,7.0,511.0,4422.0,194.0,0.0,56.77777778,83.27781484,1460.0,0.0,631.7142857,698.6133204,98280.63674,318.7695495,3346.2,4895.071606,12637.0,1.0,50193.0,6274.125,5939.048636,12637.0,17.0,38275.0,6379.166667,9696.136126,24128.0,1.0,0.0,0.0,192.0,152.0,179.3078716,139.4616779,0.0,1460.0,290.1764706,522.9040585,273428.6544,0.0,0.0,1.0,1.0,0.0,0.0,0.0,1.0,0.0,308.3125,56.77777778,631.7142857,9.0,511.0,7.0,4422.0,8192.0,62.0,4.0,20.0,0.0,0.0,0.0,0.0,0.0,0.0,0.0,0.0,Benign
53.0,17.0,2018-03-01 01:40:00,1636.0,1.0,1.0,41.0,69.0,41.0,41.0,41.0,0.0,69.0,69.0,69.0,0.0,67237.16381,1222.493888,1636.0,0.0,1636.0,1636.0,0.0,0.0,0.0,0.0,0.0,0.0,0.0,0.0,0.0,0.0,0.0,0.0,8.0,8.0,611.2469438,611.2469438,41.0,69.0,50.33333333,16.16580754,261.3333333,0.0,0.0,0.0,0.0,0.0,0.0,0.0,0.0,1.0,75.5,41.0,69.0,1.0,41.0,1.0,69.0,-1.0,-1.0,0.0,8.0,0.0,0.0,0.0,0.0,0.0,0.0,0.0,0.0,Benign
445.0,6.0,2018-03-01 09:58:28,253679.0,3.0,1.0,0.0,0.0,0.0,0.0,0.0,0.0,0.0,0.0,0.0,0.0,0.0,15.76795872,84559.66667,146273.7231,253462.0,50.0,253679.0,126839.5,179141.9675,253512.0,167.0,0.0,0.0,0.0,0.0,0.0,0.0,0.0,72.0,32.0,11.82596904,3.94198968,0.0,0.0,0.0,0.0,0.0,0.0,0.0,0.0,1.0,0.0,0.0,0.0,0.0,0.0,0.0,0.0,0.0,3.0,0.0,1.0,0.0,8192.0,8192.0,0.0,20.0,0.0,0.0,0.0,0.0,0.0,0.0,0.0,0.0,Benign
53.0,17.0,2018-03-01 03:47:16,121771.0,2.0,2.0,60.0,264.0,30.0,30.0,30.0,0.0,132.0,132.0,132.0,0.0,2660.73203,32.84854358,40590.33333,40586.5003,81174.0,1.0,40596.0,40596.0,0.0,40596.0,40596.0,1.0,1.0,0.0,1.0,1.0,0.0,0.0,16.0,16.0,16.42427179,16.42427179,30.0,132.0,70.8,55.86770087,3121.2,0.0,0.0,0.0,0.0,0.0,0.0,0.0,0.0,1.0,88.5,30.0,132.0,2.0,60.0,2.0,264.0,-1.0,-1.0,1.0,8.0,0.0,0.0,0.0,0.0,0.0,0.0,0.0,0.0,Benign
80.0,6.0,2018-03-01 08:19:01,45702631.0,6.0,5.0,5.0,0.0,1.0,0.0,0.833333333,0.40824829,0.0,0.0,0.0,0.0,0.109402892,0.240686362,4570263.1,4975771.237,10000000.0,20896.0,45700000.0,9140526.2,1991203.552,10000000.0,5578553.0,40100000.0,10000000.0,41.53211609,10000000.0,10000000.0,0.0,0.0,120.0,160.0,0.13128347,0.109402892,0.0,1.0,0.5,0.522232968,0.272727273,0.0,0.0,0.0,0.0,1.0,0.0,0.0,0.0,0.0,0.545454545,0.833333333,0.0,6.0,5.0,5.0,0.0,253.0,980.0,4.0,20.0,20924.0,31.16622103,20965.0,20896.0,10000000.0,27.74286695,10000000.0,10000000.0,Benign
53.0,17.0,2018-03-01 11:55:13,321.0,1.0,1.0,42.0,58.0,42.0,42.0,42.0,0.0,58.0,58.0,58.0,0.0,311526.4798,6230.529595,321.0,0.0,321.0,321.0,0.0,0.0,0.0,0.0,0.0,0.0,0.0,0.0,0.0,0.0,0.0,0.0,8.0,8.0,3115.264798,3115.264798,42.0,58.0,47.33333333,9.237604307,85.33333333,0.0,0.0,0.0,0.0,0.0,0.0,0.0,0.0,1.0,71.0,42.0,58.0,1.0,42.0,1.0,58.0,-1.0,-1.0,0.0,8.0,0.0,0.0,0.0,0.0,0.0,0.0,0.0,0.0,Benign
53.0,17.0,2018-03-01 08:57:16,47105.0,2.0,2.0,84.0,204.0,42.0,42.0,42.0,0.0,102.0,102.0,102.0,0.0,6114.000637,84.91667551,15701.66667,13634.93294,24566.0,1.0,24566.0,24566.0,0.0,24566.0,24566.0,1.0,1.0,0.0,1.0,1.0,0.0,0.0,16.0,16.0,42.45833776,42.45833776,42.0,102.0,66.0,32.86335345,1080.0,0.0,0.0,0.0,0.0,0.0,0.0,0.0,0.0,1.0,82.5,42.0,102.0,2.0,84.0,2.0,204.0,-1.0,-1.0,1.0,8.0,0.0,0.0,0.0,0.0,0.0,0.0,0.0,0.0,Benign
53.0,17.0,2018-03-01 03:52:44,87064.0,2.0,2.0,76.0,108.0,38.0,38.0,38.0,0.0,54.0,54.0,54.0,0.0,2113.387853,45.94321419,29021.33333,33597.81714,65829.0,1.0,21234.0,21234.0,0.0,21234.0,21234.0,1.0,1.0,0.0,1.0,1.0,0.0,0.0,16.0,16.0,22.97160709,22.97160709,38.0,54.0,44.4,8.76356092,76.8,0.0,0.0,0.0,0.0,0.0,0.0,0.0,0.0,1.0,55.5,38.0,54.0,2.0,76.0,2.0,108.0,-1.0,-1.0,1.0,8.0,0.0,0.0,0.0,0.0,0.0,0.0,0.0,0.0,Benign
53.0,17.0,2018-03-01 12:19:01,293.0,1.0,1.0,44.0,60.0,44.0,44.0,44.0,0.0,60.0,60.0,60.0,0.0,354948.8055,6825.938567,293.0,0.0,293.0,293.0,0.0,0.0,0.0,0.0,0.0,0.0,0.0,0.0,0.0,0.0,0.0,0.0,8.0,8.0,3412.969283,3412.969283,44.0,60.0,49.33333333,9.237604307,85.33333333,0.0,0.0,0.0,0.0,0.0,0.0,0.0,0.0,1.0,74.0,44.0,60.0,1.0,44.0,1.0,60.0,-1.0,-1.0,0.0,8.0,0.0,0.0,0.0,0.0,0.0,0.0,0.0,0.0,Benign
53.0,17.0,2018-03-01 08:19:54,18752.0,1.0,1.0,30.0,62.0,30.0,30.0,30.0,0.0,62.0,62.0,62.0,0.0,4906.143345,106.6552901,18752.0,0.0,18752.0,18752.0,0.0,0.0,0.0,0.0,0.0,0.0,0.0,0.0,0.0,0.0,0.0,0.0,8.0,8.0,53.32764505,53.32764505,30.0,62.0,40.66666667,18.47520861,341.3333333,0.0,0.0,0.0,0.0,0.0,0.0,0.0,0.0,1.0,61.0,30.0,62.0,1.0,30.0,1.0,62.0,-1.0,-1.0,0.0,8.0,0.0,0.0,0.0,0.0,0.0,0.0,0.0,0.0,Benign
3389.0,6.0,2018-03-01 01:42:31,1448180.0,8.0,7.0,1148.0,1581.0,677.0,0.0,143.5,228.1296624,1173.0,0.0,225.8571429,430.0986044,1884.434255,10.35782845,103441.4286,262521.5411,1009613.0,59.0,1448180.0,206882.8571,400004.9524,1112217.0,85.0,1384366.0,230727.6667,381836.5254,1009613.0,64145.0,0.0,0.0,168.0,148.0,5.524175172,4.833653275,0.0,1173.0,170.5625,319.4332416,102037.5958,0.0,0.0,0.0,1.0,0.0,0.0,0.0,0.0,0.0,181.9333333,143.5,225.8571429,8.0,1148.0,7.0,1581.0,8192.0,62852.0,5.0,20.0,0.0,0.0,0.0,0.0,0.0,0.0,0.0,0.0,Benign
443.0,6.0,2018-03-01 01:38:16,540296.0,9.0,7.0,512.0,4473.0,194.0,0.0,56.88888889,83.48269947,1430.0,0.0,639.0,695.7693583,9226.424034,29.6133971,36019.73333,62369.84351,214917.0,1.0,540296.0,67537.0,75829.51262,214917.0,17.0,230734.0,38455.66667,54765.68206,121229.0,1.0,0.0,0.0,192.0,152.0,16.65753587,12.95586123,0.0,1430.0,293.2352941,523.5647679,274120.0662,0.0,0.0,1.0,1.0,0.0,0.0,0.0,1.0,0.0,311.5625,56.88888889,639.0,9.0,512.0,7.0,4473.0,8192.0,172.0,4.0,20.0,0.0,0.0,0.0,0.0,0.0,0.0,0.0,0.0,Benign
53.0,17.0,2018-03-01 09:07:31,963.0,1.0,1.0,51.0,79.0,51.0,51.0,51.0,0.0,79.0,79.0,79.0,0.0,134994.8079,2076.843198,963.0,0.0,963.0,963.0,0.0,0.0,0.0,0.0,0.0,0.0,0.0,0.0,0.0,0.0,0.0,0.0,8.0,8.0,1038.421599,1038.421599,51.0,79.0,60.33333333,16.16580754,261.3333333,0.0,0.0,0.0,0.0,0.0,0.0,0.0,0.0,1.0,90.5,51.0,79.0,1.0,51.0,1.0,79.0,-1.0,-1.0,0.0,8.0,0.0,0.0,0.0,0.0,0.0,0.0,0.0,0.0,Benign
59049.0,6.0,2018-03-01 11:50:16,86444150.0,2.0,0.0,0.0,0.0,0.0,0.0,0.0,0.0,0.0,0.0,0.0,0.0,0.0,0.023136326,86400000.0,0.0,86400000.0,86400000.0,86400000.0,86400000.0,0.0,86400000.0,86400000.0,0.0,0.0,0.0,0.0,0.0,0.0,0.0,40.0,0.0,0.023136326,0.0,0.0,0.0,0.0,0.0,0.0,0.0,0.0,0.0,0.0,1.0,0.0,0.0,0.0,0.0,0.0,0.0,0.0,2.0,0.0,0.0,0.0,62614.0,-1.0,0.0,20.0,0.0,0.0,0.0,0.0,86400000.0,0.0,86400000.0,86400000.0,Benign
53.0,17.0,2018-03-01 08:21:54,269.0,1.0,1.0,38.0,54.0,38.0,38.0,38.0,0.0,54.0,54.0,54.0,0.0,342007.4349,7434.944238,269.0,0.0,269.0,269.0,0.0,0.0,0.0,0.0,0.0,0.0,0.0,0.0,0.0,0.0,0.0,0.0,8.0,8.0,3717.472119,3717.472119,38.0,54.0,43.33333333,9.237604307,85.33333333,0.0,0.0,0.0,0.0,0.0,0.0,0.0,0.0,1.0,65.0,38.0,54.0,1.0,38.0,1.0,54.0,-1.0,-1.0,0.0,8.0,0.0,0.0,0.0,0.0,0.0,0.0,0.0,0.0,Benign
53.0,17.0,2018-03-01 11:46:52,1183.0,1.0,1.0,39.0,95.0,39.0,39.0,39.0,0.0,95.0,95.0,95.0,0.0,113271.344,1690.617075,1183.0,0.0,1183.0,1183.0,0.0,0.0,0.0,0.0,0.0,0.0,0.0,0.0,0.0,0.0,0.0,0.0,8.0,8.0,845.3085376,845.3085376,39.0,95.0,57.66666667,32.33161507,1045.333333,0.0,0.0,0.0,0.0,0.0,0.0,0.0,0.0,1.0,86.5,39.0,95.0,1.0,39.0,1.0,95.0,-1.0,-1.0,0.0,8.0,0.0,0.0,0.0,0.0,0.0,0.0,0.0,0.0,Benign
53.0,17.0,2018-03-01 01:22:18,1227.0,1.0,1.0,30.0,62.0,30.0,30.0,30.0,0.0,62.0,62.0,62.0,0.0,74979.6251,1629.99185,1227.0,0.0,1227.0,1227.0,0.0,0.0,0.0,0.0,0.0,0.0,0.0,0.0,0.0,0.0,0.0,0.0,8.0,8.0,814.995925,814.995925,30.0,62.0,40.66666667,18.47520861,341.3333333,0.0,0.0,0.0,0.0,0.0,0.0,0.0,0.0,1.0,61.0,30.0,62.0,1.0,30.0,1.0,62.0,-1.0,-1.0,0.0,8.0,0.0,0.0,0.0,0.0,0.0,0.0,0.0,0.0,Benign
80.0,6.0,2018-03-01 09:29:01,5406576.0,3.0,1.0,0.0,0.0,0.0,0.0,0.0,0.0,0.0,0.0,0.0,0.0,0.0,0.73983978,1802192.0,2884575.675,5129161.0,18.0,5406576.0,2703288.0,3430702.497,5129161.0,277415.0,0.0,0.0,0.0,0.0,0.0,0.0,0.0,72.0,32.0,0.554879835,0.184959945,0.0,0.0,0.0,0.0,0.0,0.0,0.0,1.0,1.0,0.0,0.0,0.0,1.0,0.0,0.0,0.0,0.0,3.0,0.0,1.0,0.0,8192.0,29200.0,0.0,20.0,0.0,0.0,0.0,0.0,0.0,0.0,0.0,0.0,Benign
53.0,17.0,2018-03-01 11:56:50,18143.0,1.0,1.0,44.0,252.0,44.0,44.0,44.0,0.0,252.0,252.0,252.0,0.0,16314.83217,110.2353525,18143.0,0.0,18143.0,18143.0,0.0,0.0,0.0,0.0,0.0,0.0,0.0,0.0,0.0,0.0,0.0,0.0,8.0,8.0,55.11767624,55.11767624,44.0,252.0,113.3333333,120.088856,14421.33333,0.0,0.0,0.0,0.0,0.0,0.0,0.0,0.0,1.0,170.0,44.0,252.0,1.0,44.0,1.0,252.0,-1.0,-1.0,0.0,8.0,0.0,0.0,0.0,0.0,0.0,0.0,0.0,0.0,Benign
0.0,0.0,2018-03-01 11:57:34,116122488.0,24.0,0.0,0.0,0.0,0.0,0.0,0.0,0.0,0.0,0.0,0.0,0.0,0.0,0.206678314,5048803.826,14325.7827,5077863.0,5015863.0,116000000.0,5048803.826,14325.7827,5077863.0,5015863.0,0.0,0.0,0.0,0.0,0.0,0.0,0.0,0.0,0.0,0.206678314,0.0,0.0,0.0,0.0,0.0,0.0,0.0,0.0,0.0,0.0,0.0,0.0,0.0,0.0,0.0,0.0,0.0,0.0,24.0,0.0,0.0,0.0,-1.0,-1.0,0.0,0.0,0.0,0.0,0.0,0.0,5048803.826,14325.7827,5077863.0,5015863.0,Benign
53.0,17.0,2018-03-01 08:57:16,631.0,1.0,1.0,45.0,73.0,45.0,45.0,45.0,0.0,73.0,73.0,73.0,0.0,187004.7544,3169.572108,631.0,0.0,631.0,631.0,0.0,0.0,0.0,0.0,0.0,0.0,0.0,0.0,0.0,0.0,0.0,0.0,8.0,8.0,1584.786054,1584.786054,45.0,73.0,54.33333333,16.16580754,261.3333333,0.0,0.0,0.0,0.0,0.0,0.0,0.0,0.0,1.0,81.5,45.0,73.0,1.0,45.0,1.0,73.0,-1.0,-1.0,0.0,8.0,0.0,0.0,0.0,0.0,0.0,0.0,0.0,0.0,Benign
6106.0,6.0,2018-03-01 02:42:15,2.0,1.0,1.0,0.0,0.0,0.0,0.0,0.0,0.0,0.0,0.0,0.0,0.0,0.0,1000000.0,2.0,0.0,2.0,2.0,0.0,0.0,0.0,0.0,0.0,0.0,0.0,0.0,0.0,0.0,0.0,0.0,24.0,20.0,500000.0,500000.0,0.0,0.0,0.0,0.0,0.0,0.0,0.0,0.0,1.0,0.0,0.0,0.0,0.0,1.0,0.0,0.0,0.0,1.0,0.0,1.0,0.0,1024.0,0.0,0.0,24.0,0.0,0.0,0.0,0.0,0.0,0.0,0.0,0.0,Benign
49875.0,6.0,2018-03-01 08:30:55,5091.0,3.0,1.0,274.0,0.0,274.0,0.0,91.33333333,158.1939738,0.0,0.0,0.0,0.0,53820.46749,785.7002554,1697.0,2841.503299,4978.0,36.0,5091.0,2545.5,3490.986179,5014.0,77.0,0.0,0.0,0.0,0.0,0.0,1.0,0.0,60.0,20.0,589.2751915,196.4250638,0.0,274.0,109.6,150.0759808,22522.8,0.0,1.0,0.0,0.0,1.0,0.0,0.0,0.0,0.0,137.0,91.33333333,0.0,3.0,274.0,1.0,0.0,237.0,0.0,0.0,20.0,0.0,0.0,0.0,0.0,0.0,0.0,0.0,0.0,Benign
23.0,6.0,2018-03-01 11:26:36,19.0,1.0,1.0,0.0,0.0,0.0,0.0,0.0,0.0,0.0,0.0,0.0,0.0,0.0,105263.1579,19.0,0.0,19.0,19.0,0.0,0.0,0.0,0.0,0.0,0.0,0.0,0.0,0.0,0.0,0.0,0.0,20.0,20.0,52631.57895,52631.57895,0.0,0.0,0.0,0.0,0.0,0.0,0.0,0.0,1.0,0.0,0.0,0.0,0.0,1.0,0.0,0.0,0.0,1.0,0.0,1.0,0.0,15203.0,0.0,0.0,20.0,0.0,0.0,0.0,0.0,0.0,0.0,0.0,0.0,Benign
50112.0,6.0,2018-03-01 08:32:59,23.0,3.0,0.0,31.0,0.0,31.0,0.0,10.33333333,17.89785834,0.0,0.0,0.0,0.0,1347826.087,130434.7826,11.5,14.8492424,22.0,1.0,23.0,11.5,14.8492424,22.0,1.0,0.0,0.0,0.0,0.0,0.0,0.0,0.0,60.0,0.0,130434.7826,0.0,0.0,31.0,7.75,15.5,240.25,0.0,0.0,0.0,0.0,1.0,0.0,0.0,0.0,0.0,10.33333333,10.33333333,0.0,3.0,31.0,0.0,0.0,64.0,-1.0,1.0,20.0,0.0,0.0,0.0,0.0,0.0,0.0,0.0,0.0,Benign
0.0,0.0,2018-03-01 08:52:37,119356596.0,59.0,0.0,0.0,0.0,0.0,0.0,0.0,0.0,0.0,0.0,0.0,0.0,0.0,0.494317046,2057872.345,4322320.927,32500000.0,531218.0,119000000.0,2057872.345,4322320.927,32500000.0,531218.0,0.0,0.0,0.0,0.0,0.0,0.0,0.0,0.0,0.0,0.494317046,0.0,0.0,0.0,0.0,0.0,0.0,0.0,0.0,0.0,0.0,0.0,0.0,0.0,0.0,0.0,0.0,0.0,0.0,59.0,0.0,0.0,0.0,-1.0,-1.0,0.0,0.0,5666279.0,4457048.84,10600000.0,1843662.0,13000000.0,13000000.0,32500000.0,5937755.0,Benign
3389.0,6.0,2018-03-01 12:38:41,1876720.0,8.0,7.0,1148.0,1581.0,677.0,0.0,143.5,228.1296624,1173.0,0.0,225.8571429,430.0986044,1454.132742,7.992668059,134051.4286,245607.408,953201.0,5.0,1876720.0,268102.8571,393097.5931,1151077.0,5.0,1733474.0,288912.3333,326152.4497,953201.0,143280.0,0.0,0.0,172.0,152.0,4.262756298,3.729911761,0.0,1173.0,170.5625,319.4332416,102037.5958,0.0,0.0,1.0,1.0,0.0,0.0,0.0,1.0,0.0,181.9333333,143.5,225.8571429,8.0,1148.0,7.0,1581.0,8192.0,62852.0,5.0,20.0,0.0,0.0,0.0,0.0,0.0,0.0,0.0,0.0,Benign
443.0,6.0,2018-03-01 10:47:07,271.0,3.0,0.0,77.0,0.0,46.0,0.0,25.66666667,23.45918441,0.0,0.0,0.0,0.0,284132.8413,11070.1107,135.5,164.75588,252.0,19.0,271.0,135.5,164.75588,252.0,19.0,0.0,0.0,0.0,0.0,0.0,1.0,0.0,60.0,0.0,11070.1107,0.0,0.0,46.0,30.75,21.68524844,470.25,0.0,1.0,0.0,0.0,1.0,0.0,0.0,0.0,0.0,41.0,25.66666667,0.0,3.0,77.0,0.0,0.0,256.0,-1.0,1.0,20.0,0.0,0.0,0.0,0.0,0.0,0.0,0.0,0.0,Benign
51252.0,6.0,2018-03-01 11:53:47,17.0,1.0,1.0,0.0,0.0,0.0,0.0,0.0,0.0,0.0,0.0,0.0,0.0,0.0,117647.0588,17.0,0.0,17.0,17.0,0.0,0.0,0.0,0.0,0.0,0.0,0.0,0.0,0.0,0.0,0.0,0.0,20.0,20.0,58823.52941,58823.52941,0.0,0.0,0.0,0.0,0.0,0.0,0.0,0.0,0.0,1.0,1.0,0.0,0.0,1.0,0.0,0.0,0.0,1.0,0.0,1.0,0.0,290.0,256.0,0.0,20.0,0.0,0.0,0.0,0.0,0.0,0.0,0.0,0.0,Benign
52727.0,6.0,2018-03-01 02:44:49,27.0,1.0,1.0,0.0,0.0,0.0,0.0,0.0,0.0,0.0,0.0,0.0,0.0,0.0,74074.07407,27.0,0.0,27.0,27.0,0.0,0.0,0.0,0.0,0.0,0.0,0.0,0.0,0.0,0.0,0.0,0.0,20.0,20.0,37037.03704,37037.03704,0.0,0.0,0.0,0.0,0.0,0.0,0.0,0.0,0.0,1.0,1.0,0.0,0.0,1.0,0.0,0.0,0.0,1.0,0.0,1.0,0.0,115.0,254.0,0.0,20.0,0.0,0.0,0.0,0.0,0.0,0.0,0.0,0.0,Benign
53.0,17.0,2018-03-01 04:29:47,585.0,1.0,1.0,39.0,55.0,39.0,39.0,39.0,0.0,55.0,55.0,55.0,0.0,160683.7607,3418.803419,585.0,0.0,585.0,585.0,0.0,0.0,0.0,0.0,0.0,0.0,0.0,0.0,0.0,0.0,0.0,0.0,8.0,8.0,1709.401709,1709.401709,39.0,55.0,44.33333333,9.237604307,85.33333333,0.0,0.0,0.0,0.0,0.0,0.0,0.0,0.0,1.0,66.5,39.0,55.0,1.0,39.0,1.0,55.0,-1.0,-1.0,0.0,8.0,0.0,0.0,0.0,0.0,0.0,0.0,0.0,0.0,Benign
443.0,6.0,2018-03-01 09:45:16,118084352.0,6.0,6.0,232.0,399.0,140.0,0.0,38.66666667,54.51849839,173.0,42.0,66.5,52.19865899,5.343637741,0.101622271,10700000.0,23800000.0,59000000.0,7.0,118000000.0,23600000.0,32200000.0,59000000.0,22770.0,118000000.0,23600000.0,32300000.0,59000000.0,47.0,1.0,0.0,144.0,120.0,0.050811135,0.050811135,0.0,173.0,59.30769231,56.17144087,3155.230769,0.0,1.0,0.0,0.0,1.0,0.0,0.0,0.0,1.0,64.25,38.66666667,66.5,6.0,232.0,6.0,399.0,258.0,152.0,2.0,20.0,59119.5,51405.95589,95469.0,22770.0,58900000.0,36251.24335,59000000.0,58900000.0,Benign
3389.0,6.0,2018-03-01 08:26:05,1393624.0,8.0,7.0,1132.0,1581.0,661.0,0.0,141.5,222.7920235,1173.0,0.0,225.8571429,430.0986044,1946.723076,10.76330488,99544.57143,252040.8854,969017.0,61.0,1393624.0,199089.1429,385239.294,1071021.0,133.0,1331073.0,221845.5,366340.8692,969017.0,62700.0,0.0,0.0,168.0,148.0,5.740429269,5.022875611,0.0,1173.0,169.5625,317.7627981,100973.1958,0.0,0.0,0.0,1.0,0.0,0.0,0.0,0.0,0.0,180.8666667,141.5,225.8571429,8.0,1132.0,7.0,1581.0,8192.0,62868.0,5.0,20.0,0.0,0.0,0.0,0.0,0.0,0.0,0.0,0.0,Benign
3389.0,6.0,2018-03-01 12:24:31,1399283.0,8.0,7.0,1132.0,1581.0,661.0,0.0,141.5,222.7920235,1173.0,0.0,225.8571429,430.0986044,1938.850111,10.71977577,99948.78571,251885.439,968786.0,47.0,1399283.0,199897.5714,386806.0193,1075372.0,78.0,1336675.0,222779.1667,365843.2261,968786.0,63756.0,0.0,0.0,168.0,148.0,5.717213744,5.002562026,0.0,1173.0,169.5625,317.7627981,100973.1958,0.0,0.0,0.0,1.0,0.0,0.0,0.0,0.0,0.0,180.8666667,141.5,225.8571429,8.0,1132.0,7.0,1581.0,8192.0,62868.0,5.0,20.0,0.0,0.0,0.0,0.0,0.0,0.0,0.0,0.0,Benign
80.0,6.0,2018-03-01 04:28:46,297.0,2.0,0.0,0.0,0.0,0.0,0.0,0.0,0.0,0.0,0.0,0.0,0.0,0.0,6734.006734,297.0,0.0,297.0,297.0,297.0,297.0,0.0,297.0,297.0,0.0,0.0,0.0,0.0,0.0,0.0,0.0,40.0,0.0,6734.006734,0.0,0.0,0.0,0.0,0.0,0.0,0.0,0.0,0.0,0.0,1.0,0.0,0.0,0.0,0.0,0.0,0.0,0.0,2.0,0.0,0.0,0.0,253.0,-1.0,0.0,20.0,0.0,0.0,0.0,0.0,0.0,0.0,0.0,0.0,Benign
443.0,6.0,2018-03-01 04:56:35,200.0,3.0,0.0,77.0,0.0,46.0,0.0,25.66666667,23.45918441,0.0,0.0,0.0,0.0,385000.0,15000.0,100.0,106.0660172,175.0,25.0,200.0,100.0,106.0660172,175.0,25.0,0.0,0.0,0.0,0.0,0.0,1.0,0.0,60.0,0.0,15000.0,0.0,0.0,46.0,30.75,21.68524844,470.25,0.0,1.0,0.0,0.0,1.0,0.0,0.0,0.0,0.0,41.0,25.66666667,0.0,3.0,77.0,0.0,0.0,254.0,-1.0,1.0,20.0,0.0,0.0,0.0,0.0,0.0,0.0,0.0,0.0,Benign
53.0,17.0,2018-03-01 12:19:01,37357.0,1.0,1.0,44.0,100.0,44.0,44.0,44.0,0.0,100.0,100.0,100.0,0.0,3854.699253,53.53748963,37357.0,0.0,37357.0,37357.0,0.0,0.0,0.0,0.0,0.0,0.0,0.0,0.0,0.0,0.0,0.0,0.0,8.0,8.0,26.76874481,26.76874481,44.0,100.0,62.66666667,32.33161507,1045.333333,0.0,0.0,0.0,0.0,0.0,0.0,0.0,0.0,1.0,94.0,44.0,100.0,1.0,44.0,1.0,100.0,-1.0,-1.0,0.0,8.0,0.0,0.0,0.0,0.0,0.0,0.0,0.0,0.0,Benign
3389.0,6.0,2018-03-01 05:08:37,2961869.0,8.0,8.0,1128.0,1581.0,661.0,0.0,141.0,222.6233206,1173.0,0.0,197.625,406.121705,914.6251911,5.401994484,197457.9333,249333.5835,941666.0,3.0,2961869.0,423124.1429,469395.5823,1235157.0,3.0,2835898.0,405128.2857,275227.5451,941666.0,206223.0,0.0,0.0,172.0,172.0,2.700997242,2.700997242,0.0,1173.0,159.3529412,310.3705328,96329.86765,0.0,0.0,1.0,1.0,0.0,0.0,0.0,1.0,1.0,169.3125,141.0,197.625,8.0,1128.0,8.0,1581.0,8192.0,62872.0,5.0,20.0,0.0,0.0,0.0,0.0,0.0,0.0,0.0,0.0,Benign
52842.0,6.0,2018-03-01 04:02:45,21.0,1.0,1.0,0.0,0.0,0.0,0.0,0.0,0.0,0.0,0.0,0.0,0.0,0.0,95238.09524,21.0,0.0,21.0,21.0,0.0,0.0,0.0,0.0,0.0,0.0,0.0,0.0,0.0,0.0,0.0,0.0,20.0,20.0,47619.04762,47619.04762,0.0,0.0,0.0,0.0,0.0,0.0,0.0,0.0,0.0,1.0,1.0,0.0,0.0,1.0,0.0,0.0,0.0,1.0,0.0,1.0,0.0,288.0,253.0,0.0,20.0,0.0,0.0,0.0,0.0,0.0,0.0,0.0,0.0,Benign
3389.0,6.0,2018-03-01 12:47:02,4039870.0,14.0,8.0,1398.0,392.0,688.0,0.0,99.85714286,191.0090039,291.0,0.0,49.0,99.56763674,443.0835646,5.445719788,192374.7619,260349.3629,953350.0,48.0,4039870.0,310759.2308,369352.7526,1326627.0,39505.0,4011311.0,573044.4286,436639.4985,1102251.0,93753.0,0.0,0.0,292.0,172.0,3.465458047,1.980261741,0.0,688.0,77.82608696,159.9990489,25599.69565,0.0,0.0,1.0,1.0,0.0,0.0,0.0,1.0,0.0,81.36363636,99.85714286,49.0,14.0,1398.0,8.0,392.0,8192.0,62602.0,7.0,20.0,0.0,0.0,0.0,0.0,0.0,0.0,0.0,0.0,Benign
53.0,17.0,2018-03-01 11:15:01,301.0,1.0,1.0,35.0,99.0,35.0,35.0,35.0,0.0,99.0,99.0,99.0,0.0,445182.7243,6644.518272,301.0,0.0,301.0,301.0,0.0,0.0,0.0,0.0,0.0,0.0,0.0,0.0,0.0,0.0,0.0,0.0,8.0,8.0,3322.259136,3322.259136,35.0,99.0,56.33333333,36.95041723,1365.333333,0.0,0.0,0.0,0.0,0.0,0.0,0.0,0.0,1.0,84.5,35.0,99.0,1.0,35.0,1.0,99.0,-1.0,-1.0,0.0,8.0,0.0,0.0,0.0,0.0,0.0,0.0,0.0,0.0,Benign
53.0,17.0,2018-03-01 02:59:37,409.0,1.0,1.0,53.0,133.0,53.0,53.0,53.0,0.0,133.0,133.0,133.0,0.0,454767.7262,4889.97555,409.0,0.0,409.0,409.0,0.0,0.0,0.0,0.0,0.0,0.0,0.0,0.0,0.0,0.0,0.0,0.0,8.0,8.0,2444.987775,2444.987775,53.0,133.0,79.66666667,46.18802154,2133.333333,0.0,0.0,0.0,0.0,0.0,0.0,0.0,0.0,1.0,119.5,53.0,133.0,1.0,53.0,1.0,133.0,-1.0,-1.0,0.0,8.0,0.0,0.0,0.0,0.0,0.0,0.0,0.0,0.0,Benign
3389.0,6.0,2018-03-01 04:51:55,1734080.0,8.0,7.0,1144.0,1581.0,677.0,0.0,143.0,227.9699228,1173.0,0.0,225.8571429,430.0986044,1571.438457,8.650119948,123862.8571,245672.9368,953152.0,45.0,1734080.0,247725.7143,384293.4465,1112540.0,45.0,1625863.0,270977.1667,335503.015,953152.0,110108.0,0.0,0.0,172.0,152.0,4.613397306,4.036722643,0.0,1173.0,170.3125,319.4027173,102018.0958,0.0,0.0,1.0,1.0,0.0,0.0,0.0,1.0,0.0,181.6666667,143.0,225.8571429,8.0,1144.0,7.0,1581.0,8192.0,62856.0,5.0,20.0,0.0,0.0,0.0,0.0,0.0,0.0,0.0,0.0,Benign
53.0,17.0,2018-03-01 04:34:17,16309.0,1.0,1.0,33.0,127.0,33.0,33.0,33.0,0.0,127.0,127.0,127.0,0.0,9810.534061,122.6316758,16309.0,0.0,16309.0,16309.0,0.0,0.0,0.0,0.0,0.0,0.0,0.0,0.0,0.0,0.0,0.0,0.0,8.0,8.0,61.31583788,61.31583788,33.0,127.0,64.33333333,54.2709253,2945.333333,0.0,0.0,0.0,0.0,0.0,0.0,0.0,0.0,1.0,96.5,33.0,127.0,1.0,33.0,1.0,127.0,-1.0,-1.0,0.0,8.0,0.0,0.0,0.0,0.0,0.0,0.0,0.0,0.0,Benign
53.0,17.0,2018-03-01 01:24:20,26288.0,1.0,1.0,34.0,91.0,34.0,34.0,34.0,0.0,91.0,91.0,91.0,0.0,4755.021302,76.08034084,26288.0,0.0,26288.0,26288.0,0.0,0.0,0.0,0.0,0.0,0.0,0.0,0.0,0.0,0.0,0.0,0.0,8.0,8.0,38.04017042,38.04017042,34.0,91.0,53.0,32.90896534,1083.0,0.0,0.0,0.0,0.0,0.0,0.0,0.0,0.0,1.0,79.5,34.0,91.0,1.0,34.0,1.0,91.0,-1.0,-1.0,0.0,8.0,0.0,0.0,0.0,0.0,0.0,0.0,0.0,0.0,Benign
3389.0,6.0,2018-03-01 02:44:18,5011939.0,4.0,2.0,14.0,0.0,14.0,0.0,3.5,7.0,0.0,0.0,0.0,0.0,2.793330086,1.197141466,1002387.8,2218692.301,4971184.0,40.0,5011939.0,1670646.333,2893185.346,5011409.0,40.0,40702.0,40702.0,0.0,40702.0,40702.0,0.0,0.0,92.0,52.0,0.79809431,0.399047155,0.0,14.0,2.0,5.291502622,28.0,0.0,0.0,1.0,1.0,0.0,0.0,0.0,1.0,0.0,2.333333333,3.5,0.0,4.0,14.0,2.0,0.0,8192.0,63986.0,1.0,20.0,0.0,0.0,0.0,0.0,0.0,0.0,0.0,0.0,Benign
53.0,17.0,2018-03-01 04:41:31,897.0,1.0,1.0,46.0,62.0,46.0,46.0,46.0,0.0,62.0,62.0,62.0,0.0,120401.3378,2229.654404,897.0,0.0,897.0,897.0,0.0,0.0,0.0,0.0,0.0,0.0,0.0,0.0,0.0,0.0,0.0,0.0,8.0,8.0,1114.827202,1114.827202,46.0,62.0,51.33333333,9.237604307,85.33333333,0.0,0.0,0.0,0.0,0.0,0.0,0.0,0.0,1.0,77.0,46.0,62.0,1.0,46.0,1.0,62.0,-1.0,-1.0,0.0,8.0,0.0,0.0,0.0,0.0,0.0,0.0,0.0,0.0,Benign
51227.0,6.0,2018-03-01 09:45:53,11.0,1.0,1.0,0.0,0.0,0.0,0.0,0.0,0.0,0.0,0.0,0.0,0.0,0.0,181818.1818,11.0,0.0,11.0,11.0,0.0,0.0,0.0,0.0,0.0,0.0,0.0,0.0,0.0,0.0,0.0,0.0,20.0,20.0,90909.09091,90909.09091,0.0,0.0,0.0,0.0,0.0,0.0,0.0,0.0,0.0,1.0,1.0,0.0,0.0,1.0,0.0,0.0,0.0,1.0,0.0,1.0,0.0,946.0,254.0,0.0,20.0,0.0,0.0,0.0,0.0,0.0,0.0,0.0,0.0,Benign
3389.0,6.0,2018-03-01 12:09:29,3720846.0,15.0,8.0,1395.0,443.0,686.0,0.0,93.0,185.4188309,291.0,0.0,55.375,97.59528311,493.9736823,6.181389931,169129.3636,245225.3631,953229.0,30.0,3720846.0,265774.7143,341686.0696,1252833.0,23019.0,3670265.0,524323.5714,382725.1613,1142553.0,156950.0,0.0,0.0,324.0,172.0,4.031341259,2.150048672,0.0,686.0,76.58333333,156.2469942,24413.12319,0.0,0.0,1.0,1.0,0.0,0.0,0.0,1.0,0.0,79.91304348,93.0,55.375,15.0,1395.0,8.0,443.0,8192.0,62643.0,7.0,20.0,0.0,0.0,0.0,0.0,0.0,0.0,0.0,0.0,Benign
53.0,17.0,2018-03-01 03:50:51,911.0,1.0,1.0,51.0,79.0,51.0,51.0,51.0,0.0,79.0,79.0,79.0,0.0,142700.3293,2195.389682,911.0,0.0,911.0,911.0,0.0,0.0,0.0,0.0,0.0,0.0,0.0,0.0,0.0,0.0,0.0,0.0,8.0,8.0,1097.694841,1097.694841,51.0,79.0,60.33333333,16.16580754,261.3333333,0.0,0.0,0.0,0.0,0.0,0.0,0.0,0.0,1.0,90.5,51.0,79.0,1.0,51.0,1.0,79.0,-1.0,-1.0,0.0,8.0,0.0,0.0,0.0,0.0,0.0,0.0,0.0,0.0,Benign
443.0,6.0,2018-03-01 09:31:33,61003799.0,17.0,25.0,324.0,17777.0,193.0,0.0,19.05882353,54.17272214,1460.0,0.0,711.08,705.2966232,296.7192256,0.688481712,1487897.537,3622314.552,10200000.0,1.0,61000000.0,3812737.437,5060888.957,10200000.0,42.0,61000000.0,2541325.875,4486711.077,10200000.0,1.0,0.0,0.0,352.0,572.0,0.278671169,0.409810543,0.0,1460.0,420.9534884,636.4514702,405070.474,0.0,0.0,1.0,1.0,0.0,0.0,0.0,1.0,1.0,430.9761905,19.05882353,711.08,17.0,324.0,25.0,17777.0,8192.0,137.0,7.0,20.0,38239.66667,65650.90701,172249.0,11393.0,10100000.0,68528.33554,10200000.0,10000000.0,Benign
53.0,17.0,2018-03-01 03:38:31,320.0,1.0,1.0,43.0,59.0,43.0,43.0,43.0,0.0,59.0,59.0,59.0,0.0,318750.0,6250.0,320.0,0.0,320.0,320.0,0.0,0.0,0.0,0.0,0.0,0.0,0.0,0.0,0.0,0.0,0.0,0.0,8.0,8.0,3125.0,3125.0,43.0,59.0,48.33333333,9.237604307,85.33333333,0.0,0.0,0.0,0.0,0.0,0.0,0.0,0.0,1.0,72.5,43.0,59.0,1.0,43.0,1.0,59.0,-1.0,-1.0,0.0,8.0,0.0,0.0,0.0,0.0,0.0,0.0,0.0,0.0,Benign
53.0,17.0,2018-03-01 11:46:30,323075.0,2.0,2.0,56.0,322.0,28.0,28.0,28.0,0.0,161.0,161.0,161.0,0.0,1170.006964,12.38102608,107691.6667,148581.824,277298.0,487.0,45290.0,45290.0,0.0,45290.0,45290.0,487.0,487.0,0.0,487.0,487.0,0.0,0.0,16.0,16.0,6.190513039,6.190513039,28.0,161.0,81.2,72.84710015,5306.7,0.0,0.0,0.0,0.0,0.0,0.0,0.0,0.0,1.0,101.5,28.0,161.0,2.0,56.0,2.0,322.0,-1.0,-1.0,1.0,8.0,0.0,0.0,0.0,0.0,0.0,0.0,0.0,0.0,Benign
6689.0,6.0,2018-03-01 02:42:19,2.0,1.0,1.0,0.0,0.0,0.0,0.0,0.0,0.0,0.0,0.0,0.0,0.0,0.0,1000000.0,2.0,0.0,2.0,2.0,0.0,0.0,0.0,0.0,0.0,0.0,0.0,0.0,0.0,0.0,0.0,0.0,24.0,20.0,500000.0,500000.0,0.0,0.0,0.0,0.0,0.0,0.0,0.0,0.0,1.0,0.0,0.0,0.0,0.0,1.0,0.0,0.0,0.0,1.0,0.0,1.0,0.0,1024.0,0.0,0.0,24.0,0.0,0.0,0.0,0.0,0.0,0.0,0.0,0.0,Benign
53.0,17.0,2018-03-01 11:30:02,295.0,1.0,1.0,44.0,60.0,44.0,44.0,44.0,0.0,60.0,60.0,60.0,0.0,352542.3729,6779.661017,295.0,0.0,295.0,295.0,0.0,0.0,0.0,0.0,0.0,0.0,0.0,0.0,0.0,0.0,0.0,0.0,8.0,8.0,3389.830508,3389.830508,44.0,60.0,49.33333333,9.237604307,85.33333333,0.0,0.0,0.0,0.0,0.0,0.0,0.0,0.0,1.0,74.0,44.0,60.0,1.0,44.0,1.0,60.0,-1.0,-1.0,0.0,8.0,0.0,0.0,0.0,0.0,0.0,0.0,0.0,0.0,Benign
53.0,17.0,2018-03-01 01:50:38,1331.0,1.0,1.0,31.0,158.0,31.0,31.0,31.0,0.0,158.0,158.0,158.0,0.0,141998.4974,1502.629602,1331.0,0.0,1331.0,1331.0,0.0,0.0,0.0,0.0,0.0,0.0,0.0,0.0,0.0,0.0,0.0,0.0,8.0,8.0,751.3148009,751.3148009,31.0,158.0,73.33333333,73.32348419,5376.333333,0.0,0.0,0.0,0.0,0.0,0.0,0.0,0.0,1.0,110.0,31.0,158.0,1.0,31.0,1.0,158.0,-1.0,-1.0,0.0,8.0,0.0,0.0,0.0,0.0,0.0,0.0,0.0,0.0,Benign
80.0,6.0,2018-03-01 04:10:12,30208326.0,5.0,8.0,2.0,633.0,1.0,0.0,0.4,0.547722558,633.0,0.0,79.125,223.7992962,21.02069476,0.430344932,2517360.5,4497552.796,10100000.0,0.0,20300000.0,5076096.75,5745277.143,10100000.0,39554.0,30200000.0,4309829.571,5363438.556,10100000.0,0.0,0.0,0.0,112.0,172.0,0.165517282,0.26482765,0.0,633.0,45.35714286,169.1356338,28606.86264,0.0,0.0,1.0,1.0,0.0,0.0,0.0,1.0,1.0,48.84615385,0.4,79.125,5.0,2.0,8.0,633.0,8192.0,60.0,2.0,20.0,121187.0,114104.4071,201871.0,40503.0,10000000.0,61776.38394,10100000.0,9987324.0,Benign
37612.0,6.0,2018-03-01 11:22:07,26.0,2.0,0.0,0.0,0.0,0.0,0.0,0.0,0.0,0.0,0.0,0.0,0.0,0.0,76923.07692,26.0,0.0,26.0,26.0,26.0,26.0,0.0,26.0,26.0,0.0,0.0,0.0,0.0,0.0,0.0,0.0,40.0,0.0,76923.07692,0.0,0.0,0.0,0.0,0.0,0.0,0.0,0.0,0.0,0.0,1.0,0.0,0.0,0.0,0.0,0.0,0.0,0.0,2.0,0.0,0.0,0.0,259.0,-1.0,0.0,20.0,0.0,0.0,0.0,0.0,0.0,0.0,0.0,0.0,Benign
3987.0,6.0,2018-03-01 12:55:32,86380711.0,2.0,0.0,0.0,0.0,0.0,0.0,0.0,0.0,0.0,0.0,0.0,0.0,0.0,0.023153317,86400000.0,0.0,86400000.0,86400000.0,86400000.0,86400000.0,0.0,86400000.0,86400000.0,0.0,0.0,0.0,0.0,0.0,0.0,0.0,40.0,0.0,0.023153317,0.0,0.0,0.0,0.0,0.0,0.0,0.0,0.0,0.0,0.0,1.0,0.0,0.0,0.0,0.0,0.0,0.0,0.0,2.0,0.0,0.0,0.0,62608.0,-1.0,0.0,20.0,0.0,0.0,0.0,0.0,86400000.0,0.0,86400000.0,86400000.0,Benign
443.0,6.0,2018-03-01 01:39:53,1348.0,3.0,0.0,77.0,0.0,46.0,0.0,25.66666667,23.45918441,0.0,0.0,0.0,0.0,57121.66172,2225.519288,674.0,931.9667376,1333.0,15.0,1348.0,674.0,931.9667376,1333.0,15.0,0.0,0.0,0.0,0.0,0.0,1.0,0.0,60.0,0.0,2225.519288,0.0,0.0,46.0,30.75,21.68524844,470.25,0.0,1.0,0.0,0.0,1.0,0.0,0.0,0.0,0.0,41.0,25.66666667,0.0,3.0,77.0,0.0,0.0,253.0,-1.0,1.0,20.0,0.0,0.0,0.0,0.0,0.0,0.0,0.0,0.0,Benign
443.0,6.0,2018-03-01 09:35:49,117019622.0,18.0,25.0,578.0,1656.0,517.0,0.0,32.11111111,121.5923222,376.0,0.0,66.24,141.2613653,19.09081538,0.367459741,2786181.476,4424454.204,10000000.0,0.0,117000000.0,6883507.176,4550104.621,10100000.0,161.0,117000000.0,4872671.417,4961707.801,10000000.0,0.0,0.0,0.0,372.0,632.0,0.153820357,0.213639384,0.0,517.0,50.77272727,131.6338939,17327.48203,0.0,0.0,1.0,1.0,0.0,0.0,0.0,1.0,1.0,51.95348837,32.11111111,66.24,18.0,578.0,25.0,1656.0,8192.0,1676.0,12.0,20.0,54208.08333,62787.71051,194457.0,20837.0,9612794.75,1314060.655,10000000.0,5440835.0,Benign
443.0,6.0,2018-03-01 03:44:19,31495.0,7.0,5.0,347.0,3948.0,190.0,0.0,49.57142857,77.17481701,1460.0,0.0,789.6,742.0652262,136370.8525,381.0128592,2863.181818,4509.857466,11525.0,1.0,31495.0,5249.166667,5709.316016,13004.0,94.0,13265.0,3316.25,5698.879151,11802.0,1.0,0.0,0.0,152.0,112.0,222.2575012,158.755358,0.0,1460.0,330.3846154,574.0150315,329493.2564,0.0,0.0,1.0,1.0,0.0,0.0,0.0,1.0,0.0,357.9166667,49.57142857,789.6,7.0,347.0,5.0,3948.0,8192.0,110.0,3.0,20.0,0.0,0.0,0.0,0.0,0.0,0.0,0.0,0.0,Benign
3389.0,6.0,2018-03-01 11:32:13,1186008.0,8.0,7.0,1132.0,1581.0,661.0,0.0,141.5,222.7920235,1173.0,0.0,225.8571429,430.0986044,2287.505649,12.64746949,84714.85714,250529.3523,953240.0,81.0,1186008.0,169429.7143,380475.738,1031878.0,2495.0,1158698.0,193116.3333,372924.4028,953240.0,27622.0,0.0,0.0,172.0,152.0,6.745317064,5.902152431,0.0,1173.0,169.5625,317.7627981,100973.1958,0.0,0.0,0.0,1.0,0.0,0.0,0.0,0.0,0.0,180.8666667,141.5,225.8571429,8.0,1132.0,7.0,1581.0,8192.0,62868.0,5.0,20.0,0.0,0.0,0.0,0.0,0.0,0.0,0.0,0.0,Benign
53.0,17.0,2018-03-01 08:45:48,49085.0,2.0,2.0,84.0,84.0,42.0,42.0,42.0,0.0,42.0,42.0,42.0,0.0,3422.634206,81.49129062,16361.66667,14140.65969,25029.0,44.0,25029.0,25029.0,0.0,25029.0,25029.0,44.0,44.0,0.0,44.0,44.0,0.0,0.0,16.0,16.0,40.74564531,40.74564531,42.0,42.0,42.0,0.0,0.0,0.0,0.0,0.0,0.0,0.0,0.0,0.0,0.0,1.0,52.5,42.0,42.0,2.0,84.0,2.0,84.0,-1.0,-1.0,1.0,8.0,0.0,0.0,0.0,0.0,0.0,0.0,0.0,0.0,Benign
67.0,17.0,2018-03-01 11:09:23,93214575.0,9.0,0.0,2700.0,0.0,300.0,300.0,300.0,0.0,0.0,0.0,0.0,0.0,28.96542735,0.096551424,11700000.0,9663548.669,32000000.0,3405655.0,93200000.0,11700000.0,9663548.669,32000000.0,3405655.0,0.0,0.0,0.0,0.0,0.0,0.0,0.0,72.0,0.0,0.096551424,0.0,300.0,300.0,300.0,0.0,0.0,0.0,0.0,0.0,0.0,0.0,0.0,0.0,0.0,0.0,333.3333333,300.0,0.0,9.0,2700.0,0.0,0.0,-1.0,-1.0,8.0,8.0,6545976.5,2187807.473,8092990.0,4998963.0,16000000.0,9966477.519,32000000.0,7499688.0,Benign
3389.0,6.0,2018-03-01 05:29:20,1394462.0,8.0,7.0,1132.0,1581.0,661.0,0.0,141.5,222.7920235,1173.0,0.0,225.8571429,430.0986044,1945.553195,10.75683669,99604.42857,251949.6587,968786.0,55.0,1394462.0,199208.8571,386051.485,1072999.0,55.0,1331896.0,221982.6667,366200.4041,968786.0,63008.0,0.0,0.0,168.0,148.0,5.736979566,5.019857121,0.0,1173.0,169.5625,317.7627981,100973.1958,0.0,0.0,0.0,1.0,0.0,0.0,0.0,0.0,0.0,180.8666667,141.5,225.8571429,8.0,1132.0,7.0,1581.0,8192.0,62868.0,5.0,20.0,0.0,0.0,0.0,0.0,0.0,0.0,0.0,0.0,Benign
51956.0,6.0,2018-03-01 12:57:34,22.0,1.0,1.0,0.0,0.0,0.0,0.0,0.0,0.0,0.0,0.0,0.0,0.0,0.0,90909.09091,22.0,0.0,22.0,22.0,0.0,0.0,0.0,0.0,0.0,0.0,0.0,0.0,0.0,0.0,0.0,0.0,20.0,20.0,45454.54545,45454.54545,0.0,0.0,0.0,0.0,0.0,0.0,0.0,0.0,0.0,1.0,1.0,0.0,0.0,1.0,0.0,0.0,0.0,1.0,0.0,1.0,0.0,176.0,258.0,0.0,20.0,0.0,0.0,0.0,0.0,0.0,0.0,0.0,0.0,Benign
53.0,17.0,2018-03-01 02:05:30,236.0,1.0,1.0,39.0,71.0,39.0,39.0,39.0,0.0,71.0,71.0,71.0,0.0,466101.6949,8474.576271,236.0,0.0,236.0,236.0,0.0,0.0,0.0,0.0,0.0,0.0,0.0,0.0,0.0,0.0,0.0,0.0,8.0,8.0,4237.288136,4237.288136,39.0,71.0,49.66666667,18.47520861,341.3333333,0.0,0.0,0.0,0.0,0.0,0.0,0.0,0.0,1.0,74.5,39.0,71.0,1.0,39.0,1.0,71.0,-1.0,-1.0,0.0,8.0,0.0,0.0,0.0,0.0,0.0,0.0,0.0,0.0,Benign
53.0,17.0,2018-03-01 04:31:25,930.0,1.0,1.0,47.0,132.0,47.0,47.0,47.0,0.0,132.0,132.0,132.0,0.0,192473.1183,2150.537634,930.0,0.0,930.0,930.0,0.0,0.0,0.0,0.0,0.0,0.0,0.0,0.0,0.0,0.0,0.0,0.0,8.0,8.0,1075.268817,1075.268817,47.0,132.0,75.33333333,49.07477288,2408.333333,0.0,0.0,0.0,0.0,0.0,0.0,0.0,0.0,1.0,113.0,47.0,132.0,1.0,47.0,1.0,132.0,-1.0,-1.0,0.0,8.0,0.0,0.0,0.0,0.0,0.0,0.0,0.0,0.0,Benign
53.0,17.0,2018-03-01 03:21:15,325.0,1.0,1.0,42.0,58.0,42.0,42.0,42.0,0.0,58.0,58.0,58.0,0.0,307692.3077,6153.846154,325.0,0.0,325.0,325.0,0.0,0.0,0.0,0.0,0.0,0.0,0.0,0.0,0.0,0.0,0.0,0.0,8.0,8.0,3076.923077,3076.923077,42.0,58.0,47.33333333,9.237604307,85.33333333,0.0,0.0,0.0,0.0,0.0,0.0,0.0,0.0,1.0,71.0,42.0,58.0,1.0,42.0,1.0,58.0,-1.0,-1.0,0.0,8.0,0.0,0.0,0.0,0.0,0.0,0.0,0.0,0.0,Benign
52136.0,6.0,2018-03-01 11:52:06,19.0,1.0,1.0,0.0,0.0,0.0,0.0,0.0,0.0,0.0,0.0,0.0,0.0,0.0,105263.1579,19.0,0.0,19.0,19.0,0.0,0.0,0.0,0.0,0.0,0.0,0.0,0.0,0.0,0.0,0.0,0.0,20.0,20.0,52631.57895,52631.57895,0.0,0.0,0.0,0.0,0.0,0.0,0.0,0.0,0.0,1.0,1.0,0.0,0.0,1.0,0.0,0.0,0.0,1.0,0.0,1.0,0.0,180.0,255.0,0.0,20.0,0.0,0.0,0.0,0.0,0.0,0.0,0.0,0.0,Benign
50067.0,6.0,2018-03-01 08:30:11,19.0,1.0,1.0,0.0,0.0,0.0,0.0,0.0,0.0,0.0,0.0,0.0,0.0,0.0,105263.1579,19.0,0.0,19.0,19.0,0.0,0.0,0.0,0.0,0.0,0.0,0.0,0.0,0.0,0.0,0.0,0.0,20.0,20.0,52631.57895,52631.57895,0.0,0.0,0.0,0.0,0.0,0.0,0.0,0.0,0.0,1.0,1.0,0.0,0.0,1.0,0.0,0.0,0.0,1.0,0.0,1.0,0.0,119.0,255.0,0.0,20.0,0.0,0.0,0.0,0.0,0.0,0.0,0.0,0.0,Benign
23.0,6.0,2018-03-01 05:15:41,19.0,1.0,1.0,0.0,0.0,0.0,0.0,0.0,0.0,0.0,0.0,0.0,0.0,0.0,105263.1579,19.0,0.0,19.0,19.0,0.0,0.0,0.0,0.0,0.0,0.0,0.0,0.0,0.0,0.0,0.0,0.0,20.0,20.0,52631.57895,52631.57895,0.0,0.0,0.0,0.0,0.0,0.0,0.0,0.0,1.0,0.0,0.0,0.0,0.0,1.0,0.0,0.0,0.0,1.0,0.0,1.0,0.0,14600.0,0.0,0.0,20.0,0.0,0.0,0.0,0.0,0.0,0.0,0.0,0.0,Benign
443.0,6.0,2018-03-01 08:50:30,491173.0,9.0,6.0,522.0,2878.0,204.0,0.0,58.0,85.57598962,1430.0,0.0,479.6666667,624.3174406,6922.2046,30.53913794,35083.78571,52922.66311,157180.0,1.0,491173.0,61396.625,61710.79528,157180.0,16.0,237475.0,47495.0,58766.53243,124551.0,1.0,0.0,0.0,192.0,132.0,18.32348276,12.21565518,0.0,1430.0,212.5,423.9264087,179713.6,0.0,0.0,1.0,1.0,0.0,0.0,0.0,1.0,0.0,226.6666667,58.0,479.6666667,9.0,522.0,6.0,2878.0,8192.0,172.0,4.0,20.0,0.0,0.0,0.0,0.0,0.0,0.0,0.0,0.0,Benign
3389.0,6.0,2018-03-01 08:43:10,3489858.0,8.0,9.0,1144.0,1581.0,677.0,0.0,143.0,227.9699228,1173.0,0.0,175.6666667,385.5612792,780.8340626,4.871258372,218116.125,273806.9537,1091141.0,72.0,3489858.0,498551.1429,494719.5728,1396832.0,434.0,3332036.0,416504.5,296835.9413,1091141.0,204701.0,0.0,0.0,172.0,192.0,2.292356881,2.578901491,0.0,1173.0,151.3888889,305.0398506,93049.31046,0.0,0.0,0.0,1.0,0.0,0.0,0.0,0.0,1.0,160.2941176,143.0,175.6666667,8.0,1144.0,9.0,1581.0,8192.0,62856.0,5.0,20.0,0.0,0.0,0.0,0.0,0.0,0.0,0.0,0.0,Benign
80.0,6.0,2018-03-01 09:18:57,116509783.0,58.0,95.0,1087.0,118195.0,399.0,0.0,18.74137931,80.39039838,1460.0,0.0,1244.157895,517.9602654,1023.793856,1.313194447,766511.7303,2625906.339,10100000.0,0.0,117000000.0,2044031.281,4007003.836,10100000.0,13.0,112000000.0,1195822.84,3259483.748,10100000.0,0.0,0.0,0.0,1172.0,2044.0,0.497812274,0.815382173,0.0,1460.0,774.5584416,724.3193333,524638.4966,0.0,0.0,1.0,1.0,0.0,0.0,0.0,1.0,1.0,779.620915,18.74137931,1244.157895,58.0,1087.0,95.0,118195.0,8192.0,1013.0,14.0,20.0,161756.0,429135.8307,1455645.0,31897.0,10100000.0,40662.15406,10100000.0,9935396.0,Benign
443.0,6.0,2018-03-01 01:44:55,15073996.0,9.0,19.0,319.0,13238.0,193.0,0.0,35.44444444,72.29991548,1460.0,0.0,696.7368421,672.6132984,899.3633805,1.857503478,558296.1481,1990837.911,9999567.0,0.0,5074429.0,634303.625,1100312.909,3153022.0,219.0,15100000.0,836531.3333,2411607.158,9999574.0,0.0,0.0,0.0,192.0,384.0,0.597054689,1.260448789,0.0,1460.0,467.4827586,629.1212477,395793.5443,0.0,0.0,1.0,1.0,0.0,0.0,0.0,1.0,2.0,484.1785714,35.44444444,696.7368421,9.0,319.0,19.0,13238.0,8192.0,43800.0,2.0,20.0,5074429.0,0.0,5074429.0,5074429.0,9999567.0,0.0,9999567.0,9999567.0,Benign
80.0,6.0,2018-03-01 12:05:25,22.0,1.0,1.0,0.0,0.0,0.0,0.0,0.0,0.0,0.0,0.0,0.0,0.0,0.0,90909.09091,22.0,0.0,22.0,22.0,0.0,0.0,0.0,0.0,0.0,0.0,0.0,0.0,0.0,0.0,0.0,0.0,20.0,20.0,45454.54545,45454.54545,0.0,0.0,0.0,0.0,0.0,0.0,0.0,0.0,1.0,0.0,0.0,0.0,0.0,1.0,0.0,0.0,0.0,1.0,0.0,1.0,0.0,65535.0,0.0,0.0,20.0,0.0,0.0,0.0,0.0,0.0,0.0,0.0,0.0,Benign
53.0,17.0,2018-03-01 04:18:14,238.0,1.0,1.0,51.0,147.0,51.0,51.0,51.0,0.0,147.0,147.0,147.0,0.0,831932.7731,8403.361345,238.0,0.0,238.0,238.0,0.0,0.0,0.0,0.0,0.0,0.0,0.0,0.0,0.0,0.0,0.0,0.0,8.0,8.0,4201.680672,4201.680672,51.0,147.0,83.0,55.42562584,3072.0,0.0,0.0,0.0,0.0,0.0,0.0,0.0,0.0,1.0,124.5,51.0,147.0,1.0,51.0,1.0,147.0,-1.0,-1.0,0.0,8.0,0.0,0.0,0.0,0.0,0.0,0.0,0.0,0.0,Benign
443.0,6.0,2018-03-01 01:45:44,60180671.0,14.0,14.0,945.0,4409.0,617.0,0.0,67.5,168.9787196,1460.0,0.0,314.9285714,557.8992829,88.96544208,0.465265666,2228913.741,4230464.02,10000000.0,6.0,60200000.0,4629282.385,5180160.281,10000000.0,201.0,60200000.0,4628395.538,5192740.486,10000000.0,15.0,0.0,0.0,292.0,364.0,0.232632833,0.232632833,0.0,1460.0,184.6206897,417.5318135,174332.8153,0.0,0.0,1.0,1.0,0.0,0.0,0.0,1.0,1.0,191.2142857,67.5,314.9285714,14.0,945.0,14.0,4409.0,8192.0,115.0,9.0,20.0,30219.66667,45989.84145,124096.0,11384.0,9995393.333,20823.31783,10000000.0,9952888.0,Benign
80.0,6.0,2018-03-01 01:04:01,5917230.0,3.0,1.0,0.0,0.0,0.0,0.0,0.0,0.0,0.0,0.0,0.0,0.0,0.0,0.675991976,1972410.0,3179314.627,5640079.0,31.0,5917230.0,2958615.0,3792162.756,5640079.0,277151.0,0.0,0.0,0.0,0.0,0.0,0.0,0.0,72.0,32.0,0.506993982,0.168997994,0.0,0.0,0.0,0.0,0.0,0.0,0.0,1.0,1.0,0.0,0.0,0.0,1.0,0.0,0.0,0.0,0.0,3.0,0.0,1.0,0.0,8192.0,29200.0,0.0,20.0,0.0,0.0,0.0,0.0,0.0,0.0,0.0,0.0,Benign
53.0,17.0,2018-03-01 08:34:54,286.0,1.0,1.0,78.0,158.0,78.0,78.0,78.0,0.0,158.0,158.0,158.0,0.0,825174.8252,6993.006993,286.0,0.0,286.0,286.0,0.0,0.0,0.0,0.0,0.0,0.0,0.0,0.0,0.0,0.0,0.0,0.0,8.0,8.0,3496.503497,3496.503497,78.0,158.0,104.6666667,46.18802154,2133.333333,0.0,0.0,0.0,0.0,0.0,0.0,0.0,0.0,1.0,157.0,78.0,158.0,1.0,78.0,1.0,158.0,-1.0,-1.0,0.0,8.0,0.0,0.0,0.0,0.0,0.0,0.0,0.0,0.0,Benign
443.0,6.0,2018-03-01 10:40:10,117453648.0,13.0,12.0,587.0,3904.0,187.0,0.0,45.15384615,67.15510176,1460.0,0.0,325.3333333,551.6774969,38.23636027,0.212849924,4893902.0,16400000.0,58600000.0,1.0,117000000.0,9787804.0,22600000.0,58600000.0,253.0,117000000.0,10700000.0,23600000.0,58800000.0,1.0,0.0,0.0,272.0,252.0,0.11068196,0.102167963,0.0,1460.0,172.7307692,396.1221587,156912.7646,0.0,0.0,1.0,1.0,0.0,0.0,0.0,1.0,0.0,179.64,45.15384615,325.3333333,13.0,587.0,12.0,3904.0,8192.0,31.0,6.0,20.0,311401.0,154641.4246,420749.0,202053.0,58300000.0,478954.5356,58600000.0,57900000.0,Benign
443.0,6.0,2018-03-01 09:47:34,209175.0,9.0,7.0,557.0,3773.0,206.0,0.0,61.88888889,88.34371008,1460.0,0.0,539.0,655.4329358,20700.3705,76.49097646,13945.0,41829.54868,164095.0,1.0,209175.0,26146.875,56091.14932,164095.0,17.0,33288.0,5548.0,7661.518805,18248.0,1.0,0.0,0.0,192.0,152.0,43.02617426,33.4648022,0.0,1460.0,254.7058824,474.6863128,225327.0956,0.0,0.0,1.0,1.0,0.0,0.0,0.0,1.0,0.0,270.625,61.88888889,539.0,9.0,557.0,7.0,3773.0,8192.0,119.0,4.0,20.0,0.0,0.0,0.0,0.0,0.0,0.0,0.0,0.0,Benign
53191.0,6.0,2018-03-01 04:47:58,19.0,1.0,1.0,0.0,0.0,0.0,0.0,0.0,0.0,0.0,0.0,0.0,0.0,0.0,105263.1579,19.0,0.0,19.0,19.0,0.0,0.0,0.0,0.0,0.0,0.0,0.0,0.0,0.0,0.0,0.0,0.0,20.0,20.0,52631.57895,52631.57895,0.0,0.0,0.0,0.0,0.0,0.0,0.0,0.0,0.0,1.0,1.0,0.0,0.0,1.0,0.0,0.0,0.0,1.0,0.0,1.0,0.0,128.0,251.0,0.0,20.0,0.0,0.0,0.0,0.0,0.0,0.0,0.0,0.0,Benign
53250.0,6.0,2018-03-01 05:10:42,9.0,1.0,1.0,0.0,0.0,0.0,0.0,0.0,0.0,0.0,0.0,0.0,0.0,0.0,222222.2222,9.0,0.0,9.0,9.0,0.0,0.0,0.0,0.0,0.0,0.0,0.0,0.0,0.0,0.0,0.0,0.0,20.0,20.0,111111.1111,111111.1111,0.0,0.0,0.0,0.0,0.0,0.0,0.0,0.0,0.0,1.0,1.0,0.0,0.0,1.0,0.0,0.0,0.0,1.0,0.0,1.0,0.0,219.0,255.0,0.0,20.0,0.0,0.0,0.0,0.0,0.0,0.0,0.0,0.0,Benign
53.0,17.0,2018-03-01 01:44:40,311.0,1.0,1.0,84.0,212.0,84.0,84.0,84.0,0.0,212.0,212.0,212.0,0.0,951768.4887,6430.868167,311.0,0.0,311.0,311.0,0.0,0.0,0.0,0.0,0.0,0.0,0.0,0.0,0.0,0.0,0.0,0.0,8.0,8.0,3215.434084,3215.434084,84.0,212.0,126.6666667,73.90083446,5461.333333,0.0,0.0,0.0,0.0,0.0,0.0,0.0,0.0,1.0,190.0,84.0,212.0,1.0,84.0,1.0,212.0,-1.0,-1.0,0.0,8.0,0.0,0.0,0.0,0.0,0.0,0.0,0.0,0.0,Benign
445.0,6.0,2018-03-01 04:24:39,86829.0,3.0,1.0,0.0,0.0,0.0,0.0,0.0,0.0,0.0,0.0,0.0,0.0,0.0,46.06755807,28943.0,50042.43691,86727.0,1.0,86829.0,43414.5,61395.96049,86828.0,1.0,0.0,0.0,0.0,0.0,0.0,0.0,0.0,72.0,32.0,34.55066856,11.51688952,0.0,0.0,0.0,0.0,0.0,0.0,0.0,0.0,1.0,0.0,0.0,0.0,0.0,0.0,0.0,0.0,0.0,3.0,0.0,1.0,0.0,8192.0,8192.0,0.0,20.0,0.0,0.0,0.0,0.0,0.0,0.0,0.0,0.0,Benign
445.0,6.0,2018-03-01 12:28:53,782036.0,2.0,2.0,0.0,0.0,0.0,0.0,0.0,0.0,0.0,0.0,0.0,0.0,0.0,5.114854048,260678.6667,451475.7862,781998.0,19.0,782017.0,782017.0,0.0,782017.0,782017.0,782017.0,782017.0,0.0,782017.0,782017.0,0.0,0.0,64.0,40.0,2.557427024,2.557427024,0.0,0.0,0.0,0.0,0.0,0.0,0.0,0.0,1.0,0.0,0.0,0.0,0.0,1.0,0.0,0.0,0.0,2.0,0.0,2.0,0.0,8192.0,0.0,0.0,32.0,0.0,0.0,0.0,0.0,0.0,0.0,0.0,0.0,Benign
1334.0,6.0,2018-03-01 02:42:15,2.0,1.0,1.0,0.0,0.0,0.0,0.0,0.0,0.0,0.0,0.0,0.0,0.0,0.0,1000000.0,2.0,0.0,2.0,2.0,0.0,0.0,0.0,0.0,0.0,0.0,0.0,0.0,0.0,0.0,0.0,0.0,24.0,20.0,500000.0,500000.0,0.0,0.0,0.0,0.0,0.0,0.0,0.0,0.0,1.0,0.0,0.0,0.0,0.0,1.0,0.0,0.0,0.0,1.0,0.0,1.0,0.0,1024.0,0.0,0.0,24.0,0.0,0.0,0.0,0.0,0.0,0.0,0.0,0.0,Benign
53.0,17.0,2018-03-01 08:37:26,32664.0,2.0,2.0,72.0,194.0,36.0,36.0,36.0,0.0,97.0,97.0,97.0,0.0,8143.52192,122.4589762,10888.0,17699.73155,31311.0,1.0,31311.0,31311.0,0.0,31311.0,31311.0,1.0,1.0,0.0,1.0,1.0,0.0,0.0,16.0,16.0,61.22948812,61.22948812,36.0,97.0,60.4,33.41107601,1116.3,0.0,0.0,0.0,0.0,0.0,0.0,0.0,0.0,1.0,75.5,36.0,97.0,2.0,72.0,2.0,194.0,-1.0,-1.0,1.0,8.0,0.0,0.0,0.0,0.0,0.0,0.0,0.0,0.0,Benign
53.0,17.0,2018-03-01 04:51:59,268.0,1.0,1.0,36.0,52.0,36.0,36.0,36.0,0.0,52.0,52.0,52.0,0.0,328358.209,7462.686567,268.0,0.0,268.0,268.0,0.0,0.0,0.0,0.0,0.0,0.0,0.0,0.0,0.0,0.0,0.0,0.0,8.0,8.0,3731.343284,3731.343284,36.0,52.0,41.33333333,9.237604307,85.33333333,0.0,0.0,0.0,0.0,0.0,0.0,0.0,0.0,1.0,62.0,36.0,52.0,1.0,36.0,1.0,52.0,-1.0,-1.0,0.0,8.0,0.0,0.0,0.0,0.0,0.0,0.0,0.0,0.0,Benign
53.0,17.0,2018-03-01 03:55:06,295.0,1.0,1.0,50.0,66.0,50.0,50.0,50.0,0.0,66.0,66.0,66.0,0.0,393220.339,6779.661017,295.0,0.0,295.0,295.0,0.0,0.0,0.0,0.0,0.0,0.0,0.0,0.0,0.0,0.0,0.0,0.0,8.0,8.0,3389.830508,3389.830508,50.0,66.0,55.33333333,9.237604307,85.33333333,0.0,0.0,0.0,0.0,0.0,0.0,0.0,0.0,1.0,83.0,50.0,66.0,1.0,50.0,1.0,66.0,-1.0,-1.0,0.0,8.0,0.0,0.0,0.0,0.0,0.0,0.0,0.0,0.0,Benign
443.0,6.0,2018-03-01 01:50:40,14.0,2.0,0.0,31.0,0.0,31.0,0.0,15.5,21.92031022,0.0,0.0,0.0,0.0,2214285.714,142857.1429,14.0,0.0,14.0,14.0,14.0,14.0,0.0,14.0,14.0,0.0,0.0,0.0,0.0,0.0,1.0,0.0,40.0,0.0,142857.1429,0.0,0.0,31.0,20.66666667,17.89785834,320.3333333,0.0,1.0,0.0,0.0,1.0,0.0,0.0,0.0,0.0,31.0,15.5,0.0,2.0,31.0,0.0,0.0,253.0,-1.0,0.0,20.0,0.0,0.0,0.0,0.0,0.0,0.0,0.0,0.0,Benign
443.0,6.0,2018-03-01 09:13:26,5477527.0,6.0,4.0,599.0,152.0,517.0,0.0,99.83333333,205.4511296,152.0,0.0,38.0,76.0,137.1056683,1.825641389,608614.1111,1774048.53,5338935.0,13.0,5477527.0,1095505.4,2413291.006,5412436.0,30.0,106494.0,35498.0,36901.29336,73820.0,204.0,0.0,0.0,132.0,92.0,1.095384833,0.730256556,0.0,517.0,68.27272727,155.7825991,24268.21818,0.0,0.0,1.0,1.0,0.0,0.0,0.0,1.0,0.0,75.1,99.83333333,38.0,6.0,599.0,4.0,152.0,8192.0,946.0,3.0,20.0,138562.0,0.0,138562.0,138562.0,5338935.0,0.0,5338935.0,5338935.0,Benign
51044.0,6.0,2018-03-01 10:43:43,37.0,2.0,0.0,0.0,0.0,0.0,0.0,0.0,0.0,0.0,0.0,0.0,0.0,0.0,54054.05405,37.0,0.0,37.0,37.0,37.0,37.0,0.0,37.0,37.0,0.0,0.0,0.0,0.0,0.0,0.0,0.0,40.0,0.0,54054.05405,0.0,0.0,0.0,0.0,0.0,0.0,0.0,0.0,0.0,0.0,1.0,0.0,0.0,0.0,0.0,0.0,0.0,0.0,2.0,0.0,0.0,0.0,131.0,-1.0,0.0,20.0,0.0,0.0,0.0,0.0,0.0,0.0,0.0,0.0,Benign
3389.0,6.0,2018-03-01 08:57:10,3153636.0,9.0,8.0,1148.0,1581.0,677.0,0.0,127.5555556,218.6910556,1173.0,0.0,197.625,406.121705,865.3503448,5.390603101,197102.25,252569.5231,953903.0,7.0,3153636.0,394204.5,378594.5278,1268364.0,35.0,2892632.0,413233.1429,310266.8353,953903.0,21262.0,0.0,0.0,192.0,172.0,2.8538487,2.5367544,0.0,1173.0,151.6111111,305.0826578,93075.4281,0.0,0.0,0.0,1.0,0.0,0.0,0.0,0.0,0.0,160.5294118,127.5555556,197.625,9.0,1148.0,8.0,1581.0,8192.0,62852.0,5.0,20.0,0.0,0.0,0.0,0.0,0.0,0.0,0.0,0.0,Benign
53.0,17.0,2018-03-01 09:08:09,251.0,1.0,1.0,43.0,59.0,43.0,43.0,43.0,0.0,59.0,59.0,59.0,0.0,406374.502,7968.12749,251.0,0.0,251.0,251.0,0.0,0.0,0.0,0.0,0.0,0.0,0.0,0.0,0.0,0.0,0.0,0.0,8.0,8.0,3984.063745,3984.063745,43.0,59.0,48.33333333,9.237604307,85.33333333,0.0,0.0,0.0,0.0,0.0,0.0,0.0,0.0,1.0,72.5,43.0,59.0,1.0,43.0,1.0,59.0,-1.0,-1.0,0.0,8.0,0.0,0.0,0.0,0.0,0.0,0.0,0.0,0.0,Benign
53.0,17.0,2018-03-01 09:45:57,696.0,1.0,1.0,31.0,47.0,31.0,31.0,31.0,0.0,47.0,47.0,47.0,0.0,112068.9655,2873.563218,696.0,0.0,696.0,696.0,0.0,0.0,0.0,0.0,0.0,0.0,0.0,0.0,0.0,0.0,0.0,0.0,8.0,8.0,1436.781609,1436.781609,31.0,47.0,36.33333333,9.237604307,85.33333333,0.0,0.0,0.0,0.0,0.0,0.0,0.0,0.0,1.0,54.5,31.0,47.0,1.0,31.0,1.0,47.0,-1.0,-1.0,0.0,8.0,0.0,0.0,0.0,0.0,0.0,0.0,0.0,0.0,Benign
53.0,17.0,2018-03-01 02:23:48,32338.0,1.0,1.0,40.0,101.0,40.0,40.0,40.0,0.0,101.0,101.0,101.0,0.0,4360.195436,61.84674377,32338.0,0.0,32338.0,32338.0,0.0,0.0,0.0,0.0,0.0,0.0,0.0,0.0,0.0,0.0,0.0,0.0,8.0,8.0,30.92337188,30.92337188,40.0,101.0,60.33333333,35.21836642,1240.333333,0.0,0.0,0.0,0.0,0.0,0.0,0.0,0.0,1.0,90.5,40.0,101.0,1.0,40.0,1.0,101.0,-1.0,-1.0,0.0,8.0,0.0,0.0,0.0,0.0,0.0,0.0,0.0,0.0,Benign
53.0,17.0,2018-03-01 09:07:37,915.0,1.0,1.0,43.0,71.0,43.0,43.0,43.0,0.0,71.0,71.0,71.0,0.0,124590.1639,2185.79235,915.0,0.0,915.0,915.0,0.0,0.0,0.0,0.0,0.0,0.0,0.0,0.0,0.0,0.0,0.0,0.0,8.0,8.0,1092.896175,1092.896175,43.0,71.0,52.33333333,16.16580754,261.3333333,0.0,0.0,0.0,0.0,0.0,0.0,0.0,0.0,1.0,78.5,43.0,71.0,1.0,43.0,1.0,71.0,-1.0,-1.0,0.0,8.0,0.0,0.0,0.0,0.0,0.0,0.0,0.0,0.0,Benign
53.0,17.0,2018-03-01 03:03:27,18412.0,2.0,2.0,86.0,294.0,43.0,43.0,43.0,0.0,147.0,147.0,147.0,0.0,20638.71388,217.2496198,6137.333333,8817.984482,16277.0,263.0,18149.0,18149.0,0.0,18149.0,18149.0,16540.0,16540.0,0.0,16540.0,16540.0,0.0,0.0,16.0,16.0,108.6248099,108.6248099,43.0,147.0,84.6,56.96314598,3244.8,0.0,0.0,0.0,0.0,0.0,0.0,0.0,0.0,1.0,105.75,43.0,147.0,2.0,86.0,2.0,294.0,-1.0,-1.0,1.0,8.0,0.0,0.0,0.0,0.0,0.0,0.0,0.0,0.0,Benign
53.0,17.0,2018-03-01 08:19:32,325.0,1.0,1.0,40.0,56.0,40.0,40.0,40.0,0.0,56.0,56.0,56.0,0.0,295384.6154,6153.846154,325.0,0.0,325.0,325.0,0.0,0.0,0.0,0.0,0.0,0.0,0.0,0.0,0.0,0.0,0.0,0.0,8.0,8.0,3076.923077,3076.923077,40.0,56.0,45.33333333,9.237604307,85.33333333,0.0,0.0,0.0,0.0,0.0,0.0,0.0,0.0,1.0,68.0,40.0,56.0,1.0,40.0,1.0,56.0,-1.0,-1.0,0.0,8.0,0.0,0.0,0.0,0.0,0.0,0.0,0.0,0.0,Benign
3389.0,6.0,2018-03-01 08:24:10,1400481.0,8.0,7.0,1148.0,1581.0,677.0,0.0,143.5,228.1296624,1173.0,0.0,225.8571429,430.0986044,1948.616225,10.71060586,100034.3571,251886.9464,968773.0,41.0,1400481.0,200068.7143,386282.221,1074331.0,41.0,1337017.0,222836.1667,365783.3797,968773.0,63696.0,0.0,0.0,168.0,148.0,5.712323123,4.998282733,0.0,1173.0,170.5625,319.4332416,102037.5958,0.0,0.0,0.0,1.0,0.0,0.0,0.0,0.0,0.0,181.9333333,143.5,225.8571429,8.0,1148.0,7.0,1581.0,8192.0,62852.0,5.0,20.0,0.0,0.0,0.0,0.0,0.0,0.0,0.0,0.0,Benign
53.0,17.0,2018-03-01 09:45:23,21491.0,2.0,2.0,76.0,108.0,38.0,38.0,38.0,0.0,54.0,54.0,54.0,0.0,8561.723512,186.1244242,7163.666667,11785.23196,20772.0,319.0,21172.0,21172.0,0.0,21172.0,21172.0,21091.0,21091.0,0.0,21091.0,21091.0,0.0,0.0,16.0,16.0,93.06221209,93.06221209,38.0,54.0,44.4,8.76356092,76.8,0.0,0.0,0.0,0.0,0.0,0.0,0.0,0.0,1.0,55.5,38.0,54.0,2.0,76.0,2.0,108.0,-1.0,-1.0,1.0,8.0,0.0,0.0,0.0,0.0,0.0,0.0,0.0,0.0,Benign
53.0,17.0,2018-03-01 08:21:11,1564.0,1.0,1.0,35.0,83.0,35.0,35.0,35.0,0.0,83.0,83.0,83.0,0.0,75447.57033,1278.772379,1564.0,0.0,1564.0,1564.0,0.0,0.0,0.0,0.0,0.0,0.0,0.0,0.0,0.0,0.0,0.0,0.0,8.0,8.0,639.3861893,639.3861893,35.0,83.0,51.0,27.71281292,768.0,0.0,0.0,0.0,0.0,0.0,0.0,0.0,0.0,1.0,76.5,35.0,83.0,1.0,35.0,1.0,83.0,-1.0,-1.0,0.0,8.0,0.0,0.0,0.0,0.0,0.0,0.0,0.0,0.0,Benign
80.0,6.0,2018-03-01 09:14:28,115672033.0,17.0,15.0,785.0,2046.0,400.0,0.0,46.17647059,128.3643424,1369.0,0.0,136.4,382.9785149,24.47436884,0.276644226,3731355.903,4812118.846,10000000.0,31.0,116000000.0,7229502.063,4448547.28,10000000.0,263.0,111000000.0,7898144.643,4268662.797,10100000.0,616.0,0.0,0.0,352.0,444.0,0.146967245,0.129676981,0.0,1369.0,85.78787879,273.262209,74672.23485,0.0,0.0,1.0,1.0,0.0,0.0,0.0,1.0,0.0,88.46875,46.17647059,136.4,17.0,785.0,15.0,2046.0,8192.0,980.0,13.0,20.0,49562.18182,57452.72378,222731.0,31553.0,10000000.0,38504.88722,10000000.0,9886779.0,Benign
53.0,17.0,2018-03-01 09:45:57,248.0,1.0,1.0,43.0,59.0,43.0,43.0,43.0,0.0,59.0,59.0,59.0,0.0,411290.3226,8064.516129,248.0,0.0,248.0,248.0,0.0,0.0,0.0,0.0,0.0,0.0,0.0,0.0,0.0,0.0,0.0,0.0,8.0,8.0,4032.258065,4032.258065,43.0,59.0,48.33333333,9.237604307,85.33333333,0.0,0.0,0.0,0.0,0.0,0.0,0.0,0.0,1.0,72.5,43.0,59.0,1.0,43.0,1.0,59.0,-1.0,-1.0,0.0,8.0,0.0,0.0,0.0,0.0,0.0,0.0,0.0,0.0,Benign
443.0,6.0,2018-03-01 09:18:59,506.0,3.0,0.0,77.0,0.0,46.0,0.0,25.66666667,23.45918441,0.0,0.0,0.0,0.0,152173.913,5928.853755,253.0,339.411255,493.0,13.0,506.0,253.0,339.411255,493.0,13.0,0.0,0.0,0.0,0.0,0.0,1.0,0.0,60.0,0.0,5928.853755,0.0,0.0,46.0,30.75,21.68524844,470.25,0.0,1.0,0.0,0.0,1.0,0.0,0.0,0.0,0.0,41.0,25.66666667,0.0,3.0,77.0,0.0,0.0,258.0,-1.0,1.0,20.0,0.0,0.0,0.0,0.0,0.0,0.0,0.0,0.0,Benign
443.0,6.0,2018-03-01 04:09:10,117210007.0,14.0,14.0,625.0,6326.0,192.0,0.0,44.64285714,68.97224318,1460.0,0.0,451.8571429,664.8188715,59.30381013,0.238887453,4341111.37,15600000.0,59000000.0,1.0,117000000.0,9016154.385,22000000.0,59000000.0,28.0,117000000.0,9011374.615,22000000.0,59000000.0,1.0,0.0,0.0,292.0,292.0,0.119443726,0.119443726,0.0,1460.0,239.6896552,500.9955876,250996.5788,0.0,0.0,1.0,1.0,0.0,0.0,0.0,1.0,1.0,248.25,44.64285714,451.8571429,14.0,625.0,14.0,6326.0,8192.0,31.0,6.0,20.0,90551.0,18010.00972,103286.0,77816.0,58500000.0,685036.5643,59000000.0,58000000.0,Benign
443.0,6.0,2018-03-01 05:11:28,53418668.0,5.0,1.0,123.0,46.0,46.0,0.0,24.6,23.27659769,46.0,46.0,46.0,0.0,3.16368802,0.112320285,10700000.0,23800000.0,53300000.0,17.0,53400000.0,13400000.0,26600000.0,53300000.0,17.0,0.0,0.0,0.0,0.0,0.0,1.0,0.0,100.0,20.0,0.093600237,0.018720047,0.0,46.0,30.71428571,21.68497395,470.2380952,0.0,1.0,0.0,0.0,1.0,0.0,0.0,0.0,0.0,35.83333333,24.6,46.0,5.0,123.0,1.0,46.0,257.0,270.0,2.0,20.0,147883.0,0.0,147883.0,147883.0,53300000.0,0.0,53300000.0,53300000.0,Benign
53.0,17.0,2018-03-01 08:50:09,657.0,1.0,1.0,31.0,106.0,31.0,31.0,31.0,0.0,106.0,106.0,106.0,0.0,208523.5921,3044.14003,657.0,0.0,657.0,657.0,0.0,0.0,0.0,0.0,0.0,0.0,0.0,0.0,0.0,0.0,0.0,0.0,8.0,8.0,1522.070015,1522.070015,31.0,106.0,56.0,43.30127019,1875.0,0.0,0.0,0.0,0.0,0.0,0.0,0.0,0.0,1.0,84.0,31.0,106.0,1.0,31.0,1.0,106.0,-1.0,-1.0,0.0,8.0,0.0,0.0,0.0,0.0,0.0,0.0,0.0,0.0,Benign
9.0,6.0,2018-03-01 03:37:12,234.0,1.0,1.0,0.0,0.0,0.0,0.0,0.0,0.0,0.0,0.0,0.0,0.0,0.0,8547.008547,234.0,0.0,234.0,234.0,0.0,0.0,0.0,0.0,0.0,0.0,0.0,0.0,0.0,0.0,0.0,0.0,24.0,20.0,4273.504274,4273.504274,0.0,0.0,0.0,0.0,0.0,0.0,0.0,0.0,1.0,0.0,0.0,0.0,0.0,1.0,0.0,0.0,0.0,1.0,0.0,1.0,0.0,1024.0,0.0,0.0,24.0,0.0,0.0,0.0,0.0,0.0,0.0,0.0,0.0,Benign
53.0,17.0,2018-03-01 01:38:02,350.0,1.0,1.0,30.0,46.0,30.0,30.0,30.0,0.0,46.0,46.0,46.0,0.0,217142.8571,5714.285714,350.0,0.0,350.0,350.0,0.0,0.0,0.0,0.0,0.0,0.0,0.0,0.0,0.0,0.0,0.0,0.0,8.0,8.0,2857.142857,2857.142857,30.0,46.0,35.33333333,9.237604307,85.33333333,0.0,0.0,0.0,0.0,0.0,0.0,0.0,0.0,1.0,53.0,30.0,46.0,1.0,30.0,1.0,46.0,-1.0,-1.0,0.0,8.0,0.0,0.0,0.0,0.0,0.0,0.0,0.0,0.0,Benign
3389.0,6.0,2018-03-01 11:39:46,1395428.0,8.0,7.0,1132.0,1581.0,661.0,0.0,141.5,222.7920235,1173.0,0.0,225.8571429,430.0986044,1944.206365,10.74939015,99673.42857,251986.625,968793.0,2.0,1395428.0,199346.8571,384393.2,1069314.0,2.0,1332064.0,222010.6667,366116.0705,968793.0,63669.0,0.0,0.0,168.0,148.0,5.733008081,5.016382071,0.0,1173.0,169.5625,317.7627981,100973.1958,0.0,0.0,0.0,1.0,0.0,0.0,0.0,0.0,0.0,180.8666667,141.5,225.8571429,8.0,1132.0,7.0,1581.0,8192.0,62868.0,5.0,20.0,0.0,0.0,0.0,0.0,0.0,0.0,0.0,0.0,Benign
8000.0,6.0,2018-03-01 01:39:21,140965.0,2.0,1.0,0.0,0.0,0.0,0.0,0.0,0.0,0.0,0.0,0.0,0.0,0.0,21.28187848,70482.5,99646.19471,140943.0,22.0,140965.0,140965.0,0.0,140965.0,140965.0,0.0,0.0,0.0,0.0,0.0,0.0,0.0,40.0,20.0,14.18791899,7.093959493,0.0,0.0,0.0,0.0,0.0,0.0,0.0,0.0,1.0,0.0,0.0,0.0,0.0,0.0,0.0,0.0,0.0,2.0,0.0,1.0,0.0,1024.0,0.0,0.0,20.0,0.0,0.0,0.0,0.0,0.0,0.0,0.0,0.0,Benign
0.0,0.0,2018-03-01 03:44:51,112635692.0,3.0,0.0,0.0,0.0,0.0,0.0,0.0,0.0,0.0,0.0,0.0,0.0,0.0,0.026634541,56300000.0,26.87005769,56300000.0,56300000.0,113000000.0,56300000.0,26.87005769,56300000.0,56300000.0,0.0,0.0,0.0,0.0,0.0,0.0,0.0,0.0,0.0,0.026634541,0.0,0.0,0.0,0.0,0.0,0.0,0.0,0.0,0.0,0.0,0.0,0.0,0.0,0.0,0.0,0.0,0.0,0.0,3.0,0.0,0.0,0.0,-1.0,-1.0,0.0,0.0,0.0,0.0,0.0,0.0,56300000.0,26.87005769,56300000.0,56300000.0,Benign
50742.0,6.0,2018-03-01 10:24:34,66.0,2.0,0.0,0.0,0.0,0.0,0.0,0.0,0.0,0.0,0.0,0.0,0.0,0.0,30303.0303,66.0,0.0,66.0,66.0,66.0,66.0,0.0,66.0,66.0,0.0,0.0,0.0,0.0,0.0,0.0,0.0,40.0,0.0,30303.0303,0.0,0.0,0.0,0.0,0.0,0.0,0.0,0.0,0.0,0.0,1.0,0.0,0.0,0.0,0.0,0.0,0.0,0.0,2.0,0.0,0.0,0.0,913.0,-1.0,0.0,20.0,0.0,0.0,0.0,0.0,0.0,0.0,0.0,0.0,Benign
443.0,6.0,2018-03-01 04:57:11,117907443.0,12.0,11.0,629.0,2892.0,229.0,0.0,52.41666667,76.9444408,1430.0,0.0,262.9090909,483.1253366,29.86240657,0.195068262,5359429.227,17200000.0,58800000.0,0.0,118000000.0,10700000.0,23600000.0,58900000.0,435.0,118000000.0,11800000.0,24600000.0,58900000.0,0.0,0.0,0.0,252.0,232.0,0.101774745,0.093293517,0.0,1430.0,146.7083333,341.095993,116346.4764,0.0,0.0,1.0,1.0,0.0,0.0,0.0,1.0,0.0,153.0869565,52.41666667,262.9090909,12.0,629.0,11.0,2892.0,8192.0,176.0,6.0,20.0,448397.0,462739.1629,775603.0,121191.0,58400000.0,546406.8657,58800000.0,58000000.0,Benign
80.0,6.0,2018-03-01 08:26:15,48066.0,5.0,6.0,1590.0,196.0,1244.0,0.0,318.0,538.8951661,196.0,0.0,32.66666667,80.01666493,37157.24213,228.8519952,4806.6,9912.678169,26481.0,12.0,46948.0,11737.0,13727.22368,26500.0,18.0,21585.0,4317.0,9024.632402,20455.0,41.0,0.0,0.0,124.0,144.0,104.0236342,124.828361,0.0,1244.0,148.8333333,361.7949779,130895.6061,0.0,0.0,1.0,1.0,0.0,0.0,0.0,1.0,1.0,162.3636364,318.0,32.66666667,5.0,1590.0,6.0,196.0,8192.0,1024.0,2.0,20.0,0.0,0.0,0.0,0.0,0.0,0.0,0.0,0.0,Benign
3389.0,6.0,2018-03-01 01:07:55,1406523.0,8.0,7.0,1148.0,1581.0,677.0,0.0,143.5,228.1296624,1173.0,0.0,225.8571429,430.0986044,1940.245556,10.66459631,100465.9286,251802.5135,968803.0,36.0,1406523.0,200931.8571,387115.0065,1077049.0,36.0,1343166.0,223861.0,365328.3756,968803.0,65347.0,0.0,0.0,168.0,148.0,5.6877847,4.976811613,0.0,1173.0,170.5625,319.4332416,102037.5958,0.0,0.0,0.0,1.0,0.0,0.0,0.0,0.0,0.0,181.9333333,143.5,225.8571429,8.0,1148.0,7.0,1581.0,8192.0,62852.0,5.0,20.0,0.0,0.0,0.0,0.0,0.0,0.0,0.0,0.0,Benign
53.0,17.0,2018-03-01 01:36:07,1173.0,1.0,1.0,45.0,73.0,45.0,45.0,45.0,0.0,73.0,73.0,73.0,0.0,100596.7604,1705.029838,1173.0,0.0,1173.0,1173.0,0.0,0.0,0.0,0.0,0.0,0.0,0.0,0.0,0.0,0.0,0.0,0.0,8.0,8.0,852.514919,852.514919,45.0,73.0,54.33333333,16.16580754,261.3333333,0.0,0.0,0.0,0.0,0.0,0.0,0.0,0.0,1.0,81.5,45.0,73.0,1.0,45.0,1.0,73.0,-1.0,-1.0,0.0,8.0,0.0,0.0,0.0,0.0,0.0,0.0,0.0,0.0,Benign
53.0,17.0,2018-03-01 01:29:22,17180.0,2.0,2.0,88.0,200.0,44.0,44.0,44.0,0.0,100.0,100.0,100.0,0.0,16763.6787,232.8288708,5726.666667,6647.141441,13116.0,234.0,16946.0,16946.0,0.0,16946.0,16946.0,4064.0,4064.0,0.0,4064.0,4064.0,0.0,0.0,16.0,16.0,116.4144354,116.4144354,44.0,100.0,66.4,30.67246322,940.8,0.0,0.0,0.0,0.0,0.0,0.0,0.0,0.0,1.0,83.0,44.0,100.0,2.0,88.0,2.0,200.0,-1.0,-1.0,1.0,8.0,0.0,0.0,0.0,0.0,0.0,0.0,0.0,0.0,Benign
443.0,6.0,2018-03-01 02:03:14,5072329.0,10.0,14.0,533.0,6311.0,192.0,0.0,53.3,79.65488058,1460.0,0.0,450.7857143,665.5349703,1349.281563,4.731554282,220536.0435,1030413.159,4947100.0,0.0,125228.0,13914.22222,18755.21558,61889.0,46.0,5060763.0,389289.4615,1384610.801,4997454.0,0.0,0.0,0.0,212.0,292.0,1.971480951,2.760073331,0.0,1460.0,273.76,532.8768838,283957.7733,0.0,0.0,1.0,1.0,0.0,0.0,0.0,1.0,1.0,285.1666667,53.3,450.7857143,10.0,533.0,14.0,6311.0,8192.0,31.0,4.0,20.0,0.0,0.0,0.0,0.0,0.0,0.0,0.0,0.0,Benign
53010.0,6.0,2018-03-01 04:26:41,125.0,2.0,1.0,38.0,0.0,38.0,0.0,19.0,26.87005769,0.0,0.0,0.0,0.0,304000.0,24000.0,62.5,68.58935778,111.0,14.0,125.0,125.0,0.0,125.0,125.0,0.0,0.0,0.0,0.0,0.0,1.0,0.0,40.0,20.0,16000.0,8000.0,0.0,38.0,19.0,21.93931023,481.3333333,0.0,1.0,0.0,0.0,1.0,0.0,0.0,0.0,0.0,25.33333333,19.0,0.0,2.0,38.0,1.0,0.0,176.0,0.0,0.0,20.0,0.0,0.0,0.0,0.0,0.0,0.0,0.0,0.0,Benign
3389.0,6.0,2018-03-01 04:25:48,1406479.0,8.0,7.0,1148.0,1581.0,677.0,0.0,143.5,228.1296624,1173.0,0.0,225.8571429,430.0986044,1940.306254,10.66492994,100462.7857,251798.9225,968793.0,3.0,1406479.0,200925.5714,387401.3492,1077700.0,3.0,1342655.0,223775.8333,365387.2887,968793.0,64167.0,0.0,0.0,168.0,148.0,5.687962636,4.976967306,0.0,1173.0,170.5625,319.4332416,102037.5958,0.0,0.0,0.0,1.0,0.0,0.0,0.0,0.0,0.0,181.9333333,143.5,225.8571429,8.0,1148.0,7.0,1581.0,8192.0,62852.0,5.0,20.0,0.0,0.0,0.0,0.0,0.0,0.0,0.0,0.0,Benign
52731.0,6.0,2018-03-01 04:30:17,132.0,2.0,0.0,0.0,0.0,0.0,0.0,0.0,0.0,0.0,0.0,0.0,0.0,0.0,15151.51515,132.0,0.0,132.0,132.0,132.0,132.0,0.0,132.0,132.0,0.0,0.0,0.0,0.0,0.0,0.0,0.0,40.0,0.0,15151.51515,0.0,0.0,0.0,0.0,0.0,0.0,0.0,0.0,0.0,0.0,1.0,0.0,0.0,0.0,0.0,0.0,0.0,0.0,2.0,0.0,0.0,0.0,237.0,-1.0,0.0,20.0,0.0,0.0,0.0,0.0,0.0,0.0,0.0,0.0,Benign
23.0,6.0,2018-03-01 09:24:23,21.0,1.0,1.0,0.0,0.0,0.0,0.0,0.0,0.0,0.0,0.0,0.0,0.0,0.0,95238.09524,21.0,0.0,21.0,21.0,0.0,0.0,0.0,0.0,0.0,0.0,0.0,0.0,0.0,0.0,0.0,0.0,20.0,20.0,47619.04762,47619.04762,0.0,0.0,0.0,0.0,0.0,0.0,0.0,0.0,1.0,0.0,0.0,0.0,0.0,1.0,0.0,0.0,0.0,1.0,0.0,1.0,0.0,22471.0,0.0,0.0,20.0,0.0,0.0,0.0,0.0,0.0,0.0,0.0,0.0,Benign
53.0,17.0,2018-03-01 03:56:56,1017.0,1.0,1.0,39.0,100.0,39.0,39.0,39.0,0.0,100.0,100.0,100.0,0.0,136676.4995,1966.568338,1017.0,0.0,1017.0,1017.0,0.0,0.0,0.0,0.0,0.0,0.0,0.0,0.0,0.0,0.0,0.0,0.0,8.0,8.0,983.2841691,983.2841691,39.0,100.0,59.33333333,35.21836642,1240.333333,0.0,0.0,0.0,0.0,0.0,0.0,0.0,0.0,1.0,89.0,39.0,100.0,1.0,39.0,1.0,100.0,-1.0,-1.0,0.0,8.0,0.0,0.0,0.0,0.0,0.0,0.0,0.0,0.0,Benign
53.0,17.0,2018-03-01 10:55:11,1058.0,1.0,1.0,41.0,69.0,41.0,41.0,41.0,0.0,69.0,69.0,69.0,0.0,103969.7543,1890.359168,1058.0,0.0,1058.0,1058.0,0.0,0.0,0.0,0.0,0.0,0.0,0.0,0.0,0.0,0.0,0.0,0.0,8.0,8.0,945.1795841,945.1795841,41.0,69.0,50.33333333,16.16580754,261.3333333,0.0,0.0,0.0,0.0,0.0,0.0,0.0,0.0,1.0,75.5,41.0,69.0,1.0,41.0,1.0,69.0,-1.0,-1.0,0.0,8.0,0.0,0.0,0.0,0.0,0.0,0.0,0.0,0.0,Benign
51355.0,6.0,2018-03-01 12:38:57,1764.0,3.0,1.0,31.0,0.0,31.0,0.0,10.33333333,17.89785834,0.0,0.0,0.0,0.0,17573.69615,2267.573696,588.0,1009.793543,1754.0,1.0,1755.0,877.5,1239.558187,1754.0,1.0,0.0,0.0,0.0,0.0,0.0,0.0,0.0,60.0,20.0,1700.680272,566.893424,0.0,31.0,6.2,13.86362146,192.2,0.0,0.0,0.0,0.0,1.0,0.0,0.0,0.0,0.0,7.75,10.33333333,0.0,3.0,31.0,1.0,0.0,980.0,0.0,1.0,20.0,0.0,0.0,0.0,0.0,0.0,0.0,0.0,0.0,Benign
0.0,0.0,2018-03-01 02:47:00,116123961.0,24.0,0.0,0.0,0.0,0.0,0.0,0.0,0.0,0.0,0.0,0.0,0.0,0.0,0.206675692,5048867.87,14086.76246,5077593.0,5027504.0,116000000.0,5048867.87,14086.76246,5077593.0,5027504.0,0.0,0.0,0.0,0.0,0.0,0.0,0.0,0.0,0.0,0.206675692,0.0,0.0,0.0,0.0,0.0,0.0,0.0,0.0,0.0,0.0,0.0,0.0,0.0,0.0,0.0,0.0,0.0,0.0,24.0,0.0,0.0,0.0,-1.0,-1.0,0.0,0.0,0.0,0.0,0.0,0.0,5048867.87,14086.76246,5077593.0,5027504.0,Benign
1783.0,6.0,2018-03-01 10:51:58,2.0,1.0,1.0,0.0,0.0,0.0,0.0,0.0,0.0,0.0,0.0,0.0,0.0,0.0,1000000.0,2.0,0.0,2.0,2.0,0.0,0.0,0.0,0.0,0.0,0.0,0.0,0.0,0.0,0.0,0.0,0.0,24.0,20.0,500000.0,500000.0,0.0,0.0,0.0,0.0,0.0,0.0,0.0,0.0,1.0,0.0,0.0,0.0,0.0,1.0,0.0,0.0,0.0,1.0,0.0,1.0,0.0,1024.0,0.0,0.0,24.0,0.0,0.0,0.0,0.0,0.0,0.0,0.0,0.0,Benign
443.0,6.0,2018-03-01 12:09:49,116960693.0,104.0,193.0,1184.0,257828.0,280.0,0.0,11.38461538,41.82634179,1460.0,0.0,1335.896373,374.5221812,2214.521762,2.53931464,395137.4764,4777066.329,58400000.0,0.0,117000000.0,1135540.709,8071623.777,58400000.0,9.0,117000000.0,608765.1979,5930724.773,58500000.0,0.0,0.0,0.0,2092.0,3872.0,0.889187618,1.650127022,0.0,1460.0,869.1677852,702.164795,493035.3994,0.0,0.0,1.0,1.0,0.0,0.0,0.0,1.0,1.0,872.0942761,11.38461538,1335.896373,104.0,1184.0,193.0,257828.0,8192.0,33.0,10.0,20.0,225910.0,209215.926,373848.0,77972.0,58200000.0,327583.4798,58400000.0,58000000.0,Benign
53.0,17.0,2018-03-01 04:13:09,38333.0,2.0,2.0,68.0,158.0,34.0,34.0,34.0,0.0,79.0,79.0,79.0,0.0,5895.703441,104.3487335,12777.66667,21637.09177,37762.0,253.0,38015.0,38015.0,0.0,38015.0,38015.0,571.0,571.0,0.0,571.0,571.0,0.0,0.0,16.0,16.0,52.17436673,52.17436673,34.0,79.0,52.0,24.64751509,607.5,0.0,0.0,0.0,0.0,0.0,0.0,0.0,0.0,1.0,65.0,34.0,79.0,2.0,68.0,2.0,158.0,-1.0,-1.0,1.0,8.0,0.0,0.0,0.0,0.0,0.0,0.0,0.0,0.0,Benign
53.0,17.0,2018-03-01 03:43:48,995.0,1.0,1.0,45.0,73.0,45.0,45.0,45.0,0.0,73.0,73.0,73.0,0.0,118592.9648,2010.050251,995.0,0.0,995.0,995.0,0.0,0.0,0.0,0.0,0.0,0.0,0.0,0.0,0.0,0.0,0.0,0.0,8.0,8.0,1005.025126,1005.025126,45.0,73.0,54.33333333,16.16580754,261.3333333,0.0,0.0,0.0,0.0,0.0,0.0,0.0,0.0,1.0,81.5,45.0,73.0,1.0,45.0,1.0,73.0,-1.0,-1.0,0.0,8.0,0.0,0.0,0.0,0.0,0.0,0.0,0.0,0.0,Benign
3389.0,6.0,2018-03-01 10:14:39,1766137.0,8.0,7.0,1144.0,1581.0,677.0,0.0,143.0,227.9699228,1173.0,0.0,225.8571429,430.0986044,1542.915414,8.493112369,126152.6429,245332.8931,953184.0,6.0,1766137.0,252305.2857,394527.0651,1140511.0,6.0,1641138.0,273523.0,334313.9187,953184.0,110692.0,0.0,0.0,172.0,152.0,4.52965993,3.963452439,0.0,1173.0,170.3125,319.4027173,102018.0958,0.0,0.0,1.0,1.0,0.0,0.0,0.0,1.0,0.0,181.6666667,143.0,225.8571429,8.0,1144.0,7.0,1581.0,8192.0,62856.0,5.0,20.0,0.0,0.0,0.0,0.0,0.0,0.0,0.0,0.0,Benign
53.0,17.0,2018-03-01 04:28:51,260.0,1.0,1.0,38.0,54.0,38.0,38.0,38.0,0.0,54.0,54.0,54.0,0.0,353846.1538,7692.307692,260.0,0.0,260.0,260.0,0.0,0.0,0.0,0.0,0.0,0.0,0.0,0.0,0.0,0.0,0.0,0.0,8.0,8.0,3846.153846,3846.153846,38.0,54.0,43.33333333,9.237604307,85.33333333,0.0,0.0,0.0,0.0,0.0,0.0,0.0,0.0,1.0,65.0,38.0,54.0,1.0,38.0,1.0,54.0,-1.0,-1.0,0.0,8.0,0.0,0.0,0.0,0.0,0.0,0.0,0.0,0.0,Benign
53.0,17.0,2018-03-01 01:12:15,207483.0,1.0,1.0,35.0,223.0,35.0,35.0,35.0,0.0,223.0,223.0,223.0,0.0,1243.475369,9.639343946,207483.0,0.0,207483.0,207483.0,0.0,0.0,0.0,0.0,0.0,0.0,0.0,0.0,0.0,0.0,0.0,0.0,8.0,8.0,4.819671973,4.819671973,35.0,223.0,97.66666667,108.5418506,11781.33333,0.0,0.0,0.0,0.0,0.0,0.0,0.0,0.0,1.0,146.5,35.0,223.0,1.0,35.0,1.0,223.0,-1.0,-1.0,0.0,8.0,0.0,0.0,0.0,0.0,0.0,0.0,0.0,0.0,Benign
53.0,17.0,2018-03-01 03:47:40,114491.0,2.0,2.0,72.0,216.0,36.0,36.0,36.0,0.0,108.0,108.0,108.0,0.0,2515.481566,34.93724398,38163.66667,33152.52953,62276.0,358.0,114133.0,114133.0,0.0,114133.0,114133.0,62634.0,62634.0,0.0,62634.0,62634.0,0.0,0.0,16.0,16.0,17.46862199,17.46862199,36.0,108.0,64.8,39.43602414,1555.2,0.0,0.0,0.0,0.0,0.0,0.0,0.0,0.0,1.0,81.0,36.0,108.0,2.0,72.0,2.0,216.0,-1.0,-1.0,1.0,8.0,0.0,0.0,0.0,0.0,0.0,0.0,0.0,0.0,Benign
53.0,17.0,2018-03-01 09:47:36,225.0,1.0,1.0,35.0,99.0,35.0,35.0,35.0,0.0,99.0,99.0,99.0,0.0,595555.5556,8888.888889,225.0,0.0,225.0,225.0,0.0,0.0,0.0,0.0,0.0,0.0,0.0,0.0,0.0,0.0,0.0,0.0,8.0,8.0,4444.444444,4444.444444,35.0,99.0,56.33333333,36.95041723,1365.333333,0.0,0.0,0.0,0.0,0.0,0.0,0.0,0.0,1.0,84.5,35.0,99.0,1.0,35.0,1.0,99.0,-1.0,-1.0,0.0,8.0,0.0,0.0,0.0,0.0,0.0,0.0,0.0,0.0,Benign
445.0,6.0,2018-03-01 12:25:15,196475.0,5.0,4.0,373.0,172.0,140.0,0.0,74.6,70.28371077,133.0,0.0,43.0,62.75348596,2773.889808,45.80735463,24559.375,33814.29558,65427.0,4.0,196413.0,49103.25,32732.84409,65502.0,4.0,196420.0,65473.33333,45.76388678,65524.0,65435.0,0.0,0.0,112.0,92.0,25.44853035,20.35882428,0.0,140.0,54.5,64.19804428,4121.388889,0.0,0.0,0.0,1.0,0.0,0.0,0.0,0.0,0.0,60.55555556,74.6,43.0,5.0,373.0,4.0,172.0,8192.0,0.0,3.0,20.0,0.0,0.0,0.0,0.0,0.0,0.0,0.0,0.0,Benign
53.0,17.0,2018-03-01 11:06:02,1793.0,1.0,1.0,32.0,70.0,32.0,32.0,32.0,0.0,70.0,70.0,70.0,0.0,56887.89738,1115.448968,1793.0,0.0,1793.0,1793.0,0.0,0.0,0.0,0.0,0.0,0.0,0.0,0.0,0.0,0.0,0.0,0.0,8.0,8.0,557.7244841,557.7244841,32.0,70.0,44.66666667,21.93931023,481.3333333,0.0,0.0,0.0,0.0,0.0,0.0,0.0,0.0,1.0,67.0,32.0,70.0,1.0,32.0,1.0,70.0,-1.0,-1.0,0.0,8.0,0.0,0.0,0.0,0.0,0.0,0.0,0.0,0.0,Benign
3389.0,6.0,2018-03-01 04:53:44,1816474.0,8.0,7.0,1128.0,1581.0,661.0,0.0,141.0,222.6233206,1173.0,0.0,225.8571429,430.0986044,1491.350826,8.257756511,129748.1429,245858.6865,953157.0,4.0,1816474.0,259496.2857,390191.8306,1135549.0,4.0,1688206.0,281367.6667,330013.1831,953157.0,110862.0,0.0,0.0,172.0,152.0,4.404136806,3.853619705,0.0,1173.0,169.3125,317.731274,100953.1625,0.0,0.0,1.0,1.0,0.0,0.0,0.0,1.0,0.0,180.6,141.0,225.8571429,8.0,1128.0,7.0,1581.0,8192.0,62872.0,5.0,20.0,0.0,0.0,0.0,0.0,0.0,0.0,0.0,0.0,Benign
53.0,17.0,2018-03-01 11:41:05,76032.0,2.0,2.0,62.0,364.0,31.0,31.0,31.0,0.0,182.0,182.0,182.0,0.0,5602.90404,52.60942761,25344.0,24644.54558,49225.0,1.0,26806.0,26806.0,0.0,26806.0,26806.0,1.0,1.0,0.0,1.0,1.0,0.0,0.0,16.0,16.0,26.3047138,26.3047138,31.0,182.0,91.4,82.70610618,6840.3,0.0,0.0,0.0,0.0,0.0,0.0,0.0,0.0,1.0,114.25,31.0,182.0,2.0,62.0,2.0,364.0,-1.0,-1.0,1.0,8.0,0.0,0.0,0.0,0.0,0.0,0.0,0.0,0.0,Benign
53.0,17.0,2018-03-01 01:03:27,11580.0,1.0,1.0,37.0,101.0,37.0,37.0,37.0,0.0,101.0,101.0,101.0,0.0,11917.09845,172.7115717,11580.0,0.0,11580.0,11580.0,0.0,0.0,0.0,0.0,0.0,0.0,0.0,0.0,0.0,0.0,0.0,0.0,8.0,8.0,86.35578584,86.35578584,37.0,101.0,58.33333333,36.95041723,1365.333333,0.0,0.0,0.0,0.0,0.0,0.0,0.0,0.0,1.0,87.5,37.0,101.0,1.0,37.0,1.0,101.0,-1.0,-1.0,0.0,8.0,0.0,0.0,0.0,0.0,0.0,0.0,0.0,0.0,Benign
53.0,17.0,2018-03-01 04:48:23,366.0,1.0,1.0,78.0,158.0,78.0,78.0,78.0,0.0,158.0,158.0,158.0,0.0,644808.7432,5464.480874,366.0,0.0,366.0,366.0,0.0,0.0,0.0,0.0,0.0,0.0,0.0,0.0,0.0,0.0,0.0,0.0,8.0,8.0,2732.240437,2732.240437,78.0,158.0,104.6666667,46.18802154,2133.333333,0.0,0.0,0.0,0.0,0.0,0.0,0.0,0.0,1.0,157.0,78.0,158.0,1.0,78.0,1.0,158.0,-1.0,-1.0,0.0,8.0,0.0,0.0,0.0,0.0,0.0,0.0,0.0,0.0,Benign
2912.0,6.0,2018-03-01 09:19:34,145626.0,2.0,1.0,0.0,0.0,0.0,0.0,0.0,0.0,0.0,0.0,0.0,0.0,0.0,20.6007169,72813.0,102940.6052,145603.0,23.0,145626.0,145626.0,0.0,145626.0,145626.0,0.0,0.0,0.0,0.0,0.0,0.0,0.0,40.0,20.0,13.73381127,6.866905635,0.0,0.0,0.0,0.0,0.0,0.0,0.0,0.0,1.0,0.0,0.0,0.0,0.0,0.0,0.0,0.0,0.0,2.0,0.0,1.0,0.0,1024.0,0.0,0.0,20.0,0.0,0.0,0.0,0.0,0.0,0.0,0.0,0.0,Benign
443.0,6.0,2018-03-01 11:05:56,76645.0,9.0,8.0,553.0,3811.0,202.0,0.0,61.44444444,87.53443767,1460.0,0.0,476.375,632.1369511,56937.83026,221.8018136,4790.3125,7778.65228,21108.0,11.0,76645.0,9580.625,9937.703169,21255.0,20.0,60047.0,8578.142857,14553.67249,38536.0,15.0,0.0,0.0,192.0,172.0,117.4244895,104.377324,0.0,1460.0,242.4444444,463.3569609,214699.6732,0.0,0.0,1.0,1.0,0.0,0.0,0.0,1.0,0.0,256.7058824,61.44444444,476.375,9.0,553.0,8.0,3811.0,8192.0,123.0,4.0,20.0,0.0,0.0,0.0,0.0,0.0,0.0,0.0,0.0,Benign
53.0,17.0,2018-03-01 01:27:13,38157.0,2.0,2.0,54.0,204.0,27.0,27.0,27.0,0.0,102.0,102.0,102.0,0.0,6761.537857,104.8300443,12719.0,21417.69598,37450.0,323.0,37773.0,37773.0,0.0,37773.0,37773.0,707.0,707.0,0.0,707.0,707.0,0.0,0.0,16.0,16.0,52.41502215,52.41502215,27.0,102.0,57.0,41.07919181,1687.5,0.0,0.0,0.0,0.0,0.0,0.0,0.0,0.0,1.0,71.25,27.0,102.0,2.0,54.0,2.0,204.0,-1.0,-1.0,1.0,8.0,0.0,0.0,0.0,0.0,0.0,0.0,0.0,0.0,Benign
53.0,17.0,2018-03-01 05:20:18,355.0,1.0,1.0,36.0,52.0,36.0,36.0,36.0,0.0,52.0,52.0,52.0,0.0,247887.3239,5633.802817,355.0,0.0,355.0,355.0,0.0,0.0,0.0,0.0,0.0,0.0,0.0,0.0,0.0,0.0,0.0,0.0,8.0,8.0,2816.901408,2816.901408,36.0,52.0,41.33333333,9.237604307,85.33333333,0.0,0.0,0.0,0.0,0.0,0.0,0.0,0.0,1.0,62.0,36.0,52.0,1.0,36.0,1.0,52.0,-1.0,-1.0,0.0,8.0,0.0,0.0,0.0,0.0,0.0,0.0,0.0,0.0,Benign
53.0,17.0,2018-03-01 09:43:52,839.0,1.0,1.0,46.0,131.0,46.0,46.0,46.0,0.0,131.0,131.0,131.0,0.0,210965.435,2383.790226,839.0,0.0,839.0,839.0,0.0,0.0,0.0,0.0,0.0,0.0,0.0,0.0,0.0,0.0,0.0,0.0,8.0,8.0,1191.895113,1191.895113,46.0,131.0,74.33333333,49.07477288,2408.333333,0.0,0.0,0.0,0.0,0.0,0.0,0.0,0.0,1.0,111.5,46.0,131.0,1.0,46.0,1.0,131.0,-1.0,-1.0,0.0,8.0,0.0,0.0,0.0,0.0,0.0,0.0,0.0,0.0,Benign
2136.0,6.0,2018-03-01 02:29:53,21.0,1.0,1.0,0.0,0.0,0.0,0.0,0.0,0.0,0.0,0.0,0.0,0.0,0.0,95238.09524,21.0,0.0,21.0,21.0,0.0,0.0,0.0,0.0,0.0,0.0,0.0,0.0,0.0,0.0,0.0,0.0,20.0,20.0,47619.04762,47619.04762,0.0,0.0,0.0,0.0,0.0,0.0,0.0,0.0,1.0,0.0,0.0,0.0,0.0,1.0,0.0,0.0,0.0,1.0,0.0,1.0,0.0,1024.0,0.0,0.0,20.0,0.0,0.0,0.0,0.0,0.0,0.0,0.0,0.0,Benign
3527.0,6.0,2018-03-01 10:40:13,2.0,1.0,1.0,0.0,0.0,0.0,0.0,0.0,0.0,0.0,0.0,0.0,0.0,0.0,1000000.0,2.0,0.0,2.0,2.0,0.0,0.0,0.0,0.0,0.0,0.0,0.0,0.0,0.0,0.0,0.0,0.0,24.0,20.0,500000.0,500000.0,0.0,0.0,0.0,0.0,0.0,0.0,0.0,0.0,1.0,0.0,0.0,0.0,0.0,1.0,0.0,0.0,0.0,1.0,0.0,1.0,0.0,1024.0,0.0,0.0,24.0,0.0,0.0,0.0,0.0,0.0,0.0,0.0,0.0,Infilteration
53.0,17.0,2018-03-01 02:58:08,265.0,1.0,1.0,40.0,56.0,40.0,40.0,40.0,0.0,56.0,56.0,56.0,0.0,362264.1509,7547.169811,265.0,0.0,265.0,265.0,0.0,0.0,0.0,0.0,0.0,0.0,0.0,0.0,0.0,0.0,0.0,0.0,8.0,8.0,3773.584906,3773.584906,40.0,56.0,45.33333333,9.237604307,85.33333333,0.0,0.0,0.0,0.0,0.0,0.0,0.0,0.0,1.0,68.0,40.0,56.0,1.0,40.0,1.0,56.0,-1.0,-1.0,0.0,8.0,0.0,0.0,0.0,0.0,0.0,0.0,0.0,0.0,Infilteration
40735.0,6.0,2018-03-01 10:12:33,218825.0,2.0,0.0,0.0,0.0,0.0,0.0,0.0,0.0,0.0,0.0,0.0,0.0,0.0,9.139723523,218825.0,0.0,218825.0,218825.0,218825.0,218825.0,0.0,218825.0,218825.0,0.0,0.0,0.0,0.0,0.0,1.0,1.0,80.0,0.0,9.139723523,0.0,0.0,0.0,0.0,0.0,0.0,0.0,1.0,0.0,0.0,0.0,1.0,1.0,0.0,0.0,0.0,0.0,0.0,2.0,0.0,0.0,0.0,65535.0,-1.0,0.0,40.0,0.0,0.0,0.0,0.0,0.0,0.0,0.0,0.0,Infilteration
3389.0,6.0,2018-03-01 02:26:39,1395261.0,8.0,7.0,1132.0,1581.0,661.0,0.0,141.5,222.7920235,1173.0,0.0,225.8571429,430.0986044,1944.439069,10.75067676,99661.5,252021.9269,968833.0,3.0,1395261.0,199323.0,382979.5256,1066044.0,3.0,1331492.0,221915.3333,366124.8447,968833.0,64707.0,0.0,0.0,168.0,148.0,5.733694269,5.016982486,0.0,1173.0,169.5625,317.7627981,100973.1958,0.0,0.0,0.0,1.0,0.0,0.0,0.0,0.0,0.0,180.8666667,141.5,225.8571429,8.0,1132.0,7.0,1581.0,8192.0,62868.0,5.0,20.0,0.0,0.0,0.0,0.0,0.0,0.0,0.0,0.0,Infilteration
9502.0,6.0,2018-03-01 10:47:38,2.0,1.0,1.0,0.0,0.0,0.0,0.0,0.0,0.0,0.0,0.0,0.0,0.0,0.0,1000000.0,2.0,0.0,2.0,2.0,0.0,0.0,0.0,0.0,0.0,0.0,0.0,0.0,0.0,0.0,0.0,0.0,24.0,20.0,500000.0,500000.0,0.0,0.0,0.0,0.0,0.0,0.0,0.0,0.0,1.0,0.0,0.0,0.0,0.0,1.0,0.0,0.0,0.0,1.0,0.0,1.0,0.0,1024.0,0.0,0.0,24.0,0.0,0.0,0.0,0.0,0.0,0.0,0.0,0.0,Infilteration
53.0,17.0,2018-03-01 03:07:09,309.0,1.0,1.0,53.0,69.0,53.0,53.0,53.0,0.0,69.0,69.0,69.0,0.0,394822.0065,6472.491909,309.0,0.0,309.0,309.0,0.0,0.0,0.0,0.0,0.0,0.0,0.0,0.0,0.0,0.0,0.0,0.0,8.0,8.0,3236.245955,3236.245955,53.0,69.0,58.33333333,9.237604307,85.33333333,0.0,0.0,0.0,0.0,0.0,0.0,0.0,0.0,1.0,87.5,53.0,69.0,1.0,53.0,1.0,69.0,-1.0,-1.0,0.0,8.0,0.0,0.0,0.0,0.0,0.0,0.0,0.0,0.0,Infilteration
443.0,6.0,2018-03-01 03:27:46,122.0,2.0,0.0,0.0,0.0,0.0,0.0,0.0,0.0,0.0,0.0,0.0,0.0,0.0,16393.44262,122.0,0.0,122.0,122.0,122.0,122.0,0.0,122.0,122.0,0.0,0.0,0.0,0.0,0.0,0.0,0.0,40.0,0.0,16393.44262,0.0,0.0,0.0,0.0,0.0,0.0,0.0,0.0,0.0,0.0,1.0,0.0,0.0,0.0,0.0,0.0,0.0,0.0,2.0,0.0,0.0,0.0,252.0,-1.0,0.0,20.0,0.0,0.0,0.0,0.0,0.0,0.0,0.0,0.0,Infilteration
3389.0,6.0,2018-03-01 10:11:36,4146672.0,14.0,8.0,1398.0,392.0,688.0,0.0,99.85714286,191.0090039,291.0,0.0,49.0,99.56763674,431.6714705,5.305459414,197460.5714,259326.1539,953146.0,3.0,4146672.0,318974.7692,328662.0701,1173993.0,3.0,4111832.0,587404.5714,377060.0775,1051413.0,107746.0,0.0,0.0,292.0,172.0,3.376201445,1.929257969,0.0,688.0,77.82608696,159.9990489,25599.69565,0.0,0.0,1.0,1.0,0.0,0.0,0.0,1.0,0.0,81.36363636,99.85714286,49.0,14.0,1398.0,8.0,392.0,8192.0,62602.0,7.0,20.0,0.0,0.0,0.0,0.0,0.0,0.0,0.0,0.0,Infilteration
1166.0,6.0,2018-03-01 10:22:20,314.0,1.0,1.0,0.0,0.0,0.0,0.0,0.0,0.0,0.0,0.0,0.0,0.0,0.0,6369.426752,314.0,0.0,314.0,314.0,0.0,0.0,0.0,0.0,0.0,0.0,0.0,0.0,0.0,0.0,0.0,0.0,24.0,20.0,3184.713376,3184.713376,0.0,0.0,0.0,0.0,0.0,0.0,0.0,0.0,1.0,0.0,0.0,0.0,0.0,1.0,0.0,0.0,0.0,1.0,0.0,1.0,0.0,1024.0,0.0,0.0,24.0,0.0,0.0,0.0,0.0,0.0,0.0,0.0,0.0,Infilteration
53.0,17.0,2018-03-01 02:29:02,377.0,1.0,1.0,77.0,125.0,77.0,77.0,77.0,0.0,125.0,125.0,125.0,0.0,535809.0186,5305.039788,377.0,0.0,377.0,377.0,0.0,0.0,0.0,0.0,0.0,0.0,0.0,0.0,0.0,0.0,0.0,0.0,8.0,8.0,2652.519894,2652.519894,77.0,125.0,93.0,27.71281292,768.0,0.0,0.0,0.0,0.0,0.0,0.0,0.0,0.0,1.0,139.5,77.0,125.0,1.0,77.0,1.0,125.0,-1.0,-1.0,0.0,8.0,0.0,0.0,0.0,0.0,0.0,0.0,0.0,0.0,Infilteration
53.0,17.0,2018-03-01 03:03:30,1240.0,1.0,1.0,40.0,101.0,40.0,40.0,40.0,0.0,101.0,101.0,101.0,0.0,113709.6774,1612.903226,1240.0,0.0,1240.0,1240.0,0.0,0.0,0.0,0.0,0.0,0.0,0.0,0.0,0.0,0.0,0.0,0.0,8.0,8.0,806.4516129,806.4516129,40.0,101.0,60.33333333,35.21836642,1240.333333,0.0,0.0,0.0,0.0,0.0,0.0,0.0,0.0,1.0,90.5,40.0,101.0,1.0,40.0,1.0,101.0,-1.0,-1.0,0.0,8.0,0.0,0.0,0.0,0.0,0.0,0.0,0.0,0.0,Infilteration
54383.0,6.0,2018-03-01 02:39:22,64.0,2.0,0.0,0.0,0.0,0.0,0.0,0.0,0.0,0.0,0.0,0.0,0.0,0.0,31250.0,64.0,0.0,64.0,64.0,64.0,64.0,0.0,64.0,64.0,0.0,0.0,0.0,0.0,0.0,0.0,0.0,40.0,0.0,31250.0,0.0,0.0,0.0,0.0,0.0,0.0,0.0,0.0,0.0,0.0,1.0,0.0,0.0,0.0,0.0,0.0,0.0,0.0,2.0,0.0,0.0,0.0,2240.0,-1.0,0.0,20.0,0.0,0.0,0.0,0.0,0.0,0.0,0.0,0.0,Infilteration
1533.0,6.0,2018-03-01 02:37:55,219.0,1.0,1.0,0.0,0.0,0.0,0.0,0.0,0.0,0.0,0.0,0.0,0.0,0.0,9132.420091,219.0,0.0,219.0,219.0,0.0,0.0,0.0,0.0,0.0,0.0,0.0,0.0,0.0,0.0,0.0,0.0,24.0,20.0,4566.210046,4566.210046,0.0,0.0,0.0,0.0,0.0,0.0,0.0,0.0,1.0,0.0,0.0,0.0,0.0,1.0,0.0,0.0,0.0,1.0,0.0,1.0,0.0,1024.0,0.0,0.0,24.0,0.0,0.0,0.0,0.0,0.0,0.0,0.0,0.0,Infilteration
10617.0,6.0,2018-03-01 10:24:45,254.0,1.0,1.0,0.0,0.0,0.0,0.0,0.0,0.0,0.0,0.0,0.0,0.0,0.0,7874.015748,254.0,0.0,254.0,254.0,0.0,0.0,0.0,0.0,0.0,0.0,0.0,0.0,0.0,0.0,0.0,0.0,24.0,20.0,3937.007874,3937.007874,0.0,0.0,0.0,0.0,0.0,0.0,0.0,0.0,1.0,0.0,0.0,0.0,0.0,1.0,0.0,0.0,0.0,1.0,0.0,1.0,0.0,1024.0,0.0,0.0,24.0,0.0,0.0,0.0,0.0,0.0,0.0,0.0,0.0,Infilteration
1023.0,6.0,2018-03-01 03:27:46,231.0,1.0,1.0,0.0,0.0,0.0,0.0,0.0,0.0,0.0,0.0,0.0,0.0,0.0,8658.008658,231.0,0.0,231.0,231.0,0.0,0.0,0.0,0.0,0.0,0.0,0.0,0.0,0.0,0.0,0.0,0.0,24.0,20.0,4329.004329,4329.004329,0.0,0.0,0.0,0.0,0.0,0.0,0.0,0.0,1.0,0.0,0.0,0.0,0.0,1.0,0.0,0.0,0.0,1.0,0.0,1.0,0.0,1024.0,0.0,0.0,24.0,0.0,0.0,0.0,0.0,0.0,0.0,0.0,0.0,Infilteration
53.0,17.0,2018-03-01 02:29:35,993.0,1.0,1.0,47.0,132.0,47.0,47.0,47.0,0.0,132.0,132.0,132.0,0.0,180261.8328,2014.098691,993.0,0.0,993.0,993.0,0.0,0.0,0.0,0.0,0.0,0.0,0.0,0.0,0.0,0.0,0.0,0.0,8.0,8.0,1007.049345,1007.049345,47.0,132.0,75.33333333,49.07477288,2408.333333,0.0,0.0,0.0,0.0,0.0,0.0,0.0,0.0,1.0,113.0,47.0,132.0,1.0,47.0,1.0,132.0,-1.0,-1.0,0.0,8.0,0.0,0.0,0.0,0.0,0.0,0.0,0.0,0.0,Infilteration
3389.0,6.0,2018-03-01 10:12:40,1392361.0,8.0,7.0,1132.0,1581.0,661.0,0.0,141.5,222.7920235,1173.0,0.0,225.8571429,430.0986044,1948.488934,10.77306819,99454.35714,252021.0021,968832.0,37.0,1392361.0,198908.7143,384290.1852,1068673.0,37.0,1329353.0,221558.8333,366357.5709,968832.0,63414.0,0.0,0.0,168.0,148.0,5.745636369,5.027431823,0.0,1173.0,169.5625,317.7627981,100973.1958,0.0,0.0,0.0,1.0,0.0,0.0,0.0,0.0,0.0,180.8666667,141.5,225.8571429,8.0,1132.0,7.0,1581.0,8192.0,62868.0,5.0,20.0,0.0,0.0,0.0,0.0,0.0,0.0,0.0,0.0,Infilteration
53.0,17.0,2018-03-01 03:23:05,54045.0,2.0,2.0,84.0,116.0,42.0,42.0,42.0,0.0,58.0,58.0,58.0,0.0,3700.619854,74.01239708,18015.0,30454.75707,53181.0,351.0,53532.0,53532.0,0.0,53532.0,53532.0,53694.0,53694.0,0.0,53694.0,53694.0,0.0,0.0,16.0,16.0,37.00619854,37.00619854,42.0,58.0,48.4,8.76356092,76.8,0.0,0.0,0.0,0.0,0.0,0.0,0.0,0.0,1.0,60.5,42.0,58.0,2.0,84.0,2.0,116.0,-1.0,-1.0,1.0,8.0,0.0,0.0,0.0,0.0,0.0,0.0,0.0,0.0,Infilteration
53.0,17.0,2018-03-01 02:27:21,18820.0,1.0,1.0,35.0,91.0,35.0,35.0,35.0,0.0,91.0,91.0,91.0,0.0,6695.005313,106.2699256,18820.0,0.0,18820.0,18820.0,0.0,0.0,0.0,0.0,0.0,0.0,0.0,0.0,0.0,0.0,0.0,0.0,8.0,8.0,53.13496281,53.13496281,35.0,91.0,53.66666667,32.33161507,1045.333333,0.0,0.0,0.0,0.0,0.0,0.0,0.0,0.0,1.0,80.5,35.0,91.0,1.0,35.0,1.0,91.0,-1.0,-1.0,0.0,8.0,0.0,0.0,0.0,0.0,0.0,0.0,0.0,0.0,Infilteration
3389.0,6.0,2018-03-01 10:50:13,73022.0,3.0,2.0,54.0,0.0,54.0,0.0,18.0,31.17691454,0.0,0.0,0.0,0.0,739.5031634,68.47251513,18255.5,28836.19818,60692.0,32.0,61021.0,30510.5,42683.08663,60692.0,329.0,72725.0,72725.0,0.0,72725.0,72725.0,0.0,0.0,72.0,52.0,41.08350908,27.38900605,0.0,54.0,9.0,22.04540769,486.0,0.0,0.0,1.0,1.0,0.0,0.0,0.0,1.0,0.0,10.8,18.0,0.0,3.0,54.0,2.0,0.0,8192.0,0.0,1.0,20.0,0.0,0.0,0.0,0.0,0.0,0.0,0.0,0.0,Infilteration
53.0,17.0,2018-03-01 10:34:26,11021.0,1.0,1.0,81.0,163.0,81.0,81.0,81.0,0.0,163.0,163.0,163.0,0.0,22139.55176,181.4717358,11021.0,0.0,11021.0,11021.0,0.0,0.0,0.0,0.0,0.0,0.0,0.0,0.0,0.0,0.0,0.0,0.0,8.0,8.0,90.73586789,90.73586789,81.0,163.0,108.3333333,47.34272207,2241.333333,0.0,0.0,0.0,0.0,0.0,0.0,0.0,0.0,1.0,162.5,81.0,163.0,1.0,81.0,1.0,163.0,-1.0,-1.0,0.0,8.0,0.0,0.0,0.0,0.0,0.0,0.0,0.0,0.0,Infilteration
53517.0,6.0,2018-03-01 02:29:13,746.0,3.0,1.0,31.0,0.0,31.0,0.0,10.33333333,17.89785834,0.0,0.0,0.0,0.0,41554.95979,5361.930295,248.6666667,402.9904879,714.0,16.0,746.0,373.0,482.2468248,714.0,32.0,0.0,0.0,0.0,0.0,0.0,0.0,0.0,60.0,20.0,4021.447721,1340.482574,0.0,31.0,6.2,13.86362146,192.2,0.0,0.0,0.0,0.0,1.0,0.0,0.0,0.0,0.0,7.75,10.33333333,0.0,3.0,31.0,1.0,0.0,1017.0,0.0,1.0,20.0,0.0,0.0,0.0,0.0,0.0,0.0,0.0,0.0,Infilteration
3005.0,6.0,2018-03-01 02:30:23,2.0,1.0,1.0,0.0,0.0,0.0,0.0,0.0,0.0,0.0,0.0,0.0,0.0,0.0,1000000.0,2.0,0.0,2.0,2.0,0.0,0.0,0.0,0.0,0.0,0.0,0.0,0.0,0.0,0.0,0.0,0.0,24.0,20.0,500000.0,500000.0,0.0,0.0,0.0,0.0,0.0,0.0,0.0,0.0,1.0,0.0,0.0,0.0,0.0,1.0,0.0,0.0,0.0,1.0,0.0,1.0,0.0,1024.0,0.0,0.0,24.0,0.0,0.0,0.0,0.0,0.0,0.0,0.0,0.0,Infilteration
0.0,0.0,2018-03-01 03:34:46,112638841.0,3.0,0.0,0.0,0.0,0.0,0.0,0.0,0.0,0.0,0.0,0.0,0.0,0.0,0.026633797,56300000.0,71.4177849,56300000.0,56300000.0,113000000.0,56300000.0,71.4177849,56300000.0,56300000.0,0.0,0.0,0.0,0.0,0.0,0.0,0.0,0.0,0.0,0.026633797,0.0,0.0,0.0,0.0,0.0,0.0,0.0,0.0,0.0,0.0,0.0,0.0,0.0,0.0,0.0,0.0,0.0,0.0,3.0,0.0,0.0,0.0,-1.0,-1.0,0.0,0.0,0.0,0.0,0.0,0.0,56300000.0,71.4177849,56300000.0,56300000.0,Infilteration
53.0,17.0,2018-03-01 10:54:27,1020.0,1.0,1.0,32.0,48.0,32.0,32.0,32.0,0.0,48.0,48.0,48.0,0.0,78431.37255,1960.784314,1020.0,0.0,1020.0,1020.0,0.0,0.0,0.0,0.0,0.0,0.0,0.0,0.0,0.0,0.0,0.0,0.0,8.0,8.0,980.3921569,980.3921569,32.0,48.0,37.33333333,9.237604307,85.33333333,0.0,0.0,0.0,0.0,0.0,0.0,0.0,0.0,1.0,56.0,32.0,48.0,1.0,32.0,1.0,48.0,-1.0,-1.0,0.0,8.0,0.0,0.0,0.0,0.0,0.0,0.0,0.0,0.0,Infilteration
3269.0,6.0,2018-03-01 10:40:13,432.0,1.0,1.0,0.0,0.0,0.0,0.0,0.0,0.0,0.0,0.0,0.0,0.0,0.0,4629.62963,432.0,0.0,432.0,432.0,0.0,0.0,0.0,0.0,0.0,0.0,0.0,0.0,0.0,0.0,0.0,0.0,24.0,20.0,2314.814815,2314.814815,0.0,0.0,0.0,0.0,0.0,0.0,0.0,0.0,1.0,0.0,0.0,0.0,0.0,1.0,0.0,0.0,0.0,1.0,0.0,1.0,0.0,1024.0,0.0,0.0,24.0,0.0,0.0,0.0,0.0,0.0,0.0,0.0,0.0,Infilteration
1287.0,6.0,2018-03-01 02:40:05,244.0,1.0,1.0,0.0,0.0,0.0,0.0,0.0,0.0,0.0,0.0,0.0,0.0,0.0,8196.721311,244.0,0.0,244.0,244.0,0.0,0.0,0.0,0.0,0.0,0.0,0.0,0.0,0.0,0.0,0.0,0.0,24.0,20.0,4098.360656,4098.360656,0.0,0.0,0.0,0.0,0.0,0.0,0.0,0.0,1.0,0.0,0.0,0.0,0.0,1.0,0.0,0.0,0.0,1.0,0.0,1.0,0.0,1024.0,0.0,0.0,24.0,0.0,0.0,0.0,0.0,0.0,0.0,0.0,0.0,Infilteration
3389.0,6.0,2018-03-01 03:05:50,1662180.0,8.0,7.0,1144.0,1581.0,677.0,0.0,143.0,227.9699228,1173.0,0.0,225.8571429,430.0986044,1639.413301,9.024293398,118727.1429,241346.3212,937630.0,3.0,1662180.0,237454.2857,386935.9637,1109959.0,3.0,1553429.0,258904.8333,333421.4776,937630.0,109296.0,0.0,0.0,172.0,152.0,4.812956479,4.211336919,0.0,1173.0,170.3125,319.4027173,102018.0958,0.0,0.0,1.0,1.0,0.0,0.0,0.0,1.0,0.0,181.6666667,143.0,225.8571429,8.0,1144.0,7.0,1581.0,8192.0,62856.0,5.0,20.0,0.0,0.0,0.0,0.0,0.0,0.0,0.0,0.0,Infilteration
50962.0,6.0,2018-03-01 10:43:36,447969.0,2.0,0.0,1576.0,0.0,788.0,788.0,788.0,0.0,0.0,0.0,0.0,0.0,3518.100583,4.464594648,447969.0,0.0,447969.0,447969.0,447969.0,447969.0,0.0,447969.0,447969.0,0.0,0.0,0.0,0.0,0.0,1.0,0.0,40.0,0.0,4.464594648,0.0,788.0,788.0,788.0,0.0,0.0,0.0,1.0,0.0,0.0,1.0,1.0,0.0,0.0,0.0,1182.0,788.0,0.0,2.0,1576.0,0.0,0.0,292.0,-1.0,1.0,20.0,0.0,0.0,0.0,0.0,0.0,0.0,0.0,0.0,Infilteration
53.0,17.0,2018-03-01 02:26:20,997.0,1.0,1.0,46.0,131.0,46.0,46.0,46.0,0.0,131.0,131.0,131.0,0.0,177532.5978,2006.018054,997.0,0.0,997.0,997.0,0.0,0.0,0.0,0.0,0.0,0.0,0.0,0.0,0.0,0.0,0.0,0.0,8.0,8.0,1003.009027,1003.009027,46.0,131.0,74.33333333,49.07477288,2408.333333,0.0,0.0,0.0,0.0,0.0,0.0,0.0,0.0,1.0,111.5,46.0,131.0,1.0,46.0,1.0,131.0,-1.0,-1.0,0.0,8.0,0.0,0.0,0.0,0.0,0.0,0.0,0.0,0.0,Infilteration
443.0,6.0,2018-03-01 10:31:08,1060.0,3.0,0.0,77.0,0.0,46.0,0.0,25.66666667,23.45918441,0.0,0.0,0.0,0.0,72641.50943,2830.188679,530.0,729.7341982,1046.0,14.0,1060.0,530.0,729.7341982,1046.0,14.0,0.0,0.0,0.0,0.0,0.0,1.0,0.0,60.0,0.0,2830.188679,0.0,0.0,46.0,30.75,21.68524844,470.25,0.0,1.0,0.0,0.0,1.0,0.0,0.0,0.0,0.0,41.0,25.66666667,0.0,3.0,77.0,0.0,0.0,252.0,-1.0,1.0,20.0,0.0,0.0,0.0,0.0,0.0,0.0,0.0,0.0,Infilteration
443.0,6.0,2018-03-01 03:03:16,392.0,3.0,0.0,77.0,0.0,46.0,0.0,25.66666667,23.45918441,0.0,0.0,0.0,0.0,196428.5714,7653.061224,196.0,257.3868684,378.0,14.0,392.0,196.0,257.3868684,378.0,14.0,0.0,0.0,0.0,0.0,0.0,1.0,0.0,60.0,0.0,7653.061224,0.0,0.0,46.0,30.75,21.68524844,470.25,0.0,1.0,0.0,0.0,1.0,0.0,0.0,0.0,0.0,41.0,25.66666667,0.0,3.0,77.0,0.0,0.0,258.0,-1.0,1.0,20.0,0.0,0.0,0.0,0.0,0.0,0.0,0.0,0.0,Infilteration
777.0,6.0,2018-03-01 03:27:46,254.0,1.0,1.0,0.0,0.0,0.0,0.0,0.0,0.0,0.0,0.0,0.0,0.0,0.0,7874.015748,254.0,0.0,254.0,254.0,0.0,0.0,0.0,0.0,0.0,0.0,0.0,0.0,0.0,0.0,0.0,0.0,24.0,20.0,3937.007874,3937.007874,0.0,0.0,0.0,0.0,0.0,0.0,0.0,0.0,1.0,0.0,0.0,0.0,0.0,1.0,0.0,0.0,0.0,1.0,0.0,1.0,0.0,1024.0,0.0,0.0,24.0,0.0,0.0,0.0,0.0,0.0,0.0,0.0,0.0,Infilteration
53.0,17.0,2018-03-01 09:58:40,19694.0,1.0,1.0,32.0,60.0,32.0,32.0,32.0,0.0,60.0,60.0,60.0,0.0,4671.473545,101.5537727,19694.0,0.0,19694.0,19694.0,0.0,0.0,0.0,0.0,0.0,0.0,0.0,0.0,0.0,0.0,0.0,0.0,8.0,8.0,50.77688636,50.77688636,32.0,60.0,41.33333333,16.16580754,261.3333333,0.0,0.0,0.0,0.0,0.0,0.0,0.0,0.0,1.0,62.0,32.0,60.0,1.0,32.0,1.0,60.0,-1.0,-1.0,0.0,8.0,0.0,0.0,0.0,0.0,0.0,0.0,0.0,0.0,Infilteration
53.0,17.0,2018-03-01 02:56:11,390.0,1.0,1.0,45.0,61.0,45.0,45.0,45.0,0.0,61.0,61.0,61.0,0.0,271794.8718,5128.205128,390.0,0.0,390.0,390.0,0.0,0.0,0.0,0.0,0.0,0.0,0.0,0.0,0.0,0.0,0.0,0.0,8.0,8.0,2564.102564,2564.102564,45.0,61.0,50.33333333,9.237604307,85.33333333,0.0,0.0,0.0,0.0,0.0,0.0,0.0,0.0,1.0,75.5,45.0,61.0,1.0,45.0,1.0,61.0,-1.0,-1.0,0.0,8.0,0.0,0.0,0.0,0.0,0.0,0.0,0.0,0.0,Infilteration
53.0,17.0,2018-03-01 02:41:43,898.0,1.0,1.0,51.0,79.0,51.0,51.0,51.0,0.0,79.0,79.0,79.0,0.0,144766.147,2227.171492,898.0,0.0,898.0,898.0,0.0,0.0,0.0,0.0,0.0,0.0,0.0,0.0,0.0,0.0,0.0,0.0,8.0,8.0,1113.585746,1113.585746,51.0,79.0,60.33333333,16.16580754,261.3333333,0.0,0.0,0.0,0.0,0.0,0.0,0.0,0.0,1.0,90.5,51.0,79.0,1.0,51.0,1.0,79.0,-1.0,-1.0,0.0,8.0,0.0,0.0,0.0,0.0,0.0,0.0,0.0,0.0,Infilteration
443.0,6.0,2018-03-01 02:40:46,78259769.0,12.0,15.0,581.0,5130.0,194.0,0.0,48.41666667,74.02144448,1460.0,0.0,342.0,584.7432892,72.97491512,0.345004852,3009991.115,11900000.0,58400000.0,0.0,58600000.0,5328017.727,17600000.0,58400000.0,19.0,78200000.0,5589147.571,16100000.0,58500000.0,0.0,0.0,0.0,252.0,312.0,0.15333549,0.191669362,0.0,1460.0,203.9642857,449.8957478,202406.1839,0.0,0.0,1.0,1.0,0.0,0.0,0.0,1.0,1.0,211.5185185,48.41666667,342.0,12.0,581.0,15.0,5130.0,8192.0,31.0,5.0,20.0,85490.5,33069.26284,108874.0,62107.0,39000000.0,27400000.0,58400000.0,19700000.0,Infilteration
443.0,6.0,2018-03-01 03:17:00,206198.0,9.0,7.0,532.0,4158.0,194.0,0.0,59.11111111,83.50665309,1460.0,0.0,594.0,681.1000905,22745.12847,77.595321,13746.53333,24699.18673,66290.0,1.0,206198.0,25774.75,30372.76811,68805.0,20.0,139524.0,23254.0,34924.11973,70559.0,1.0,0.0,0.0,192.0,152.0,43.64736806,33.94795294,0.0,1460.0,275.8823529,502.9029333,252911.3603,0.0,0.0,1.0,1.0,0.0,0.0,0.0,1.0,0.0,293.125,59.11111111,594.0,9.0,532.0,7.0,4158.0,8192.0,119.0,4.0,20.0,0.0,0.0,0.0,0.0,0.0,0.0,0.0,0.0,Infilteration
10778.0,6.0,2018-03-01 10:47:38,238.0,1.0,1.0,0.0,0.0,0.0,0.0,0.0,0.0,0.0,0.0,0.0,0.0,0.0,8403.361345,238.0,0.0,238.0,238.0,0.0,0.0,0.0,0.0,0.0,0.0,0.0,0.0,0.0,0.0,0.0,0.0,24.0,20.0,4201.680672,4201.680672,0.0,0.0,0.0,0.0,0.0,0.0,0.0,0.0,1.0,0.0,0.0,0.0,0.0,1.0,0.0,0.0,0.0,1.0,0.0,1.0,0.0,1024.0,0.0,0.0,24.0,0.0,0.0,0.0,0.0,0.0,0.0,0.0,0.0,Infilteration
443.0,6.0,2018-03-01 10:54:45,5167169.0,9.0,7.0,351.0,5551.0,194.0,0.0,39.0,71.40028011,1460.0,0.0,793.0,676.2156954,1142.211528,3.096473136,344477.9333,1301060.025,5047196.0,1.0,5167169.0,645896.125,1778575.965,5047196.0,29.0,44153.0,7358.833333,10717.66748,23804.0,1.0,0.0,0.0,192.0,152.0,1.741766139,1.354706997,0.0,1460.0,347.1764706,567.3946197,321936.6544,0.0,0.0,1.0,1.0,0.0,0.0,0.0,1.0,0.0,368.875,39.0,793.0,9.0,351.0,7.0,5551.0,8192.0,946.0,3.0,20.0,119944.0,0.0,119944.0,119944.0,5047196.0,0.0,5047196.0,5047196.0,Infilteration
53.0,17.0,2018-03-01 02:21:00,891.0,1.0,1.0,40.0,101.0,40.0,40.0,40.0,0.0,101.0,101.0,101.0,0.0,158249.1582,2244.668911,891.0,0.0,891.0,891.0,0.0,0.0,0.0,0.0,0.0,0.0,0.0,0.0,0.0,0.0,0.0,0.0,8.0,8.0,1122.334456,1122.334456,40.0,101.0,60.33333333,35.21836642,1240.333333,0.0,0.0,0.0,0.0,0.0,0.0,0.0,0.0,1.0,90.5,40.0,101.0,1.0,40.0,1.0,101.0,-1.0,-1.0,0.0,8.0,0.0,0.0,0.0,0.0,0.0,0.0,0.0,0.0,Infilteration
13722.0,6.0,2018-03-01 10:40:13,353.0,1.0,1.0,0.0,0.0,0.0,0.0,0.0,0.0,0.0,0.0,0.0,0.0,0.0,5665.72238,353.0,0.0,353.0,353.0,0.0,0.0,0.0,0.0,0.0,0.0,0.0,0.0,0.0,0.0,0.0,0.0,24.0,20.0,2832.86119,2832.86119,0.0,0.0,0.0,0.0,0.0,0.0,0.0,0.0,1.0,0.0,0.0,0.0,0.0,1.0,0.0,0.0,0.0,1.0,0.0,1.0,0.0,1024.0,0.0,0.0,24.0,0.0,0.0,0.0,0.0,0.0,0.0,0.0,0.0,Infilteration
443.0,6.0,2018-03-01 10:50:46,435.0,3.0,0.0,77.0,0.0,46.0,0.0,25.66666667,23.45918441,0.0,0.0,0.0,0.0,177011.4943,6896.551724,217.5,277.892965,414.0,21.0,435.0,217.5,277.892965,414.0,21.0,0.0,0.0,0.0,0.0,0.0,1.0,0.0,60.0,0.0,6896.551724,0.0,0.0,46.0,30.75,21.68524844,470.25,0.0,1.0,0.0,0.0,1.0,0.0,0.0,0.0,0.0,41.0,25.66666667,0.0,3.0,77.0,0.0,0.0,258.0,-1.0,1.0,20.0,0.0,0.0,0.0,0.0,0.0,0.0,0.0,0.0,Infilteration
139.0,6.0,2018-03-01 02:33:04,411.0,3.0,2.0,168.0,5.0,168.0,0.0,56.0,96.99484522,5.0,0.0,2.5,3.535533906,420924.5742,12165.45012,102.75,151.433979,329.0,11.0,400.0,200.0,220.6173157,356.0,44.0,384.0,384.0,0.0,384.0,384.0,0.0,0.0,72.0,52.0,7299.270073,4866.180049,0.0,168.0,28.83333333,68.20679341,4652.166667,0.0,0.0,1.0,1.0,0.0,0.0,0.0,1.0,0.0,34.6,56.0,2.5,3.0,168.0,2.0,5.0,8192.0,280.0,1.0,20.0,0.0,0.0,0.0,0.0,0.0,0.0,0.0,0.0,Infilteration
53.0,17.0,2018-03-01 03:10:34,350.0,1.0,1.0,30.0,158.0,30.0,30.0,30.0,0.0,158.0,158.0,158.0,0.0,537142.8571,5714.285714,350.0,0.0,350.0,350.0,0.0,0.0,0.0,0.0,0.0,0.0,0.0,0.0,0.0,0.0,0.0,0.0,8.0,8.0,2857.142857,2857.142857,30.0,158.0,72.66666667,73.90083446,5461.333333,0.0,0.0,0.0,0.0,0.0,0.0,0.0,0.0,1.0,109.0,30.0,158.0,1.0,30.0,1.0,158.0,-1.0,-1.0,0.0,8.0,0.0,0.0,0.0,0.0,0.0,0.0,0.0,0.0,Infilteration
53.0,17.0,2018-03-01 02:29:32,26696.0,1.0,1.0,42.0,160.0,42.0,42.0,42.0,0.0,160.0,160.0,160.0,0.0,7566.676656,74.91759065,26696.0,0.0,26696.0,26696.0,0.0,0.0,0.0,0.0,0.0,0.0,0.0,0.0,0.0,0.0,0.0,0.0,8.0,8.0,37.45879533,37.45879533,42.0,160.0,81.33333333,68.12733176,4641.333333,0.0,0.0,0.0,0.0,0.0,0.0,0.0,0.0,1.0,122.0,42.0,160.0,1.0,42.0,1.0,160.0,-1.0,-1.0,0.0,8.0,0.0,0.0,0.0,0.0,0.0,0.0,0.0,0.0,Infilteration
3389.0,6.0,2018-03-01 02:05:33,1662477.0,8.0,7.0,1128.0,1581.0,661.0,0.0,141.0,222.6233206,1173.0,0.0,225.8571429,430.0986044,1629.496228,9.022681216,118748.3571,242374.2213,941489.0,3.0,1662477.0,237496.7143,388636.3872,1113947.0,3.0,1554664.0,259110.6667,335234.7305,941489.0,109084.0,0.0,0.0,172.0,152.0,4.812096649,4.210584567,0.0,1173.0,169.3125,317.731274,100953.1625,0.0,0.0,1.0,1.0,0.0,0.0,0.0,1.0,0.0,180.6,141.0,225.8571429,8.0,1128.0,7.0,1581.0,8192.0,62872.0,5.0,20.0,0.0,0.0,0.0,0.0,0.0,0.0,0.0,0.0,Infilteration
51394.0,6.0,2018-03-01 10:44:47,15.0,1.0,1.0,0.0,0.0,0.0,0.0,0.0,0.0,0.0,0.0,0.0,0.0,0.0,133333.3333,15.0,0.0,15.0,15.0,0.0,0.0,0.0,0.0,0.0,0.0,0.0,0.0,0.0,0.0,0.0,0.0,20.0,20.0,66666.66667,66666.66667,0.0,0.0,0.0,0.0,0.0,0.0,0.0,0.0,0.0,1.0,1.0,0.0,0.0,1.0,0.0,0.0,0.0,1.0,0.0,1.0,0.0,186.0,258.0,0.0,20.0,0.0,0.0,0.0,0.0,0.0,0.0,0.0,0.0,Infilteration
27353.0,6.0,2018-03-01 10:27:19,241.0,1.0,1.0,0.0,0.0,0.0,0.0,0.0,0.0,0.0,0.0,0.0,0.0,0.0,8298.755187,241.0,0.0,241.0,241.0,0.0,0.0,0.0,0.0,0.0,0.0,0.0,0.0,0.0,0.0,0.0,0.0,24.0,20.0,4149.377593,4149.377593,0.0,0.0,0.0,0.0,0.0,0.0,0.0,0.0,1.0,0.0,0.0,0.0,0.0,1.0,0.0,0.0,0.0,1.0,0.0,1.0,0.0,1024.0,0.0,0.0,24.0,0.0,0.0,0.0,0.0,0.0,0.0,0.0,0.0,Infilteration
3389.0,6.0,2018-03-01 03:09:15,1394901.0,8.0,7.0,1132.0,1581.0,661.0,0.0,141.5,222.7920235,1173.0,0.0,225.8571429,430.0986044,1944.940895,10.75345132,99635.78571,252391.0304,970066.0,31.0,1394901.0,199271.5714,382486.8001,1064854.0,31.0,1331298.0,221883.0,366717.2744,970066.0,64065.0,0.0,0.0,168.0,148.0,5.735174037,5.018277283,0.0,1173.0,169.5625,317.7627981,100973.1958,0.0,0.0,0.0,1.0,0.0,0.0,0.0,0.0,0.0,180.8666667,141.5,225.8571429,8.0,1132.0,7.0,1581.0,8192.0,62868.0,5.0,20.0,0.0,0.0,0.0,0.0,0.0,0.0,0.0,0.0,Infilteration
3389.0,6.0,2018-03-01 10:23:09,10924864.0,10.0,9.0,1144.0,1581.0,677.0,0.0,114.4,209.8969059,1173.0,0.0,175.6666667,385.5612792,249.4310227,1.739152085,606936.8889,1510197.383,5944442.0,76.0,10900000.0,1213873.778,2079948.398,6087915.0,346.0,10800000.0,1346655.5,2123189.018,5999927.0,148835.0,0.0,0.0,232.0,212.0,0.915343202,0.823808882,0.0,1173.0,136.25,292.277063,85425.88158,0.0,0.0,1.0,1.0,0.0,0.0,0.0,1.0,0.0,143.4210526,114.4,175.6666667,10.0,1144.0,9.0,1581.0,8192.0,62856.0,5.0,20.0,3062844.0,0.0,3062844.0,3062844.0,5944442.0,0.0,5944442.0,5944442.0,Infilteration
80.0,6.0,2018-03-01 03:20:25,119031563.0,22.0,19.0,2191.0,3940.0,436.0,0.0,99.59090909,186.7373146,788.0,0.0,207.3684211,356.5021755,51.50734684,0.344446456,2975789.075,4486708.545,10200000.0,31.0,119000000.0,5667626.571,4833712.35,10200000.0,185.0,119000000.0,6611820.444,4625917.292,10200000.0,566.0,0.0,0.0,452.0,524.0,0.184824927,0.159621528,0.0,788.0,145.9761905,277.6306977,77078.8043,0.0,0.0,1.0,1.0,0.0,0.0,0.0,1.0,0.0,149.5365854,99.59090909,207.3684211,22.0,2191.0,19.0,3940.0,8192.0,296.0,16.0,20.0,730401.3636,1664558.559,5021801.0,11320.0,10100000.0,125721.3792,10200000.0,9812348.0,Infilteration
53.0,17.0,2018-03-01 02:21:00,273.0,1.0,1.0,37.0,101.0,37.0,37.0,37.0,0.0,101.0,101.0,101.0,0.0,505494.5055,7326.007326,273.0,0.0,273.0,273.0,0.0,0.0,0.0,0.0,0.0,0.0,0.0,0.0,0.0,0.0,0.0,0.0,8.0,8.0,3663.003663,3663.003663,37.0,101.0,58.33333333,36.95041723,1365.333333,0.0,0.0,0.0,0.0,0.0,0.0,0.0,0.0,1.0,87.5,37.0,101.0,1.0,37.0,1.0,101.0,-1.0,-1.0,0.0,8.0,0.0,0.0,0.0,0.0,0.0,0.0,0.0,0.0,Infilteration
3389.0,6.0,2018-03-01 02:11:27,2073521.0,9.0,7.0,1144.0,1581.0,677.0,0.0,127.1111111,218.5088353,1173.0,0.0,225.8571429,430.0986044,1314.189728,7.71634336,138234.7333,242456.6284,950977.0,3.0,2073521.0,259190.125,369219.395,1143028.0,3.0,1931235.0,321872.5,311316.7672,950977.0,158228.0,0.0,0.0,192.0,152.0,4.34044314,3.37590022,0.0,1173.0,160.2941176,312.0067637,97348.22059,0.0,0.0,1.0,1.0,0.0,0.0,0.0,1.0,0.0,170.3125,127.1111111,225.8571429,9.0,1144.0,7.0,1581.0,8192.0,62856.0,5.0,20.0,0.0,0.0,0.0,0.0,0.0,0.0,0.0,0.0,Infilteration
53.0,17.0,2018-03-01 02:40:30,617.0,1.0,1.0,32.0,60.0,32.0,32.0,32.0,0.0,60.0,60.0,60.0,0.0,149108.59,3241.491086,617.0,0.0,617.0,617.0,0.0,0.0,0.0,0.0,0.0,0.0,0.0,0.0,0.0,0.0,0.0,0.0,8.0,8.0,1620.745543,1620.745543,32.0,60.0,41.33333333,16.16580754,261.3333333,0.0,0.0,0.0,0.0,0.0,0.0,0.0,0.0,1.0,62.0,32.0,60.0,1.0,32.0,1.0,60.0,-1.0,-1.0,0.0,8.0,0.0,0.0,0.0,0.0,0.0,0.0,0.0,0.0,Infilteration
53.0,17.0,2018-03-01 03:10:59,12135.0,1.0,1.0,31.0,94.0,31.0,31.0,31.0,0.0,94.0,94.0,94.0,0.0,10300.78286,164.8125258,12135.0,0.0,12135.0,12135.0,0.0,0.0,0.0,0.0,0.0,0.0,0.0,0.0,0.0,0.0,0.0,0.0,8.0,8.0,82.40626288,82.40626288,31.0,94.0,52.0,36.37306696,1323.0,0.0,0.0,0.0,0.0,0.0,0.0,0.0,0.0,1.0,78.0,31.0,94.0,1.0,31.0,1.0,94.0,-1.0,-1.0,0.0,8.0,0.0,0.0,0.0,0.0,0.0,0.0,0.0,0.0,Infilteration
80.0,6.0,2018-03-01 02:29:33,115047150.0,26.0,26.0,9827.0,7586.0,1460.0,0.0,377.9615385,575.9964223,1460.0,0.0,291.7692308,555.6667568,151.3553356,0.451988598,2255826.471,4027654.641,10100000.0,5.0,115000000.0,4601052.0,4765287.742,10100000.0,5.0,115000000.0,4601051.8,4786147.125,10100000.0,17.0,0.0,0.0,532.0,652.0,0.225994299,0.225994299,0.0,1460.0,328.5471698,558.5013107,311923.7141,0.0,0.0,1.0,1.0,0.0,0.0,0.0,1.0,1.0,334.8653846,377.9615385,291.7692308,26.0,9827.0,26.0,7586.0,8192.0,1825.0,20.0,20.0,366875.8333,1101318.54,3858417.0,20815.0,9218649.167,1825408.491,10100000.0,5265908.0,Infilteration
54164.0,6.0,2018-03-01 03:19:20,38.0,3.0,1.0,77.0,0.0,46.0,0.0,25.66666667,23.45918441,0.0,0.0,0.0,0.0,2026315.789,105263.1579,12.66666667,11.06044002,23.0,1.0,38.0,19.0,25.45584412,37.0,1.0,0.0,0.0,0.0,0.0,0.0,1.0,0.0,60.0,20.0,78947.36842,26315.78947,0.0,46.0,24.6,23.27659769,541.8,0.0,1.0,0.0,0.0,1.0,0.0,0.0,0.0,0.0,30.75,25.66666667,0.0,3.0,77.0,1.0,0.0,123.0,0.0,1.0,20.0,0.0,0.0,0.0,0.0,0.0,0.0,0.0,0.0,Infilteration
53.0,17.0,2018-03-01 02:31:07,1334.0,1.0,1.0,42.0,102.0,42.0,42.0,42.0,0.0,102.0,102.0,102.0,0.0,107946.027,1499.250375,1334.0,0.0,1334.0,1334.0,0.0,0.0,0.0,0.0,0.0,0.0,0.0,0.0,0.0,0.0,0.0,0.0,8.0,8.0,749.6251874,749.6251874,42.0,102.0,62.0,34.64101615,1200.0,0.0,0.0,0.0,0.0,0.0,0.0,0.0,0.0,1.0,93.0,42.0,102.0,1.0,42.0,1.0,102.0,-1.0,-1.0,0.0,8.0,0.0,0.0,0.0,0.0,0.0,0.0,0.0,0.0,Infilteration
22.0,6.0,2018-03-01 02:30:32,30998682.0,1.0,6.0,0.0,0.0,0.0,0.0,0.0,0.0,0.0,0.0,0.0,0.0,0.0,0.225816052,5166447.0,6014042.17,16000000.0,24.0,0.0,0.0,0.0,0.0,0.0,31000000.0,6199731.6,6099450.881,16000000.0,998675.0,0.0,0.0,40.0,240.0,0.032259436,0.193556616,0.0,0.0,0.0,0.0,0.0,0.0,0.0,0.0,1.0,0.0,0.0,0.0,0.0,6.0,0.0,0.0,0.0,1.0,0.0,6.0,0.0,63.0,26847.0,0.0,40.0,6998697.0,0.0,6998697.0,6998697.0,12000000.0,5656813.944,16000000.0,8000021.0,Infilteration
80.0,6.0,2018-03-01 10:09:56,5291201.0,3.0,1.0,0.0,0.0,0.0,0.0,0.0,0.0,0.0,0.0,0.0,0.0,0.0,0.755972037,1763733.667,2972148.316,5195228.0,22.0,5291201.0,2645600.5,3605717.789,5195228.0,95973.0,0.0,0.0,0.0,0.0,0.0,0.0,0.0,72.0,32.0,0.566979028,0.188993009,0.0,0.0,0.0,0.0,0.0,0.0,0.0,1.0,1.0,0.0,0.0,0.0,1.0,0.0,0.0,0.0,0.0,3.0,0.0,1.0,0.0,8192.0,42780.0,0.0,20.0,0.0,0.0,0.0,0.0,0.0,0.0,0.0,0.0,Infilteration
443.0,6.0,2018-03-01 03:18:21,5994150.0,6.0,4.0,599.0,137.0,517.0,0.0,99.83333333,205.4511296,137.0,0.0,34.25,68.5,122.7863834,1.668293253,666016.6667,1676653.807,5121257.0,14.0,5994150.0,1198830.0,2373091.786,5436630.0,14.0,594850.0,198283.3333,172272.9998,315678.0,511.0,0.0,0.0,132.0,92.0,1.000975952,0.667317301,0.0,517.0,66.90909091,155.040288,24037.49091,0.0,0.0,1.0,1.0,0.0,0.0,0.0,1.0,0.0,73.6,99.83333333,34.25,6.0,599.0,4.0,137.0,8192.0,237.0,3.0,20.0,872879.0,0.0,872879.0,872879.0,5121257.0,0.0,5121257.0,5121257.0,Infilteration
3389.0,6.0,2018-03-01 02:22:35,5061118.0,8.0,10.0,1132.0,1581.0,661.0,0.0,141.5,222.7920235,1173.0,0.0,158.1,367.7307137,536.0475689,3.556526443,297712.8235,812167.7016,3346652.0,39.0,5061118.0,723016.8571,1256212.352,3449340.0,48.0,4997375.0,555263.8889,1079538.149,3346652.0,46937.0,0.0,0.0,168.0,208.0,1.580678419,1.975848024,0.0,1173.0,142.7894737,296.9505344,88179.61988,0.0,0.0,0.0,1.0,0.0,0.0,0.0,0.0,1.0,150.7222222,141.5,158.1,8.0,1132.0,10.0,1581.0,8192.0,62868.0,5.0,20.0,0.0,0.0,0.0,0.0,0.0,0.0,0.0,0.0,Infilteration
53.0,17.0,2018-03-01 02:07:53,13877.0,1.0,1.0,33.0,213.0,33.0,33.0,33.0,0.0,213.0,213.0,213.0,0.0,17727.17446,144.1233696,13877.0,0.0,13877.0,13877.0,0.0,0.0,0.0,0.0,0.0,0.0,0.0,0.0,0.0,0.0,0.0,0.0,8.0,8.0,72.0616848,72.0616848,33.0,213.0,93.0,103.9230485,10800.0,0.0,0.0,0.0,0.0,0.0,0.0,0.0,0.0,1.0,139.5,33.0,213.0,1.0,33.0,1.0,213.0,-1.0,-1.0,0.0,8.0,0.0,0.0,0.0,0.0,0.0,0.0,0.0,0.0,Infilteration
3389.0,6.0,2018-03-01 02:28:00,1401758.0,8.0,7.0,1132.0,1581.0,661.0,0.0,141.5,222.7920235,1173.0,0.0,225.8571429,430.0986044,1935.4268,10.70084851,100125.5714,256303.6856,984513.0,41.0,1401758.0,200251.1429,387807.6073,1078004.0,41.0,1339285.0,223214.1667,373135.4824,984513.0,63902.0,0.0,0.0,168.0,148.0,5.707119203,4.993729303,0.0,1173.0,169.5625,317.7627981,100973.1958,0.0,0.0,0.0,1.0,0.0,0.0,0.0,0.0,0.0,180.8666667,141.5,225.8571429,8.0,1132.0,7.0,1581.0,8192.0,62868.0,5.0,20.0,0.0,0.0,0.0,0.0,0.0,0.0,0.0,0.0,Infilteration
9207.0,6.0,2018-03-01 10:22:20,302.0,1.0,1.0,0.0,0.0,0.0,0.0,0.0,0.0,0.0,0.0,0.0,0.0,0.0,6622.516556,302.0,0.0,302.0,302.0,0.0,0.0,0.0,0.0,0.0,0.0,0.0,0.0,0.0,0.0,0.0,0.0,24.0,20.0,3311.258278,3311.258278,0.0,0.0,0.0,0.0,0.0,0.0,0.0,0.0,1.0,0.0,0.0,0.0,0.0,1.0,0.0,0.0,0.0,1.0,0.0,1.0,0.0,1024.0,0.0,0.0,24.0,0.0,0.0,0.0,0.0,0.0,0.0,0.0,0.0,Infilteration
53.0,17.0,2018-03-01 03:20:54,920.0,1.0,1.0,39.0,98.0,39.0,39.0,39.0,0.0,98.0,98.0,98.0,0.0,148913.0435,2173.913043,920.0,0.0,920.0,920.0,0.0,0.0,0.0,0.0,0.0,0.0,0.0,0.0,0.0,0.0,0.0,0.0,8.0,8.0,1086.956522,1086.956522,39.0,98.0,58.66666667,34.06366588,1160.333333,0.0,0.0,0.0,0.0,0.0,0.0,0.0,0.0,1.0,88.0,39.0,98.0,1.0,39.0,1.0,98.0,-1.0,-1.0,0.0,8.0,0.0,0.0,0.0,0.0,0.0,0.0,0.0,0.0,Infilteration
3389.0,6.0,2018-03-01 10:22:33,1779886.0,8.0,7.0,1128.0,1581.0,661.0,0.0,141.0,222.6233206,1173.0,0.0,225.8571429,430.0986044,1522.007589,8.427506031,127134.7143,246250.9443,953330.0,4.0,1779886.0,254269.4286,423417.6273,1209593.0,4.0,1584067.0,264011.1667,338785.2946,953330.0,109130.0,0.0,0.0,172.0,152.0,4.494669883,3.932836148,0.0,1173.0,169.3125,317.731274,100953.1625,0.0,0.0,1.0,1.0,0.0,0.0,0.0,1.0,0.0,180.6,141.0,225.8571429,8.0,1128.0,7.0,1581.0,8192.0,62872.0,5.0,20.0,0.0,0.0,0.0,0.0,0.0,0.0,0.0,0.0,Infilteration
443.0,6.0,2018-03-01 10:34:20,119964201.0,10.0,9.0,1110.0,1039.0,288.0,0.0,111.0,131.605471,325.0,0.0,115.4444444,157.7086801,17.91367743,0.158380582,6664677.833,13600000.0,40000000.0,429.0,120000000.0,13300000.0,17200000.0,40000000.0,47305.0,120000000.0,15000000.0,17700000.0,40000000.0,429.0,1.0,0.0,200.0,180.0,0.083358201,0.075022381,0.0,325.0,113.6,136.6984388,18686.46316,0.0,1.0,0.0,0.0,1.0,0.0,0.0,0.0,0.0,119.5789474,111.0,115.4444444,10.0,1110.0,9.0,1039.0,256.0,186.0,4.0,20.0,111916.5,41015.64487,153121.0,76598.0,29900000.0,11500000.0,40000000.0,19700000.0,Infilteration
9595.0,6.0,2018-03-01 10:52:02,276.0,1.0,1.0,0.0,0.0,0.0,0.0,0.0,0.0,0.0,0.0,0.0,0.0,0.0,7246.376812,276.0,0.0,276.0,276.0,0.0,0.0,0.0,0.0,0.0,0.0,0.0,0.0,0.0,0.0,0.0,0.0,24.0,20.0,3623.188406,3623.188406,0.0,0.0,0.0,0.0,0.0,0.0,0.0,0.0,1.0,0.0,0.0,0.0,0.0,1.0,0.0,0.0,0.0,1.0,0.0,1.0,0.0,1024.0,0.0,0.0,24.0,0.0,0.0,0.0,0.0,0.0,0.0,0.0,0.0,Infilteration
53.0,17.0,2018-03-01 02:27:16,35330.0,1.0,1.0,43.0,99.0,43.0,43.0,43.0,0.0,99.0,99.0,99.0,0.0,4019.247099,56.60911407,35330.0,0.0,35330.0,35330.0,0.0,0.0,0.0,0.0,0.0,0.0,0.0,0.0,0.0,0.0,0.0,0.0,8.0,8.0,28.30455703,28.30455703,43.0,99.0,61.66666667,32.33161507,1045.333333,0.0,0.0,0.0,0.0,0.0,0.0,0.0,0.0,1.0,92.5,43.0,99.0,1.0,43.0,1.0,99.0,-1.0,-1.0,0.0,8.0,0.0,0.0,0.0,0.0,0.0,0.0,0.0,0.0,Infilteration
55002.0,6.0,2018-03-01 03:35:26,468031.0,2.0,0.0,0.0,0.0,0.0,0.0,0.0,0.0,0.0,0.0,0.0,0.0,0.0,4.273221218,468031.0,0.0,468031.0,468031.0,468031.0,468031.0,0.0,468031.0,468031.0,0.0,0.0,0.0,0.0,0.0,0.0,0.0,40.0,0.0,4.273221218,0.0,0.0,0.0,0.0,0.0,0.0,0.0,0.0,0.0,0.0,1.0,0.0,0.0,0.0,0.0,0.0,0.0,0.0,2.0,0.0,0.0,0.0,63947.0,-1.0,0.0,20.0,0.0,0.0,0.0,0.0,0.0,0.0,0.0,0.0,Infilteration
500.0,6.0,2018-03-01 02:42:15,185.0,1.0,1.0,0.0,0.0,0.0,0.0,0.0,0.0,0.0,0.0,0.0,0.0,0.0,10810.81081,185.0,0.0,185.0,185.0,0.0,0.0,0.0,0.0,0.0,0.0,0.0,0.0,0.0,0.0,0.0,0.0,24.0,20.0,5405.405405,5405.405405,0.0,0.0,0.0,0.0,0.0,0.0,0.0,0.0,1.0,0.0,0.0,0.0,0.0,1.0,0.0,0.0,0.0,1.0,0.0,1.0,0.0,1024.0,0.0,0.0,24.0,0.0,0.0,0.0,0.0,0.0,0.0,0.0,0.0,Infilteration
445.0,6.0,2018-03-01 10:00:18,173417.0,3.0,1.0,0.0,0.0,0.0,0.0,0.0,0.0,0.0,0.0,0.0,0.0,0.0,23.0657894,57805.66667,100045.2848,173328.0,1.0,173417.0,86708.5,122622.9225,173416.0,1.0,0.0,0.0,0.0,0.0,0.0,0.0,0.0,68.0,28.0,17.29934205,5.766447349,0.0,0.0,0.0,0.0,0.0,0.0,0.0,0.0,1.0,0.0,0.0,0.0,0.0,0.0,0.0,0.0,0.0,3.0,0.0,1.0,0.0,8192.0,8192.0,0.0,20.0,0.0,0.0,0.0,0.0,0.0,0.0,0.0,0.0,Infilteration
53.0,17.0,2018-03-01 02:54:13,17966.0,1.0,1.0,41.0,113.0,41.0,41.0,41.0,0.0,113.0,113.0,113.0,0.0,8571.746633,111.3213848,17966.0,0.0,17966.0,17966.0,0.0,0.0,0.0,0.0,0.0,0.0,0.0,0.0,0.0,0.0,0.0,0.0,8.0,8.0,55.66069242,55.66069242,41.0,113.0,65.0,41.56921938,1728.0,0.0,0.0,0.0,0.0,0.0,0.0,0.0,0.0,1.0,97.5,41.0,113.0,1.0,41.0,1.0,113.0,-1.0,-1.0,0.0,8.0,0.0,0.0,0.0,0.0,0.0,0.0,0.0,0.0,Infilteration
443.0,6.0,2018-03-01 10:21:45,630.0,3.0,0.0,77.0,0.0,46.0,0.0,25.66666667,23.45918441,0.0,0.0,0.0,0.0,122222.2222,4761.904762,315.0,424.2640687,615.0,15.0,630.0,315.0,424.2640687,615.0,15.0,0.0,0.0,0.0,0.0,0.0,1.0,0.0,60.0,0.0,4761.904762,0.0,0.0,46.0,30.75,21.68524844,470.25,0.0,1.0,0.0,0.0,1.0,0.0,0.0,0.0,0.0,41.0,25.66666667,0.0,3.0,77.0,0.0,0.0,258.0,-1.0,1.0,20.0,0.0,0.0,0.0,0.0,0.0,0.0,0.0,0.0,Infilteration
59694.0,6.0,2018-03-01 03:24:07,37.0,2.0,0.0,0.0,0.0,0.0,0.0,0.0,0.0,0.0,0.0,0.0,0.0,0.0,54054.05405,37.0,0.0,37.0,37.0,37.0,37.0,0.0,37.0,37.0,0.0,0.0,0.0,0.0,0.0,0.0,0.0,40.0,0.0,54054.05405,0.0,0.0,0.0,0.0,0.0,0.0,0.0,0.0,0.0,0.0,1.0,0.0,0.0,0.0,0.0,0.0,0.0,0.0,2.0,0.0,0.0,0.0,259.0,-1.0,0.0,20.0,0.0,0.0,0.0,0.0,0.0,0.0,0.0,0.0,Infilteration
53.0,17.0,2018-03-01 03:14:00,13928.0,1.0,1.0,45.0,106.0,45.0,45.0,45.0,0.0,106.0,106.0,106.0,0.0,10841.47042,143.5956347,13928.0,0.0,13928.0,13928.0,0.0,0.0,0.0,0.0,0.0,0.0,0.0,0.0,0.0,0.0,0.0,0.0,8.0,8.0,71.79781735,71.79781735,45.0,106.0,65.33333333,35.21836642,1240.333333,0.0,0.0,0.0,0.0,0.0,0.0,0.0,0.0,1.0,98.0,45.0,106.0,1.0,45.0,1.0,106.0,-1.0,-1.0,0.0,8.0,0.0,0.0,0.0,0.0,0.0,0.0,0.0,0.0,Infilteration
54124.0,6.0,2018-03-01 03:12:24,11.0,1.0,1.0,0.0,0.0,0.0,0.0,0.0,0.0,0.0,0.0,0.0,0.0,0.0,181818.1818,11.0,0.0,11.0,11.0,0.0,0.0,0.0,0.0,0.0,0.0,0.0,0.0,0.0,0.0,0.0,0.0,20.0,20.0,90909.09091,90909.09091,0.0,0.0,0.0,0.0,0.0,0.0,0.0,0.0,0.0,1.0,1.0,0.0,0.0,1.0,0.0,0.0,0.0,1.0,0.0,1.0,0.0,229.0,258.0,0.0,20.0,0.0,0.0,0.0,0.0,0.0,0.0,0.0,0.0,Infilteration
53.0,17.0,2018-03-01 03:27:40,292.0,1.0,1.0,39.0,71.0,39.0,39.0,39.0,0.0,71.0,71.0,71.0,0.0,376712.3288,6849.315068,292.0,0.0,292.0,292.0,0.0,0.0,0.0,0.0,0.0,0.0,0.0,0.0,0.0,0.0,0.0,0.0,8.0,8.0,3424.657534,3424.657534,39.0,71.0,49.66666667,18.47520861,341.3333333,0.0,0.0,0.0,0.0,0.0,0.0,0.0,0.0,1.0,74.5,39.0,71.0,1.0,39.0,1.0,71.0,-1.0,-1.0,0.0,8.0,0.0,0.0,0.0,0.0,0.0,0.0,0.0,0.0,Infilteration
53.0,17.0,2018-03-01 10:06:19,297.0,1.0,1.0,84.0,212.0,84.0,84.0,84.0,0.0,212.0,212.0,212.0,0.0,996632.9966,6734.006734,297.0,0.0,297.0,297.0,0.0,0.0,0.0,0.0,0.0,0.0,0.0,0.0,0.0,0.0,0.0,0.0,8.0,8.0,3367.003367,3367.003367,84.0,212.0,126.6666667,73.90083446,5461.333333,0.0,0.0,0.0,0.0,0.0,0.0,0.0,0.0,1.0,190.0,84.0,212.0,1.0,84.0,1.0,212.0,-1.0,-1.0,0.0,8.0,0.0,0.0,0.0,0.0,0.0,0.0,0.0,0.0,Infilteration
53.0,17.0,2018-03-01 02:48:53,1330.0,1.0,1.0,40.0,139.0,40.0,40.0,40.0,0.0,139.0,139.0,139.0,0.0,134586.4662,1503.759398,1330.0,0.0,1330.0,1330.0,0.0,0.0,0.0,0.0,0.0,0.0,0.0,0.0,0.0,0.0,0.0,0.0,8.0,8.0,751.8796992,751.8796992,40.0,139.0,73.0,57.15767665,3267.0,0.0,0.0,0.0,0.0,0.0,0.0,0.0,0.0,1.0,109.5,40.0,139.0,1.0,40.0,1.0,139.0,-1.0,-1.0,0.0,8.0,0.0,0.0,0.0,0.0,0.0,0.0,0.0,0.0,Infilteration
2190.0,6.0,2018-03-01 10:22:20,241.0,1.0,1.0,0.0,0.0,0.0,0.0,0.0,0.0,0.0,0.0,0.0,0.0,0.0,8298.755187,241.0,0.0,241.0,241.0,0.0,0.0,0.0,0.0,0.0,0.0,0.0,0.0,0.0,0.0,0.0,0.0,24.0,20.0,4149.377593,4149.377593,0.0,0.0,0.0,0.0,0.0,0.0,0.0,0.0,1.0,0.0,0.0,0.0,0.0,1.0,0.0,0.0,0.0,1.0,0.0,1.0,0.0,1024.0,0.0,0.0,24.0,0.0,0.0,0.0,0.0,0.0,0.0,0.0,0.0,Infilteration
0.0,0.0,2018-03-01 10:34:21,93348398.0,65.0,0.0,0.0,0.0,0.0,0.0,0.0,0.0,0.0,0.0,0.0,0.0,0.0,0.696316181,1458568.719,1512412.274,10700000.0,81209.0,93300000.0,1458568.719,1512412.274,10700000.0,81209.0,0.0,0.0,0.0,0.0,0.0,0.0,0.0,0.0,0.0,0.696316181,0.0,0.0,0.0,0.0,0.0,0.0,0.0,0.0,0.0,0.0,0.0,0.0,0.0,0.0,0.0,0.0,0.0,0.0,65.0,0.0,0.0,0.0,-1.0,-1.0,0.0,0.0,77800000.0,0.0,77800000.0,77800000.0,10700000.0,0.0,10700000.0,10700000.0,Infilteration
53.0,17.0,2018-03-01 02:37:54,854.0,1.0,1.0,44.0,100.0,44.0,44.0,44.0,0.0,100.0,100.0,100.0,0.0,168618.267,2341.920375,854.0,0.0,854.0,854.0,0.0,0.0,0.0,0.0,0.0,0.0,0.0,0.0,0.0,0.0,0.0,0.0,8.0,8.0,1170.960187,1170.960187,44.0,100.0,62.66666667,32.33161507,1045.333333,0.0,0.0,0.0,0.0,0.0,0.0,0.0,0.0,1.0,94.0,44.0,100.0,1.0,44.0,1.0,100.0,-1.0,-1.0,0.0,8.0,0.0,0.0,0.0,0.0,0.0,0.0,0.0,0.0,Infilteration
53.0,17.0,2018-03-01 03:00:24,285.0,1.0,1.0,42.0,106.0,42.0,42.0,42.0,0.0,106.0,106.0,106.0,0.0,519298.2456,7017.54386,285.0,0.0,285.0,285.0,0.0,0.0,0.0,0.0,0.0,0.0,0.0,0.0,0.0,0.0,0.0,0.0,8.0,8.0,3508.77193,3508.77193,42.0,106.0,63.33333333,36.95041723,1365.333333,0.0,0.0,0.0,0.0,0.0,0.0,0.0,0.0,1.0,95.0,42.0,106.0,1.0,42.0,1.0,106.0,-1.0,-1.0,0.0,8.0,0.0,0.0,0.0,0.0,0.0,0.0,0.0,0.0,Infilteration
443.0,6.0,2018-03-01 09:57:49,119999951.0,9.0,5.0,864.0,1039.0,288.0,0.0,96.0,144.0,325.0,32.0,207.8,160.4827093,15.85833981,0.116666714,9230765.462,15000000.0,40800000.0,11955.0,120000000.0,15000000.0,17000000.0,40800000.0,91496.0,118000000.0,29400000.0,11200000.0,40800000.0,16800000.0,0.0,0.0,180.0,100.0,0.075000031,0.041666684,0.0,325.0,126.8666667,152.6732583,23309.12381,0.0,0.0,0.0,0.0,1.0,0.0,0.0,0.0,0.0,135.9285714,96.0,207.8,9.0,864.0,5.0,1039.0,253.0,167.0,3.0,20.0,733866.5,1112320.802,2399794.0,111061.0,29200000.0,11300000.0,40800000.0,16500000.0,Infilteration
1026.0,6.0,2018-03-01 10:27:15,274.0,1.0,1.0,0.0,0.0,0.0,0.0,0.0,0.0,0.0,0.0,0.0,0.0,0.0,7299.270073,274.0,0.0,274.0,274.0,0.0,0.0,0.0,0.0,0.0,0.0,0.0,0.0,0.0,0.0,0.0,0.0,24.0,20.0,3649.635036,3649.635036,0.0,0.0,0.0,0.0,0.0,0.0,0.0,0.0,1.0,0.0,0.0,0.0,0.0,1.0,0.0,0.0,0.0,1.0,0.0,1.0,0.0,1024.0,0.0,0.0,24.0,0.0,0.0,0.0,0.0,0.0,0.0,0.0,0.0,Infilteration
3389.0,6.0,2018-03-01 10:44:58,356949.0,5.0,3.0,150.0,1873.0,150.0,0.0,30.0,67.08203932,1873.0,0.0,624.3333333,1081.377054,5667.476306,22.41216532,50992.71429,80508.51964,197998.0,18.0,356949.0,89237.25,92335.619,197998.0,319.0,143298.0,71649.0,100679.2777,142840.0,458.0,0.0,0.0,112.0,72.0,14.00760333,8.404561996,0.0,1873.0,224.7777778,620.0709189,384487.9444,0.0,0.0,1.0,1.0,0.0,0.0,0.0,1.0,0.0,252.875,30.0,624.3333333,5.0,150.0,3.0,1873.0,8192.0,63850.0,1.0,20.0,0.0,0.0,0.0,0.0,0.0,0.0,0.0,0.0,Infilteration
3389.0,6.0,2018-03-01 10:08:34,4006718.0,14.0,7.0,1386.0,392.0,680.0,0.0,99.0,189.2048137,291.0,0.0,56.0,105.3976597,443.754714,5.241197409,200335.9,260236.6749,937469.0,48.0,4006718.0,308209.0769,341515.245,1203888.0,22978.0,3854154.0,642359.0,348906.0267,985971.0,169943.0,0.0,0.0,292.0,152.0,3.494131606,1.747065803,0.0,680.0,80.81818182,161.4669762,26071.58442,0.0,0.0,1.0,1.0,0.0,0.0,0.0,1.0,0.0,84.66666667,99.0,56.0,14.0,1386.0,7.0,392.0,8192.0,62652.0,7.0,20.0,0.0,0.0,0.0,0.0,0.0,0.0,0.0,0.0,Infilteration
50712.0,6.0,2018-03-01 10:44:24,3453.0,2.0,1.0,38.0,0.0,38.0,0.0,19.0,26.87005769,0.0,0.0,0.0,0.0,11004.92326,868.8097307,1726.5,2423.254939,3440.0,13.0,3453.0,3453.0,0.0,3453.0,3453.0,0.0,0.0,0.0,0.0,0.0,1.0,0.0,40.0,20.0,579.2064871,289.6032436,0.0,38.0,19.0,21.93931023,481.3333333,0.0,1.0,0.0,0.0,1.0,0.0,0.0,0.0,0.0,25.33333333,19.0,0.0,2.0,38.0,1.0,0.0,123.0,0.0,0.0,20.0,0.0,0.0,0.0,0.0,0.0,0.0,0.0,0.0,Infilteration
445.0,6.0,2018-03-01 10:19:22,222530.0,3.0,1.0,0.0,0.0,0.0,0.0,0.0,0.0,0.0,0.0,0.0,0.0,0.0,17.97510448,74176.66667,128428.3949,222473.0,1.0,222530.0,111265.0,157351.0578,222529.0,1.0,0.0,0.0,0.0,0.0,0.0,0.0,0.0,68.0,28.0,13.48132836,4.49377612,0.0,0.0,0.0,0.0,0.0,0.0,0.0,0.0,1.0,0.0,0.0,0.0,0.0,0.0,0.0,0.0,0.0,3.0,0.0,1.0,0.0,8192.0,8192.0,0.0,20.0,0.0,0.0,0.0,0.0,0.0,0.0,0.0,0.0,Infilteration
70.0,6.0,2018-03-01 10:24:46,258.0,1.0,1.0,0.0,0.0,0.0,0.0,0.0,0.0,0.0,0.0,0.0,0.0,0.0,7751.937984,258.0,0.0,258.0,258.0,0.0,0.0,0.0,0.0,0.0,0.0,0.0,0.0,0.0,0.0,0.0,0.0,24.0,20.0,3875.968992,3875.968992,0.0,0.0,0.0,0.0,0.0,0.0,0.0,0.0,1.0,0.0,0.0,0.0,0.0,1.0,0.0,0.0,0.0,1.0,0.0,1.0,0.0,1024.0,0.0,0.0,24.0,0.0,0.0,0.0,0.0,0.0,0.0,0.0,0.0,Infilteration
51961.0,6.0,2018-03-01 02:21:31,21.0,1.0,1.0,0.0,0.0,0.0,0.0,0.0,0.0,0.0,0.0,0.0,0.0,0.0,95238.09524,21.0,0.0,21.0,21.0,0.0,0.0,0.0,0.0,0.0,0.0,0.0,0.0,0.0,0.0,0.0,0.0,20.0,20.0,47619.04762,47619.04762,0.0,0.0,0.0,0.0,0.0,0.0,0.0,0.0,0.0,1.0,1.0,0.0,0.0,1.0,0.0,0.0,0.0,1.0,0.0,1.0,0.0,115.0,256.0,0.0,20.0,0.0,0.0,0.0,0.0,0.0,0.0,0.0,0.0,Infilteration
80.0,6.0,2018-03-01 02:00:24,45827063.0,6.0,5.0,5.0,0.0,1.0,0.0,0.833333333,0.40824829,0.0,0.0,0.0,0.0,0.109105836,0.240032838,4582706.3,4982325.874,10000000.0,11334.0,45800000.0,9165412.6,1900391.465,10000000.0,5765889.0,40100000.0,10000000.0,126.9707972,10000000.0,10000000.0,0.0,0.0,120.0,160.0,0.130927003,0.109105836,0.0,1.0,0.5,0.522232968,0.272727273,0.0,0.0,0.0,0.0,1.0,0.0,0.0,0.0,0.0,0.545454545,0.833333333,0.0,6.0,5.0,5.0,0.0,256.0,294.0,4.0,20.0,11378.25,72.1682063,11486.0,11334.0,10000000.0,73.27289176,10000000.0,10000000.0,Infilteration
53.0,17.0,2018-03-01 02:04:22,219.0,1.0,1.0,30.0,46.0,30.0,30.0,30.0,0.0,46.0,46.0,46.0,0.0,347031.9635,9132.420091,219.0,0.0,219.0,219.0,0.0,0.0,0.0,0.0,0.0,0.0,0.0,0.0,0.0,0.0,0.0,0.0,8.0,8.0,4566.210046,4566.210046,30.0,46.0,35.33333333,9.237604307,85.33333333,0.0,0.0,0.0,0.0,0.0,0.0,0.0,0.0,1.0,53.0,30.0,46.0,1.0,30.0,1.0,46.0,-1.0,-1.0,0.0,8.0,0.0,0.0,0.0,0.0,0.0,0.0,0.0,0.0,Infilteration
443.0,6.0,2018-03-01 02:53:57,1130533.0,12.0,12.0,1041.0,3443.0,504.0,0.0,86.75,150.988937,1460.0,0.0,286.9166667,551.2658917,3966.270777,21.22892476,49153.6087,171871.326,819183.0,0.0,1130533.0,102775.7273,245672.7697,819183.0,25.0,116581.0,10598.27273,13053.29411,38611.0,0.0,0.0,0.0,252.0,252.0,10.61446238,10.61446238,0.0,1460.0,179.36,401.430762,161146.6567,0.0,0.0,1.0,1.0,0.0,0.0,0.0,1.0,1.0,186.8333333,86.75,286.9166667,12.0,1041.0,12.0,3443.0,8192.0,16.0,5.0,20.0,0.0,0.0,0.0,0.0,0.0,0.0,0.0,0.0,Infilteration
443.0,6.0,2018-03-01 03:01:31,245.0,3.0,0.0,77.0,0.0,46.0,0.0,25.66666667,23.45918441,0.0,0.0,0.0,0.0,314285.7143,12244.89796,122.5,147.7853173,227.0,18.0,245.0,122.5,147.7853173,227.0,18.0,0.0,0.0,0.0,0.0,0.0,1.0,0.0,60.0,0.0,12244.89796,0.0,0.0,46.0,30.75,21.68524844,470.25,0.0,1.0,0.0,0.0,1.0,0.0,0.0,0.0,0.0,41.0,25.66666667,0.0,3.0,77.0,0.0,0.0,258.0,-1.0,1.0,20.0,0.0,0.0,0.0,0.0,0.0,0.0,0.0,0.0,Infilteration
3351.0,6.0,2018-03-01 10:52:02,298.0,1.0,1.0,0.0,0.0,0.0,0.0,0.0,0.0,0.0,0.0,0.0,0.0,0.0,6711.409396,298.0,0.0,298.0,298.0,0.0,0.0,0.0,0.0,0.0,0.0,0.0,0.0,0.0,0.0,0.0,0.0,24.0,20.0,3355.704698,3355.704698,0.0,0.0,0.0,0.0,0.0,0.0,0.0,0.0,1.0,0.0,0.0,0.0,0.0,1.0,0.0,0.0,0.0,1.0,0.0,1.0,0.0,1024.0,0.0,0.0,24.0,0.0,0.0,0.0,0.0,0.0,0.0,0.0,0.0,Infilteration
53.0,17.0,2018-03-01 02:41:45,283.0,1.0,1.0,32.0,48.0,32.0,32.0,32.0,0.0,48.0,48.0,48.0,0.0,282685.5124,7067.137809,283.0,0.0,283.0,283.0,0.0,0.0,0.0,0.0,0.0,0.0,0.0,0.0,0.0,0.0,0.0,0.0,8.0,8.0,3533.568905,3533.568905,32.0,48.0,37.33333333,9.237604307,85.33333333,0.0,0.0,0.0,0.0,0.0,0.0,0.0,0.0,1.0,56.0,32.0,48.0,1.0,32.0,1.0,48.0,-1.0,-1.0,0.0,8.0,0.0,0.0,0.0,0.0,0.0,0.0,0.0,0.0,Infilteration
51378.0,6.0,2018-03-01 10:24:04,77.0,2.0,0.0,0.0,0.0,0.0,0.0,0.0,0.0,0.0,0.0,0.0,0.0,0.0,25974.02597,77.0,0.0,77.0,77.0,77.0,77.0,0.0,77.0,77.0,0.0,0.0,0.0,0.0,0.0,0.0,0.0,40.0,0.0,25974.02597,0.0,0.0,0.0,0.0,0.0,0.0,0.0,0.0,0.0,0.0,1.0,0.0,0.0,0.0,0.0,0.0,0.0,0.0,2.0,0.0,0.0,0.0,2240.0,-1.0,0.0,20.0,0.0,0.0,0.0,0.0,0.0,0.0,0.0,0.0,Infilteration
54181.0,6.0,2018-03-01 03:16:18,17.0,1.0,1.0,0.0,0.0,0.0,0.0,0.0,0.0,0.0,0.0,0.0,0.0,0.0,117647.0588,17.0,0.0,17.0,17.0,0.0,0.0,0.0,0.0,0.0,0.0,0.0,0.0,0.0,0.0,0.0,0.0,20.0,20.0,58823.52941,58823.52941,0.0,0.0,0.0,0.0,0.0,0.0,0.0,0.0,0.0,1.0,1.0,0.0,0.0,1.0,0.0,0.0,0.0,1.0,0.0,1.0,0.0,119.0,252.0,0.0,20.0,0.0,0.0,0.0,0.0,0.0,0.0,0.0,0.0,Infilteration
4449.0,6.0,2018-03-01 10:27:19,239.0,1.0,1.0,0.0,0.0,0.0,0.0,0.0,0.0,0.0,0.0,0.0,0.0,0.0,8368.200837,239.0,0.0,239.0,239.0,0.0,0.0,0.0,0.0,0.0,0.0,0.0,0.0,0.0,0.0,0.0,0.0,24.0,20.0,4184.100418,4184.100418,0.0,0.0,0.0,0.0,0.0,0.0,0.0,0.0,1.0,0.0,0.0,0.0,0.0,1.0,0.0,0.0,0.0,1.0,0.0,1.0,0.0,1024.0,0.0,0.0,24.0,0.0,0.0,0.0,0.0,0.0,0.0,0.0,0.0,Infilteration
53.0,17.0,2018-03-01 02:47:42,316.0,1.0,1.0,38.0,70.0,38.0,38.0,38.0,0.0,70.0,70.0,70.0,0.0,341772.1519,6329.113924,316.0,0.0,316.0,316.0,0.0,0.0,0.0,0.0,0.0,0.0,0.0,0.0,0.0,0.0,0.0,0.0,8.0,8.0,3164.556962,3164.556962,38.0,70.0,48.66666667,18.47520861,341.3333333,0.0,0.0,0.0,0.0,0.0,0.0,0.0,0.0,1.0,73.0,38.0,70.0,1.0,38.0,1.0,70.0,-1.0,-1.0,0.0,8.0,0.0,0.0,0.0,0.0,0.0,0.0,0.0,0.0,Infilteration
1688.0,6.0,2018-03-01 10:22:20,1.0,1.0,1.0,0.0,0.0,0.0,0.0,0.0,0.0,0.0,0.0,0.0,0.0,0.0,2000000.0,1.0,0.0,1.0,1.0,0.0,0.0,0.0,0.0,0.0,0.0,0.0,0.0,0.0,0.0,0.0,0.0,24.0,20.0,1000000.0,1000000.0,0.0,0.0,0.0,0.0,0.0,0.0,0.0,0.0,1.0,0.0,0.0,0.0,0.0,1.0,0.0,0.0,0.0,1.0,0.0,1.0,0.0,1024.0,0.0,0.0,24.0,0.0,0.0,0.0,0.0,0.0,0.0,0.0,0.0,Infilteration
33899.0,6.0,2018-03-01 10:24:45,238.0,1.0,1.0,0.0,0.0,0.0,0.0,0.0,0.0,0.0,0.0,0.0,0.0,0.0,8403.361345,238.0,0.0,238.0,238.0,0.0,0.0,0.0,0.0,0.0,0.0,0.0,0.0,0.0,0.0,0.0,0.0,24.0,20.0,4201.680672,4201.680672,0.0,0.0,0.0,0.0,0.0,0.0,0.0,0.0,1.0,0.0,0.0,0.0,0.0,1.0,0.0,0.0,0.0,1.0,0.0,1.0,0.0,1024.0,0.0,0.0,24.0,0.0,0.0,0.0,0.0,0.0,0.0,0.0,0.0,Infilteration
53.0,17.0,2018-03-01 10:24:22,287.0,1.0,1.0,49.0,65.0,49.0,49.0,49.0,0.0,65.0,65.0,65.0,0.0,397212.5436,6968.641115,287.0,0.0,287.0,287.0,0.0,0.0,0.0,0.0,0.0,0.0,0.0,0.0,0.0,0.0,0.0,0.0,8.0,8.0,3484.320557,3484.320557,49.0,65.0,54.33333333,9.237604307,85.33333333,0.0,0.0,0.0,0.0,0.0,0.0,0.0,0.0,1.0,81.5,49.0,65.0,1.0,49.0,1.0,65.0,-1.0,-1.0,0.0,8.0,0.0,0.0,0.0,0.0,0.0,0.0,0.0,0.0,Infilteration
6689.0,6.0,2018-03-01 10:52:02,273.0,1.0,1.0,0.0,0.0,0.0,0.0,0.0,0.0,0.0,0.0,0.0,0.0,0.0,7326.007326,273.0,0.0,273.0,273.0,0.0,0.0,0.0,0.0,0.0,0.0,0.0,0.0,0.0,0.0,0.0,0.0,24.0,20.0,3663.003663,3663.003663,0.0,0.0,0.0,0.0,0.0,0.0,0.0,0.0,1.0,0.0,0.0,0.0,0.0,1.0,0.0,0.0,0.0,1.0,0.0,1.0,0.0,1024.0,0.0,0.0,24.0,0.0,0.0,0.0,0.0,0.0,0.0,0.0,0.0,Infilteration
53.0,17.0,2018-03-01 02:58:04,413.0,1.0,1.0,40.0,56.0,40.0,40.0,40.0,0.0,56.0,56.0,56.0,0.0,232445.5206,4842.615012,413.0,0.0,413.0,413.0,0.0,0.0,0.0,0.0,0.0,0.0,0.0,0.0,0.0,0.0,0.0,0.0,8.0,8.0,2421.307506,2421.307506,40.0,56.0,45.33333333,9.237604307,85.33333333,0.0,0.0,0.0,0.0,0.0,0.0,0.0,0.0,1.0,68.0,40.0,56.0,1.0,40.0,1.0,56.0,-1.0,-1.0,0.0,8.0,0.0,0.0,0.0,0.0,0.0,0.0,0.0,0.0,Infilteration
445.0,6.0,2018-03-01 03:03:43,1132667.0,5.0,5.0,373.0,172.0,140.0,0.0,74.6,70.28371077,133.0,0.0,34.4,57.64807022,481.1652498,8.82872018,125851.8889,138843.4892,298922.0,67.0,1132595.0,283148.75,197761.7005,443447.0,477.0,1132600.0,283150.0,197903.962,443111.0,102.0,0.0,0.0,108.0,108.0,4.41436009,4.41436009,0.0,140.0,49.54545455,63.0814769,3979.272727,0.0,0.0,0.0,1.0,0.0,0.0,0.0,0.0,1.0,54.5,74.6,34.4,5.0,373.0,5.0,172.0,8192.0,0.0,3.0,20.0,0.0,0.0,0.0,0.0,0.0,0.0,0.0,0.0,Infilteration
2702.0,6.0,2018-03-01 10:52:02,259.0,1.0,1.0,0.0,0.0,0.0,0.0,0.0,0.0,0.0,0.0,0.0,0.0,0.0,7722.007722,259.0,0.0,259.0,259.0,0.0,0.0,0.0,0.0,0.0,0.0,0.0,0.0,0.0,0.0,0.0,0.0,24.0,20.0,3861.003861,3861.003861,0.0,0.0,0.0,0.0,0.0,0.0,0.0,0.0,1.0,0.0,0.0,0.0,0.0,1.0,0.0,0.0,0.0,1.0,0.0,1.0,0.0,1024.0,0.0,0.0,24.0,0.0,0.0,0.0,0.0,0.0,0.0,0.0,0.0,Infilteration
222.0,6.0,2018-03-01 02:30:27,283.0,1.0,1.0,0.0,0.0,0.0,0.0,0.0,0.0,0.0,0.0,0.0,0.0,0.0,7067.137809,283.0,0.0,283.0,283.0,0.0,0.0,0.0,0.0,0.0,0.0,0.0,0.0,0.0,0.0,0.0,0.0,24.0,20.0,3533.568905,3533.568905,0.0,0.0,0.0,0.0,0.0,0.0,0.0,0.0,1.0,0.0,0.0,0.0,0.0,1.0,0.0,0.0,0.0,1.0,0.0,1.0,0.0,1024.0,0.0,0.0,24.0,0.0,0.0,0.0,0.0,0.0,0.0,0.0,0.0,Infilteration
3389.0,6.0,2018-03-01 02:34:33,2549467.0,8.0,9.0,1132.0,1581.0,661.0,0.0,141.5,222.7920235,1173.0,0.0,175.6666667,385.5612792,1064.143996,6.668060422,159341.6875,266720.1494,1099088.0,43.0,2549467.0,364209.5714,431338.6148,1218686.0,44.0,2486255.0,310781.875,332546.0832,1099088.0,84779.0,0.0,0.0,168.0,188.0,3.137910787,3.530149635,0.0,1173.0,150.7222222,303.4809434,92100.68301,0.0,0.0,0.0,1.0,0.0,0.0,0.0,0.0,1.0,159.5882353,141.5,175.6666667,8.0,1132.0,9.0,1581.0,8192.0,62868.0,5.0,20.0,0.0,0.0,0.0,0.0,0.0,0.0,0.0,0.0,Infilteration
50720.0,6.0,2018-03-01 10:14:47,18.0,1.0,1.0,0.0,0.0,0.0,0.0,0.0,0.0,0.0,0.0,0.0,0.0,0.0,111111.1111,18.0,0.0,18.0,18.0,0.0,0.0,0.0,0.0,0.0,0.0,0.0,0.0,0.0,0.0,0.0,0.0,20.0,20.0,55555.55556,55555.55556,0.0,0.0,0.0,0.0,0.0,0.0,0.0,0.0,0.0,1.0,1.0,0.0,0.0,1.0,0.0,0.0,0.0,1.0,0.0,1.0,0.0,172.0,257.0,0.0,20.0,0.0,0.0,0.0,0.0,0.0,0.0,0.0,0.0,Infilteration
901.0,6.0,2018-03-01 10:51:58,262.0,1.0,1.0,0.0,0.0,0.0,0.0,0.0,0.0,0.0,0.0,0.0,0.0,0.0,7633.587786,262.0,0.0,262.0,262.0,0.0,0.0,0.0,0.0,0.0,0.0,0.0,0.0,0.0,0.0,0.0,0.0,24.0,20.0,3816.793893,3816.793893,0.0,0.0,0.0,0.0,0.0,0.0,0.0,0.0,1.0,0.0,0.0,0.0,0.0,1.0,0.0,0.0,0.0,1.0,0.0,1.0,0.0,1024.0,0.0,0.0,24.0,0.0,0.0,0.0,0.0,0.0,0.0,0.0,0.0,Infilteration
0.0,0.0,2018-03-01 03:05:14,102075860.0,59.0,0.0,0.0,0.0,0.0,0.0,0.0,0.0,0.0,0.0,0.0,0.0,0.0,0.578001498,1759928.621,1823107.33,7960776.0,357777.0,102000000.0,1759928.621,1823107.33,7960776.0,357777.0,0.0,0.0,0.0,0.0,0.0,0.0,0.0,0.0,0.0,0.578001498,0.0,0.0,0.0,0.0,0.0,0.0,0.0,0.0,0.0,0.0,0.0,0.0,0.0,0.0,0.0,0.0,0.0,0.0,59.0,0.0,0.0,0.0,-1.0,-1.0,0.0,0.0,37100000.0,37500000.0,63600000.0,10600000.0,7763618.667,289708.1129,7960776.0,7430994.0,Infilteration
53.0,17.0,2018-03-01 02:25:54,37457.0,1.0,1.0,40.0,102.0,40.0,40.0,40.0,0.0,102.0,102.0,102.0,0.0,3791.013696,53.39455909,37457.0,0.0,37457.0,37457.0,0.0,0.0,0.0,0.0,0.0,0.0,0.0,0.0,0.0,0.0,0.0,0.0,8.0,8.0,26.69727955,26.69727955,40.0,102.0,60.66666667,35.79571669,1281.333333,0.0,0.0,0.0,0.0,0.0,0.0,0.0,0.0,1.0,91.0,40.0,102.0,1.0,40.0,1.0,102.0,-1.0,-1.0,0.0,8.0,0.0,0.0,0.0,0.0,0.0,0.0,0.0,0.0,Infilteration
1060.0,6.0,2018-03-01 10:14:19,2.0,1.0,1.0,0.0,0.0,0.0,0.0,0.0,0.0,0.0,0.0,0.0,0.0,0.0,1000000.0,2.0,0.0,2.0,2.0,0.0,0.0,0.0,0.0,0.0,0.0,0.0,0.0,0.0,0.0,0.0,0.0,24.0,20.0,500000.0,500000.0,0.0,0.0,0.0,0.0,0.0,0.0,0.0,0.0,1.0,0.0,0.0,0.0,0.0,1.0,0.0,0.0,0.0,1.0,0.0,1.0,0.0,1024.0,0.0,0.0,24.0,0.0,0.0,0.0,0.0,0.0,0.0,0.0,0.0,Infilteration
53.0,17.0,2018-03-01 02:29:32,18465.0,1.0,1.0,33.0,49.0,33.0,33.0,33.0,0.0,49.0,49.0,49.0,0.0,4440.83401,108.3130246,18465.0,0.0,18465.0,18465.0,0.0,0.0,0.0,0.0,0.0,0.0,0.0,0.0,0.0,0.0,0.0,0.0,8.0,8.0,54.15651232,54.15651232,33.0,49.0,38.33333333,9.237604307,85.33333333,0.0,0.0,0.0,0.0,0.0,0.0,0.0,0.0,1.0,57.5,33.0,49.0,1.0,33.0,1.0,49.0,-1.0,-1.0,0.0,8.0,0.0,0.0,0.0,0.0,0.0,0.0,0.0,0.0,Infilteration
3389.0,6.0,2018-03-01 10:01:01,2576866.0,8.0,10.0,1148.0,1581.0,677.0,0.0,143.5,228.1296624,1173.0,0.0,158.1,367.7307137,1059.038382,6.985229344,151580.3529,241450.8758,968782.0,50.0,2576866.0,368123.7143,437828.5208,1233638.0,51.0,2513214.0,279246.0,296034.4258,968782.0,21967.0,0.0,0.0,168.0,208.0,3.104546375,3.880682969,0.0,1173.0,143.6315789,298.5202786,89114.35673,0.0,0.0,0.0,1.0,0.0,0.0,0.0,0.0,1.0,151.6111111,143.5,158.1,8.0,1148.0,10.0,1581.0,8192.0,62852.0,5.0,20.0,0.0,0.0,0.0,0.0,0.0,0.0,0.0,0.0,Infilteration
443.0,6.0,2018-03-01 10:07:47,119126826.0,14.0,18.0,12.0,753.0,1.0,0.0,0.857142857,0.36313652,377.0,0.0,41.83333333,121.7530046,6.421727378,0.268621276,3842800.839,4754554.308,10000000.0,0.0,119000000.0,9161993.462,2497637.098,10000000.0,1093678.0,119000000.0,7006058.118,4391460.051,10000000.0,0.0,0.0,0.0,280.0,504.0,0.117521808,0.151099468,0.0,377.0,23.21212121,91.1279175,8304.297348,0.0,0.0,0.0,0.0,1.0,0.0,0.0,0.0,1.0,23.9375,0.857142857,41.83333333,14.0,12.0,18.0,753.0,253.0,2224.0,11.0,20.0,300595.3333,701441.223,2301275.0,20852.0,9624897.583,1292551.727,10000000.0,5521274.0,Infilteration
53.0,17.0,2018-03-01 10:46:19,2094.0,1.0,1.0,41.0,127.0,41.0,41.0,41.0,0.0,127.0,127.0,127.0,0.0,80229.22636,955.1098376,2094.0,0.0,2094.0,2094.0,0.0,0.0,0.0,0.0,0.0,0.0,0.0,0.0,0.0,0.0,0.0,0.0,8.0,8.0,477.5549188,477.5549188,41.0,127.0,69.66666667,49.65212315,2465.333333,0.0,0.0,0.0,0.0,0.0,0.0,0.0,0.0,1.0,104.5,41.0,127.0,1.0,41.0,1.0,127.0,-1.0,-1.0,0.0,8.0,0.0,0.0,0.0,0.0,0.0,0.0,0.0,0.0,Infilteration
7920.0,6.0,2018-03-01 10:40:13,3.0,1.0,1.0,0.0,0.0,0.0,0.0,0.0,0.0,0.0,0.0,0.0,0.0,0.0,666666.6667,3.0,0.0,3.0,3.0,0.0,0.0,0.0,0.0,0.0,0.0,0.0,0.0,0.0,0.0,0.0,0.0,24.0,20.0,333333.3333,333333.3333,0.0,0.0,0.0,0.0,0.0,0.0,0.0,0.0,1.0,0.0,0.0,0.0,0.0,1.0,0.0,0.0,0.0,1.0,0.0,1.0,0.0,1024.0,0.0,0.0,24.0,0.0,0.0,0.0,0.0,0.0,0.0,0.0,0.0,Infilteration
32781.0,6.0,2018-03-01 10:51:58,254.0,1.0,1.0,0.0,0.0,0.0,0.0,0.0,0.0,0.0,0.0,0.0,0.0,0.0,7874.015748,254.0,0.0,254.0,254.0,0.0,0.0,0.0,0.0,0.0,0.0,0.0,0.0,0.0,0.0,0.0,0.0,24.0,20.0,3937.007874,3937.007874,0.0,0.0,0.0,0.0,0.0,0.0,0.0,0.0,1.0,0.0,0.0,0.0,0.0,1.0,0.0,0.0,0.0,1.0,0.0,1.0,0.0,1024.0,0.0,0.0,24.0,0.0,0.0,0.0,0.0,0.0,0.0,0.0,0.0,Infilteration
53.0,17.0,2018-03-01 03:15:58,25328.0,2.0,2.0,80.0,278.0,40.0,40.0,40.0,0.0,139.0,139.0,139.0,0.0,14134.55464,157.9279848,8442.666667,13411.28608,23907.0,1.0,23907.0,23907.0,0.0,23907.0,23907.0,1.0,1.0,0.0,1.0,1.0,0.0,0.0,16.0,16.0,78.96399242,78.96399242,40.0,139.0,79.6,54.22453319,2940.3,0.0,0.0,0.0,0.0,0.0,0.0,0.0,0.0,1.0,99.5,40.0,139.0,2.0,80.0,2.0,278.0,-1.0,-1.0,1.0,8.0,0.0,0.0,0.0,0.0,0.0,0.0,0.0,0.0,Infilteration
53.0,17.0,2018-03-01 02:09:02,38490.0,1.0,1.0,32.0,71.0,32.0,32.0,32.0,0.0,71.0,71.0,71.0,0.0,2676.019745,51.96154845,38490.0,0.0,38490.0,38490.0,0.0,0.0,0.0,0.0,0.0,0.0,0.0,0.0,0.0,0.0,0.0,0.0,8.0,8.0,25.98077423,25.98077423,32.0,71.0,45.0,22.5166605,507.0,0.0,0.0,0.0,0.0,0.0,0.0,0.0,0.0,1.0,67.5,32.0,71.0,1.0,32.0,1.0,71.0,-1.0,-1.0,0.0,8.0,0.0,0.0,0.0,0.0,0.0,0.0,0.0,0.0,Infilteration
443.0,6.0,2018-03-01 10:52:38,286.0,3.0,0.0,77.0,0.0,46.0,0.0,25.66666667,23.45918441,0.0,0.0,0.0,0.0,269230.7692,10489.51049,143.0,175.3624817,267.0,19.0,286.0,143.0,175.3624817,267.0,19.0,0.0,0.0,0.0,0.0,0.0,1.0,0.0,60.0,0.0,10489.51049,0.0,0.0,46.0,30.75,21.68524844,470.25,0.0,1.0,0.0,0.0,1.0,0.0,0.0,0.0,0.0,41.0,25.66666667,0.0,3.0,77.0,0.0,0.0,256.0,-1.0,1.0,20.0,0.0,0.0,0.0,0.0,0.0,0.0,0.0,0.0,Infilteration
99.0,6.0,2018-03-01 02:30:23,2.0,1.0,1.0,0.0,0.0,0.0,0.0,0.0,0.0,0.0,0.0,0.0,0.0,0.0,1000000.0,2.0,0.0,2.0,2.0,0.0,0.0,0.0,0.0,0.0,0.0,0.0,0.0,0.0,0.0,0.0,0.0,24.0,20.0,500000.0,500000.0,0.0,0.0,0.0,0.0,0.0,0.0,0.0,0.0,1.0,0.0,0.0,0.0,0.0,1.0,0.0,0.0,0.0,1.0,0.0,1.0,0.0,1024.0,0.0,0.0,24.0,0.0,0.0,0.0,0.0,0.0,0.0,0.0,0.0,Infilteration
1102.0,6.0,2018-03-01 10:22:20,233.0,1.0,1.0,0.0,0.0,0.0,0.0,0.0,0.0,0.0,0.0,0.0,0.0,0.0,8583.690987,233.0,0.0,233.0,233.0,0.0,0.0,0.0,0.0,0.0,0.0,0.0,0.0,0.0,0.0,0.0,0.0,24.0,20.0,4291.845494,4291.845494,0.0,0.0,0.0,0.0,0.0,0.0,0.0,0.0,1.0,0.0,0.0,0.0,0.0,1.0,0.0,0.0,0.0,1.0,0.0,1.0,0.0,1024.0,0.0,0.0,24.0,0.0,0.0,0.0,0.0,0.0,0.0,0.0,0.0,Infilteration
53.0,17.0,2018-03-01 02:21:21,323.0,1.0,1.0,41.0,57.0,41.0,41.0,41.0,0.0,57.0,57.0,57.0,0.0,303405.5728,6191.950464,323.0,0.0,323.0,323.0,0.0,0.0,0.0,0.0,0.0,0.0,0.0,0.0,0.0,0.0,0.0,0.0,8.0,8.0,3095.975232,3095.975232,41.0,57.0,46.33333333,9.237604307,85.33333333,0.0,0.0,0.0,0.0,0.0,0.0,0.0,0.0,1.0,69.5,41.0,57.0,1.0,41.0,1.0,57.0,-1.0,-1.0,0.0,8.0,0.0,0.0,0.0,0.0,0.0,0.0,0.0,0.0,Infilteration
7999.0,6.0,2018-03-01 10:14:19,211.0,1.0,1.0,0.0,0.0,0.0,0.0,0.0,0.0,0.0,0.0,0.0,0.0,0.0,9478.672986,211.0,0.0,211.0,211.0,0.0,0.0,0.0,0.0,0.0,0.0,0.0,0.0,0.0,0.0,0.0,0.0,24.0,20.0,4739.336493,4739.336493,0.0,0.0,0.0,0.0,0.0,0.0,0.0,0.0,1.0,0.0,0.0,0.0,0.0,1.0,0.0,0.0,0.0,1.0,0.0,1.0,0.0,1024.0,0.0,0.0,24.0,0.0,0.0,0.0,0.0,0.0,0.0,0.0,0.0,Infilteration
54152.0,6.0,2018-03-01 03:12:29,67.0,3.0,1.0,31.0,0.0,31.0,0.0,10.33333333,17.89785834,0.0,0.0,0.0,0.0,462686.5672,59701.49254,22.33333333,12.85820101,37.0,13.0,67.0,33.5,4.949747468,37.0,30.0,0.0,0.0,0.0,0.0,0.0,0.0,0.0,60.0,20.0,44776.1194,14925.37313,0.0,31.0,6.2,13.86362146,192.2,0.0,0.0,0.0,0.0,1.0,0.0,0.0,0.0,0.0,7.75,10.33333333,0.0,3.0,31.0,1.0,0.0,980.0,0.0,1.0,20.0,0.0,0.0,0.0,0.0,0.0,0.0,0.0,0.0,Infilteration
53.0,17.0,2018-03-01 10:04:14,45967.0,2.0,2.0,56.0,178.0,28.0,28.0,28.0,0.0,89.0,89.0,89.0,0.0,5090.60848,87.01894838,15322.33333,13242.68328,22970.0,31.0,22970.0,22970.0,0.0,22970.0,22970.0,31.0,31.0,0.0,31.0,31.0,0.0,0.0,16.0,16.0,43.50947419,43.50947419,28.0,89.0,52.4,33.41107601,1116.3,0.0,0.0,0.0,0.0,0.0,0.0,0.0,0.0,1.0,65.5,28.0,89.0,2.0,56.0,2.0,178.0,-1.0,-1.0,1.0,8.0,0.0,0.0,0.0,0.0,0.0,0.0,0.0,0.0,Infilteration
3389.0,6.0,2018-03-01 10:34:25,1578206.0,8.0,7.0,1148.0,1581.0,677.0,0.0,143.5,228.1296624,1173.0,0.0,225.8571429,430.0986044,1729.178574,9.504462662,112729.0,246141.2877,953537.0,3.0,1578206.0,225458.0,386628.6428,1098477.0,3.0,1485086.0,247514.3333,346421.9392,953537.0,94941.0,0.0,0.0,172.0,152.0,5.069046753,4.435415909,0.0,1173.0,170.5625,319.4332416,102037.5958,0.0,0.0,0.0,1.0,0.0,0.0,0.0,0.0,0.0,181.9333333,143.5,225.8571429,8.0,1148.0,7.0,1581.0,8192.0,62852.0,5.0,20.0,0.0,0.0,0.0,0.0,0.0,0.0,0.0,0.0,Infilteration
135.0,6.0,2018-03-01 02:27:58,21041842.0,2.0,5.0,0.0,0.0,0.0,0.0,0.0,0.0,0.0,0.0,0.0,0.0,0.0,0.332670495,3506973.667,4780296.896,12000000.0,488.0,2718623.0,2718623.0,0.0,2718623.0,2718623.0,21000000.0,5260338.5,5078314.767,12000000.0,290712.0,0.0,0.0,80.0,168.0,0.095048713,0.237621782,0.0,0.0,0.0,0.0,0.0,0.0,0.0,0.0,1.0,0.0,0.0,0.0,0.0,2.0,0.0,0.0,0.0,2.0,0.0,5.0,0.0,63.0,0.0,0.0,40.0,3009907.0,0.0,3009907.0,3009907.0,9015967.5,4242789.887,12000000.0,6015862.0,Infilteration
443.0,6.0,2018-03-01 03:01:24,117621734.0,15.0,15.0,969.0,3647.0,324.0,0.0,64.6,96.26956202,1430.0,0.0,243.1333333,489.4015101,39.2444478,0.255054903,4055921.862,15000000.0,58300000.0,1.0,118000000.0,8401552.429,21100000.0,58400000.0,203.0,118000000.0,8397106.5,21100000.0,58400000.0,1.0,0.0,0.0,312.0,312.0,0.127527452,0.127527452,0.0,1430.0,148.9032258,353.3133977,124830.357,0.0,0.0,1.0,1.0,0.0,0.0,0.0,1.0,1.0,153.8666667,64.6,243.1333333,15.0,969.0,15.0,3647.0,8192.0,180.0,8.0,20.0,577313.5,728323.5202,1092316.0,62311.0,58200000.0,199430.9824,58300000.0,58100000.0,Infilteration
9200.0,6.0,2018-03-01 10:52:02,278.0,1.0,1.0,0.0,0.0,0.0,0.0,0.0,0.0,0.0,0.0,0.0,0.0,0.0,7194.244604,278.0,0.0,278.0,278.0,0.0,0.0,0.0,0.0,0.0,0.0,0.0,0.0,0.0,0.0,0.0,0.0,24.0,20.0,3597.122302,3597.122302,0.0,0.0,0.0,0.0,0.0,0.0,0.0,0.0,1.0,0.0,0.0,0.0,0.0,1.0,0.0,0.0,0.0,1.0,0.0,1.0,0.0,1024.0,0.0,0.0,24.0,0.0,0.0,0.0,0.0,0.0,0.0,0.0,0.0,Infilteration
52156.0,6.0,2018-03-01 03:04:27,52.0,1.0,1.0,0.0,0.0,0.0,0.0,0.0,0.0,0.0,0.0,0.0,0.0,0.0,38461.53846,52.0,0.0,52.0,52.0,0.0,0.0,0.0,0.0,0.0,0.0,0.0,0.0,0.0,0.0,0.0,0.0,20.0,20.0,19230.76923,19230.76923,0.0,0.0,0.0,0.0,0.0,0.0,0.0,0.0,0.0,1.0,1.0,0.0,0.0,1.0,0.0,0.0,0.0,1.0,0.0,1.0,0.0,439.0,855.0,0.0,20.0,0.0,0.0,0.0,0.0,0.0,0.0,0.0,0.0,Infilteration
722.0,6.0,2018-03-01 02:40:05,248.0,1.0,1.0,0.0,0.0,0.0,0.0,0.0,0.0,0.0,0.0,0.0,0.0,0.0,8064.516129,248.0,0.0,248.0,248.0,0.0,0.0,0.0,0.0,0.0,0.0,0.0,0.0,0.0,0.0,0.0,0.0,24.0,20.0,4032.258065,4032.258065,0.0,0.0,0.0,0.0,0.0,0.0,0.0,0.0,1.0,0.0,0.0,0.0,0.0,1.0,0.0,0.0,0.0,1.0,0.0,1.0,0.0,1024.0,0.0,0.0,24.0,0.0,0.0,0.0,0.0,0.0,0.0,0.0,0.0,Infilteration
2323.0,6.0,2018-03-01 02:30:28,266.0,1.0,1.0,0.0,0.0,0.0,0.0,0.0,0.0,0.0,0.0,0.0,0.0,0.0,7518.796992,266.0,0.0,266.0,266.0,0.0,0.0,0.0,0.0,0.0,0.0,0.0,0.0,0.0,0.0,0.0,0.0,24.0,20.0,3759.398496,3759.398496,0.0,0.0,0.0,0.0,0.0,0.0,0.0,0.0,1.0,0.0,0.0,0.0,0.0,1.0,0.0,0.0,0.0,1.0,0.0,1.0,0.0,1024.0,0.0,0.0,24.0,0.0,0.0,0.0,0.0,0.0,0.0,0.0,0.0,Infilteration
53.0,17.0,2018-03-01 02:31:36,244.0,1.0,1.0,31.0,63.0,31.0,31.0,31.0,0.0,63.0,63.0,63.0,0.0,385245.9016,8196.721311,244.0,0.0,244.0,244.0,0.0,0.0,0.0,0.0,0.0,0.0,0.0,0.0,0.0,0.0,0.0,0.0,8.0,8.0,4098.360656,4098.360656,31.0,63.0,41.66666667,18.47520861,341.3333333,0.0,0.0,0.0,0.0,0.0,0.0,0.0,0.0,1.0,62.5,31.0,63.0,1.0,31.0,1.0,63.0,-1.0,-1.0,0.0,8.0,0.0,0.0,0.0,0.0,0.0,0.0,0.0,0.0,Infilteration
51776.0,6.0,2018-03-01 10:42:43,2314.0,2.0,0.0,0.0,0.0,0.0,0.0,0.0,0.0,0.0,0.0,0.0,0.0,0.0,864.3042351,2314.0,0.0,2314.0,2314.0,2314.0,2314.0,0.0,2314.0,2314.0,0.0,0.0,0.0,0.0,0.0,0.0,0.0,40.0,0.0,864.3042351,0.0,0.0,0.0,0.0,0.0,0.0,0.0,0.0,0.0,0.0,1.0,0.0,0.0,0.0,0.0,0.0,0.0,0.0,2.0,0.0,0.0,0.0,63323.0,-1.0,0.0,20.0,0.0,0.0,0.0,0.0,0.0,0.0,0.0,0.0,Infilteration
53.0,17.0,2018-03-01 02:40:45,781.0,1.0,1.0,40.0,100.0,40.0,40.0,40.0,0.0,100.0,100.0,100.0,0.0,179257.3624,2560.819462,781.0,0.0,781.0,781.0,0.0,0.0,0.0,0.0,0.0,0.0,0.0,0.0,0.0,0.0,0.0,0.0,8.0,8.0,1280.409731,1280.409731,40.0,100.0,60.0,34.64101615,1200.0,0.0,0.0,0.0,0.0,0.0,0.0,0.0,0.0,1.0,90.0,40.0,100.0,1.0,40.0,1.0,100.0,-1.0,-1.0,0.0,8.0,0.0,0.0,0.0,0.0,0.0,0.0,0.0,0.0,Infilteration
54167.0,6.0,2018-03-01 03:13:25,129.0,2.0,0.0,0.0,0.0,0.0,0.0,0.0,0.0,0.0,0.0,0.0,0.0,0.0,15503.87597,129.0,0.0,129.0,129.0,129.0,129.0,0.0,129.0,129.0,0.0,0.0,0.0,0.0,0.0,0.0,0.0,40.0,0.0,15503.87597,0.0,0.0,0.0,0.0,0.0,0.0,0.0,0.0,0.0,0.0,1.0,0.0,0.0,0.0,0.0,0.0,0.0,0.0,2.0,0.0,0.0,0.0,127.0,-1.0,0.0,20.0,0.0,0.0,0.0,0.0,0.0,0.0,0.0,0.0,Infilteration
53951.0,6.0,2018-03-01 02:31:13,21.0,2.0,0.0,0.0,0.0,0.0,0.0,0.0,0.0,0.0,0.0,0.0,0.0,0.0,95238.09524,21.0,0.0,21.0,21.0,21.0,21.0,0.0,21.0,21.0,0.0,0.0,0.0,0.0,0.0,0.0,0.0,40.0,0.0,95238.09524,0.0,0.0,0.0,0.0,0.0,0.0,0.0,0.0,0.0,0.0,1.0,0.0,0.0,0.0,0.0,0.0,0.0,0.0,2.0,0.0,0.0,0.0,123.0,-1.0,0.0,20.0,0.0,0.0,0.0,0.0,0.0,0.0,0.0,0.0,Infilteration
42.0,6.0,2018-03-01 02:40:05,204.0,1.0,1.0,0.0,0.0,0.0,0.0,0.0,0.0,0.0,0.0,0.0,0.0,0.0,9803.921569,204.0,0.0,204.0,204.0,0.0,0.0,0.0,0.0,0.0,0.0,0.0,0.0,0.0,0.0,0.0,0.0,24.0,20.0,4901.960784,4901.960784,0.0,0.0,0.0,0.0,0.0,0.0,0.0,0.0,1.0,0.0,0.0,0.0,0.0,1.0,0.0,0.0,0.0,1.0,0.0,1.0,0.0,1024.0,0.0,0.0,24.0,0.0,0.0,0.0,0.0,0.0,0.0,0.0,0.0,Infilteration
52211.0,6.0,2018-03-01 03:11:42,1.0,2.0,0.0,0.0,0.0,0.0,0.0,0.0,0.0,0.0,0.0,0.0,0.0,0.0,2000000.0,1.0,0.0,1.0,1.0,1.0,1.0,0.0,1.0,1.0,0.0,0.0,0.0,0.0,0.0,0.0,0.0,40.0,0.0,2000000.0,0.0,0.0,0.0,0.0,0.0,0.0,0.0,0.0,0.0,0.0,1.0,0.0,0.0,0.0,0.0,0.0,0.0,0.0,2.0,0.0,0.0,0.0,189.0,-1.0,0.0,20.0,0.0,0.0,0.0,0.0,0.0,0.0,0.0,0.0,Infilteration
51400.0,6.0,2018-03-01 10:25:17,29.0,2.0,0.0,0.0,0.0,0.0,0.0,0.0,0.0,0.0,0.0,0.0,0.0,0.0,68965.51724,29.0,0.0,29.0,29.0,29.0,29.0,0.0,29.0,29.0,0.0,0.0,0.0,0.0,0.0,0.0,0.0,40.0,0.0,68965.51724,0.0,0.0,0.0,0.0,0.0,0.0,0.0,0.0,0.0,0.0,1.0,0.0,0.0,0.0,0.0,0.0,0.0,0.0,2.0,0.0,0.0,0.0,63958.0,-1.0,0.0,20.0,0.0,0.0,0.0,0.0,0.0,0.0,0.0,0.0,Infilteration
443.0,6.0,2018-03-01 02:21:00,81603909.0,19.0,19.0,1851.0,5850.0,950.0,0.0,97.42105263,247.8290889,1460.0,0.0,307.8947368,545.1362617,94.37047924,0.465663967,2205511.054,4151276.098,10000000.0,4.0,81600000.0,4533550.5,5040061.544,10000000.0,214.0,81600000.0,4532899.5,5050668.392,10000000.0,30.0,0.0,0.0,392.0,384.0,0.232831984,0.232831984,0.0,1460.0,197.4615385,426.6000744,181987.6235,0.0,0.0,1.0,1.0,0.0,0.0,0.0,1.0,1.0,202.6578947,97.42105263,307.8947368,19.0,1851.0,19.0,5850.0,8192.0,33250.0,12.0,20.0,110684.75,184108.4191,437480.0,11477.0,9997840.25,18193.29874,10000000.0,9952907.0,Infilteration
50300.0,6.0,2018-03-01 10:40:13,2.0,1.0,1.0,0.0,0.0,0.0,0.0,0.0,0.0,0.0,0.0,0.0,0.0,0.0,1000000.0,2.0,0.0,2.0,2.0,0.0,0.0,0.0,0.0,0.0,0.0,0.0,0.0,0.0,0.0,0.0,0.0,24.0,20.0,500000.0,500000.0,0.0,0.0,0.0,0.0,0.0,0.0,0.0,0.0,1.0,0.0,0.0,0.0,0.0,1.0,0.0,0.0,0.0,1.0,0.0,1.0,0.0,1024.0,0.0,0.0,24.0,0.0,0.0,0.0,0.0,0.0,0.0,0.0,0.0,Infilteration
56391.0,17.0,2018-03-01 10:20:17,105376221.0,9.0,7.0,108.0,84.0,12.0,12.0,12.0,0.0,12.0,12.0,12.0,0.0,1.822042945,0.151836912,7025081.4,7605894.972,14900000.0,115737.0,105000000.0,13200000.0,5275586.229,15100000.0,115737.0,90100000.0,15000000.0,21598.86503,15100000.0,15000000.0,0.0,0.0,72.0,56.0,0.085408263,0.066428649,12.0,12.0,12.0,0.0,0.0,0.0,0.0,0.0,0.0,0.0,0.0,0.0,0.0,0.0,12.75,12.0,12.0,9.0,108.0,7.0,84.0,-1.0,-1.0,8.0,8.0,141583.2857,22244.1897,177849.0,115737.0,14900000.0,21574.71506,14900000.0,14800000.0,Infilteration
3389.0,6.0,2018-03-01 03:17:28,3160453.0,9.0,7.0,1148.0,1581.0,677.0,0.0,127.5555556,218.6910556,1173.0,0.0,225.8571429,430.0986044,863.4838107,5.062565398,210696.8667,387041.475,1303395.0,40.0,3160453.0,395056.625,512658.4024,1303395.0,40.0,3053970.0,508995.0,634761.434,1611416.0,106051.0,0.0,0.0,192.0,152.0,2.847693036,2.214872362,0.0,1173.0,160.5294118,312.044091,97371.51471,0.0,0.0,1.0,1.0,0.0,0.0,0.0,1.0,0.0,170.5625,127.5555556,225.8571429,9.0,1148.0,7.0,1581.0,8192.0,62852.0,5.0,20.0,0.0,0.0,0.0,0.0,0.0,0.0,0.0,0.0,Infilteration
52869.0,6.0,2018-03-01 10:22:20,519.0,1.0,1.0,0.0,0.0,0.0,0.0,0.0,0.0,0.0,0.0,0.0,0.0,0.0,3853.564547,519.0,0.0,519.0,519.0,0.0,0.0,0.0,0.0,0.0,0.0,0.0,0.0,0.0,0.0,0.0,0.0,24.0,20.0,1926.782274,1926.782274,0.0,0.0,0.0,0.0,0.0,0.0,0.0,0.0,1.0,0.0,0.0,0.0,0.0,1.0,0.0,0.0,0.0,1.0,0.0,1.0,0.0,1024.0,0.0,0.0,24.0,0.0,0.0,0.0,0.0,0.0,0.0,0.0,0.0,Infilteration
53.0,17.0,2018-03-01 03:30:40,329.0,1.0,1.0,51.0,67.0,51.0,51.0,51.0,0.0,67.0,67.0,67.0,0.0,358662.614,6079.027356,329.0,0.0,329.0,329.0,0.0,0.0,0.0,0.0,0.0,0.0,0.0,0.0,0.0,0.0,0.0,0.0,8.0,8.0,3039.513678,3039.513678,51.0,67.0,56.33333333,9.237604307,85.33333333,0.0,0.0,0.0,0.0,0.0,0.0,0.0,0.0,1.0,84.5,51.0,67.0,1.0,51.0,1.0,67.0,-1.0,-1.0,0.0,8.0,0.0,0.0,0.0,0.0,0.0,0.0,0.0,0.0,Infilteration
53.0,17.0,2018-03-01 03:20:24,1434.0,1.0,1.0,39.0,76.0,39.0,39.0,39.0,0.0,76.0,76.0,76.0,0.0,80195.25802,1394.700139,1434.0,0.0,1434.0,1434.0,0.0,0.0,0.0,0.0,0.0,0.0,0.0,0.0,0.0,0.0,0.0,0.0,8.0,8.0,697.3500697,697.3500697,39.0,76.0,51.33333333,21.36195996,456.3333333,0.0,0.0,0.0,0.0,0.0,0.0,0.0,0.0,1.0,77.0,39.0,76.0,1.0,39.0,1.0,76.0,-1.0,-1.0,0.0,8.0,0.0,0.0,0.0,0.0,0.0,0.0,0.0,0.0,Infilteration
8084.0,6.0,2018-03-01 02:40:05,244.0,1.0,1.0,0.0,0.0,0.0,0.0,0.0,0.0,0.0,0.0,0.0,0.0,0.0,8196.721311,244.0,0.0,244.0,244.0,0.0,0.0,0.0,0.0,0.0,0.0,0.0,0.0,0.0,0.0,0.0,0.0,24.0,20.0,4098.360656,4098.360656,0.0,0.0,0.0,0.0,0.0,0.0,0.0,0.0,1.0,0.0,0.0,0.0,0.0,1.0,0.0,0.0,0.0,1.0,0.0,1.0,0.0,1024.0,0.0,0.0,24.0,0.0,0.0,0.0,0.0,0.0,0.0,0.0,0.0,Infilteration
53.0,17.0,2018-03-01 10:00:21,272.0,1.0,1.0,46.0,62.0,46.0,46.0,46.0,0.0,62.0,62.0,62.0,0.0,397058.8235,7352.941176,272.0,0.0,272.0,272.0,0.0,0.0,0.0,0.0,0.0,0.0,0.0,0.0,0.0,0.0,0.0,0.0,8.0,8.0,3676.470588,3676.470588,46.0,62.0,51.33333333,9.237604307,85.33333333,0.0,0.0,0.0,0.0,0.0,0.0,0.0,0.0,1.0,77.0,46.0,62.0,1.0,46.0,1.0,62.0,-1.0,-1.0,0.0,8.0,0.0,0.0,0.0,0.0,0.0,0.0,0.0,0.0,Infilteration
51980.0,6.0,2018-03-01 02:24:18,12.0,1.0,1.0,0.0,0.0,0.0,0.0,0.0,0.0,0.0,0.0,0.0,0.0,0.0,166666.6667,12.0,0.0,12.0,12.0,0.0,0.0,0.0,0.0,0.0,0.0,0.0,0.0,0.0,0.0,0.0,0.0,20.0,20.0,83333.33333,83333.33333,0.0,0.0,0.0,0.0,0.0,0.0,0.0,0.0,0.0,1.0,1.0,0.0,0.0,1.0,0.0,0.0,0.0,1.0,0.0,1.0,0.0,180.0,254.0,0.0,20.0,0.0,0.0,0.0,0.0,0.0,0.0,0.0,0.0,Infilteration
51908.0,6.0,2018-03-01 02:35:24,9.0,1.0,1.0,0.0,0.0,0.0,0.0,0.0,0.0,0.0,0.0,0.0,0.0,0.0,222222.2222,9.0,0.0,9.0,9.0,0.0,0.0,0.0,0.0,0.0,0.0,0.0,0.0,0.0,0.0,0.0,0.0,20.0,20.0,111111.1111,111111.1111,0.0,0.0,0.0,0.0,0.0,0.0,0.0,0.0,0.0,1.0,1.0,0.0,0.0,1.0,0.0,0.0,0.0,1.0,0.0,1.0,0.0,913.0,256.0,0.0,20.0,0.0,0.0,0.0,0.0,0.0,0.0,0.0,0.0,Infilteration
1058.0,6.0,2018-03-01 10:49:48,231.0,1.0,1.0,0.0,0.0,0.0,0.0,0.0,0.0,0.0,0.0,0.0,0.0,0.0,8658.008658,231.0,0.0,231.0,231.0,0.0,0.0,0.0,0.0,0.0,0.0,0.0,0.0,0.0,0.0,0.0,0.0,24.0,20.0,4329.004329,4329.004329,0.0,0.0,0.0,0.0,0.0,0.0,0.0,0.0,1.0,0.0,0.0,0.0,0.0,1.0,0.0,0.0,0.0,1.0,0.0,1.0,0.0,1024.0,0.0,0.0,24.0,0.0,0.0,0.0,0.0,0.0,0.0,0.0,0.0,Infilteration
1114.0,6.0,2018-03-01 03:27:46,252.0,1.0,1.0,0.0,0.0,0.0,0.0,0.0,0.0,0.0,0.0,0.0,0.0,0.0,7936.507937,252.0,0.0,252.0,252.0,0.0,0.0,0.0,0.0,0.0,0.0,0.0,0.0,0.0,0.0,0.0,0.0,24.0,20.0,3968.253968,3968.253968,0.0,0.0,0.0,0.0,0.0,0.0,0.0,0.0,1.0,0.0,0.0,0.0,0.0,1.0,0.0,0.0,0.0,1.0,0.0,1.0,0.0,1024.0,0.0,0.0,24.0,0.0,0.0,0.0,0.0,0.0,0.0,0.0,0.0,Infilteration
3389.0,6.0,2018-03-01 02:09:24,5221067.0,9.0,9.0,1128.0,1581.0,661.0,0.0,125.3333333,213.4830204,1173.0,0.0,175.6666667,385.5612792,518.8594592,3.447571157,307121.5882,729610.819,3003949.0,53.0,5221067.0,652633.375,1031438.734,3035721.0,54.0,5035205.0,629400.625,998182.3866,3003949.0,88909.0,0.0,0.0,204.0,204.0,1.723785579,1.723785579,0.0,1173.0,142.5789474,296.9023999,88151.03509,0.0,0.0,1.0,1.0,0.0,0.0,0.0,1.0,1.0,150.5,125.3333333,175.6666667,9.0,1128.0,9.0,1581.0,8192.0,62872.0,5.0,20.0,0.0,0.0,0.0,0.0,0.0,0.0,0.0,0.0,Infilteration
443.0,6.0,2018-03-01 02:29:09,65217595.0,17.0,19.0,1381.0,4494.0,462.0,0.0,81.23529412,128.2100471,1430.0,0.0,236.5263158,385.5784066,90.08305197,0.551998276,1863359.857,9918088.364,58600000.0,1.0,65200000.0,4072849.188,14600000.0,58600000.0,45.0,65200000.0,3622579.389,13800000.0,58600000.0,1.0,0.0,0.0,352.0,392.0,0.260665853,0.291332423,0.0,1430.0,158.7837838,297.2727082,88371.06306,0.0,0.0,1.0,1.0,0.0,0.0,0.0,1.0,1.0,163.1944444,81.23529412,236.5263158,17.0,1381.0,19.0,4494.0,8192.0,184.0,9.0,20.0,398274.0,476032.7704,734880.0,61668.0,32200000.0,37400000.0,58600000.0,5752896.0,Infilteration
53.0,17.0,2018-03-01 02:36:19,170969.0,2.0,2.0,68.0,194.0,34.0,34.0,34.0,0.0,97.0,97.0,97.0,0.0,1532.441554,23.39605426,56989.66667,49355.72243,85832.0,0.0,85137.0,85137.0,0.0,85137.0,85137.0,0.0,0.0,0.0,0.0,0.0,0.0,0.0,16.0,16.0,11.69802713,11.69802713,34.0,97.0,59.2,34.50652112,1190.7,0.0,0.0,0.0,0.0,0.0,0.0,0.0,0.0,1.0,74.0,34.0,97.0,2.0,68.0,2.0,194.0,-1.0,-1.0,1.0,8.0,0.0,0.0,0.0,0.0,0.0,0.0,0.0,0.0,Infilteration
53.0,17.0,2018-03-01 02:48:32,302.0,1.0,1.0,42.0,58.0,42.0,42.0,42.0,0.0,58.0,58.0,58.0,0.0,331125.8278,6622.516556,302.0,0.0,302.0,302.0,0.0,0.0,0.0,0.0,0.0,0.0,0.0,0.0,0.0,0.0,0.0,0.0,8.0,8.0,3311.258278,3311.258278,42.0,58.0,47.33333333,9.237604307,85.33333333,0.0,0.0,0.0,0.0,0.0,0.0,0.0,0.0,1.0,71.0,42.0,58.0,1.0,42.0,1.0,58.0,-1.0,-1.0,0.0,8.0,0.0,0.0,0.0,0.0,0.0,0.0,0.0,0.0,Infilteration
0.0,0.0,2018-03-01 10:46:17,105014.0,5.0,0.0,0.0,0.0,0.0,0.0,0.0,0.0,0.0,0.0,0.0,0.0,0.0,47.61269926,26253.5,44234.12986,92433.0,223.0,105014.0,26253.5,44234.12986,92433.0,223.0,0.0,0.0,0.0,0.0,0.0,0.0,0.0,0.0,0.0,47.61269926,0.0,0.0,0.0,0.0,0.0,0.0,0.0,0.0,0.0,0.0,0.0,0.0,0.0,0.0,0.0,0.0,0.0,0.0,5.0,0.0,0.0,0.0,-1.0,-1.0,0.0,0.0,0.0,0.0,0.0,0.0,0.0,0.0,0.0,0.0,Infilteration
3389.0,6.0,2018-03-01 10:46:35,1978155.0,8.0,8.0,1132.0,1581.0,661.0,0.0,141.5,222.7920235,1173.0,0.0,197.625,406.121705,1371.47999,8.088344948,131877.0,329529.2476,1315669.0,4.0,1978155.0,282593.5714,505832.2947,1416281.0,4.0,1915357.0,273622.4286,460069.055,1315669.0,73893.0,0.0,0.0,168.0,168.0,4.044172474,4.044172474,0.0,1173.0,159.5882353,310.4088149,96353.63235,0.0,0.0,0.0,1.0,0.0,0.0,0.0,0.0,1.0,169.5625,141.5,197.625,8.0,1132.0,8.0,1581.0,8192.0,62868.0,5.0,20.0,0.0,0.0,0.0,0.0,0.0,0.0,0.0,0.0,Infilteration
53.0,17.0,2018-03-01 03:36:54,37430.0,2.0,2.0,80.0,278.0,40.0,40.0,40.0,0.0,139.0,139.0,139.0,0.0,9564.520438,106.8661501,12476.66667,21288.29872,37058.0,85.0,37143.0,37143.0,0.0,37143.0,37143.0,372.0,372.0,0.0,372.0,372.0,0.0,0.0,16.0,16.0,53.43307507,53.43307507,40.0,139.0,79.6,54.22453319,2940.3,0.0,0.0,0.0,0.0,0.0,0.0,0.0,0.0,1.0,99.5,40.0,139.0,2.0,80.0,2.0,278.0,-1.0,-1.0,1.0,8.0,0.0,0.0,0.0,0.0,0.0,0.0,0.0,0.0,Infilteration
1131.0,6.0,2018-03-01 10:22:20,2.0,1.0,1.0,0.0,0.0,0.0,0.0,0.0,0.0,0.0,0.0,0.0,0.0,0.0,1000000.0,2.0,0.0,2.0,2.0,0.0,0.0,0.0,0.0,0.0,0.0,0.0,0.0,0.0,0.0,0.0,0.0,24.0,20.0,500000.0,500000.0,0.0,0.0,0.0,0.0,0.0,0.0,0.0,0.0,1.0,0.0,0.0,0.0,0.0,1.0,0.0,0.0,0.0,1.0,0.0,1.0,0.0,1024.0,0.0,0.0,24.0,0.0,0.0,0.0,0.0,0.0,0.0,0.0,0.0,Infilteration
53.0,17.0,2018-03-01 10:45:02,23409.0,2.0,2.0,94.0,264.0,47.0,47.0,47.0,0.0,132.0,132.0,132.0,0.0,15293.26327,170.87445,7803.0,8809.599537,17561.0,435.0,22974.0,22974.0,0.0,22974.0,22974.0,5848.0,5848.0,0.0,5848.0,5848.0,0.0,0.0,16.0,16.0,85.437225,85.437225,47.0,132.0,81.0,46.55641739,2167.5,0.0,0.0,0.0,0.0,0.0,0.0,0.0,0.0,1.0,101.25,47.0,132.0,2.0,94.0,2.0,264.0,-1.0,-1.0,1.0,8.0,0.0,0.0,0.0,0.0,0.0,0.0,0.0,0.0,Infilteration
443.0,6.0,2018-03-01 02:58:45,207.0,3.0,0.0,77.0,0.0,46.0,0.0,25.66666667,23.45918441,0.0,0.0,0.0,0.0,371980.6763,14492.75362,103.5,122.3294731,190.0,17.0,207.0,103.5,122.3294731,190.0,17.0,0.0,0.0,0.0,0.0,0.0,1.0,0.0,60.0,0.0,14492.75362,0.0,0.0,46.0,30.75,21.68524844,470.25,0.0,1.0,0.0,0.0,1.0,0.0,0.0,0.0,0.0,41.0,25.66666667,0.0,3.0,77.0,0.0,0.0,256.0,-1.0,1.0,20.0,0.0,0.0,0.0,0.0,0.0,0.0,0.0,0.0,Infilteration
1914.0,6.0,2018-03-01 10:22:20,275.0,1.0,1.0,0.0,0.0,0.0,0.0,0.0,0.0,0.0,0.0,0.0,0.0,0.0,7272.727273,275.0,0.0,275.0,275.0,0.0,0.0,0.0,0.0,0.0,0.0,0.0,0.0,0.0,0.0,0.0,0.0,24.0,20.0,3636.363636,3636.363636,0.0,0.0,0.0,0.0,0.0,0.0,0.0,0.0,1.0,0.0,0.0,0.0,0.0,1.0,0.0,0.0,0.0,1.0,0.0,1.0,0.0,1024.0,0.0,0.0,24.0,0.0,0.0,0.0,0.0,0.0,0.0,0.0,0.0,Infilteration
53.0,17.0,2018-03-01 10:54:45,35408.0,2.0,2.0,80.0,194.0,40.0,40.0,40.0,0.0,97.0,97.0,97.0,0.0,7738.364211,112.9688206,11802.66667,10285.3512,19116.0,42.0,16250.0,16250.0,0.0,16250.0,16250.0,42.0,42.0,0.0,42.0,42.0,0.0,0.0,16.0,16.0,56.4844103,56.4844103,40.0,97.0,62.8,31.22018578,974.7,0.0,0.0,0.0,0.0,0.0,0.0,0.0,0.0,1.0,78.5,40.0,97.0,2.0,80.0,2.0,194.0,-1.0,-1.0,1.0,8.0,0.0,0.0,0.0,0.0,0.0,0.0,0.0,0.0,Infilteration
22.0,6.0,2018-03-01 10:40:14,187562.0,2.0,0.0,0.0,0.0,0.0,0.0,0.0,0.0,0.0,0.0,0.0,0.0,0.0,10.66314072,187562.0,0.0,187562.0,187562.0,187562.0,187562.0,0.0,187562.0,187562.0,0.0,0.0,0.0,0.0,0.0,1.0,1.0,80.0,0.0,10.66314072,0.0,0.0,0.0,0.0,0.0,0.0,0.0,1.0,0.0,1.0,0.0,1.0,1.0,0.0,0.0,0.0,0.0,0.0,2.0,0.0,0.0,0.0,256.0,-1.0,0.0,40.0,0.0,0.0,0.0,0.0,0.0,0.0,0.0,0.0,Infilteration
23502.0,6.0,2018-03-01 10:52:02,291.0,1.0,1.0,0.0,0.0,0.0,0.0,0.0,0.0,0.0,0.0,0.0,0.0,0.0,6872.852234,291.0,0.0,291.0,291.0,0.0,0.0,0.0,0.0,0.0,0.0,0.0,0.0,0.0,0.0,0.0,0.0,24.0,20.0,3436.426117,3436.426117,0.0,0.0,0.0,0.0,0.0,0.0,0.0,0.0,1.0,0.0,0.0,0.0,0.0,1.0,0.0,0.0,0.0,1.0,0.0,1.0,0.0,1024.0,0.0,0.0,24.0,0.0,0.0,0.0,0.0,0.0,0.0,0.0,0.0,Infilteration
3389.0,6.0,2018-03-01 10:13:22,1777843.0,8.0,7.0,1128.0,1581.0,661.0,0.0,141.0,222.6233206,1173.0,0.0,225.8571429,430.0986044,1523.756597,8.437190461,126988.7857,245577.9052,953128.0,38.0,1777843.0,253977.5714,389084.5048,1129137.0,38.0,1655837.0,275972.8333,333304.2451,953128.0,111670.0,0.0,0.0,172.0,152.0,4.499834912,3.937355548,0.0,1173.0,169.3125,317.731274,100953.1625,0.0,0.0,1.0,1.0,0.0,0.0,0.0,1.0,0.0,180.6,141.0,225.8571429,8.0,1128.0,7.0,1581.0,8192.0,62872.0,5.0,20.0,0.0,0.0,0.0,0.0,0.0,0.0,0.0,0.0,Infilteration
53.0,17.0,2018-03-01 03:24:40,965.0,1.0,1.0,44.0,198.0,44.0,44.0,44.0,0.0,198.0,198.0,198.0,0.0,250777.2021,2072.53886,965.0,0.0,965.0,965.0,0.0,0.0,0.0,0.0,0.0,0.0,0.0,0.0,0.0,0.0,0.0,0.0,8.0,8.0,1036.26943,1036.26943,44.0,198.0,95.33333333,88.91194146,7905.333333,0.0,0.0,0.0,0.0,0.0,0.0,0.0,0.0,1.0,143.0,44.0,198.0,1.0,44.0,1.0,198.0,-1.0,-1.0,0.0,8.0,0.0,0.0,0.0,0.0,0.0,0.0,0.0,0.0,Infilteration
443.0,6.0,2018-03-01 10:36:20,119932608.0,9.0,7.0,987.0,1039.0,288.0,0.0,109.6666667,139.5170241,325.0,0.0,148.4285714,165.6832894,16.89282034,0.133408255,7995507.2,14600000.0,39900000.0,404.0,120000000.0,15000000.0,17500000.0,39900000.0,61750.0,120000000.0,20000000.0,17700000.0,40000000.0,404.0,1.0,0.0,180.0,140.0,0.075042144,0.058366112,0.0,325.0,126.4117647,142.8185294,20397.13235,0.0,1.0,0.0,0.0,1.0,0.0,0.0,0.0,0.0,134.3125,109.6666667,148.4285714,9.0,987.0,7.0,1039.0,252.0,205.0,3.0,20.0,94900.75,61828.49023,186615.0,54597.0,29900000.0,11100000.0,39900000.0,19700000.0,Infilteration
53.0,17.0,2018-03-01 02:29:11,86375.0,1.0,1.0,49.0,104.0,49.0,49.0,49.0,0.0,104.0,104.0,104.0,0.0,1771.345876,23.15484805,86375.0,0.0,86375.0,86375.0,0.0,0.0,0.0,0.0,0.0,0.0,0.0,0.0,0.0,0.0,0.0,0.0,8.0,8.0,11.57742402,11.57742402,49.0,104.0,67.33333333,31.75426481,1008.333333,0.0,0.0,0.0,0.0,0.0,0.0,0.0,0.0,1.0,101.0,49.0,104.0,1.0,49.0,1.0,104.0,-1.0,-1.0,0.0,8.0,0.0,0.0,0.0,0.0,0.0,0.0,0.0,0.0,Infilteration
53.0,17.0,2018-03-01 03:17:01,26540.0,1.0,1.0,31.0,180.0,31.0,31.0,31.0,0.0,180.0,180.0,180.0,0.0,7950.263753,75.35795026,26540.0,0.0,26540.0,26540.0,0.0,0.0,0.0,0.0,0.0,0.0,0.0,0.0,0.0,0.0,0.0,0.0,8.0,8.0,37.67897513,37.67897513,31.0,180.0,80.66666667,86.02519011,7400.333333,0.0,0.0,0.0,0.0,0.0,0.0,0.0,0.0,1.0,121.0,31.0,180.0,1.0,31.0,1.0,180.0,-1.0,-1.0,0.0,8.0,0.0,0.0,0.0,0.0,0.0,0.0,0.0,0.0,Infilteration
22.0,6.0,2018-03-01 10:22:20,6232.0,3.0,2.0,0.0,41.0,0.0,0.0,0.0,0.0,41.0,0.0,20.5,28.99137803,6578.947368,802.3106547,1558.0,2098.008738,4612.0,32.0,6232.0,3116.0,3856.560385,5843.0,389.0,4969.0,4969.0,0.0,4969.0,4969.0,0.0,0.0,72.0,52.0,481.3863928,320.9242619,0.0,41.0,6.833333333,16.73817991,280.1666667,0.0,0.0,1.0,1.0,0.0,0.0,0.0,1.0,0.0,8.2,0.0,20.5,3.0,0.0,2.0,41.0,8192.0,211.0,0.0,20.0,0.0,0.0,0.0,0.0,0.0,0.0,0.0,0.0,Infilteration
443.0,6.0,2018-03-01 03:11:06,215.0,3.0,0.0,46.0,0.0,46.0,0.0,15.33333333,26.55811238,0.0,0.0,0.0,0.0,213953.4884,13953.48837,107.5,10.60660172,115.0,100.0,215.0,107.5,10.60660172,115.0,100.0,0.0,0.0,0.0,0.0,0.0,0.0,0.0,60.0,0.0,13953.48837,0.0,0.0,46.0,11.5,23.0,529.0,0.0,0.0,0.0,0.0,1.0,0.0,0.0,0.0,0.0,15.33333333,15.33333333,0.0,3.0,46.0,0.0,0.0,252.0,-1.0,1.0,20.0,0.0,0.0,0.0,0.0,0.0,0.0,0.0,0.0,Infilteration
51658.0,6.0,2018-03-01 02:24:42,28.0,1.0,1.0,0.0,0.0,0.0,0.0,0.0,0.0,0.0,0.0,0.0,0.0,0.0,71428.57143,28.0,0.0,28.0,28.0,0.0,0.0,0.0,0.0,0.0,0.0,0.0,0.0,0.0,0.0,0.0,0.0,20.0,20.0,35714.28571,35714.28571,0.0,0.0,0.0,0.0,0.0,0.0,0.0,0.0,0.0,1.0,1.0,0.0,0.0,1.0,0.0,0.0,0.0,1.0,0.0,1.0,0.0,31418.0,63948.0,0.0,20.0,0.0,0.0,0.0,0.0,0.0,0.0,0.0,0.0,Infilteration
80.0,6.0,2018-03-01 10:09:56,5444108.0,3.0,1.0,0.0,0.0,0.0,0.0,0.0,0.0,0.0,0.0,0.0,0.0,0.0,0.734739281,1814702.667,3115206.489,5411785.0,22.0,5444108.0,2722054.0,3803854.059,5411785.0,32323.0,0.0,0.0,0.0,0.0,0.0,0.0,0.0,72.0,32.0,0.551054461,0.18368482,0.0,0.0,0.0,0.0,0.0,0.0,0.0,1.0,1.0,0.0,0.0,0.0,1.0,0.0,0.0,0.0,0.0,3.0,0.0,1.0,0.0,8192.0,29200.0,0.0,20.0,0.0,0.0,0.0,0.0,0.0,0.0,0.0,0.0,Infilteration
53.0,17.0,2018-03-01 02:21:26,91444.0,2.0,2.0,74.0,444.0,37.0,37.0,37.0,0.0,222.0,222.0,222.0,0.0,5664.669087,43.74261843,30481.33333,31441.41953,62828.0,31.0,28585.0,28585.0,0.0,28585.0,28585.0,31.0,31.0,0.0,31.0,31.0,0.0,0.0,16.0,16.0,21.87130922,21.87130922,37.0,222.0,111.0,101.3286731,10267.5,0.0,0.0,0.0,0.0,0.0,0.0,0.0,0.0,1.0,138.75,37.0,222.0,2.0,74.0,2.0,444.0,-1.0,-1.0,1.0,8.0,0.0,0.0,0.0,0.0,0.0,0.0,0.0,0.0,Infilteration
53.0,17.0,2018-03-01 10:31:00,5028.0,1.0,1.0,40.0,139.0,40.0,40.0,40.0,0.0,139.0,139.0,139.0,0.0,35600.63644,397.7724741,5028.0,0.0,5028.0,5028.0,0.0,0.0,0.0,0.0,0.0,0.0,0.0,0.0,0.0,0.0,0.0,0.0,8.0,8.0,198.8862371,198.8862371,40.0,139.0,73.0,57.15767665,3267.0,0.0,0.0,0.0,0.0,0.0,0.0,0.0,0.0,1.0,109.5,40.0,139.0,1.0,40.0,1.0,139.0,-1.0,-1.0,0.0,8.0,0.0,0.0,0.0,0.0,0.0,0.0,0.0,0.0,Infilteration
53.0,17.0,2018-03-01 10:01:56,440.0,1.0,1.0,31.0,47.0,31.0,31.0,31.0,0.0,47.0,47.0,47.0,0.0,177272.7273,4545.454545,440.0,0.0,440.0,440.0,0.0,0.0,0.0,0.0,0.0,0.0,0.0,0.0,0.0,0.0,0.0,0.0,8.0,8.0,2272.727273,2272.727273,31.0,47.0,36.33333333,9.237604307,85.33333333,0.0,0.0,0.0,0.0,0.0,0.0,0.0,0.0,1.0,54.5,31.0,47.0,1.0,31.0,1.0,47.0,-1.0,-1.0,0.0,8.0,0.0,0.0,0.0,0.0,0.0,0.0,0.0,0.0,Infilteration
1433.0,6.0,2018-03-01 10:48:08,3015259.0,2.0,0.0,0.0,0.0,0.0,0.0,0.0,0.0,0.0,0.0,0.0,0.0,0.0,0.663292938,3015259.0,0.0,3015259.0,3015259.0,3015259.0,3015259.0,0.0,3015259.0,3015259.0,0.0,0.0,0.0,0.0,0.0,0.0,0.0,64.0,0.0,0.663292938,0.0,0.0,0.0,0.0,0.0,0.0,0.0,0.0,1.0,1.0,0.0,0.0,0.0,1.0,0.0,0.0,0.0,0.0,2.0,0.0,0.0,0.0,8192.0,-1.0,0.0,32.0,0.0,0.0,0.0,0.0,0.0,0.0,0.0,0.0,Infilteration
53.0,17.0,2018-03-01 10:34:25,22973.0,1.0,1.0,53.0,114.0,53.0,53.0,53.0,0.0,114.0,114.0,114.0,0.0,7269.403212,87.05872111,22973.0,0.0,22973.0,22973.0,0.0,0.0,0.0,0.0,0.0,0.0,0.0,0.0,0.0,0.0,0.0,0.0,8.0,8.0,43.52936055,43.52936055,53.0,114.0,73.33333333,35.21836642,1240.333333,0.0,0.0,0.0,0.0,0.0,0.0,0.0,0.0,1.0,110.0,53.0,114.0,1.0,53.0,1.0,114.0,-1.0,-1.0,0.0,8.0,0.0,0.0,0.0,0.0,0.0,0.0,0.0,0.0,Infilteration
443.0,6.0,2018-03-01 10:00:58,119376481.0,70.0,161.0,15866.0,30274.0,1375.0,0.0,226.6571429,502.1395639,1129.0,0.0,188.0372671,304.4167146,386.5082939,1.935054527,519028.1783,906399.7984,3055896.0,0.0,119000000.0,1730093.928,1026441.634,3171817.0,97932.0,119000000.0,745791.0125,1048422.025,3107998.0,0.0,0.0,0.0,1400.0,3220.0,0.58638016,1.348674367,0.0,1375.0,198.8793103,374.1516385,139989.4486,0.0,0.0,0.0,0.0,1.0,0.0,0.0,0.0,2.0,199.7402597,226.6571429,188.0372671,70.0,15866.0,161.0,30274.0,5564.0,5565.0,12.0,20.0,0.0,0.0,0.0,0.0,0.0,0.0,0.0,0.0,Infilteration
6565.0,6.0,2018-03-01 02:42:15,192.0,1.0,1.0,0.0,0.0,0.0,0.0,0.0,0.0,0.0,0.0,0.0,0.0,0.0,10416.66667,192.0,0.0,192.0,192.0,0.0,0.0,0.0,0.0,0.0,0.0,0.0,0.0,0.0,0.0,0.0,0.0,24.0,20.0,5208.333333,5208.333333,0.0,0.0,0.0,0.0,0.0,0.0,0.0,0.0,1.0,0.0,0.0,0.0,0.0,1.0,0.0,0.0,0.0,1.0,0.0,1.0,0.0,1024.0,0.0,0.0,24.0,0.0,0.0,0.0,0.0,0.0,0.0,0.0,0.0,Infilteration
445.0,6.0,2018-03-01 10:48:46,21037166.0,1.0,4.0,0.0,0.0,0.0,0.0,0.0,0.0,0.0,0.0,0.0,0.0,0.0,0.237674599,5259291.5,5129972.988,12000000.0,44.0,0.0,0.0,0.0,0.0,0.0,21000000.0,7012374.0,4586408.702,12000000.0,3006400.0,0.0,0.0,24.0,92.0,0.04753492,0.190139679,0.0,0.0,0.0,0.0,0.0,0.0,0.0,0.0,1.0,0.0,0.0,0.0,0.0,4.0,0.0,0.0,0.0,1.0,0.0,4.0,0.0,1024.0,0.0,0.0,24.0,3006444.0,0.0,3006444.0,3006444.0,9015361.0,4242469.567,12000000.0,6015482.0,Infilteration
53.0,17.0,2018-03-01 10:21:36,1099.0,1.0,1.0,60.0,132.0,60.0,60.0,60.0,0.0,132.0,132.0,132.0,0.0,174704.2766,1819.836215,1099.0,0.0,1099.0,1099.0,0.0,0.0,0.0,0.0,0.0,0.0,0.0,0.0,0.0,0.0,0.0,0.0,8.0,8.0,909.9181074,909.9181074,60.0,132.0,84.0,41.56921938,1728.0,0.0,0.0,0.0,0.0,0.0,0.0,0.0,0.0,1.0,126.0,60.0,132.0,1.0,60.0,1.0,132.0,-1.0,-1.0,0.0,8.0,0.0,0.0,0.0,0.0,0.0,0.0,0.0,0.0,Infilteration
8652.0,6.0,2018-03-01 10:27:15,242.0,1.0,1.0,0.0,0.0,0.0,0.0,0.0,0.0,0.0,0.0,0.0,0.0,0.0,8264.46281,242.0,0.0,242.0,242.0,0.0,0.0,0.0,0.0,0.0,0.0,0.0,0.0,0.0,0.0,0.0,0.0,24.0,20.0,4132.231405,4132.231405,0.0,0.0,0.0,0.0,0.0,0.0,0.0,0.0,1.0,0.0,0.0,0.0,0.0,1.0,0.0,0.0,0.0,1.0,0.0,1.0,0.0,1024.0,0.0,0.0,24.0,0.0,0.0,0.0,0.0,0.0,0.0,0.0,0.0,Infilteration
135.0,6.0,2018-03-01 10:19:32,21037736.0,2.0,5.0,0.0,0.0,0.0,0.0,0.0,0.0,0.0,0.0,0.0,0.0,0.0,0.332735424,3506289.333,4775926.758,12000000.0,465.0,2671571.0,2671571.0,0.0,2671571.0,2671571.0,21000000.0,5259313.5,5071907.637,12000000.0,334358.0,0.0,0.0,80.0,168.0,0.095067264,0.23766816,0.0,0.0,0.0,0.0,0.0,0.0,0.0,0.0,1.0,0.0,0.0,0.0,0.0,2.0,0.0,0.0,0.0,2.0,0.0,5.0,0.0,1.0,0.0,0.0,40.0,3006394.0,0.0,3006394.0,3006394.0,9015671.0,4242712.812,12000000.0,6015620.0,Infilteration
53.0,17.0,2018-03-01 03:28:27,38071.0,2.0,2.0,102.0,158.0,51.0,51.0,51.0,0.0,79.0,79.0,79.0,0.0,6829.345171,105.0668488,12690.33333,21577.79007,37606.0,142.0,37748.0,37748.0,0.0,37748.0,37748.0,465.0,465.0,0.0,465.0,465.0,0.0,0.0,16.0,16.0,52.53342439,52.53342439,51.0,79.0,62.2,15.33623161,235.2,0.0,0.0,0.0,0.0,0.0,0.0,0.0,0.0,1.0,77.75,51.0,79.0,2.0,102.0,2.0,158.0,-1.0,-1.0,1.0,8.0,0.0,0.0,0.0,0.0,0.0,0.0,0.0,0.0,Infilteration
52043.0,6.0,2018-03-01 02:47:53,80.0,1.0,1.0,0.0,0.0,0.0,0.0,0.0,0.0,0.0,0.0,0.0,0.0,0.0,25000.0,80.0,0.0,80.0,80.0,0.0,0.0,0.0,0.0,0.0,0.0,0.0,0.0,0.0,0.0,0.0,0.0,20.0,20.0,12500.0,12500.0,0.0,0.0,0.0,0.0,0.0,0.0,0.0,0.0,0.0,1.0,0.0,0.0,0.0,1.0,0.0,0.0,0.0,1.0,0.0,1.0,0.0,946.0,0.0,0.0,20.0,0.0,0.0,0.0,0.0,0.0,0.0,0.0,0.0,Infilteration
53.0,17.0,2018-03-01 02:47:05,25336.0,2.0,2.0,90.0,222.0,45.0,45.0,45.0,0.0,111.0,111.0,111.0,0.0,12314.49321,157.8781181,8445.333333,13973.00313,24574.0,1.0,24574.0,24574.0,0.0,24574.0,24574.0,1.0,1.0,0.0,1.0,1.0,0.0,0.0,16.0,16.0,78.93905905,78.93905905,45.0,111.0,71.4,36.1496888,1306.8,0.0,0.0,0.0,0.0,0.0,0.0,0.0,0.0,1.0,89.25,45.0,111.0,2.0,90.0,2.0,222.0,-1.0,-1.0,1.0,8.0,0.0,0.0,0.0,0.0,0.0,0.0,0.0,0.0,Infilteration
3389.0,6.0,2018-03-01 10:18:56,2824256.0,9.0,10.0,1333.0,3047.0,661.0,0.0,148.1111111,209.3349257,1173.0,0.0,304.7,471.4453073,1550.850914,6.727435473,156903.1111,234710.8348,953131.0,4.0,2824256.0,353032.0,381627.5416,1186228.0,4.0,2653307.0,294811.8889,272012.497,953131.0,51033.0,0.0,0.0,192.0,224.0,3.186679961,3.540755512,0.0,1173.0,219.0,364.0089646,132502.5263,0.0,0.0,1.0,1.0,0.0,0.0,0.0,1.0,1.0,230.5263158,148.1111111,304.7,9.0,1333.0,10.0,3047.0,8192.0,62872.0,6.0,20.0,0.0,0.0,0.0,0.0,0.0,0.0,0.0,0.0,Infilteration
5666.0,6.0,2018-03-01 10:22:20,243.0,1.0,1.0,0.0,0.0,0.0,0.0,0.0,0.0,0.0,0.0,0.0,0.0,0.0,8230.452675,243.0,0.0,243.0,243.0,0.0,0.0,0.0,0.0,0.0,0.0,0.0,0.0,0.0,0.0,0.0,0.0,24.0,20.0,4115.226337,4115.226337,0.0,0.0,0.0,0.0,0.0,0.0,0.0,0.0,1.0,0.0,0.0,0.0,0.0,1.0,0.0,0.0,0.0,1.0,0.0,1.0,0.0,1024.0,0.0,0.0,24.0,0.0,0.0,0.0,0.0,0.0,0.0,0.0,0.0,Infilteration
65129.0,6.0,2018-03-01 10:47:38,2.0,1.0,1.0,0.0,0.0,0.0,0.0,0.0,0.0,0.0,0.0,0.0,0.0,0.0,1000000.0,2.0,0.0,2.0,2.0,0.0,0.0,0.0,0.0,0.0,0.0,0.0,0.0,0.0,0.0,0.0,0.0,24.0,20.0,500000.0,500000.0,0.0,0.0,0.0,0.0,0.0,0.0,0.0,0.0,1.0,0.0,0.0,0.0,0.0,1.0,0.0,0.0,0.0,1.0,0.0,1.0,0.0,1024.0,0.0,0.0,24.0,0.0,0.0,0.0,0.0,0.0,0.0,0.0,0.0,Infilteration
443.0,6.0,2018-03-01 02:47:44,118961863.0,22.0,26.0,1793.0,4498.0,629.0,0.0,81.5,143.7437369,1430.0,0.0,173.0,380.9405203,52.88249395,0.403490655,2531103.468,11900000.0,58600000.0,1.0,119000000.0,5664850.619,17600000.0,58600000.0,79.0,119000000.0,4754112.6,16200000.0,58600000.0,1.0,0.0,0.0,452.0,532.0,0.184933217,0.218557438,0.0,1430.0,128.3877551,295.0422156,87049.90901,0.0,0.0,1.0,1.0,0.0,0.0,0.0,1.0,1.0,131.0625,81.5,173.0,22.0,1793.0,26.0,4498.0,8192.0,191.0,12.0,20.0,880691.5,1091098.997,1652215.0,109168.0,58500000.0,44481.25918,58600000.0,58500000.0,Infilteration
4224.0,6.0,2018-03-01 02:37:54,2.0,1.0,1.0,0.0,0.0,0.0,0.0,0.0,0.0,0.0,0.0,0.0,0.0,0.0,1000000.0,2.0,0.0,2.0,2.0,0.0,0.0,0.0,0.0,0.0,0.0,0.0,0.0,0.0,0.0,0.0,0.0,24.0,20.0,500000.0,500000.0,0.0,0.0,0.0,0.0,0.0,0.0,0.0,0.0,1.0,0.0,0.0,0.0,0.0,1.0,0.0,0.0,0.0,1.0,0.0,1.0,0.0,1024.0,0.0,0.0,24.0,0.0,0.0,0.0,0.0,0.0,0.0,0.0,0.0,Infilteration
0.0,0.0,2018-03-01 02:59:54,112638850.0,3.0,0.0,0.0,0.0,0.0,0.0,0.0,0.0,0.0,0.0,0.0,0.0,0.0,0.026633795,56300000.0,11.3137085,56300000.0,56300000.0,113000000.0,56300000.0,11.3137085,56300000.0,56300000.0,0.0,0.0,0.0,0.0,0.0,0.0,0.0,0.0,0.0,0.026633795,0.0,0.0,0.0,0.0,0.0,0.0,0.0,0.0,0.0,0.0,0.0,0.0,0.0,0.0,0.0,0.0,0.0,0.0,3.0,0.0,0.0,0.0,-1.0,-1.0,0.0,0.0,0.0,0.0,0.0,0.0,56300000.0,11.3137085,56300000.0,56300000.0,Infilteration
38292.0,6.0,2018-03-01 10:14:19,300.0,1.0,1.0,0.0,0.0,0.0,0.0,0.0,0.0,0.0,0.0,0.0,0.0,0.0,6666.666667,300.0,0.0,300.0,300.0,0.0,0.0,0.0,0.0,0.0,0.0,0.0,0.0,0.0,0.0,0.0,0.0,24.0,20.0,3333.333333,3333.333333,0.0,0.0,0.0,0.0,0.0,0.0,0.0,0.0,1.0,0.0,0.0,0.0,0.0,1.0,0.0,0.0,0.0,1.0,0.0,1.0,0.0,1024.0,0.0,0.0,24.0,0.0,0.0,0.0,0.0,0.0,0.0,0.0,0.0,Infilteration
80.0,6.0,2018-03-01 03:10:35,115726565.0,16.0,14.0,443.0,706.0,432.0,0.0,27.6875,107.8175736,706.0,0.0,50.42857143,188.6864368,9.928576036,0.25923175,3990571.207,4841886.237,10000000.0,18.0,116000000.0,7715104.333,4186854.061,10100000.0,182.0,111000000.0,8558070.462,3754433.352,10100000.0,95786.0,0.0,0.0,332.0,424.0,0.138256933,0.120974817,0.0,706.0,37.06451613,146.3425059,21416.12903,0.0,0.0,1.0,1.0,0.0,0.0,0.0,1.0,0.0,38.3,27.6875,50.42857143,16.0,443.0,14.0,706.0,8192.0,172.0,12.0,20.0,118816.4545,76743.27724,350206.0,95593.0,9995262.273,17444.46013,10000000.0,9942687.0,Infilteration
70.0,6.0,2018-03-01 10:51:58,253.0,1.0,1.0,0.0,0.0,0.0,0.0,0.0,0.0,0.0,0.0,0.0,0.0,0.0,7905.13834,253.0,0.0,253.0,253.0,0.0,0.0,0.0,0.0,0.0,0.0,0.0,0.0,0.0,0.0,0.0,0.0,24.0,20.0,3952.56917,3952.56917,0.0,0.0,0.0,0.0,0.0,0.0,0.0,0.0,1.0,0.0,0.0,0.0,0.0,1.0,0.0,0.0,0.0,1.0,0.0,1.0,0.0,1024.0,0.0,0.0,24.0,0.0,0.0,0.0,0.0,0.0,0.0,0.0,0.0,Infilteration
259.0,6.0,2018-03-01 10:27:15,233.0,1.0,1.0,0.0,0.0,0.0,0.0,0.0,0.0,0.0,0.0,0.0,0.0,0.0,8583.690987,233.0,0.0,233.0,233.0,0.0,0.0,0.0,0.0,0.0,0.0,0.0,0.0,0.0,0.0,0.0,0.0,24.0,20.0,4291.845494,4291.845494,0.0,0.0,0.0,0.0,0.0,0.0,0.0,0.0,1.0,0.0,0.0,0.0,0.0,1.0,0.0,0.0,0.0,1.0,0.0,1.0,0.0,1024.0,0.0,0.0,24.0,0.0,0.0,0.0,0.0,0.0,0.0,0.0,0.0,Infilteration
41213.0,6.0,2018-03-01 03:31:31,656363.0,4.0,0.0,0.0,0.0,0.0,0.0,0.0,0.0,0.0,0.0,0.0,0.0,0.0,6.094188734,218787.6667,97.1716694,218853.0,218676.0,656363.0,218787.6667,97.1716694,218853.0,218676.0,0.0,0.0,0.0,0.0,0.0,0.0,0.0,160.0,0.0,6.094188734,0.0,0.0,0.0,0.0,0.0,0.0,0.0,0.0,0.0,0.0,1.0,0.0,0.0,0.0,0.0,0.0,0.0,0.0,4.0,0.0,0.0,0.0,32768.0,-1.0,0.0,40.0,0.0,0.0,0.0,0.0,0.0,0.0,0.0,0.0,Infilteration
139.0,6.0,2018-03-01 03:32:25,2955.0,2.0,0.0,0.0,0.0,0.0,0.0,0.0,0.0,0.0,0.0,0.0,0.0,0.0,676.8189509,2955.0,0.0,2955.0,2955.0,2955.0,2955.0,0.0,2955.0,2955.0,0.0,0.0,0.0,0.0,0.0,0.0,0.0,40.0,0.0,676.8189509,0.0,0.0,0.0,0.0,0.0,0.0,0.0,0.0,0.0,0.0,1.0,0.0,0.0,0.0,0.0,0.0,0.0,0.0,2.0,0.0,0.0,0.0,2240.0,-1.0,0.0,20.0,0.0,0.0,0.0,0.0,0.0,0.0,0.0,0.0,Infilteration
5355.0,17.0,2018-03-01 10:29:27,416029.0,2.0,0.0,66.0,0.0,33.0,33.0,33.0,0.0,0.0,0.0,0.0,0.0,158.6427869,4.807357179,416029.0,0.0,416029.0,416029.0,416029.0,416029.0,0.0,416029.0,416029.0,0.0,0.0,0.0,0.0,0.0,0.0,0.0,16.0,0.0,4.807357179,0.0,33.0,33.0,33.0,0.0,0.0,0.0,0.0,0.0,0.0,0.0,0.0,0.0,0.0,0.0,49.5,33.0,0.0,2.0,66.0,0.0,0.0,-1.0,-1.0,1.0,8.0,0.0,0.0,0.0,0.0,0.0,0.0,0.0,0.0,Infilteration
1056.0,6.0,2018-03-01 10:49:48,274.0,1.0,1.0,0.0,0.0,0.0,0.0,0.0,0.0,0.0,0.0,0.0,0.0,0.0,7299.270073,274.0,0.0,274.0,274.0,0.0,0.0,0.0,0.0,0.0,0.0,0.0,0.0,0.0,0.0,0.0,0.0,24.0,20.0,3649.635036,3649.635036,0.0,0.0,0.0,0.0,0.0,0.0,0.0,0.0,1.0,0.0,0.0,0.0,0.0,1.0,0.0,0.0,0.0,1.0,0.0,1.0,0.0,1024.0,0.0,0.0,24.0,0.0,0.0,0.0,0.0,0.0,0.0,0.0,0.0,Infilteration
2100.0,6.0,2018-03-01 10:52:02,293.0,1.0,1.0,0.0,0.0,0.0,0.0,0.0,0.0,0.0,0.0,0.0,0.0,0.0,6825.938567,293.0,0.0,293.0,293.0,0.0,0.0,0.0,0.0,0.0,0.0,0.0,0.0,0.0,0.0,0.0,0.0,24.0,20.0,3412.969283,3412.969283,0.0,0.0,0.0,0.0,0.0,0.0,0.0,0.0,1.0,0.0,0.0,0.0,0.0,1.0,0.0,0.0,0.0,1.0,0.0,1.0,0.0,1024.0,0.0,0.0,24.0,0.0,0.0,0.0,0.0,0.0,0.0,0.0,0.0,Infilteration
53.0,17.0,2018-03-01 02:55:00,42912.0,1.0,1.0,40.0,139.0,40.0,40.0,40.0,0.0,139.0,139.0,139.0,0.0,4171.327368,46.60700969,42912.0,0.0,42912.0,42912.0,0.0,0.0,0.0,0.0,0.0,0.0,0.0,0.0,0.0,0.0,0.0,0.0,8.0,8.0,23.30350485,23.30350485,40.0,139.0,73.0,57.15767665,3267.0,0.0,0.0,0.0,0.0,0.0,0.0,0.0,0.0,1.0,109.5,40.0,139.0,1.0,40.0,1.0,139.0,-1.0,-1.0,0.0,8.0,0.0,0.0,0.0,0.0,0.0,0.0,0.0,0.0,Infilteration
51641.0,6.0,2018-03-01 10:37:35,1.0,2.0,0.0,0.0,0.0,0.0,0.0,0.0,0.0,0.0,0.0,0.0,0.0,0.0,2000000.0,1.0,0.0,1.0,1.0,1.0,1.0,0.0,1.0,1.0,0.0,0.0,0.0,0.0,0.0,0.0,0.0,40.0,0.0,2000000.0,0.0,0.0,0.0,0.0,0.0,0.0,0.0,0.0,0.0,0.0,1.0,0.0,0.0,0.0,0.0,0.0,0.0,0.0,2.0,0.0,0.0,0.0,2240.0,-1.0,0.0,20.0,0.0,0.0,0.0,0.0,0.0,0.0,0.0,0.0,Infilteration
514.0,6.0,2018-03-01 02:37:55,230.0,1.0,1.0,0.0,0.0,0.0,0.0,0.0,0.0,0.0,0.0,0.0,0.0,0.0,8695.652174,230.0,0.0,230.0,230.0,0.0,0.0,0.0,0.0,0.0,0.0,0.0,0.0,0.0,0.0,0.0,0.0,24.0,20.0,4347.826087,4347.826087,0.0,0.0,0.0,0.0,0.0,0.0,0.0,0.0,1.0,0.0,0.0,0.0,0.0,1.0,0.0,0.0,0.0,1.0,0.0,1.0,0.0,1024.0,0.0,0.0,24.0,0.0,0.0,0.0,0.0,0.0,0.0,0.0,0.0,Infilteration
53.0,17.0,2018-03-01 03:03:44,300.0,1.0,1.0,65.0,97.0,65.0,65.0,65.0,0.0,97.0,97.0,97.0,0.0,540000.0,6666.666667,300.0,0.0,300.0,300.0,0.0,0.0,0.0,0.0,0.0,0.0,0.0,0.0,0.0,0.0,0.0,0.0,8.0,8.0,3333.333333,3333.333333,65.0,97.0,75.66666667,18.47520861,341.3333333,0.0,0.0,0.0,0.0,0.0,0.0,0.0,0.0,1.0,113.5,65.0,97.0,1.0,65.0,1.0,97.0,-1.0,-1.0,0.0,8.0,0.0,0.0,0.0,0.0,0.0,0.0,0.0,0.0,Infilteration
443.0,6.0,2018-03-01 10:00:45,167152.0,10.0,8.0,509.0,5564.0,194.0,0.0,50.9,80.15186974,1460.0,0.0,695.5,689.8045272,36332.20063,107.6864172,9832.470588,21121.07358,84463.0,1.0,167152.0,18572.44444,26861.82149,84463.0,19.0,122076.0,17439.42857,37771.87885,101882.0,1.0,0.0,0.0,212.0,172.0,59.82578731,47.86062985,0.0,1460.0,319.6315789,544.8332273,296843.2456,0.0,0.0,1.0,1.0,0.0,0.0,0.0,1.0,0.0,337.3888889,50.9,695.5,10.0,509.0,8.0,5564.0,8192.0,30.0,4.0,20.0,0.0,0.0,0.0,0.0,0.0,0.0,0.0,0.0,Infilteration
38124.0,6.0,2018-03-01 10:18:22,218720.0,2.0,0.0,0.0,0.0,0.0,0.0,0.0,0.0,0.0,0.0,0.0,0.0,0.0,9.144111192,218720.0,0.0,218720.0,218720.0,218720.0,218720.0,0.0,218720.0,218720.0,0.0,0.0,0.0,0.0,0.0,1.0,1.0,80.0,0.0,9.144111192,0.0,0.0,0.0,0.0,0.0,0.0,0.0,1.0,0.0,0.0,0.0,1.0,1.0,0.0,0.0,0.0,0.0,0.0,2.0,0.0,0.0,0.0,65535.0,-1.0,0.0,40.0,0.0,0.0,0.0,0.0,0.0,0.0,0.0,0.0,Infilteration
3389.0,6.0,2018-03-01 03:35:56,1952487.0,8.0,7.0,1144.0,1581.0,677.0,0.0,143.0,227.9699228,1173.0,0.0,225.8571429,430.0986044,1395.655899,7.682509538,139463.3571,246035.1157,953193.0,3.0,1952487.0,278926.7143,392943.0196,1159878.0,3.0,1796389.0,299398.1667,321008.1708,953193.0,152661.0,0.0,0.0,172.0,152.0,4.09733842,3.585171118,0.0,1173.0,170.3125,319.4027173,102018.0958,0.0,0.0,1.0,1.0,0.0,0.0,0.0,1.0,0.0,181.6666667,143.0,225.8571429,8.0,1144.0,7.0,1581.0,8192.0,62856.0,5.0,20.0,0.0,0.0,0.0,0.0,0.0,0.0,0.0,0.0,Infilteration
443.0,6.0,2018-03-01 02:57:09,5325471.0,8.0,5.0,316.0,3644.0,192.0,0.0,39.5,69.68500556,1460.0,0.0,728.8,687.5995928,743.5962002,2.441098637,443789.25,1411207.616,4922403.0,0.0,5325471.0,760781.5714,1836259.89,4922403.0,13.0,238908.0,59727.0,68942.90946,121561.0,0.0,0.0,0.0,172.0,112.0,1.502214546,0.938884091,0.0,1460.0,282.8571429,516.8900876,267175.3626,0.0,0.0,1.0,1.0,0.0,0.0,0.0,1.0,0.0,304.6153846,39.5,728.8,8.0,316.0,5.0,3644.0,8192.0,1026.0,3.0,20.0,0.0,0.0,0.0,0.0,0.0,0.0,0.0,0.0,Infilteration
52393.0,6.0,2018-03-01 02:54:25,92929.0,2.0,1.0,38.0,0.0,38.0,0.0,19.0,26.87005769,0.0,0.0,0.0,0.0,408.9143324,32.28271046,46464.5,65671.12809,92901.0,28.0,92929.0,92929.0,0.0,92929.0,92929.0,0.0,0.0,0.0,0.0,0.0,1.0,0.0,40.0,20.0,21.52180697,10.76090349,0.0,38.0,19.0,21.93931023,481.3333333,0.0,1.0,0.0,0.0,1.0,0.0,0.0,0.0,0.0,25.33333333,19.0,0.0,2.0,38.0,1.0,0.0,176.0,0.0,0.0,20.0,0.0,0.0,0.0,0.0,0.0,0.0,0.0,0.0,Infilteration
3052.0,6.0,2018-03-01 02:42:15,254.0,1.0,1.0,0.0,0.0,0.0,0.0,0.0,0.0,0.0,0.0,0.0,0.0,0.0,7874.015748,254.0,0.0,254.0,254.0,0.0,0.0,0.0,0.0,0.0,0.0,0.0,0.0,0.0,0.0,0.0,0.0,24.0,20.0,3937.007874,3937.007874,0.0,0.0,0.0,0.0,0.0,0.0,0.0,0.0,1.0,0.0,0.0,0.0,0.0,1.0,0.0,0.0,0.0,1.0,0.0,1.0,0.0,1024.0,0.0,0.0,24.0,0.0,0.0,0.0,0.0,0.0,0.0,0.0,0.0,Infilteration
301.0,6.0,2018-03-01 10:47:38,275.0,1.0,1.0,0.0,0.0,0.0,0.0,0.0,0.0,0.0,0.0,0.0,0.0,0.0,7272.727273,275.0,0.0,275.0,275.0,0.0,0.0,0.0,0.0,0.0,0.0,0.0,0.0,0.0,0.0,0.0,0.0,24.0,20.0,3636.363636,3636.363636,0.0,0.0,0.0,0.0,0.0,0.0,0.0,0.0,1.0,0.0,0.0,0.0,0.0,1.0,0.0,0.0,0.0,1.0,0.0,1.0,0.0,1024.0,0.0,0.0,24.0,0.0,0.0,0.0,0.0,0.0,0.0,0.0,0.0,Infilteration
1998.0,6.0,2018-03-01 02:37:54,2.0,1.0,1.0,0.0,0.0,0.0,0.0,0.0,0.0,0.0,0.0,0.0,0.0,0.0,1000000.0,2.0,0.0,2.0,2.0,0.0,0.0,0.0,0.0,0.0,0.0,0.0,0.0,0.0,0.0,0.0,0.0,24.0,20.0,500000.0,500000.0,0.0,0.0,0.0,0.0,0.0,0.0,0.0,0.0,1.0,0.0,0.0,0.0,0.0,1.0,0.0,0.0,0.0,1.0,0.0,1.0,0.0,1024.0,0.0,0.0,24.0,0.0,0.0,0.0,0.0,0.0,0.0,0.0,0.0,Infilteration
3389.0,6.0,2018-03-01 10:22:51,133171.0,8.0,3.0,677.0,1953.0,342.0,0.0,84.625,142.430873,1878.0,0.0,651.0,1063.274659,19749.04446,82.60056619,13317.1,14868.45456,47529.0,0.0,133171.0,19024.42857,16577.92453,47529.0,0.0,72182.0,36091.0,22505.79463,52005.0,20177.0,0.0,0.0,172.0,72.0,60.07313905,22.52742714,0.0,1878.0,219.1666667,535.587839,286854.3333,0.0,0.0,1.0,1.0,0.0,0.0,0.0,1.0,0.0,239.0909091,84.625,651.0,8.0,677.0,3.0,1953.0,8192.0,63376.0,3.0,20.0,0.0,0.0,0.0,0.0,0.0,0.0,0.0,0.0,Infilteration
52174.0,6.0,2018-03-01 03:04:57,315524.0,2.0,0.0,0.0,0.0,0.0,0.0,0.0,0.0,0.0,0.0,0.0,0.0,0.0,6.338662035,315524.0,0.0,315524.0,315524.0,315524.0,315524.0,0.0,315524.0,315524.0,0.0,0.0,0.0,0.0,0.0,0.0,0.0,40.0,0.0,6.338662035,0.0,0.0,0.0,0.0,0.0,0.0,0.0,0.0,0.0,0.0,1.0,0.0,0.0,0.0,0.0,0.0,0.0,0.0,2.0,0.0,0.0,0.0,176.0,-1.0,0.0,20.0,0.0,0.0,0.0,0.0,0.0,0.0,0.0,0.0,Infilteration
53.0,17.0,2018-03-01 10:51:17,283.0,1.0,1.0,43.0,59.0,43.0,43.0,43.0,0.0,59.0,59.0,59.0,0.0,360424.0283,7067.137809,283.0,0.0,283.0,283.0,0.0,0.0,0.0,0.0,0.0,0.0,0.0,0.0,0.0,0.0,0.0,0.0,8.0,8.0,3533.568905,3533.568905,43.0,59.0,48.33333333,9.237604307,85.33333333,0.0,0.0,0.0,0.0,0.0,0.0,0.0,0.0,1.0,72.5,43.0,59.0,1.0,43.0,1.0,59.0,-1.0,-1.0,0.0,8.0,0.0,0.0,0.0,0.0,0.0,0.0,0.0,0.0,Infilteration
53.0,17.0,2018-03-01 02:36:18,358906.0,2.0,2.0,68.0,458.0,34.0,34.0,34.0,0.0,229.0,229.0,229.0,0.0,1465.5648,11.14497947,119635.3333,194269.3665,343813.0,556.0,358350.0,358350.0,0.0,358350.0,358350.0,344369.0,344369.0,0.0,344369.0,344369.0,0.0,0.0,16.0,16.0,5.572489733,5.572489733,34.0,229.0,112.0,106.8058987,11407.5,0.0,0.0,0.0,0.0,0.0,0.0,0.0,0.0,1.0,140.0,34.0,229.0,2.0,68.0,2.0,458.0,-1.0,-1.0,1.0,8.0,0.0,0.0,0.0,0.0,0.0,0.0,0.0,0.0,Infilteration
53.0,17.0,2018-03-01 02:28:10,251.0,1.0,1.0,38.0,70.0,38.0,38.0,38.0,0.0,70.0,70.0,70.0,0.0,430278.8845,7968.12749,251.0,0.0,251.0,251.0,0.0,0.0,0.0,0.0,0.0,0.0,0.0,0.0,0.0,0.0,0.0,0.0,8.0,8.0,3984.063745,3984.063745,38.0,70.0,48.66666667,18.47520861,341.3333333,0.0,0.0,0.0,0.0,0.0,0.0,0.0,0.0,1.0,73.0,38.0,70.0,1.0,38.0,1.0,70.0,-1.0,-1.0,0.0,8.0,0.0,0.0,0.0,0.0,0.0,0.0,0.0,0.0,Infilteration
53.0,17.0,2018-03-01 10:12:26,1088.0,1.0,1.0,50.0,132.0,50.0,50.0,50.0,0.0,132.0,132.0,132.0,0.0,167279.4118,1838.235294,1088.0,0.0,1088.0,1088.0,0.0,0.0,0.0,0.0,0.0,0.0,0.0,0.0,0.0,0.0,0.0,0.0,8.0,8.0,919.1176471,919.1176471,50.0,132.0,77.33333333,47.34272207,2241.333333,0.0,0.0,0.0,0.0,0.0,0.0,0.0,0.0,1.0,116.0,50.0,132.0,1.0,50.0,1.0,132.0,-1.0,-1.0,0.0,8.0,0.0,0.0,0.0,0.0,0.0,0.0,0.0,0.0,Infilteration
53.0,17.0,2018-03-01 10:46:38,244.0,1.0,1.0,39.0,71.0,39.0,39.0,39.0,0.0,71.0,71.0,71.0,0.0,450819.6721,8196.721311,244.0,0.0,244.0,244.0,0.0,0.0,0.0,0.0,0.0,0.0,0.0,0.0,0.0,0.0,0.0,0.0,8.0,8.0,4098.360656,4098.360656,39.0,71.0,49.66666667,18.47520861,341.3333333,0.0,0.0,0.0,0.0,0.0,0.0,0.0,0.0,1.0,74.5,39.0,71.0,1.0,39.0,1.0,71.0,-1.0,-1.0,0.0,8.0,0.0,0.0,0.0,0.0,0.0,0.0,0.0,0.0,Infilteration
443.0,6.0,2018-03-01 10:34:16,100838375.0,12.0,6.0,234.0,210.0,39.0,0.0,19.5,20.36708575,35.0,35.0,35.0,0.0,4.403085631,0.178503472,5931669.118,9423996.802,20100000.0,429.0,101000000.0,9167125.0,10500000.0,20100000.0,60043.0,101000000.0,20200000.0,677.5829838,20200000.0,20200000.0,1.0,0.0,240.0,120.0,0.119002314,0.059501157,0.0,39.0,25.42105263,17.82419015,317.7017544,0.0,1.0,0.0,0.0,1.0,0.0,0.0,0.0,0.0,26.83333333,19.5,35.0,12.0,234.0,6.0,210.0,2050.0,145.0,5.0,20.0,60347.4,459.6567197,61149.0,60043.0,20100000.0,458.172784,20100000.0,20100000.0,Infilteration
1081.0,6.0,2018-03-01 10:03:11,21.0,1.0,1.0,0.0,0.0,0.0,0.0,0.0,0.0,0.0,0.0,0.0,0.0,0.0,95238.09524,21.0,0.0,21.0,21.0,0.0,0.0,0.0,0.0,0.0,0.0,0.0,0.0,0.0,0.0,0.0,0.0,20.0,20.0,47619.04762,47619.04762,0.0,0.0,0.0,0.0,0.0,0.0,0.0,0.0,1.0,0.0,0.0,0.0,0.0,1.0,0.0,0.0,0.0,1.0,0.0,1.0,0.0,16384.0,0.0,0.0,20.0,0.0,0.0,0.0,0.0,0.0,0.0,0.0,0.0,Infilteration
53.0,17.0,2018-03-01 10:51:33,1033.0,1.0,1.0,40.0,139.0,40.0,40.0,40.0,0.0,139.0,139.0,139.0,0.0,173281.7038,1936.108422,1033.0,0.0,1033.0,1033.0,0.0,0.0,0.0,0.0,0.0,0.0,0.0,0.0,0.0,0.0,0.0,0.0,8.0,8.0,968.054211,968.054211,40.0,139.0,73.0,57.15767665,3267.0,0.0,0.0,0.0,0.0,0.0,0.0,0.0,0.0,1.0,109.5,40.0,139.0,1.0,40.0,1.0,139.0,-1.0,-1.0,0.0,8.0,0.0,0.0,0.0,0.0,0.0,0.0,0.0,0.0,Infilteration
443.0,6.0,2018-03-01 10:14:01,34984.0,6.0,7.0,931.0,1277.0,517.0,0.0,155.1666667,226.8033656,1086.0,0.0,182.4285714,402.6983392,63114.56666,371.598445,2915.333333,5002.472159,11393.0,6.0,34958.0,6991.6,6154.616909,11888.0,235.0,23838.0,3973.0,5931.864159,11704.0,17.0,0.0,0.0,132.0,152.0,171.5069746,200.0914704,0.0,1086.0,157.7142857,311.2484609,96875.6044,0.0,0.0,1.0,1.0,0.0,0.0,0.0,1.0,1.0,169.8461538,155.1666667,182.4285714,6.0,931.0,7.0,1277.0,8192.0,62.0,3.0,20.0,0.0,0.0,0.0,0.0,0.0,0.0,0.0,0.0,Infilteration
53.0,17.0,2018-03-01 10:45:12,244.0,1.0,1.0,38.0,166.0,38.0,38.0,38.0,0.0,166.0,166.0,166.0,0.0,836065.5738,8196.721311,244.0,0.0,244.0,244.0,0.0,0.0,0.0,0.0,0.0,0.0,0.0,0.0,0.0,0.0,0.0,0.0,8.0,8.0,4098.360656,4098.360656,38.0,166.0,80.66666667,73.90083446,5461.333333,0.0,0.0,0.0,0.0,0.0,0.0,0.0,0.0,1.0,121.0,38.0,166.0,1.0,38.0,1.0,166.0,-1.0,-1.0,0.0,8.0,0.0,0.0,0.0,0.0,0.0,0.0,0.0,0.0,Infilteration
51815.0,6.0,2018-03-01 02:27:13,1.0,2.0,0.0,0.0,0.0,0.0,0.0,0.0,0.0,0.0,0.0,0.0,0.0,0.0,2000000.0,1.0,0.0,1.0,1.0,1.0,1.0,0.0,1.0,1.0,0.0,0.0,0.0,0.0,0.0,0.0,0.0,40.0,0.0,2000000.0,0.0,0.0,0.0,0.0,0.0,0.0,0.0,0.0,0.0,0.0,1.0,0.0,0.0,0.0,0.0,0.0,0.0,0.0,2.0,0.0,0.0,0.0,180.0,-1.0,0.0,20.0,0.0,0.0,0.0,0.0,0.0,0.0,0.0,0.0,Infilteration
137.0,17.0,2018-03-01 10:44:59,396.0,1.0,1.0,50.0,157.0,50.0,50.0,50.0,0.0,157.0,157.0,157.0,0.0,522727.2727,5050.505051,396.0,0.0,396.0,396.0,0.0,0.0,0.0,0.0,0.0,0.0,0.0,0.0,0.0,0.0,0.0,0.0,8.0,8.0,2525.252525,2525.252525,50.0,157.0,85.66666667,61.7764788,3816.333333,0.0,0.0,0.0,0.0,0.0,0.0,0.0,0.0,1.0,128.5,50.0,157.0,1.0,50.0,1.0,157.0,-1.0,-1.0,0.0,8.0,0.0,0.0,0.0,0.0,0.0,0.0,0.0,0.0,Infilteration
1121.0,6.0,2018-03-01 03:27:46,2.0,1.0,1.0,0.0,0.0,0.0,0.0,0.0,0.0,0.0,0.0,0.0,0.0,0.0,1000000.0,2.0,0.0,2.0,2.0,0.0,0.0,0.0,0.0,0.0,0.0,0.0,0.0,0.0,0.0,0.0,0.0,24.0,20.0,500000.0,500000.0,0.0,0.0,0.0,0.0,0.0,0.0,0.0,0.0,1.0,0.0,0.0,0.0,0.0,1.0,0.0,0.0,0.0,1.0,0.0,1.0,0.0,1024.0,0.0,0.0,24.0,0.0,0.0,0.0,0.0,0.0,0.0,0.0,0.0,Infilteration
53.0,17.0,2018-03-01 03:06:09,1251.0,1.0,1.0,40.0,102.0,40.0,40.0,40.0,0.0,102.0,102.0,102.0,0.0,113509.1926,1598.721023,1251.0,0.0,1251.0,1251.0,0.0,0.0,0.0,0.0,0.0,0.0,0.0,0.0,0.0,0.0,0.0,0.0,8.0,8.0,799.3605116,799.3605116,40.0,102.0,60.66666667,35.79571669,1281.333333,0.0,0.0,0.0,0.0,0.0,0.0,0.0,0.0,1.0,91.0,40.0,102.0,1.0,40.0,1.0,102.0,-1.0,-1.0,0.0,8.0,0.0,0.0,0.0,0.0,0.0,0.0,0.0,0.0,Infilteration
139.0,6.0,2018-03-01 10:18:16,610.0,3.0,2.0,168.0,5.0,168.0,0.0,56.0,96.99484522,5.0,0.0,2.5,3.535533906,283606.5574,8196.721311,152.5,127.5160121,282.0,20.0,371.0,185.5,164.75588,302.0,69.0,328.0,328.0,0.0,328.0,328.0,0.0,0.0,72.0,52.0,4918.032787,3278.688525,0.0,168.0,28.83333333,68.20679341,4652.166667,0.0,0.0,1.0,1.0,0.0,0.0,0.0,1.0,0.0,34.6,56.0,2.5,3.0,168.0,2.0,5.0,8192.0,280.0,1.0,20.0,0.0,0.0,0.0,0.0,0.0,0.0,0.0,0.0,Infilteration
3005.0,6.0,2018-03-01 10:14:19,2.0,1.0,1.0,0.0,0.0,0.0,0.0,0.0,0.0,0.0,0.0,0.0,0.0,0.0,1000000.0,2.0,0.0,2.0,2.0,0.0,0.0,0.0,0.0,0.0,0.0,0.0,0.0,0.0,0.0,0.0,0.0,24.0,20.0,500000.0,500000.0,0.0,0.0,0.0,0.0,0.0,0.0,0.0,0.0,1.0,0.0,0.0,0.0,0.0,1.0,0.0,0.0,0.0,1.0,0.0,1.0,0.0,1024.0,0.0,0.0,24.0,0.0,0.0,0.0,0.0,0.0,0.0,0.0,0.0,Infilteration
53.0,17.0,2018-03-01 10:22:38,1050.0,1.0,1.0,32.0,60.0,32.0,32.0,32.0,0.0,60.0,60.0,60.0,0.0,87619.04762,1904.761905,1050.0,0.0,1050.0,1050.0,0.0,0.0,0.0,0.0,0.0,0.0,0.0,0.0,0.0,0.0,0.0,0.0,8.0,8.0,952.3809524,952.3809524,32.0,60.0,41.33333333,16.16580754,261.3333333,0.0,0.0,0.0,0.0,0.0,0.0,0.0,0.0,1.0,62.0,32.0,60.0,1.0,32.0,1.0,60.0,-1.0,-1.0,0.0,8.0,0.0,0.0,0.0,0.0,0.0,0.0,0.0,0.0,Infilteration
9101.0,6.0,2018-03-01 10:24:45,237.0,1.0,1.0,0.0,0.0,0.0,0.0,0.0,0.0,0.0,0.0,0.0,0.0,0.0,8438.818565,237.0,0.0,237.0,237.0,0.0,0.0,0.0,0.0,0.0,0.0,0.0,0.0,0.0,0.0,0.0,0.0,24.0,20.0,4219.409283,4219.409283,0.0,0.0,0.0,0.0,0.0,0.0,0.0,0.0,1.0,0.0,0.0,0.0,0.0,1.0,0.0,0.0,0.0,1.0,0.0,1.0,0.0,1024.0,0.0,0.0,24.0,0.0,0.0,0.0,0.0,0.0,0.0,0.0,0.0,Infilteration
9877.0,6.0,2018-03-01 02:42:15,221.0,1.0,1.0,0.0,0.0,0.0,0.0,0.0,0.0,0.0,0.0,0.0,0.0,0.0,9049.773756,221.0,0.0,221.0,221.0,0.0,0.0,0.0,0.0,0.0,0.0,0.0,0.0,0.0,0.0,0.0,0.0,24.0,20.0,4524.886878,4524.886878,0.0,0.0,0.0,0.0,0.0,0.0,0.0,0.0,1.0,0.0,0.0,0.0,0.0,1.0,0.0,0.0,0.0,1.0,0.0,1.0,0.0,1024.0,0.0,0.0,24.0,0.0,0.0,0.0,0.0,0.0,0.0,0.0,0.0,Infilteration
53.0,17.0,2018-03-01 10:37:25,643.0,1.0,1.0,42.0,58.0,42.0,42.0,42.0,0.0,58.0,58.0,58.0,0.0,155520.9953,3110.419907,643.0,0.0,643.0,643.0,0.0,0.0,0.0,0.0,0.0,0.0,0.0,0.0,0.0,0.0,0.0,0.0,8.0,8.0,1555.209953,1555.209953,42.0,58.0,47.33333333,9.237604307,85.33333333,0.0,0.0,0.0,0.0,0.0,0.0,0.0,0.0,1.0,71.0,42.0,58.0,1.0,42.0,1.0,58.0,-1.0,-1.0,0.0,8.0,0.0,0.0,0.0,0.0,0.0,0.0,0.0,0.0,Infilteration
8600.0,6.0,2018-03-01 02:42:15,238.0,1.0,1.0,0.0,0.0,0.0,0.0,0.0,0.0,0.0,0.0,0.0,0.0,0.0,8403.361345,238.0,0.0,238.0,238.0,0.0,0.0,0.0,0.0,0.0,0.0,0.0,0.0,0.0,0.0,0.0,0.0,24.0,20.0,4201.680672,4201.680672,0.0,0.0,0.0,0.0,0.0,0.0,0.0,0.0,1.0,0.0,0.0,0.0,0.0,1.0,0.0,0.0,0.0,1.0,0.0,1.0,0.0,1024.0,0.0,0.0,24.0,0.0,0.0,0.0,0.0,0.0,0.0,0.0,0.0,Infilteration
53.0,17.0,2018-03-01 02:29:32,27934.0,1.0,1.0,34.0,162.0,34.0,34.0,34.0,0.0,162.0,162.0,162.0,0.0,7016.538985,71.59733658,27934.0,0.0,27934.0,27934.0,0.0,0.0,0.0,0.0,0.0,0.0,0.0,0.0,0.0,0.0,0.0,0.0,8.0,8.0,35.79866829,35.79866829,34.0,162.0,76.66666667,73.90083446,5461.333333,0.0,0.0,0.0,0.0,0.0,0.0,0.0,0.0,1.0,115.0,34.0,162.0,1.0,34.0,1.0,162.0,-1.0,-1.0,0.0,8.0,0.0,0.0,0.0,0.0,0.0,0.0,0.0,0.0,Infilteration
1233.0,6.0,2018-03-01 10:47:38,252.0,1.0,1.0,0.0,0.0,0.0,0.0,0.0,0.0,0.0,0.0,0.0,0.0,0.0,7936.507937,252.0,0.0,252.0,252.0,0.0,0.0,0.0,0.0,0.0,0.0,0.0,0.0,0.0,0.0,0.0,0.0,24.0,20.0,3968.253968,3968.253968,0.0,0.0,0.0,0.0,0.0,0.0,0.0,0.0,1.0,0.0,0.0,0.0,0.0,1.0,0.0,0.0,0.0,1.0,0.0,1.0,0.0,1024.0,0.0,0.0,24.0,0.0,0.0,0.0,0.0,0.0,0.0,0.0,0.0,Infilteration
139.0,6.0,2018-03-01 10:38:18,2759.0,2.0,0.0,0.0,0.0,0.0,0.0,0.0,0.0,0.0,0.0,0.0,0.0,0.0,724.9003262,2759.0,0.0,2759.0,2759.0,2759.0,2759.0,0.0,2759.0,2759.0,0.0,0.0,0.0,0.0,0.0,0.0,0.0,40.0,0.0,724.9003262,0.0,0.0,0.0,0.0,0.0,0.0,0.0,0.0,0.0,0.0,1.0,0.0,0.0,0.0,0.0,0.0,0.0,0.0,2.0,0.0,0.0,0.0,2240.0,-1.0,0.0,20.0,0.0,0.0,0.0,0.0,0.0,0.0,0.0,0.0,Infilteration
53.0,17.0,2018-03-01 03:21:13,316.0,1.0,1.0,50.0,66.0,50.0,50.0,50.0,0.0,66.0,66.0,66.0,0.0,367088.6076,6329.113924,316.0,0.0,316.0,316.0,0.0,0.0,0.0,0.0,0.0,0.0,0.0,0.0,0.0,0.0,0.0,0.0,8.0,8.0,3164.556962,3164.556962,50.0,66.0,55.33333333,9.237604307,85.33333333,0.0,0.0,0.0,0.0,0.0,0.0,0.0,0.0,1.0,83.0,50.0,66.0,1.0,50.0,1.0,66.0,-1.0,-1.0,0.0,8.0,0.0,0.0,0.0,0.0,0.0,0.0,0.0,0.0,Infilteration
135.0,6.0,2018-03-01 10:14:36,21040552.0,1.0,4.0,0.0,0.0,0.0,0.0,0.0,0.0,0.0,0.0,0.0,0.0,0.0,0.237636351,5260138.0,5129495.329,12000000.0,45.0,0.0,0.0,0.0,0.0,0.0,21000000.0,7013502.333,4584960.695,12000000.0,3009749.0,0.0,0.0,24.0,92.0,0.04752727,0.190109081,0.0,0.0,0.0,0.0,0.0,0.0,0.0,0.0,1.0,0.0,0.0,0.0,0.0,4.0,0.0,0.0,0.0,1.0,0.0,4.0,0.0,1024.0,0.0,0.0,24.0,3009794.0,0.0,3009794.0,3009794.0,9015379.0,4242483.709,12000000.0,6015490.0,Infilteration
53.0,17.0,2018-03-01 02:26:52,64981.0,1.0,1.0,33.0,127.0,33.0,33.0,33.0,0.0,127.0,127.0,127.0,0.0,2462.258199,30.77822748,64981.0,0.0,64981.0,64981.0,0.0,0.0,0.0,0.0,0.0,0.0,0.0,0.0,0.0,0.0,0.0,0.0,8.0,8.0,15.38911374,15.38911374,33.0,127.0,64.33333333,54.2709253,2945.333333,0.0,0.0,0.0,0.0,0.0,0.0,0.0,0.0,1.0,96.5,33.0,127.0,1.0,33.0,1.0,127.0,-1.0,-1.0,0.0,8.0,0.0,0.0,0.0,0.0,0.0,0.0,0.0,0.0,Infilteration
50841.0,6.0,2018-03-01 09:58:51,125.0,3.0,1.0,31.0,0.0,31.0,0.0,10.33333333,17.89785834,0.0,0.0,0.0,0.0,248000.0,32000.0,41.66666667,49.35922744,98.0,6.0,125.0,62.5,79.90306627,119.0,6.0,0.0,0.0,0.0,0.0,0.0,0.0,0.0,60.0,20.0,24000.0,8000.0,0.0,31.0,6.2,13.86362146,192.2,0.0,0.0,0.0,0.0,1.0,0.0,0.0,0.0,0.0,7.75,10.33333333,0.0,3.0,31.0,1.0,0.0,1014.0,0.0,1.0,20.0,0.0,0.0,0.0,0.0,0.0,0.0,0.0,0.0,Infilteration
1068.0,6.0,2018-03-01 10:22:20,3.0,1.0,1.0,0.0,0.0,0.0,0.0,0.0,0.0,0.0,0.0,0.0,0.0,0.0,666666.6667,3.0,0.0,3.0,3.0,0.0,0.0,0.0,0.0,0.0,0.0,0.0,0.0,0.0,0.0,0.0,0.0,24.0,20.0,333333.3333,333333.3333,0.0,0.0,0.0,0.0,0.0,0.0,0.0,0.0,1.0,0.0,0.0,0.0,0.0,1.0,0.0,0.0,0.0,1.0,0.0,1.0,0.0,1024.0,0.0,0.0,24.0,0.0,0.0,0.0,0.0,0.0,0.0,0.0,0.0,Infilteration
443.0,6.0,2018-03-01 10:05:52,105522660.0,8.0,5.0,864.0,1039.0,288.0,0.0,108.0,149.0541608,325.0,32.0,207.8,160.4827093,18.03404122,0.123196288,8793555.0,15300000.0,40400000.0,11985.0,106000000.0,15100000.0,17900000.0,40400000.0,77422.0,105000000.0,26300000.0,16000000.0,40600000.0,4743233.0,1.0,0.0,160.0,100.0,0.0758131,0.047383188,0.0,325.0,156.5,153.8749492,23677.5,0.0,1.0,0.0,0.0,1.0,0.0,0.0,0.0,0.0,168.5384615,108.0,207.8,8.0,864.0,5.0,1039.0,252.0,300.0,2.0,20.0,1742437.667,2726088.664,4889836.0,124329.0,33400000.0,8477291.584,40400000.0,24000000.0,Infilteration
20000.0,6.0,2018-03-01 02:40:05,208.0,1.0,1.0,0.0,0.0,0.0,0.0,0.0,0.0,0.0,0.0,0.0,0.0,0.0,9615.384615,208.0,0.0,208.0,208.0,0.0,0.0,0.0,0.0,0.0,0.0,0.0,0.0,0.0,0.0,0.0,0.0,24.0,20.0,4807.692308,4807.692308,0.0,0.0,0.0,0.0,0.0,0.0,0.0,0.0,1.0,0.0,0.0,0.0,0.0,1.0,0.0,0.0,0.0,1.0,0.0,1.0,0.0,1024.0,0.0,0.0,24.0,0.0,0.0,0.0,0.0,0.0,0.0,0.0,0.0,Infilteration
53.0,17.0,2018-03-01 10:01:05,10985.0,1.0,1.0,69.0,147.0,69.0,69.0,69.0,0.0,147.0,147.0,147.0,0.0,19663.17706,182.0664543,10985.0,0.0,10985.0,10985.0,0.0,0.0,0.0,0.0,0.0,0.0,0.0,0.0,0.0,0.0,0.0,0.0,8.0,8.0,91.03322713,91.03322713,69.0,147.0,95.0,45.033321,2028.0,0.0,0.0,0.0,0.0,0.0,0.0,0.0,0.0,1.0,142.5,69.0,147.0,1.0,69.0,1.0,147.0,-1.0,-1.0,0.0,8.0,0.0,0.0,0.0,0.0,0.0,0.0,0.0,0.0,Infilteration
443.0,6.0,2018-03-01 02:30:20,111172693.0,7.0,3.0,169.0,92.0,46.0,0.0,24.14285714,23.19790631,46.0,0.0,30.66666667,26.55811238,2.347698818,0.089950146,12400000.0,24500000.0,58000000.0,17.0,111000000.0,18500000.0,28600000.0,58000000.0,17.0,58200000.0,29100000.0,41100000.0,58200000.0,22.0,1.0,0.0,140.0,60.0,0.062965102,0.026985044,0.0,46.0,27.90909091,22.55861053,508.8909091,0.0,1.0,0.0,0.0,1.0,0.0,0.0,0.0,0.0,30.7,24.14285714,30.66666667,7.0,169.0,3.0,92.0,255.0,189.0,3.0,20.0,155934.5,130.8147545,156027.0,155842.0,55400000.0,3670445.637,58000000.0,52800000.0,Infilteration
1130.0,6.0,2018-03-01 10:49:48,266.0,1.0,1.0,0.0,0.0,0.0,0.0,0.0,0.0,0.0,0.0,0.0,0.0,0.0,7518.796992,266.0,0.0,266.0,266.0,0.0,0.0,0.0,0.0,0.0,0.0,0.0,0.0,0.0,0.0,0.0,0.0,24.0,20.0,3759.398496,3759.398496,0.0,0.0,0.0,0.0,0.0,0.0,0.0,0.0,1.0,0.0,0.0,0.0,0.0,1.0,0.0,0.0,0.0,1.0,0.0,1.0,0.0,1024.0,0.0,0.0,24.0,0.0,0.0,0.0,0.0,0.0,0.0,0.0,0.0,Infilteration
443.0,6.0,2018-03-01 03:02:07,117320394.0,16.0,16.0,1242.0,4123.0,605.0,0.0,77.625,153.5937824,1430.0,0.0,257.6875,470.369602,45.72947479,0.272757352,3784528.839,14600000.0,58800000.0,6.0,117000000.0,7821359.6,20600000.0,58900000.0,47.0,117000000.0,7814127.8,20600000.0,58900000.0,30.0,0.0,0.0,332.0,332.0,0.136378676,0.136378676,0.0,1430.0,162.5757576,351.7463602,123725.5019,0.0,0.0,1.0,1.0,0.0,0.0,0.0,1.0,1.0,167.65625,77.625,257.6875,16.0,1242.0,16.0,4123.0,8192.0,181.0,8.0,20.0,195231.5,121856.4187,281397.0,109066.0,58400000.0,604386.0862,58800000.0,58000000.0,Infilteration
443.0,6.0,2018-03-01 02:46:20,118254110.0,32.0,72.0,6465.0,13130.0,1293.0,0.0,202.03125,476.9903282,1051.0,0.0,182.3611111,292.6741353,165.7024859,0.879462033,1148098.155,1996451.837,5461157.0,0.0,118000000.0,3814648.71,2139201.657,5890466.0,184386.0,118000000.0,1662678.282,2331452.378,5556848.0,0.0,0.0,0.0,640.0,1440.0,0.270603702,0.608858331,0.0,1293.0,186.6190476,355.9734049,126717.065,0.0,0.0,0.0,0.0,1.0,0.0,0.0,0.0,2.0,188.4134615,202.03125,182.3611111,32.0,6465.0,72.0,13130.0,5564.0,5565.0,5.0,20.0,5779239.8,6954328.28,20400000.0,147845.0,5192326.5,138952.5061,5461157.0,5023064.0,Infilteration
35489.0,6.0,2018-03-01 03:31:28,656389.0,4.0,0.0,0.0,0.0,0.0,0.0,0.0,0.0,0.0,0.0,0.0,0.0,0.0,6.093947339,218796.3333,254.0715122,218978.0,218506.0,656389.0,218796.3333,254.0715122,218978.0,218506.0,0.0,0.0,0.0,0.0,0.0,0.0,0.0,160.0,0.0,6.093947339,0.0,0.0,0.0,0.0,0.0,0.0,0.0,0.0,0.0,0.0,1.0,0.0,0.0,0.0,0.0,0.0,0.0,0.0,4.0,0.0,0.0,0.0,32768.0,-1.0,0.0,40.0,0.0,0.0,0.0,0.0,0.0,0.0,0.0,0.0,Infilteration
443.0,6.0,2018-03-01 03:24:21,53779954.0,5.0,1.0,123.0,46.0,46.0,0.0,24.6,23.27659769,46.0,46.0,46.0,0.0,3.142434819,0.111565733,10800000.0,24000000.0,53600000.0,18.0,53800000.0,13400000.0,26800000.0,53600000.0,18.0,0.0,0.0,0.0,0.0,0.0,1.0,0.0,100.0,20.0,0.092971444,0.018594289,0.0,46.0,30.71428571,21.68497395,470.2380952,0.0,1.0,0.0,0.0,1.0,0.0,0.0,0.0,0.0,35.83333333,24.6,46.0,5.0,123.0,1.0,46.0,254.0,127.0,2.0,20.0,155992.0,0.0,155992.0,155992.0,53600000.0,0.0,53600000.0,53600000.0,Infilteration
3389.0,6.0,2018-03-01 10:05:26,2542490.0,8.0,7.0,1148.0,1581.0,677.0,0.0,143.5,228.1296624,1173.0,0.0,225.8571429,430.0986044,1073.357221,5.899728219,181606.4286,254120.1196,955825.0,59.0,2542490.0,363212.8571,411471.6856,1271362.0,412.0,2290216.0,381702.6667,282322.3629,955825.0,252708.0,0.0,0.0,172.0,152.0,3.146521717,2.753206502,0.0,1173.0,170.5625,319.4332416,102037.5958,0.0,0.0,0.0,1.0,0.0,0.0,0.0,0.0,0.0,181.9333333,143.5,225.8571429,8.0,1148.0,7.0,1581.0,8192.0,62852.0,5.0,20.0,0.0,0.0,0.0,0.0,0.0,0.0,0.0,0.0,Infilteration
53.0,17.0,2018-03-01 02:22:24,982.0,1.0,1.0,40.0,101.0,40.0,40.0,40.0,0.0,101.0,101.0,101.0,0.0,143584.5214,2036.659878,982.0,0.0,982.0,982.0,0.0,0.0,0.0,0.0,0.0,0.0,0.0,0.0,0.0,0.0,0.0,0.0,8.0,8.0,1018.329939,1018.329939,40.0,101.0,60.33333333,35.21836642,1240.333333,0.0,0.0,0.0,0.0,0.0,0.0,0.0,0.0,1.0,90.5,40.0,101.0,1.0,40.0,1.0,101.0,-1.0,-1.0,0.0,8.0,0.0,0.0,0.0,0.0,0.0,0.0,0.0,0.0,Infilteration
52019.0,6.0,2018-03-01 03:18:22,94455.0,3.0,1.0,107.0,0.0,69.0,0.0,35.66666667,34.55912808,0.0,0.0,0.0,0.0,1132.814568,42.34820814,31485.0,52636.98034,92252.0,15.0,94455.0,47227.5,63674.25854,92252.0,2203.0,0.0,0.0,0.0,0.0,0.0,1.0,0.0,60.0,20.0,31.76115611,10.58705204,0.0,69.0,35.2,34.53548899,1192.7,0.0,1.0,0.0,0.0,1.0,0.0,0.0,0.0,0.0,44.0,35.66666667,0.0,3.0,107.0,1.0,0.0,172.0,0.0,1.0,20.0,0.0,0.0,0.0,0.0,0.0,0.0,0.0,0.0,Infilteration
54831.0,6.0,2018-03-01 03:27:14,95.0,2.0,0.0,0.0,0.0,0.0,0.0,0.0,0.0,0.0,0.0,0.0,0.0,0.0,21052.63158,95.0,0.0,95.0,95.0,95.0,95.0,0.0,95.0,95.0,0.0,0.0,0.0,0.0,0.0,0.0,0.0,40.0,0.0,21052.63158,0.0,0.0,0.0,0.0,0.0,0.0,0.0,0.0,0.0,0.0,1.0,0.0,0.0,0.0,0.0,0.0,0.0,0.0,2.0,0.0,0.0,0.0,2240.0,-1.0,0.0,20.0,0.0,0.0,0.0,0.0,0.0,0.0,0.0,0.0,Infilteration
53.0,17.0,2018-03-01 10:36:58,433.0,1.0,1.0,36.0,52.0,36.0,36.0,36.0,0.0,52.0,52.0,52.0,0.0,203233.2564,4618.937644,433.0,0.0,433.0,433.0,0.0,0.0,0.0,0.0,0.0,0.0,0.0,0.0,0.0,0.0,0.0,0.0,8.0,8.0,2309.468822,2309.468822,36.0,52.0,41.33333333,9.237604307,85.33333333,0.0,0.0,0.0,0.0,0.0,0.0,0.0,0.0,1.0,62.0,36.0,52.0,1.0,36.0,1.0,52.0,-1.0,-1.0,0.0,8.0,0.0,0.0,0.0,0.0,0.0,0.0,0.0,0.0,Infilteration
443.0,6.0,2018-03-01 10:14:10,119817642.0,32.0,42.0,4502.0,29250.0,1436.0,0.0,140.6875,407.3458891,1460.0,0.0,696.4285714,697.5507724,281.6947441,0.61760521,1641337.562,3595085.705,10000000.0,1.0,120000000.0,3865085.226,4731792.492,10000000.0,12.0,114000000.0,2790497.927,4444483.504,10000000.0,1.0,0.0,0.0,652.0,984.0,0.267072523,0.350532687,0.0,1460.0,450.0266667,646.2796017,417677.3236,0.0,0.0,1.0,1.0,0.0,0.0,0.0,1.0,1.0,456.1081081,140.6875,696.4285714,32.0,4502.0,42.0,29250.0,8192.0,1308.0,17.0,20.0,385167.3333,1229009.614,4287797.0,30287.0,9599635.167,1330896.86,10000000.0,5376968.0,Infilteration
10617.0,6.0,2018-03-01 10:27:15,258.0,1.0,1.0,0.0,0.0,0.0,0.0,0.0,0.0,0.0,0.0,0.0,0.0,0.0,7751.937984,258.0,0.0,258.0,258.0,0.0,0.0,0.0,0.0,0.0,0.0,0.0,0.0,0.0,0.0,0.0,0.0,24.0,20.0,3875.968992,3875.968992,0.0,0.0,0.0,0.0,0.0,0.0,0.0,0.0,1.0,0.0,0.0,0.0,0.0,1.0,0.0,0.0,0.0,1.0,0.0,1.0,0.0,1024.0,0.0,0.0,24.0,0.0,0.0,0.0,0.0,0.0,0.0,0.0,0.0,Infilteration
51913.0,6.0,2018-03-01 02:35:19,429.0,2.0,1.0,38.0,0.0,38.0,0.0,19.0,26.87005769,0.0,0.0,0.0,0.0,88578.08858,6993.006993,214.5,283.5498193,415.0,14.0,429.0,429.0,0.0,429.0,429.0,0.0,0.0,0.0,0.0,0.0,1.0,0.0,40.0,20.0,4662.004662,2331.002331,0.0,38.0,19.0,21.93931023,481.3333333,0.0,1.0,0.0,0.0,1.0,0.0,0.0,0.0,0.0,25.33333333,19.0,0.0,2.0,38.0,1.0,0.0,176.0,0.0,0.0,20.0,0.0,0.0,0.0,0.0,0.0,0.0,0.0,0.0,Infilteration
52458.0,6.0,2018-03-01 03:09:05,12.0,1.0,1.0,0.0,0.0,0.0,0.0,0.0,0.0,0.0,0.0,0.0,0.0,0.0,166666.6667,12.0,0.0,12.0,12.0,0.0,0.0,0.0,0.0,0.0,0.0,0.0,0.0,0.0,0.0,0.0,0.0,20.0,20.0,83333.33333,83333.33333,0.0,0.0,0.0,0.0,0.0,0.0,0.0,0.0,0.0,1.0,1.0,0.0,0.0,1.0,0.0,0.0,0.0,1.0,0.0,1.0,0.0,190.0,258.0,0.0,20.0,0.0,0.0,0.0,0.0,0.0,0.0,0.0,0.0,Infilteration
311.0,6.0,2018-03-01 02:37:55,226.0,1.0,1.0,0.0,0.0,0.0,0.0,0.0,0.0,0.0,0.0,0.0,0.0,0.0,8849.557522,226.0,0.0,226.0,226.0,0.0,0.0,0.0,0.0,0.0,0.0,0.0,0.0,0.0,0.0,0.0,0.0,24.0,20.0,4424.778761,4424.778761,0.0,0.0,0.0,0.0,0.0,0.0,0.0,0.0,1.0,0.0,0.0,0.0,0.0,1.0,0.0,0.0,0.0,1.0,0.0,1.0,0.0,1024.0,0.0,0.0,24.0,0.0,0.0,0.0,0.0,0.0,0.0,0.0,0.0,Infilteration
443.0,6.0,2018-03-01 03:06:19,216.0,3.0,0.0,77.0,0.0,46.0,0.0,25.66666667,23.45918441,0.0,0.0,0.0,0.0,356481.4815,13888.88889,108.0,127.2792206,198.0,18.0,216.0,108.0,127.2792206,198.0,18.0,0.0,0.0,0.0,0.0,0.0,1.0,0.0,60.0,0.0,13888.88889,0.0,0.0,46.0,30.75,21.68524844,470.25,0.0,1.0,0.0,0.0,1.0,0.0,0.0,0.0,0.0,41.0,25.66666667,0.0,3.0,77.0,0.0,0.0,254.0,-1.0,1.0,20.0,0.0,0.0,0.0,0.0,0.0,0.0,0.0,0.0,Infilteration
80.0,6.0,2018-03-01 03:12:19,5261459.0,3.0,1.0,0.0,0.0,0.0,0.0,0.0,0.0,0.0,0.0,0.0,0.0,0.0,0.7602454,1753819.667,2801631.697,4984924.0,15.0,5261459.0,2630729.5,3329333.79,4984924.0,276535.0,0.0,0.0,0.0,0.0,0.0,0.0,0.0,72.0,32.0,0.57018405,0.19006135,0.0,0.0,0.0,0.0,0.0,0.0,0.0,1.0,1.0,0.0,0.0,0.0,1.0,0.0,0.0,0.0,0.0,3.0,0.0,1.0,0.0,8192.0,29200.0,0.0,20.0,0.0,0.0,0.0,0.0,0.0,0.0,0.0,0.0,Infilteration
7778.0,6.0,2018-03-01 10:51:58,255.0,1.0,1.0,0.0,0.0,0.0,0.0,0.0,0.0,0.0,0.0,0.0,0.0,0.0,7843.137255,255.0,0.0,255.0,255.0,0.0,0.0,0.0,0.0,0.0,0.0,0.0,0.0,0.0,0.0,0.0,0.0,24.0,20.0,3921.568627,3921.568627,0.0,0.0,0.0,0.0,0.0,0.0,0.0,0.0,1.0,0.0,0.0,0.0,0.0,1.0,0.0,0.0,0.0,1.0,0.0,1.0,0.0,1024.0,0.0,0.0,24.0,0.0,0.0,0.0,0.0,0.0,0.0,0.0,0.0,Infilteration
51382.0,6.0,2018-03-01 10:24:13,126.0,2.0,0.0,0.0,0.0,0.0,0.0,0.0,0.0,0.0,0.0,0.0,0.0,0.0,15873.01587,126.0,0.0,126.0,126.0,126.0,126.0,0.0,126.0,126.0,0.0,0.0,0.0,0.0,0.0,0.0,0.0,40.0,0.0,15873.01587,0.0,0.0,0.0,0.0,0.0,0.0,0.0,0.0,0.0,0.0,1.0,0.0,0.0,0.0,0.0,0.0,0.0,0.0,2.0,0.0,0.0,0.0,2240.0,-1.0,0.0,20.0,0.0,0.0,0.0,0.0,0.0,0.0,0.0,0.0,Infilteration
53.0,17.0,2018-03-01 03:03:44,990.0,1.0,1.0,49.0,77.0,49.0,49.0,49.0,0.0,77.0,77.0,77.0,0.0,127272.7273,2020.20202,990.0,0.0,990.0,990.0,0.0,0.0,0.0,0.0,0.0,0.0,0.0,0.0,0.0,0.0,0.0,0.0,8.0,8.0,1010.10101,1010.10101,49.0,77.0,58.33333333,16.16580754,261.3333333,0.0,0.0,0.0,0.0,0.0,0.0,0.0,0.0,1.0,87.5,49.0,77.0,1.0,49.0,1.0,77.0,-1.0,-1.0,0.0,8.0,0.0,0.0,0.0,0.0,0.0,0.0,0.0,0.0,Infilteration
53.0,17.0,2018-03-01 03:36:02,1700.0,1.0,1.0,31.0,78.0,31.0,31.0,31.0,0.0,78.0,78.0,78.0,0.0,64117.64706,1176.470588,1700.0,0.0,1700.0,1700.0,0.0,0.0,0.0,0.0,0.0,0.0,0.0,0.0,0.0,0.0,0.0,0.0,8.0,8.0,588.2352941,588.2352941,31.0,78.0,46.66666667,27.13546265,736.3333333,0.0,0.0,0.0,0.0,0.0,0.0,0.0,0.0,1.0,70.0,31.0,78.0,1.0,31.0,1.0,78.0,-1.0,-1.0,0.0,8.0,0.0,0.0,0.0,0.0,0.0,0.0,0.0,0.0,Infilteration
1687.0,6.0,2018-03-01 10:22:20,2.0,1.0,1.0,0.0,0.0,0.0,0.0,0.0,0.0,0.0,0.0,0.0,0.0,0.0,1000000.0,2.0,0.0,2.0,2.0,0.0,0.0,0.0,0.0,0.0,0.0,0.0,0.0,0.0,0.0,0.0,0.0,24.0,20.0,500000.0,500000.0,0.0,0.0,0.0,0.0,0.0,0.0,0.0,0.0,1.0,0.0,0.0,0.0,0.0,1.0,0.0,0.0,0.0,1.0,0.0,1.0,0.0,1024.0,0.0,0.0,24.0,0.0,0.0,0.0,0.0,0.0,0.0,0.0,0.0,Infilteration
53.0,17.0,2018-03-01 02:10:07,205.0,1.0,1.0,45.0,61.0,45.0,45.0,45.0,0.0,61.0,61.0,61.0,0.0,517073.1707,9756.097561,205.0,0.0,205.0,205.0,0.0,0.0,0.0,0.0,0.0,0.0,0.0,0.0,0.0,0.0,0.0,0.0,8.0,8.0,4878.04878,4878.04878,45.0,61.0,50.33333333,9.237604307,85.33333333,0.0,0.0,0.0,0.0,0.0,0.0,0.0,0.0,1.0,75.5,45.0,61.0,1.0,45.0,1.0,61.0,-1.0,-1.0,0.0,8.0,0.0,0.0,0.0,0.0,0.0,0.0,0.0,0.0,Infilteration
53.0,17.0,2018-03-01 02:34:19,313.0,1.0,1.0,46.0,62.0,46.0,46.0,46.0,0.0,62.0,62.0,62.0,0.0,345047.9233,6389.776358,313.0,0.0,313.0,313.0,0.0,0.0,0.0,0.0,0.0,0.0,0.0,0.0,0.0,0.0,0.0,0.0,8.0,8.0,3194.888179,3194.888179,46.0,62.0,51.33333333,9.237604307,85.33333333,0.0,0.0,0.0,0.0,0.0,0.0,0.0,0.0,1.0,77.0,46.0,62.0,1.0,46.0,1.0,62.0,-1.0,-1.0,0.0,8.0,0.0,0.0,0.0,0.0,0.0,0.0,0.0,0.0,Infilteration
3389.0,6.0,2018-03-01 02:39:01,2521606.0,8.0,10.0,1148.0,1581.0,677.0,0.0,143.5,228.1296624,1173.0,0.0,158.1,367.7307137,1082.24679,7.138307888,148329.7647,259721.1747,1094180.0,18.0,2521606.0,360229.4286,431129.3184,1218483.0,18.0,2458291.0,273143.4444,323531.2728,1094180.0,88982.0,0.0,0.0,168.0,208.0,3.172581284,3.965726604,0.0,1173.0,143.6315789,298.5202786,89114.35673,0.0,0.0,0.0,1.0,0.0,0.0,0.0,0.0,1.0,151.6111111,143.5,158.1,8.0,1148.0,10.0,1581.0,8192.0,62852.0,5.0,20.0,0.0,0.0,0.0,0.0,0.0,0.0,0.0,0.0,Infilteration
53.0,17.0,2018-03-01 02:53:57,2056.0,1.0,1.0,32.0,266.0,32.0,32.0,32.0,0.0,266.0,266.0,266.0,0.0,144941.6342,972.7626459,2056.0,0.0,2056.0,2056.0,0.0,0.0,0.0,0.0,0.0,0.0,0.0,0.0,0.0,0.0,0.0,0.0,8.0,8.0,486.381323,486.381323,32.0,266.0,110.0,135.099963,18252.0,0.0,0.0,0.0,0.0,0.0,0.0,0.0,0.0,1.0,165.0,32.0,266.0,1.0,32.0,1.0,266.0,-1.0,-1.0,0.0,8.0,0.0,0.0,0.0,0.0,0.0,0.0,0.0,0.0,Infilteration
3389.0,6.0,2018-03-01 03:35:17,2367689.0,4.0,3.0,234.0,0.0,117.0,0.0,58.5,67.5499815,0.0,0.0,0.0,0.0,98.83054742,2.956469367,394614.8333,952217.7507,2338178.0,15.0,29496.0,9832.0,16614.49054,29016.0,92.0,2367656.0,1183828.0,1632497.426,2338178.0,29478.0,0.0,0.0,92.0,84.0,1.689411067,1.2670583,0.0,117.0,29.25,54.16047584,2933.357143,0.0,0.0,1.0,1.0,0.0,0.0,0.0,1.0,0.0,33.42857143,58.5,0.0,4.0,234.0,3.0,0.0,8192.0,0.0,2.0,20.0,0.0,0.0,0.0,0.0,0.0,0.0,0.0,0.0,Infilteration
53.0,17.0,2018-03-01 10:33:01,316.0,1.0,1.0,42.0,58.0,42.0,42.0,42.0,0.0,58.0,58.0,58.0,0.0,316455.6962,6329.113924,316.0,0.0,316.0,316.0,0.0,0.0,0.0,0.0,0.0,0.0,0.0,0.0,0.0,0.0,0.0,0.0,8.0,8.0,3164.556962,3164.556962,42.0,58.0,47.33333333,9.237604307,85.33333333,0.0,0.0,0.0,0.0,0.0,0.0,0.0,0.0,1.0,71.0,42.0,58.0,1.0,42.0,1.0,58.0,-1.0,-1.0,0.0,8.0,0.0,0.0,0.0,0.0,0.0,0.0,0.0,0.0,Infilteration
445.0,6.0,2018-03-01 10:15:02,506465.0,9.0,4.0,279.0,211.0,139.0,0.0,31.0,51.29571132,133.0,0.0,52.75,56.57075216,967.4903498,25.66811132,42205.41667,60322.72937,179070.0,32.0,506465.0,63308.125,64863.72382,179070.0,578.0,313674.0,104558.0,33557.48735,126290.0,65909.0,0.0,0.0,192.0,92.0,17.77023091,7.897880406,0.0,139.0,35.0,50.59644256,2560.0,0.0,0.0,1.0,1.0,0.0,0.0,0.0,1.0,0.0,37.69230769,31.0,52.75,9.0,279.0,4.0,211.0,8192.0,2239.0,3.0,20.0,0.0,0.0,0.0,0.0,0.0,0.0,0.0,0.0,Infilteration
53.0,17.0,2018-03-01 10:37:16,290.0,1.0,1.0,41.0,73.0,41.0,41.0,41.0,0.0,73.0,73.0,73.0,0.0,393103.4483,6896.551724,290.0,0.0,290.0,290.0,0.0,0.0,0.0,0.0,0.0,0.0,0.0,0.0,0.0,0.0,0.0,0.0,8.0,8.0,3448.275862,3448.275862,41.0,73.0,51.66666667,18.47520861,341.3333333,0.0,0.0,0.0,0.0,0.0,0.0,0.0,0.0,1.0,77.5,41.0,73.0,1.0,41.0,1.0,73.0,-1.0,-1.0,0.0,8.0,0.0,0.0,0.0,0.0,0.0,0.0,0.0,0.0,Infilteration
443.0,6.0,2018-03-01 03:31:46,116896253.0,17.0,19.0,850.0,9214.0,224.0,0.0,50.0,78.18487705,1460.0,0.0,484.9473684,609.1233659,86.09343535,0.307965389,3339892.943,13700000.0,58100000.0,1.0,117000000.0,7306015.813,19800000.0,58100000.0,57.0,117000000.0,6490767.722,18800000.0,58100000.0,1.0,0.0,0.0,352.0,392.0,0.1454281,0.162537289,0.0,1460.0,272.0,487.3330483,237493.5,0.0,0.0,1.0,1.0,0.0,0.0,0.0,1.0,1.0,279.5555556,50.0,484.9473684,17.0,850.0,19.0,9214.0,8192.0,292.0,7.0,20.0,348940.5,405295.9293,635528.0,62353.0,58100000.0,53682.83972,58100000.0,58000000.0,Infilteration
513.0,6.0,2018-03-01 10:49:48,364.0,1.0,1.0,0.0,0.0,0.0,0.0,0.0,0.0,0.0,0.0,0.0,0.0,0.0,5494.505495,364.0,0.0,364.0,364.0,0.0,0.0,0.0,0.0,0.0,0.0,0.0,0.0,0.0,0.0,0.0,0.0,24.0,20.0,2747.252747,2747.252747,0.0,0.0,0.0,0.0,0.0,0.0,0.0,0.0,1.0,0.0,0.0,0.0,0.0,1.0,0.0,0.0,0.0,1.0,0.0,1.0,0.0,1024.0,0.0,0.0,24.0,0.0,0.0,0.0,0.0,0.0,0.0,0.0,0.0,Infilteration
53.0,17.0,2018-03-01 02:03:15,649.0,1.0,1.0,39.0,67.0,39.0,39.0,39.0,0.0,67.0,67.0,67.0,0.0,163328.1972,3081.664099,649.0,0.0,649.0,649.0,0.0,0.0,0.0,0.0,0.0,0.0,0.0,0.0,0.0,0.0,0.0,0.0,8.0,8.0,1540.832049,1540.832049,39.0,67.0,48.33333333,16.16580754,261.3333333,0.0,0.0,0.0,0.0,0.0,0.0,0.0,0.0,1.0,72.5,39.0,67.0,1.0,39.0,1.0,67.0,-1.0,-1.0,0.0,8.0,0.0,0.0,0.0,0.0,0.0,0.0,0.0,0.0,Infilteration
0.0,0.0,2018-03-01 02:04:40,112628709.0,3.0,0.0,0.0,0.0,0.0,0.0,0.0,0.0,0.0,0.0,0.0,0.0,0.0,0.026636193,56300000.0,34252.95959,56300000.0,56300000.0,113000000.0,56300000.0,34252.95959,56300000.0,56300000.0,0.0,0.0,0.0,0.0,0.0,0.0,0.0,0.0,0.0,0.026636193,0.0,0.0,0.0,0.0,0.0,0.0,0.0,0.0,0.0,0.0,0.0,0.0,0.0,0.0,0.0,0.0,0.0,0.0,3.0,0.0,0.0,0.0,-1.0,-1.0,0.0,0.0,0.0,0.0,0.0,0.0,56300000.0,34252.95959,56300000.0,56300000.0,Infilteration
6646.0,6.0,2018-03-01 10:40:13,2.0,1.0,1.0,0.0,0.0,0.0,0.0,0.0,0.0,0.0,0.0,0.0,0.0,0.0,1000000.0,2.0,0.0,2.0,2.0,0.0,0.0,0.0,0.0,0.0,0.0,0.0,0.0,0.0,0.0,0.0,0.0,24.0,20.0,500000.0,500000.0,0.0,0.0,0.0,0.0,0.0,0.0,0.0,0.0,1.0,0.0,0.0,0.0,0.0,1.0,0.0,0.0,0.0,1.0,0.0,1.0,0.0,1024.0,0.0,0.0,24.0,0.0,0.0,0.0,0.0,0.0,0.0,0.0,0.0,Infilteration
53.0,17.0,2018-03-01 10:13:08,1354.0,1.0,1.0,34.0,79.0,34.0,34.0,34.0,0.0,79.0,79.0,79.0,0.0,83456.42541,1477.104874,1354.0,0.0,1354.0,1354.0,0.0,0.0,0.0,0.0,0.0,0.0,0.0,0.0,0.0,0.0,0.0,0.0,8.0,8.0,738.5524372,738.5524372,34.0,79.0,49.0,25.98076211,675.0,0.0,0.0,0.0,0.0,0.0,0.0,0.0,0.0,1.0,73.5,34.0,79.0,1.0,34.0,1.0,79.0,-1.0,-1.0,0.0,8.0,0.0,0.0,0.0,0.0,0.0,0.0,0.0,0.0,Infilteration
54105.0,6.0,2018-03-01 02:51:22,20.0,1.0,1.0,0.0,0.0,0.0,0.0,0.0,0.0,0.0,0.0,0.0,0.0,0.0,100000.0,20.0,0.0,20.0,20.0,0.0,0.0,0.0,0.0,0.0,0.0,0.0,0.0,0.0,0.0,0.0,0.0,20.0,20.0,50000.0,50000.0,0.0,0.0,0.0,0.0,0.0,0.0,0.0,0.0,0.0,1.0,1.0,0.0,0.0,1.0,0.0,0.0,0.0,1.0,0.0,1.0,0.0,288.0,253.0,0.0,20.0,0.0,0.0,0.0,0.0,0.0,0.0,0.0,0.0,Infilteration
3013.0,6.0,2018-03-01 10:52:02,319.0,1.0,1.0,0.0,0.0,0.0,0.0,0.0,0.0,0.0,0.0,0.0,0.0,0.0,6269.592476,319.0,0.0,319.0,319.0,0.0,0.0,0.0,0.0,0.0,0.0,0.0,0.0,0.0,0.0,0.0,0.0,24.0,20.0,3134.796238,3134.796238,0.0,0.0,0.0,0.0,0.0,0.0,0.0,0.0,1.0,0.0,0.0,0.0,0.0,1.0,0.0,0.0,0.0,1.0,0.0,1.0,0.0,1024.0,0.0,0.0,24.0,0.0,0.0,0.0,0.0,0.0,0.0,0.0,0.0,Infilteration
52234.0,6.0,2018-03-01 10:54:53,6004096.0,3.0,1.0,1873.0,0.0,1873.0,0.0,624.3333333,1081.377054,0.0,0.0,0.0,0.0,311.9537063,0.666211866,2001365.333,3466415.346,6004037.0,1.0,6004038.0,3002019.0,4245494.57,6004037.0,1.0,0.0,0.0,0.0,0.0,0.0,0.0,0.0,60.0,20.0,0.4996589,0.166552967,0.0,1873.0,374.6,837.6310644,701625.8,0.0,0.0,0.0,0.0,1.0,0.0,0.0,0.0,0.0,468.25,624.3333333,0.0,3.0,1873.0,1.0,0.0,63942.0,0.0,1.0,20.0,0.0,0.0,0.0,0.0,6004037.0,0.0,6004037.0,6004037.0,Infilteration
445.0,6.0,2018-03-01 10:39:52,28265644.0,13.0,4.0,951.0,170.0,103.0,0.0,73.15384615,41.81675532,131.0,0.0,42.5,61.79805822,39.65945372,0.601436854,1766602.75,3293081.479,12500000.0,31.0,28300000.0,2355470.333,3643441.266,12500000.0,2258.0,557904.0,185968.0,837.5899952,186841.0,185171.0,0.0,0.0,272.0,92.0,0.4599223,0.141514554,0.0,131.0,62.27777778,48.15514823,2318.918301,0.0,0.0,0.0,1.0,0.0,0.0,0.0,0.0,0.0,65.94117647,73.15384615,42.5,13.0,951.0,4.0,170.0,8192.0,0.0,10.0,20.0,9547309.0,0.0,9547309.0,9547309.0,9359167.5,4411826.591,12500000.0,6239535.0,Infilteration
53.0,17.0,2018-03-01 02:14:36,72456.0,2.0,2.0,62.0,94.0,31.0,31.0,31.0,0.0,47.0,47.0,47.0,0.0,2153.030805,55.20591807,24152.0,21568.717,41493.0,0.0,30963.0,30963.0,0.0,30963.0,30963.0,0.0,0.0,0.0,0.0,0.0,0.0,0.0,16.0,16.0,27.60295904,27.60295904,31.0,47.0,37.4,8.76356092,76.8,0.0,0.0,0.0,0.0,0.0,0.0,0.0,0.0,1.0,46.75,31.0,47.0,2.0,62.0,2.0,94.0,-1.0,-1.0,1.0,8.0,0.0,0.0,0.0,0.0,0.0,0.0,0.0,0.0,Infilteration
445.0,6.0,2018-03-01 03:06:59,240176.0,3.0,1.0,0.0,0.0,0.0,0.0,0.0,0.0,0.0,0.0,0.0,0.0,0.0,16.6544534,80058.66667,138540.123,240031.0,1.0,240176.0,120088.0,169828.6641,240175.0,1.0,0.0,0.0,0.0,0.0,0.0,0.0,0.0,72.0,32.0,12.49084005,4.16361335,0.0,0.0,0.0,0.0,0.0,0.0,0.0,0.0,1.0,0.0,0.0,0.0,0.0,0.0,0.0,0.0,0.0,3.0,0.0,1.0,0.0,8192.0,8192.0,0.0,20.0,0.0,0.0,0.0,0.0,0.0,0.0,0.0,0.0,Infilteration
53.0,17.0,2018-03-01 02:14:36,1193.0,1.0,1.0,42.0,102.0,42.0,42.0,42.0,0.0,102.0,102.0,102.0,0.0,120704.1073,1676.445935,1193.0,0.0,1193.0,1193.0,0.0,0.0,0.0,0.0,0.0,0.0,0.0,0.0,0.0,0.0,0.0,0.0,8.0,8.0,838.2229673,838.2229673,42.0,102.0,62.0,34.64101615,1200.0,0.0,0.0,0.0,0.0,0.0,0.0,0.0,0.0,1.0,93.0,42.0,102.0,1.0,42.0,1.0,102.0,-1.0,-1.0,0.0,8.0,0.0,0.0,0.0,0.0,0.0,0.0,0.0,0.0,Infilteration
53.0,17.0,2018-03-01 03:30:40,1678.0,1.0,1.0,42.0,96.0,42.0,42.0,42.0,0.0,96.0,96.0,96.0,0.0,82240.76281,1191.895113,1678.0,0.0,1678.0,1678.0,0.0,0.0,0.0,0.0,0.0,0.0,0.0,0.0,0.0,0.0,0.0,0.0,8.0,8.0,595.9475566,595.9475566,42.0,96.0,60.0,31.17691454,972.0,0.0,0.0,0.0,0.0,0.0,0.0,0.0,0.0,1.0,90.0,42.0,96.0,1.0,42.0,1.0,96.0,-1.0,-1.0,0.0,8.0,0.0,0.0,0.0,0.0,0.0,0.0,0.0,0.0,Infilteration
53.0,17.0,2018-03-01 03:27:40,898.0,1.0,1.0,28.0,112.0,28.0,28.0,28.0,0.0,112.0,112.0,112.0,0.0,155902.0045,2227.171492,898.0,0.0,898.0,898.0,0.0,0.0,0.0,0.0,0.0,0.0,0.0,0.0,0.0,0.0,0.0,0.0,8.0,8.0,1113.585746,1113.585746,28.0,112.0,56.0,48.49742261,2352.0,0.0,0.0,0.0,0.0,0.0,0.0,0.0,0.0,1.0,84.0,28.0,112.0,1.0,28.0,1.0,112.0,-1.0,-1.0,0.0,8.0,0.0,0.0,0.0,0.0,0.0,0.0,0.0,0.0,Infilteration
2399.0,6.0,2018-03-01 02:30:23,324.0,1.0,1.0,0.0,0.0,0.0,0.0,0.0,0.0,0.0,0.0,0.0,0.0,0.0,6172.839506,324.0,0.0,324.0,324.0,0.0,0.0,0.0,0.0,0.0,0.0,0.0,0.0,0.0,0.0,0.0,0.0,24.0,20.0,3086.419753,3086.419753,0.0,0.0,0.0,0.0,0.0,0.0,0.0,0.0,1.0,0.0,0.0,0.0,0.0,1.0,0.0,0.0,0.0,1.0,0.0,1.0,0.0,1024.0,0.0,0.0,24.0,0.0,0.0,0.0,0.0,0.0,0.0,0.0,0.0,Infilteration
53.0,17.0,2018-03-01 02:55:16,347.0,1.0,1.0,52.0,68.0,52.0,52.0,52.0,0.0,68.0,68.0,68.0,0.0,345821.3256,5763.688761,347.0,0.0,347.0,347.0,0.0,0.0,0.0,0.0,0.0,0.0,0.0,0.0,0.0,0.0,0.0,0.0,8.0,8.0,2881.84438,2881.84438,52.0,68.0,57.33333333,9.237604307,85.33333333,0.0,0.0,0.0,0.0,0.0,0.0,0.0,0.0,1.0,86.0,52.0,68.0,1.0,52.0,1.0,68.0,-1.0,-1.0,0.0,8.0,0.0,0.0,0.0,0.0,0.0,0.0,0.0,0.0,Infilteration
53.0,17.0,2018-03-01 10:01:04,10928.0,1.0,1.0,64.0,146.0,64.0,64.0,64.0,0.0,146.0,146.0,146.0,0.0,19216.69107,183.0161054,10928.0,0.0,10928.0,10928.0,0.0,0.0,0.0,0.0,0.0,0.0,0.0,0.0,0.0,0.0,0.0,0.0,8.0,8.0,91.50805271,91.50805271,64.0,146.0,91.33333333,47.34272207,2241.333333,0.0,0.0,0.0,0.0,0.0,0.0,0.0,0.0,1.0,137.0,64.0,146.0,1.0,64.0,1.0,146.0,-1.0,-1.0,0.0,8.0,0.0,0.0,0.0,0.0,0.0,0.0,0.0,0.0,Infilteration
53.0,17.0,2018-03-01 02:49:32,2810.0,1.0,1.0,40.0,139.0,40.0,40.0,40.0,0.0,139.0,139.0,139.0,0.0,63701.06762,711.7437722,2810.0,0.0,2810.0,2810.0,0.0,0.0,0.0,0.0,0.0,0.0,0.0,0.0,0.0,0.0,0.0,0.0,8.0,8.0,355.8718861,355.8718861,40.0,139.0,73.0,57.15767665,3267.0,0.0,0.0,0.0,0.0,0.0,0.0,0.0,0.0,1.0,109.5,40.0,139.0,1.0,40.0,1.0,139.0,-1.0,-1.0,0.0,8.0,0.0,0.0,0.0,0.0,0.0,0.0,0.0,0.0,Infilteration
443.0,6.0,2018-03-01 02:31:43,55564228.0,8.0,6.0,37.0,0.0,31.0,0.0,4.625,10.66285274,0.0,0.0,0.0,0.0,0.665896051,0.251960668,4274171.385,4940730.012,10000000.0,31.0,55600000.0,7937746.857,3885861.493,10000000.0,31.0,50100000.0,10000000.0,354.916469,10000000.0,10000000.0,0.0,0.0,160.0,120.0,0.143977525,0.107983143,0.0,31.0,2.533333333,7.890923055,62.26666667,0.0,0.0,0.0,0.0,1.0,0.0,0.0,0.0,0.0,2.714285714,4.625,0.0,8.0,37.0,6.0,0.0,63330.0,15995.0,6.0,20.0,11117.66667,218.9298213,11505.0,10899.0,9249581.833,1848862.542,10000000.0,5475607.0,Infilteration
52629.0,6.0,2018-03-01 03:27:19,1.0,2.0,0.0,0.0,0.0,0.0,0.0,0.0,0.0,0.0,0.0,0.0,0.0,0.0,2000000.0,1.0,0.0,1.0,1.0,1.0,1.0,0.0,1.0,1.0,0.0,0.0,0.0,0.0,0.0,0.0,0.0,40.0,0.0,2000000.0,0.0,0.0,0.0,0.0,0.0,0.0,1.0,0.0,0.0,0.0,0.0,0.0,0.0,0.0,0.0,0.0,0.0,0.0,2.0,0.0,0.0,0.0,0.0,-1.0,0.0,20.0,0.0,0.0,0.0,0.0,0.0,0.0,0.0,0.0,Infilteration
3389.0,6.0,2018-03-01 02:09:21,1905138.0,8.0,7.0,1128.0,1581.0,661.0,0.0,141.0,222.6233206,1173.0,0.0,225.8571429,430.0986044,1421.944237,7.873445388,136081.2857,272003.1791,1052556.0,5.0,1905138.0,272162.5714,468378.6224,1329810.0,5.0,1696568.0,282761.3333,378405.0014,1052556.0,108701.0,0.0,0.0,172.0,152.0,4.199170874,3.674274514,0.0,1173.0,169.3125,317.731274,100953.1625,0.0,0.0,1.0,1.0,0.0,0.0,0.0,1.0,0.0,180.6,141.0,225.8571429,8.0,1128.0,7.0,1581.0,8192.0,62872.0,5.0,20.0,0.0,0.0,0.0,0.0,0.0,0.0,0.0,0.0,Infilteration
3389.0,6.0,2018-03-01 10:23:58,4128.0,4.0,2.0,42.0,19.0,42.0,0.0,10.5,21.0,19.0,0.0,9.5,13.43502884,14777.13178,1453.488372,825.6,1433.655049,3377.0,19.0,4128.0,1376.0,1806.192958,3460.0,263.0,3659.0,3659.0,0.0,3659.0,3659.0,0.0,0.0,92.0,52.0,968.9922481,484.496124,0.0,42.0,8.714285714,16.29636243,265.5714286,0.0,0.0,1.0,1.0,0.0,0.0,0.0,1.0,0.0,10.16666667,10.5,9.5,4.0,42.0,2.0,19.0,8192.0,63958.0,1.0,20.0,0.0,0.0,0.0,0.0,0.0,0.0,0.0,0.0,Infilteration
1783.0,6.0,2018-03-01 02:42:15,216.0,1.0,1.0,0.0,0.0,0.0,0.0,0.0,0.0,0.0,0.0,0.0,0.0,0.0,9259.259259,216.0,0.0,216.0,216.0,0.0,0.0,0.0,0.0,0.0,0.0,0.0,0.0,0.0,0.0,0.0,0.0,24.0,20.0,4629.62963,4629.62963,0.0,0.0,0.0,0.0,0.0,0.0,0.0,0.0,1.0,0.0,0.0,0.0,0.0,1.0,0.0,0.0,0.0,1.0,0.0,1.0,0.0,1024.0,0.0,0.0,24.0,0.0,0.0,0.0,0.0,0.0,0.0,0.0,0.0,Infilteration
3389.0,6.0,2018-03-01 10:49:53,4010223.0,10.0,7.0,1148.0,1581.0,677.0,0.0,114.8,210.0924664,1173.0,0.0,225.8571429,430.0986044,680.5107846,4.239165752,250638.9375,361850.6824,1245188.0,4.0,4010223.0,445580.3333,463547.9057,1245188.0,4.0,3801998.0,633666.3333,568326.1416,1599397.0,163938.0,0.0,0.0,212.0,152.0,2.493626913,1.745538839,0.0,1173.0,151.6111111,305.0826578,93075.4281,0.0,0.0,1.0,1.0,0.0,0.0,0.0,1.0,0.0,160.5294118,114.8,225.8571429,10.0,1148.0,7.0,1581.0,8192.0,62852.0,5.0,20.0,0.0,0.0,0.0,0.0,0.0,0.0,0.0,0.0,Infilteration
161.0,6.0,2018-03-01 10:22:20,270.0,1.0,1.0,0.0,0.0,0.0,0.0,0.0,0.0,0.0,0.0,0.0,0.0,0.0,7407.407407,270.0,0.0,270.0,270.0,0.0,0.0,0.0,0.0,0.0,0.0,0.0,0.0,0.0,0.0,0.0,0.0,24.0,20.0,3703.703704,3703.703704,0.0,0.0,0.0,0.0,0.0,0.0,0.0,0.0,1.0,0.0,0.0,0.0,0.0,1.0,0.0,0.0,0.0,1.0,0.0,1.0,0.0,1024.0,0.0,0.0,24.0,0.0,0.0,0.0,0.0,0.0,0.0,0.0,0.0,Infilteration
443.0,6.0,2018-03-01 02:11:53,15690695.0,9.0,11.0,1136.0,6005.0,819.0,0.0,126.2222222,269.1072174,1460.0,0.0,545.9090909,659.5165585,455.110497,1.274640798,825826.0526,2523145.066,9843603.0,1.0,10100000.0,1266226.75,3466162.075,9843603.0,3456.0,15700000.0,1566425.8,3442572.04,10000000.0,1.0,0.0,0.0,192.0,244.0,0.573588359,0.701052439,0.0,1460.0,340.047619,544.1627951,296113.1476,0.0,0.0,1.0,1.0,0.0,0.0,0.0,1.0,1.0,357.05,126.2222222,545.9090909,9.0,1136.0,11.0,6005.0,8192.0,34.0,4.0,20.0,156542.5,183378.9513,286211.0,26874.0,7688804.5,3047345.263,9843603.0,5534006.0,Infilteration
53.0,17.0,2018-03-01 02:21:20,40208.0,2.0,2.0,58.0,506.0,29.0,29.0,29.0,0.0,253.0,253.0,253.0,0.0,14027.05929,99.48269001,13402.66667,13904.34955,27787.0,34.0,27787.0,27787.0,0.0,27787.0,27787.0,34.0,34.0,0.0,34.0,34.0,0.0,0.0,16.0,16.0,49.74134501,49.74134501,29.0,253.0,118.6,122.6898529,15052.8,0.0,0.0,0.0,0.0,0.0,0.0,0.0,0.0,1.0,148.25,29.0,253.0,2.0,58.0,2.0,506.0,-1.0,-1.0,1.0,8.0,0.0,0.0,0.0,0.0,0.0,0.0,0.0,0.0,Infilteration
1102.0,6.0,2018-03-01 10:40:13,2.0,1.0,1.0,0.0,0.0,0.0,0.0,0.0,0.0,0.0,0.0,0.0,0.0,0.0,1000000.0,2.0,0.0,2.0,2.0,0.0,0.0,0.0,0.0,0.0,0.0,0.0,0.0,0.0,0.0,0.0,0.0,24.0,20.0,500000.0,500000.0,0.0,0.0,0.0,0.0,0.0,0.0,0.0,0.0,1.0,0.0,0.0,0.0,0.0,1.0,0.0,0.0,0.0,1.0,0.0,1.0,0.0,1024.0,0.0,0.0,24.0,0.0,0.0,0.0,0.0,0.0,0.0,0.0,0.0,Infilteration
60443.0,6.0,2018-03-01 10:47:38,248.0,1.0,1.0,0.0,0.0,0.0,0.0,0.0,0.0,0.0,0.0,0.0,0.0,0.0,8064.516129,248.0,0.0,248.0,248.0,0.0,0.0,0.0,0.0,0.0,0.0,0.0,0.0,0.0,0.0,0.0,0.0,24.0,20.0,4032.258065,4032.258065,0.0,0.0,0.0,0.0,0.0,0.0,0.0,0.0,1.0,0.0,0.0,0.0,0.0,1.0,0.0,0.0,0.0,1.0,0.0,1.0,0.0,1024.0,0.0,0.0,24.0,0.0,0.0,0.0,0.0,0.0,0.0,0.0,0.0,Infilteration
443.0,6.0,2018-03-01 10:17:06,297.0,3.0,0.0,77.0,0.0,46.0,0.0,25.66666667,23.45918441,0.0,0.0,0.0,0.0,259259.2593,10101.0101,148.5,185.9690835,280.0,17.0,297.0,148.5,185.9690835,280.0,17.0,0.0,0.0,0.0,0.0,0.0,1.0,0.0,60.0,0.0,10101.0101,0.0,0.0,46.0,30.75,21.68524844,470.25,0.0,1.0,0.0,0.0,1.0,0.0,0.0,0.0,0.0,41.0,25.66666667,0.0,3.0,77.0,0.0,0.0,258.0,-1.0,1.0,20.0,0.0,0.0,0.0,0.0,0.0,0.0,0.0,0.0,Infilteration
0.0,0.0,2018-03-01 10:12:30,2703633.0,4.0,4.0,0.0,0.0,0.0,0.0,0.0,0.0,0.0,0.0,0.0,0.0,0.0,2.958981489,386233.2857,993990.2594,2640162.0,499.0,2703104.0,901034.6667,1506632.481,2640744.0,31086.0,2703134.0,901044.6667,1506642.88,2640766.0,31011.0,0.0,0.0,0.0,0.0,1.479490744,1.479490744,0.0,0.0,0.0,0.0,0.0,0.0,0.0,0.0,0.0,0.0,0.0,0.0,0.0,1.0,0.0,0.0,0.0,4.0,0.0,4.0,0.0,-1.0,-1.0,0.0,0.0,0.0,0.0,0.0,0.0,0.0,0.0,0.0,0.0,Infilteration
52148.0,6.0,2018-03-01 02:32:53,30.0,1.0,1.0,0.0,0.0,0.0,0.0,0.0,0.0,0.0,0.0,0.0,0.0,0.0,66666.66667,30.0,0.0,30.0,30.0,0.0,0.0,0.0,0.0,0.0,0.0,0.0,0.0,0.0,0.0,0.0,0.0,20.0,20.0,33333.33333,33333.33333,0.0,0.0,0.0,0.0,0.0,0.0,0.0,0.0,0.0,1.0,1.0,0.0,0.0,1.0,0.0,0.0,0.0,1.0,0.0,1.0,0.0,118.0,256.0,0.0,20.0,0.0,0.0,0.0,0.0,0.0,0.0,0.0,0.0,Infilteration
53.0,17.0,2018-03-01 10:26:08,1453.0,1.0,1.0,37.0,77.0,37.0,37.0,37.0,0.0,77.0,77.0,77.0,0.0,78458.36201,1376.462491,1453.0,0.0,1453.0,1453.0,0.0,0.0,0.0,0.0,0.0,0.0,0.0,0.0,0.0,0.0,0.0,0.0,8.0,8.0,688.2312457,688.2312457,37.0,77.0,50.33333333,23.09401077,533.3333333,0.0,0.0,0.0,0.0,0.0,0.0,0.0,0.0,1.0,75.5,37.0,77.0,1.0,37.0,1.0,77.0,-1.0,-1.0,0.0,8.0,0.0,0.0,0.0,0.0,0.0,0.0,0.0,0.0,Infilteration
52109.0,6.0,2018-03-01 03:30:30,28.0,1.0,1.0,0.0,0.0,0.0,0.0,0.0,0.0,0.0,0.0,0.0,0.0,0.0,71428.57143,28.0,0.0,28.0,28.0,0.0,0.0,0.0,0.0,0.0,0.0,0.0,0.0,0.0,0.0,0.0,0.0,20.0,20.0,35714.28571,35714.28571,0.0,0.0,0.0,0.0,0.0,0.0,0.0,0.0,0.0,1.0,1.0,0.0,0.0,1.0,0.0,0.0,0.0,1.0,0.0,1.0,0.0,946.0,252.0,0.0,20.0,0.0,0.0,0.0,0.0,0.0,0.0,0.0,0.0,Infilteration
32777.0,6.0,2018-03-01 02:37:55,276.0,1.0,1.0,0.0,0.0,0.0,0.0,0.0,0.0,0.0,0.0,0.0,0.0,0.0,7246.376812,276.0,0.0,276.0,276.0,0.0,0.0,0.0,0.0,0.0,0.0,0.0,0.0,0.0,0.0,0.0,0.0,24.0,20.0,3623.188406,3623.188406,0.0,0.0,0.0,0.0,0.0,0.0,0.0,0.0,1.0,0.0,0.0,0.0,0.0,1.0,0.0,0.0,0.0,1.0,0.0,1.0,0.0,1024.0,0.0,0.0,24.0,0.0,0.0,0.0,0.0,0.0,0.0,0.0,0.0,Infilteration
443.0,6.0,2018-03-01 02:31:01,118711669.0,14.0,14.0,950.0,6256.0,315.0,0.0,67.85714286,99.4004002,1460.0,0.0,446.8571429,621.0120595,60.701699,0.235865608,4396728.481,15500000.0,58200000.0,1.0,119000000.0,9131666.846,21800000.0,58200000.0,279.0,119000000.0,9123774.385,21800000.0,58300000.0,1.0,0.0,0.0,292.0,292.0,0.117932804,0.117932804,0.0,1460.0,248.4827586,470.9947392,221836.0443,0.0,0.0,1.0,1.0,0.0,0.0,0.0,1.0,1.0,257.3571429,67.85714286,446.8571429,14.0,950.0,14.0,6256.0,8192.0,127.0,7.0,20.0,1103979.0,1451110.394,2130069.0,77889.0,58200000.0,50922.29485,58200000.0,58200000.0,Infilteration
53.0,17.0,2018-03-01 09:57:14,1153.0,1.0,1.0,45.0,73.0,45.0,45.0,45.0,0.0,73.0,73.0,73.0,0.0,102341.7173,1734.605377,1153.0,0.0,1153.0,1153.0,0.0,0.0,0.0,0.0,0.0,0.0,0.0,0.0,0.0,0.0,0.0,0.0,8.0,8.0,867.3026886,867.3026886,45.0,73.0,54.33333333,16.16580754,261.3333333,0.0,0.0,0.0,0.0,0.0,0.0,0.0,0.0,1.0,81.5,45.0,73.0,1.0,45.0,1.0,73.0,-1.0,-1.0,0.0,8.0,0.0,0.0,0.0,0.0,0.0,0.0,0.0,0.0,Infilteration
50678.0,6.0,2018-03-01 10:39:02,1.0,2.0,0.0,31.0,0.0,31.0,0.0,15.5,21.92031022,0.0,0.0,0.0,0.0,31000000.0,2000000.0,1.0,0.0,1.0,1.0,1.0,1.0,0.0,1.0,1.0,0.0,0.0,0.0,0.0,0.0,1.0,0.0,40.0,0.0,2000000.0,0.0,0.0,31.0,20.66666667,17.89785834,320.3333333,0.0,1.0,0.0,0.0,1.0,0.0,0.0,0.0,0.0,31.0,15.5,0.0,2.0,31.0,0.0,0.0,110.0,-1.0,0.0,20.0,0.0,0.0,0.0,0.0,0.0,0.0,0.0,0.0,Infilteration
9111.0,6.0,2018-03-01 10:22:20,2.0,1.0,1.0,0.0,0.0,0.0,0.0,0.0,0.0,0.0,0.0,0.0,0.0,0.0,1000000.0,2.0,0.0,2.0,2.0,0.0,0.0,0.0,0.0,0.0,0.0,0.0,0.0,0.0,0.0,0.0,0.0,24.0,20.0,500000.0,500000.0,0.0,0.0,0.0,0.0,0.0,0.0,0.0,0.0,1.0,0.0,0.0,0.0,0.0,1.0,0.0,0.0,0.0,1.0,0.0,1.0,0.0,1024.0,0.0,0.0,24.0,0.0,0.0,0.0,0.0,0.0,0.0,0.0,0.0,Infilteration
53.0,17.0,2018-03-01 03:07:09,484.0,1.0,1.0,36.0,52.0,36.0,36.0,36.0,0.0,52.0,52.0,52.0,0.0,181818.1818,4132.231405,484.0,0.0,484.0,484.0,0.0,0.0,0.0,0.0,0.0,0.0,0.0,0.0,0.0,0.0,0.0,0.0,8.0,8.0,2066.115702,2066.115702,36.0,52.0,41.33333333,9.237604307,85.33333333,0.0,0.0,0.0,0.0,0.0,0.0,0.0,0.0,1.0,62.0,36.0,52.0,1.0,36.0,1.0,52.0,-1.0,-1.0,0.0,8.0,0.0,0.0,0.0,0.0,0.0,0.0,0.0,0.0,Infilteration
443.0,6.0,2018-03-01 03:15:59,117871962.0,31.0,31.0,3300.0,3506.0,470.0,0.0,106.4516129,199.5845416,470.0,0.0,113.0967742,194.7101016,57.74061859,0.525994468,1932327.246,3691310.046,10000000.0,931.0,118000000.0,3928683.267,4485258.28,10000000.0,60998.0,118000000.0,3928684.067,4517979.248,10000000.0,931.0,1.0,0.0,620.0,620.0,0.262997234,0.262997234,0.0,470.0,115.4920635,199.2229966,39689.80236,0.0,1.0,0.0,0.0,1.0,0.0,0.0,0.0,1.0,117.3548387,106.4516129,113.0967742,31.0,3300.0,31.0,3506.0,64206.0,13798.0,16.0,20.0,1820454.3,1694579.563,3974875.0,11349.0,9965595.5,24441.44606,10000000.0,9948708.0,Infilteration
53.0,17.0,2018-03-01 02:14:37,28743.0,2.0,2.0,86.0,198.0,43.0,43.0,43.0,0.0,99.0,99.0,99.0,0.0,9880.666597,139.1643183,9581.0,16086.42673,28156.0,281.0,28462.0,28462.0,0.0,28462.0,28462.0,587.0,587.0,0.0,587.0,587.0,0.0,0.0,16.0,16.0,69.58215913,69.58215913,43.0,99.0,65.4,30.67246322,940.8,0.0,0.0,0.0,0.0,0.0,0.0,0.0,0.0,1.0,81.75,43.0,99.0,2.0,86.0,2.0,198.0,-1.0,-1.0,1.0,8.0,0.0,0.0,0.0,0.0,0.0,0.0,0.0,0.0,Infilteration
53.0,17.0,2018-03-01 10:44:18,19708.0,1.0,1.0,36.0,121.0,36.0,36.0,36.0,0.0,121.0,121.0,121.0,0.0,7966.308098,101.4816318,19708.0,0.0,19708.0,19708.0,0.0,0.0,0.0,0.0,0.0,0.0,0.0,0.0,0.0,0.0,0.0,0.0,8.0,8.0,50.74081591,50.74081591,36.0,121.0,64.33333333,49.07477288,2408.333333,0.0,0.0,0.0,0.0,0.0,0.0,0.0,0.0,1.0,96.5,36.0,121.0,1.0,36.0,1.0,121.0,-1.0,-1.0,0.0,8.0,0.0,0.0,0.0,0.0,0.0,0.0,0.0,0.0,Infilteration
54465.0,6.0,2018-03-01 03:32:42,36.0,3.0,1.0,31.0,0.0,31.0,0.0,10.33333333,17.89785834,0.0,0.0,0.0,0.0,861111.1111,111111.1111,12.0,5.291502622,18.0,8.0,36.0,18.0,11.3137085,26.0,10.0,0.0,0.0,0.0,0.0,0.0,0.0,0.0,60.0,20.0,83333.33333,27777.77778,0.0,31.0,6.2,13.86362146,192.2,0.0,0.0,0.0,0.0,1.0,0.0,0.0,0.0,0.0,7.75,10.33333333,0.0,3.0,31.0,1.0,0.0,1036.0,0.0,1.0,20.0,0.0,0.0,0.0,0.0,0.0,0.0,0.0,0.0,Infilteration
5730.0,6.0,2018-03-01 10:27:15,308.0,1.0,1.0,0.0,0.0,0.0,0.0,0.0,0.0,0.0,0.0,0.0,0.0,0.0,6493.506494,308.0,0.0,308.0,308.0,0.0,0.0,0.0,0.0,0.0,0.0,0.0,0.0,0.0,0.0,0.0,0.0,24.0,20.0,3246.753247,3246.753247,0.0,0.0,0.0,0.0,0.0,0.0,0.0,0.0,1.0,0.0,0.0,0.0,0.0,1.0,0.0,0.0,0.0,1.0,0.0,1.0,0.0,1024.0,0.0,0.0,24.0,0.0,0.0,0.0,0.0,0.0,0.0,0.0,0.0,Infilteration
443.0,6.0,2018-03-01 03:18:43,191.0,3.0,0.0,77.0,0.0,46.0,0.0,25.66666667,23.45918441,0.0,0.0,0.0,0.0,403141.3613,15706.80628,95.5,109.6015511,173.0,18.0,191.0,95.5,109.6015511,173.0,18.0,0.0,0.0,0.0,0.0,0.0,1.0,0.0,60.0,0.0,15706.80628,0.0,0.0,46.0,30.75,21.68524844,470.25,0.0,1.0,0.0,0.0,1.0,0.0,0.0,0.0,0.0,41.0,25.66666667,0.0,3.0,77.0,0.0,0.0,258.0,-1.0,1.0,20.0,0.0,0.0,0.0,0.0,0.0,0.0,0.0,0.0,Infilteration
53.0,17.0,2018-03-01 10:41:53,427.0,1.0,1.0,39.0,71.0,39.0,39.0,39.0,0.0,71.0,71.0,71.0,0.0,257611.2412,4683.840749,427.0,0.0,427.0,427.0,0.0,0.0,0.0,0.0,0.0,0.0,0.0,0.0,0.0,0.0,0.0,0.0,8.0,8.0,2341.920375,2341.920375,39.0,71.0,49.66666667,18.47520861,341.3333333,0.0,0.0,0.0,0.0,0.0,0.0,0.0,0.0,1.0,74.5,39.0,71.0,1.0,39.0,1.0,71.0,-1.0,-1.0,0.0,8.0,0.0,0.0,0.0,0.0,0.0,0.0,0.0,0.0,Infilteration
125.0,6.0,2018-03-01 02:30:23,2.0,1.0,1.0,0.0,0.0,0.0,0.0,0.0,0.0,0.0,0.0,0.0,0.0,0.0,1000000.0,2.0,0.0,2.0,2.0,0.0,0.0,0.0,0.0,0.0,0.0,0.0,0.0,0.0,0.0,0.0,0.0,24.0,20.0,500000.0,500000.0,0.0,0.0,0.0,0.0,0.0,0.0,0.0,0.0,1.0,0.0,0.0,0.0,0.0,1.0,0.0,0.0,0.0,1.0,0.0,1.0,0.0,1024.0,0.0,0.0,24.0,0.0,0.0,0.0,0.0,0.0,0.0,0.0,0.0,Infilteration
17.0,6.0,2018-03-01 10:22:20,1.0,1.0,1.0,0.0,0.0,0.0,0.0,0.0,0.0,0.0,0.0,0.0,0.0,0.0,2000000.0,1.0,0.0,1.0,1.0,0.0,0.0,0.0,0.0,0.0,0.0,0.0,0.0,0.0,0.0,0.0,0.0,24.0,20.0,1000000.0,1000000.0,0.0,0.0,0.0,0.0,0.0,0.0,0.0,0.0,1.0,0.0,0.0,0.0,0.0,1.0,0.0,0.0,0.0,1.0,0.0,1.0,0.0,1024.0,0.0,0.0,24.0,0.0,0.0,0.0,0.0,0.0,0.0,0.0,0.0,Infilteration
9220.0,6.0,2018-03-01 10:40:13,2.0,1.0,1.0,0.0,0.0,0.0,0.0,0.0,0.0,0.0,0.0,0.0,0.0,0.0,1000000.0,2.0,0.0,2.0,2.0,0.0,0.0,0.0,0.0,0.0,0.0,0.0,0.0,0.0,0.0,0.0,0.0,24.0,20.0,500000.0,500000.0,0.0,0.0,0.0,0.0,0.0,0.0,0.0,0.0,1.0,0.0,0.0,0.0,0.0,1.0,0.0,0.0,0.0,1.0,0.0,1.0,0.0,1024.0,0.0,0.0,24.0,0.0,0.0,0.0,0.0,0.0,0.0,0.0,0.0,Infilteration
443.0,6.0,2018-03-01 02:11:41,643.0,3.0,0.0,77.0,0.0,46.0,0.0,25.66666667,23.45918441,0.0,0.0,0.0,0.0,119751.1664,4665.62986,321.5,434.8706704,629.0,14.0,643.0,321.5,434.8706704,629.0,14.0,0.0,0.0,0.0,0.0,0.0,1.0,0.0,60.0,0.0,4665.62986,0.0,0.0,46.0,30.75,21.68524844,470.25,0.0,1.0,0.0,0.0,1.0,0.0,0.0,0.0,0.0,41.0,25.66666667,0.0,3.0,77.0,0.0,0.0,256.0,-1.0,1.0,20.0,0.0,0.0,0.0,0.0,0.0,0.0,0.0,0.0,Infilteration
53.0,17.0,2018-03-01 02:54:00,349.0,1.0,1.0,35.0,51.0,35.0,35.0,35.0,0.0,51.0,51.0,51.0,0.0,246418.3381,5730.659026,349.0,0.0,349.0,349.0,0.0,0.0,0.0,0.0,0.0,0.0,0.0,0.0,0.0,0.0,0.0,0.0,8.0,8.0,2865.329513,2865.329513,35.0,51.0,40.33333333,9.237604307,85.33333333,0.0,0.0,0.0,0.0,0.0,0.0,0.0,0.0,1.0,60.5,35.0,51.0,1.0,35.0,1.0,51.0,-1.0,-1.0,0.0,8.0,0.0,0.0,0.0,0.0,0.0,0.0,0.0,0.0,Infilteration
443.0,6.0,2018-03-01 02:36:02,143.0,2.0,0.0,0.0,0.0,0.0,0.0,0.0,0.0,0.0,0.0,0.0,0.0,0.0,13986.01399,143.0,0.0,143.0,143.0,143.0,143.0,0.0,143.0,143.0,0.0,0.0,0.0,0.0,0.0,0.0,0.0,40.0,0.0,13986.01399,0.0,0.0,0.0,0.0,0.0,0.0,0.0,0.0,0.0,0.0,1.0,0.0,0.0,0.0,0.0,0.0,0.0,0.0,2.0,0.0,0.0,0.0,64589.0,-1.0,0.0,20.0,0.0,0.0,0.0,0.0,0.0,0.0,0.0,0.0,Infilteration
3389.0,6.0,2018-03-01 10:20:14,2198306.0,8.0,8.0,1128.0,1618.0,661.0,0.0,141.0,222.6233206,1173.0,0.0,202.25,403.7533724,1249.143659,7.278331588,146553.7333,237122.4746,937590.0,46.0,2198306.0,314043.7143,508726.1996,1460974.0,46.0,2051110.0,293015.7143,290731.3719,937590.0,143974.0,0.0,0.0,172.0,172.0,3.639165794,3.639165794,0.0,1173.0,161.5294118,309.3111535,95673.38971,0.0,0.0,1.0,1.0,0.0,0.0,0.0,1.0,1.0,171.625,141.0,202.25,8.0,1128.0,8.0,1618.0,8192.0,62872.0,5.0,20.0,0.0,0.0,0.0,0.0,0.0,0.0,0.0,0.0,Infilteration
2718.0,6.0,2018-03-01 03:27:46,2.0,1.0,1.0,0.0,0.0,0.0,0.0,0.0,0.0,0.0,0.0,0.0,0.0,0.0,1000000.0,2.0,0.0,2.0,2.0,0.0,0.0,0.0,0.0,0.0,0.0,0.0,0.0,0.0,0.0,0.0,0.0,24.0,20.0,500000.0,500000.0,0.0,0.0,0.0,0.0,0.0,0.0,0.0,0.0,1.0,0.0,0.0,0.0,0.0,1.0,0.0,0.0,0.0,1.0,0.0,1.0,0.0,1024.0,0.0,0.0,24.0,0.0,0.0,0.0,0.0,0.0,0.0,0.0,0.0,Infilteration
1051.0,6.0,2018-03-01 10:14:19,2.0,1.0,1.0,0.0,0.0,0.0,0.0,0.0,0.0,0.0,0.0,0.0,0.0,0.0,1000000.0,2.0,0.0,2.0,2.0,0.0,0.0,0.0,0.0,0.0,0.0,0.0,0.0,0.0,0.0,0.0,0.0,24.0,20.0,500000.0,500000.0,0.0,0.0,0.0,0.0,0.0,0.0,0.0,0.0,1.0,0.0,0.0,0.0,0.0,1.0,0.0,0.0,0.0,1.0,0.0,1.0,0.0,1024.0,0.0,0.0,24.0,0.0,0.0,0.0,0.0,0.0,0.0,0.0,0.0,Infilteration
3404.0,6.0,2018-03-01 10:22:20,2.0,1.0,1.0,0.0,0.0,0.0,0.0,0.0,0.0,0.0,0.0,0.0,0.0,0.0,1000000.0,2.0,0.0,2.0,2.0,0.0,0.0,0.0,0.0,0.0,0.0,0.0,0.0,0.0,0.0,0.0,0.0,24.0,20.0,500000.0,500000.0,0.0,0.0,0.0,0.0,0.0,0.0,0.0,0.0,1.0,0.0,0.0,0.0,0.0,1.0,0.0,0.0,0.0,1.0,0.0,1.0,0.0,1024.0,0.0,0.0,24.0,0.0,0.0,0.0,0.0,0.0,0.0,0.0,0.0,Infilteration
3389.0,6.0,2018-03-01 02:44:40,1394565.0,8.0,7.0,1148.0,1581.0,677.0,0.0,143.5,228.1296624,1173.0,0.0,225.8571429,430.0986044,1956.882612,10.75604221,99611.78571,251993.7344,968878.0,23.0,1394565.0,199223.5714,384935.942,1070447.0,23.0,1331709.0,221951.5,366211.2543,968878.0,63283.0,0.0,0.0,168.0,148.0,5.736555844,5.019486363,0.0,1173.0,170.5625,319.4332416,102037.5958,0.0,0.0,0.0,1.0,0.0,0.0,0.0,0.0,0.0,181.9333333,143.5,225.8571429,8.0,1148.0,7.0,1581.0,8192.0,62852.0,5.0,20.0,0.0,0.0,0.0,0.0,0.0,0.0,0.0,0.0,Infilteration
443.0,6.0,2018-03-01 02:18:21,12.0,1.0,1.0,58.0,31.0,58.0,58.0,58.0,0.0,31.0,31.0,31.0,0.0,7416666.667,166666.6667,12.0,0.0,12.0,12.0,0.0,0.0,0.0,0.0,0.0,0.0,0.0,0.0,0.0,0.0,1.0,0.0,20.0,20.0,83333.33333,83333.33333,31.0,58.0,49.0,15.58845727,243.0,0.0,1.0,0.0,0.0,1.0,0.0,0.0,0.0,1.0,73.5,58.0,31.0,1.0,58.0,1.0,31.0,62.0,62.0,0.0,20.0,0.0,0.0,0.0,0.0,0.0,0.0,0.0,0.0,Infilteration
52311.0,6.0,2018-03-01 02:37:18,55.0,2.0,0.0,0.0,0.0,0.0,0.0,0.0,0.0,0.0,0.0,0.0,0.0,0.0,36363.63636,55.0,0.0,55.0,55.0,55.0,55.0,0.0,55.0,55.0,0.0,0.0,0.0,0.0,0.0,0.0,0.0,40.0,0.0,36363.63636,0.0,0.0,0.0,0.0,0.0,0.0,1.0,0.0,0.0,0.0,0.0,0.0,0.0,0.0,0.0,0.0,0.0,0.0,2.0,0.0,0.0,0.0,0.0,-1.0,0.0,20.0,0.0,0.0,0.0,0.0,0.0,0.0,0.0,0.0,Infilteration
12265.0,6.0,2018-03-01 10:47:38,265.0,1.0,1.0,0.0,0.0,0.0,0.0,0.0,0.0,0.0,0.0,0.0,0.0,0.0,7547.169811,265.0,0.0,265.0,265.0,0.0,0.0,0.0,0.0,0.0,0.0,0.0,0.0,0.0,0.0,0.0,0.0,24.0,20.0,3773.584906,3773.584906,0.0,0.0,0.0,0.0,0.0,0.0,0.0,0.0,1.0,0.0,0.0,0.0,0.0,1.0,0.0,0.0,0.0,1.0,0.0,1.0,0.0,1024.0,0.0,0.0,24.0,0.0,0.0,0.0,0.0,0.0,0.0,0.0,0.0,Infilteration
53.0,17.0,2018-03-01 10:22:48,369.0,1.0,1.0,36.0,52.0,36.0,36.0,36.0,0.0,52.0,52.0,52.0,0.0,238482.3848,5420.054201,369.0,0.0,369.0,369.0,0.0,0.0,0.0,0.0,0.0,0.0,0.0,0.0,0.0,0.0,0.0,0.0,8.0,8.0,2710.0271,2710.0271,36.0,52.0,41.33333333,9.237604307,85.33333333,0.0,0.0,0.0,0.0,0.0,0.0,0.0,0.0,1.0,62.0,36.0,52.0,1.0,36.0,1.0,52.0,-1.0,-1.0,0.0,8.0,0.0,0.0,0.0,0.0,0.0,0.0,0.0,0.0,Infilteration
443.0,6.0,2018-03-01 02:55:57,116987630.0,13.0,11.0,605.0,3811.0,205.0,0.0,46.53846154,70.42917883,1430.0,0.0,346.4545455,554.9395217,37.74758066,0.205149895,5086418.696,16800000.0,58700000.0,1.0,117000000.0,9748969.167,22700000.0,58700000.0,141.0,117000000.0,11700000.0,24600000.0,58700000.0,1.0,0.0,0.0,272.0,232.0,0.11112286,0.094027035,0.0,1430.0,176.64,393.0412277,154481.4067,0.0,0.0,1.0,1.0,0.0,0.0,0.0,1.0,0.0,184.0,46.53846154,346.4545455,13.0,605.0,11.0,3811.0,8192.0,176.0,6.0,20.0,167314.5,148439.391,272277.0,62352.0,58300000.0,530279.8813,58700000.0,57900000.0,Infilteration
37740.0,6.0,2018-03-01 03:27:03,656066.0,4.0,0.0,0.0,0.0,0.0,0.0,0.0,0.0,0.0,0.0,0.0,0.0,0.0,6.096947563,218688.6667,83.79936356,218765.0,218599.0,656066.0,218688.6667,83.79936356,218765.0,218599.0,0.0,0.0,0.0,0.0,0.0,0.0,0.0,160.0,0.0,6.096947563,0.0,0.0,0.0,0.0,0.0,0.0,0.0,0.0,0.0,0.0,1.0,0.0,0.0,0.0,0.0,0.0,0.0,0.0,4.0,0.0,0.0,0.0,32768.0,-1.0,0.0,40.0,0.0,0.0,0.0,0.0,0.0,0.0,0.0,0.0,Infilteration
443.0,6.0,2018-03-01 02:07:58,118230827.0,32.0,39.0,3671.0,5484.0,448.0,0.0,114.71875,157.9069212,1430.0,0.0,140.6153846,318.4448738,77.43327381,0.600520201,1689011.814,9806480.974,58900000.0,1.0,118000000.0,3813897.645,14600000.0,59000000.0,119.0,118000000.0,3109706.474,13200000.0,58900000.0,1.0,0.0,0.0,652.0,792.0,0.270656992,0.329863209,0.0,1430.0,127.1527778,256.0432215,65558.13126,0.0,0.0,1.0,1.0,0.0,0.0,0.0,1.0,1.0,128.943662,114.71875,140.6153846,32.0,3671.0,39.0,5484.0,8192.0,209.0,17.0,20.0,627172.5,798911.1617,1192088.0,62257.0,58500000.0,647096.75,58900000.0,58000000.0,Infilteration
2381.0,6.0,2018-03-01 10:22:20,3.0,1.0,1.0,0.0,0.0,0.0,0.0,0.0,0.0,0.0,0.0,0.0,0.0,0.0,666666.6667,3.0,0.0,3.0,3.0,0.0,0.0,0.0,0.0,0.0,0.0,0.0,0.0,0.0,0.0,0.0,0.0,24.0,20.0,333333.3333,333333.3333,0.0,0.0,0.0,0.0,0.0,0.0,0.0,0.0,1.0,0.0,0.0,0.0,0.0,1.0,0.0,0.0,0.0,1.0,0.0,1.0,0.0,1024.0,0.0,0.0,24.0,0.0,0.0,0.0,0.0,0.0,0.0,0.0,0.0,Infilteration
3389.0,6.0,2018-03-01 10:44:21,1400963.0,8.0,7.0,1148.0,1581.0,677.0,0.0,143.5,228.1296624,1173.0,0.0,225.8571429,430.0986044,1947.945806,10.70692088,100068.7857,251994.6685,969161.0,42.0,1400963.0,200137.5714,385841.7515,1073386.0,42.0,1336461.0,222743.5,365977.6233,969161.0,64367.0,0.0,0.0,168.0,148.0,5.710357804,4.996563078,0.0,1173.0,170.5625,319.4332416,102037.5958,0.0,0.0,0.0,1.0,0.0,0.0,0.0,0.0,0.0,181.9333333,143.5,225.8571429,8.0,1148.0,7.0,1581.0,8192.0,62852.0,5.0,20.0,0.0,0.0,0.0,0.0,0.0,0.0,0.0,0.0,Infilteration
53716.0,6.0,2018-03-01 02:29:08,4118.0,3.0,1.0,97.0,0.0,66.0,0.0,32.33333333,33.02019584,0.0,0.0,0.0,0.0,23555.12385,971.3453133,1372.666667,2350.681674,4087.0,15.0,4118.0,2059.0,2890.652521,4103.0,15.0,0.0,0.0,0.0,0.0,0.0,1.0,0.0,60.0,20.0,728.5089849,242.8363283,0.0,66.0,32.6,33.01211899,1089.8,0.0,1.0,0.0,0.0,1.0,0.0,0.0,0.0,0.0,40.75,32.33333333,0.0,3.0,97.0,1.0,0.0,62.0,0.0,1.0,20.0,0.0,0.0,0.0,0.0,0.0,0.0,0.0,0.0,Infilteration
3389.0,6.0,2018-03-01 02:10:20,1395588.0,8.0,7.0,1132.0,1581.0,661.0,0.0,141.5,222.7920235,1173.0,0.0,225.8571429,430.0986044,1943.983468,10.74815777,99684.85714,251975.1283,968806.0,47.0,1395588.0,199369.7143,384623.7718,1069852.0,73.0,1332963.0,222160.5,366059.6507,968806.0,62766.0,0.0,0.0,168.0,148.0,5.732350808,5.015806957,0.0,1173.0,169.5625,317.7627981,100973.1958,0.0,0.0,0.0,1.0,0.0,0.0,0.0,0.0,0.0,180.8666667,141.5,225.8571429,8.0,1132.0,7.0,1581.0,8192.0,62868.0,5.0,20.0,0.0,0.0,0.0,0.0,0.0,0.0,0.0,0.0,Infilteration
54579.0,6.0,2018-03-01 02:58:06,3235.0,2.0,1.0,38.0,0.0,38.0,0.0,19.0,26.87005769,0.0,0.0,0.0,0.0,11746.52241,927.3570325,1617.5,2252.135098,3210.0,25.0,3235.0,3235.0,0.0,3235.0,3235.0,0.0,0.0,0.0,0.0,0.0,1.0,0.0,40.0,20.0,618.2380216,309.1190108,0.0,38.0,19.0,21.93931023,481.3333333,0.0,1.0,0.0,0.0,1.0,0.0,0.0,0.0,0.0,25.33333333,19.0,0.0,2.0,38.0,1.0,0.0,123.0,0.0,0.0,20.0,0.0,0.0,0.0,0.0,0.0,0.0,0.0,0.0,Infilteration
445.0,6.0,2018-03-01 02:31:37,238920.0,3.0,1.0,0.0,0.0,0.0,0.0,0.0,0.0,0.0,0.0,0.0,0.0,0.0,16.74200569,79640.0,137871.2498,238840.0,1.0,238920.0,119460.0,168940.5379,238919.0,1.0,0.0,0.0,0.0,0.0,0.0,0.0,0.0,72.0,32.0,12.55650427,4.185501423,0.0,0.0,0.0,0.0,0.0,0.0,0.0,0.0,1.0,0.0,0.0,0.0,0.0,0.0,0.0,0.0,0.0,3.0,0.0,1.0,0.0,8192.0,8192.0,0.0,20.0,0.0,0.0,0.0,0.0,0.0,0.0,0.0,0.0,Infilteration
51365.0,6.0,2018-03-01 10:23:53,17.0,2.0,0.0,0.0,0.0,0.0,0.0,0.0,0.0,0.0,0.0,0.0,0.0,0.0,117647.0588,17.0,0.0,17.0,17.0,17.0,17.0,0.0,17.0,17.0,0.0,0.0,0.0,0.0,0.0,0.0,0.0,40.0,0.0,117647.0588,0.0,0.0,0.0,0.0,0.0,0.0,0.0,0.0,0.0,0.0,1.0,0.0,0.0,0.0,0.0,0.0,0.0,0.0,2.0,0.0,0.0,0.0,2240.0,-1.0,0.0,20.0,0.0,0.0,0.0,0.0,0.0,0.0,0.0,0.0,Infilteration
443.0,6.0,2018-03-01 02:34:52,418.0,3.0,0.0,77.0,0.0,46.0,0.0,25.66666667,23.45918441,0.0,0.0,0.0,0.0,184210.5263,7177.033493,209.0,275.7716447,404.0,14.0,418.0,209.0,275.7716447,404.0,14.0,0.0,0.0,0.0,0.0,0.0,1.0,0.0,60.0,0.0,7177.033493,0.0,0.0,46.0,30.75,21.68524844,470.25,0.0,1.0,0.0,0.0,1.0,0.0,0.0,0.0,0.0,41.0,25.66666667,0.0,3.0,77.0,0.0,0.0,254.0,-1.0,1.0,20.0,0.0,0.0,0.0,0.0,0.0,0.0,0.0,0.0,Infilteration
36640.0,6.0,2018-03-01 03:27:50,2421813.0,1.0,1.0,0.0,0.0,0.0,0.0,0.0,0.0,0.0,0.0,0.0,0.0,0.0,0.825827593,2421813.0,0.0,2421813.0,2421813.0,0.0,0.0,0.0,0.0,0.0,0.0,0.0,0.0,0.0,0.0,0.0,0.0,20.0,40.0,0.412913796,0.412913796,0.0,0.0,0.0,0.0,0.0,1.0,0.0,0.0,0.0,1.0,0.0,0.0,0.0,1.0,0.0,0.0,0.0,1.0,0.0,1.0,0.0,0.0,65535.0,0.0,20.0,0.0,0.0,0.0,0.0,0.0,0.0,0.0,0.0,Infilteration
53.0,17.0,2018-03-01 09:59:06,773.0,1.0,1.0,43.0,71.0,43.0,43.0,43.0,0.0,71.0,71.0,71.0,0.0,147477.3609,2587.322122,773.0,0.0,773.0,773.0,0.0,0.0,0.0,0.0,0.0,0.0,0.0,0.0,0.0,0.0,0.0,0.0,8.0,8.0,1293.661061,1293.661061,43.0,71.0,52.33333333,16.16580754,261.3333333,0.0,0.0,0.0,0.0,0.0,0.0,0.0,0.0,1.0,78.5,43.0,71.0,1.0,43.0,1.0,71.0,-1.0,-1.0,0.0,8.0,0.0,0.0,0.0,0.0,0.0,0.0,0.0,0.0,Infilteration
65384.0,6.0,2018-03-01 02:39:19,28.0,2.0,0.0,0.0,0.0,0.0,0.0,0.0,0.0,0.0,0.0,0.0,0.0,0.0,71428.57143,28.0,0.0,28.0,28.0,28.0,28.0,0.0,28.0,28.0,0.0,0.0,0.0,0.0,0.0,0.0,0.0,40.0,0.0,71428.57143,0.0,0.0,0.0,0.0,0.0,0.0,0.0,0.0,0.0,0.0,1.0,0.0,0.0,0.0,0.0,0.0,0.0,0.0,2.0,0.0,0.0,0.0,65340.0,-1.0,0.0,20.0,0.0,0.0,0.0,0.0,0.0,0.0,0.0,0.0,Infilteration
3389.0,6.0,2018-03-01 10:50:08,1403464.0,8.0,7.0,1148.0,1581.0,677.0,0.0,143.5,228.1296624,1173.0,0.0,225.8571429,430.0986044,1944.474529,10.68784094,100247.4286,251857.5582,968767.0,38.0,1403464.0,200494.8571,385679.8851,1073326.0,38.0,1340013.0,223335.5,365507.9771,968767.0,63690.0,0.0,0.0,168.0,148.0,5.700181836,4.987659106,0.0,1173.0,170.5625,319.4332416,102037.5958,0.0,0.0,0.0,1.0,0.0,0.0,0.0,0.0,0.0,181.9333333,143.5,225.8571429,8.0,1148.0,7.0,1581.0,8192.0,62852.0,5.0,20.0,0.0,0.0,0.0,0.0,0.0,0.0,0.0,0.0,Infilteration
10004.0,6.0,2018-03-01 10:49:48,284.0,1.0,1.0,0.0,0.0,0.0,0.0,0.0,0.0,0.0,0.0,0.0,0.0,0.0,7042.253521,284.0,0.0,284.0,284.0,0.0,0.0,0.0,0.0,0.0,0.0,0.0,0.0,0.0,0.0,0.0,0.0,24.0,20.0,3521.126761,3521.126761,0.0,0.0,0.0,0.0,0.0,0.0,0.0,0.0,1.0,0.0,0.0,0.0,0.0,1.0,0.0,0.0,0.0,1.0,0.0,1.0,0.0,1024.0,0.0,0.0,24.0,0.0,0.0,0.0,0.0,0.0,0.0,0.0,0.0,Infilteration
6510.0,6.0,2018-03-01 02:30:23,2.0,1.0,1.0,0.0,0.0,0.0,0.0,0.0,0.0,0.0,0.0,0.0,0.0,0.0,1000000.0,2.0,0.0,2.0,2.0,0.0,0.0,0.0,0.0,0.0,0.0,0.0,0.0,0.0,0.0,0.0,0.0,24.0,20.0,500000.0,500000.0,0.0,0.0,0.0,0.0,0.0,0.0,0.0,0.0,1.0,0.0,0.0,0.0,0.0,1.0,0.0,0.0,0.0,1.0,0.0,1.0,0.0,1024.0,0.0,0.0,24.0,0.0,0.0,0.0,0.0,0.0,0.0,0.0,0.0,Infilteration
49152.0,6.0,2018-03-01 10:47:38,229.0,1.0,1.0,0.0,0.0,0.0,0.0,0.0,0.0,0.0,0.0,0.0,0.0,0.0,8733.624454,229.0,0.0,229.0,229.0,0.0,0.0,0.0,0.0,0.0,0.0,0.0,0.0,0.0,0.0,0.0,0.0,24.0,20.0,4366.812227,4366.812227,0.0,0.0,0.0,0.0,0.0,0.0,0.0,0.0,1.0,0.0,0.0,0.0,0.0,1.0,0.0,0.0,0.0,1.0,0.0,1.0,0.0,1024.0,0.0,0.0,24.0,0.0,0.0,0.0,0.0,0.0,0.0,0.0,0.0,Infilteration
135.0,6.0,2018-03-01 10:16:10,249395.0,2.0,0.0,0.0,0.0,0.0,0.0,0.0,0.0,0.0,0.0,0.0,0.0,0.0,8.019406965,249395.0,0.0,249395.0,249395.0,249395.0,249395.0,0.0,249395.0,249395.0,0.0,0.0,0.0,0.0,0.0,1.0,1.0,80.0,0.0,8.019406965,0.0,0.0,0.0,0.0,0.0,0.0,0.0,1.0,0.0,1.0,0.0,1.0,1.0,0.0,0.0,0.0,0.0,0.0,2.0,0.0,0.0,0.0,256.0,-1.0,0.0,40.0,0.0,0.0,0.0,0.0,0.0,0.0,0.0,0.0,Infilteration
2323.0,6.0,2018-03-01 10:24:46,224.0,1.0,1.0,0.0,0.0,0.0,0.0,0.0,0.0,0.0,0.0,0.0,0.0,0.0,8928.571429,224.0,0.0,224.0,224.0,0.0,0.0,0.0,0.0,0.0,0.0,0.0,0.0,0.0,0.0,0.0,0.0,24.0,20.0,4464.285714,4464.285714,0.0,0.0,0.0,0.0,0.0,0.0,0.0,0.0,1.0,0.0,0.0,0.0,0.0,1.0,0.0,0.0,0.0,1.0,0.0,1.0,0.0,1024.0,0.0,0.0,24.0,0.0,0.0,0.0,0.0,0.0,0.0,0.0,0.0,Infilteration
9917.0,6.0,2018-03-01 10:52:02,275.0,1.0,1.0,0.0,0.0,0.0,0.0,0.0,0.0,0.0,0.0,0.0,0.0,0.0,7272.727273,275.0,0.0,275.0,275.0,0.0,0.0,0.0,0.0,0.0,0.0,0.0,0.0,0.0,0.0,0.0,0.0,24.0,20.0,3636.363636,3636.363636,0.0,0.0,0.0,0.0,0.0,0.0,0.0,0.0,1.0,0.0,0.0,0.0,0.0,1.0,0.0,0.0,0.0,1.0,0.0,1.0,0.0,1024.0,0.0,0.0,24.0,0.0,0.0,0.0,0.0,0.0,0.0,0.0,0.0,Infilteration
443.0,6.0,2018-03-01 02:21:48,1496481.0,3.0,3.0,0.0,0.0,0.0,0.0,0.0,0.0,0.0,0.0,0.0,0.0,0.0,4.009406067,299296.2,188650.8432,510343.0,161514.0,1334908.0,667454.0,6226.782315,671857.0,663051.0,1334936.0,667468.0,6290.421925,671916.0,663020.0,0.0,0.0,92.0,60.0,2.004703033,2.004703033,0.0,0.0,0.0,0.0,0.0,0.0,0.0,1.0,1.0,0.0,0.0,0.0,1.0,1.0,0.0,0.0,0.0,3.0,0.0,3.0,0.0,8192.0,0.0,0.0,28.0,0.0,0.0,0.0,0.0,0.0,0.0,0.0,0.0,Infilteration
21571.0,6.0,2018-03-01 10:14:19,255.0,1.0,1.0,0.0,0.0,0.0,0.0,0.0,0.0,0.0,0.0,0.0,0.0,0.0,7843.137255,255.0,0.0,255.0,255.0,0.0,0.0,0.0,0.0,0.0,0.0,0.0,0.0,0.0,0.0,0.0,0.0,24.0,20.0,3921.568627,3921.568627,0.0,0.0,0.0,0.0,0.0,0.0,0.0,0.0,1.0,0.0,0.0,0.0,0.0,1.0,0.0,0.0,0.0,1.0,0.0,1.0,0.0,1024.0,0.0,0.0,24.0,0.0,0.0,0.0,0.0,0.0,0.0,0.0,0.0,Infilteration
52434.0,6.0,2018-03-01 03:08:06,21.0,3.0,1.0,31.0,0.0,31.0,0.0,10.33333333,17.89785834,0.0,0.0,0.0,0.0,1476190.476,190476.1905,7.0,10.44030651,19.0,0.0,2.0,1.0,1.414213562,2.0,0.0,0.0,0.0,0.0,0.0,0.0,0.0,0.0,60.0,20.0,142857.1429,47619.04762,0.0,31.0,6.2,13.86362146,192.2,0.0,0.0,0.0,0.0,1.0,0.0,0.0,0.0,0.0,7.75,10.33333333,0.0,3.0,31.0,1.0,0.0,980.0,0.0,1.0,20.0,0.0,0.0,0.0,0.0,0.0,0.0,0.0,0.0,Infilteration
443.0,6.0,2018-03-01 09:57:43,1054834.0,3.0,3.0,0.0,0.0,0.0,0.0,0.0,0.0,0.0,0.0,0.0,0.0,0.0,5.688098791,210966.8,265316.6128,501836.0,17057.0,1037429.0,518714.5,396.6869042,518995.0,518434.0,1037777.0,518888.5,498.5102807,519241.0,518536.0,0.0,0.0,92.0,60.0,2.844049395,2.844049395,0.0,0.0,0.0,0.0,0.0,0.0,0.0,1.0,1.0,0.0,0.0,0.0,1.0,1.0,0.0,0.0,0.0,3.0,0.0,3.0,0.0,8192.0,0.0,0.0,28.0,0.0,0.0,0.0,0.0,0.0,0.0,0.0,0.0,Infilteration
53.0,17.0,2018-03-01 10:41:56,18480.0,1.0,1.0,53.0,114.0,53.0,53.0,53.0,0.0,114.0,114.0,114.0,0.0,9036.796537,108.2251082,18480.0,0.0,18480.0,18480.0,0.0,0.0,0.0,0.0,0.0,0.0,0.0,0.0,0.0,0.0,0.0,0.0,8.0,8.0,54.11255411,54.11255411,53.0,114.0,73.33333333,35.21836642,1240.333333,0.0,0.0,0.0,0.0,0.0,0.0,0.0,0.0,1.0,110.0,53.0,114.0,1.0,53.0,1.0,114.0,-1.0,-1.0,0.0,8.0,0.0,0.0,0.0,0.0,0.0,0.0,0.0,0.0,Infilteration
7070.0,6.0,2018-03-01 10:14:19,279.0,1.0,1.0,0.0,0.0,0.0,0.0,0.0,0.0,0.0,0.0,0.0,0.0,0.0,7168.458781,279.0,0.0,279.0,279.0,0.0,0.0,0.0,0.0,0.0,0.0,0.0,0.0,0.0,0.0,0.0,0.0,24.0,20.0,3584.229391,3584.229391,0.0,0.0,0.0,0.0,0.0,0.0,0.0,0.0,1.0,0.0,0.0,0.0,0.0,1.0,0.0,0.0,0.0,1.0,0.0,1.0,0.0,1024.0,0.0,0.0,24.0,0.0,0.0,0.0,0.0,0.0,0.0,0.0,0.0,Infilteration
1130.0,6.0,2018-03-01 10:27:15,235.0,1.0,1.0,0.0,0.0,0.0,0.0,0.0,0.0,0.0,0.0,0.0,0.0,0.0,8510.638298,235.0,0.0,235.0,235.0,0.0,0.0,0.0,0.0,0.0,0.0,0.0,0.0,0.0,0.0,0.0,0.0,24.0,20.0,4255.319149,4255.319149,0.0,0.0,0.0,0.0,0.0,0.0,0.0,0.0,1.0,0.0,0.0,0.0,0.0,1.0,0.0,0.0,0.0,1.0,0.0,1.0,0.0,1024.0,0.0,0.0,24.0,0.0,0.0,0.0,0.0,0.0,0.0,0.0,0.0,Infilteration
80.0,6.0,2018-03-01 03:30:56,5582530.0,3.0,1.0,0.0,0.0,0.0,0.0,0.0,0.0,0.0,0.0,0.0,0.0,0.0,0.716521004,1860843.333,3191071.021,5545513.0,33.0,5582530.0,2791265.0,3895094.876,5545513.0,37017.0,0.0,0.0,0.0,0.0,0.0,0.0,0.0,72.0,32.0,0.537390753,0.179130251,0.0,0.0,0.0,0.0,0.0,0.0,0.0,1.0,1.0,0.0,0.0,0.0,1.0,0.0,0.0,0.0,0.0,3.0,0.0,1.0,0.0,8192.0,29200.0,0.0,20.0,0.0,0.0,0.0,0.0,0.0,0.0,0.0,0.0,Infilteration
443.0,6.0,2018-03-01 02:22:28,226.0,3.0,0.0,31.0,0.0,31.0,0.0,10.33333333,17.89785834,0.0,0.0,0.0,0.0,137168.1416,13274.33628,113.0,135.764502,209.0,17.0,226.0,113.0,135.764502,209.0,17.0,0.0,0.0,0.0,0.0,0.0,0.0,0.0,60.0,0.0,13274.33628,0.0,0.0,31.0,7.75,15.5,240.25,0.0,0.0,0.0,0.0,1.0,0.0,0.0,0.0,0.0,10.33333333,10.33333333,0.0,3.0,31.0,0.0,0.0,256.0,-1.0,1.0,20.0,0.0,0.0,0.0,0.0,0.0,0.0,0.0,0.0,Infilteration
445.0,6.0,2018-03-01 03:33:03,40567134.0,2.0,2.0,0.0,0.0,0.0,0.0,0.0,0.0,0.0,0.0,0.0,0.0,0.0,0.098601987,13500000.0,23400000.0,40500000.0,56.0,77770.0,77770.0,0.0,77770.0,77770.0,40600000.0,40600000.0,0.0,40600000.0,40600000.0,0.0,0.0,52.0,52.0,0.049300993,0.049300993,0.0,0.0,0.0,0.0,0.0,0.0,0.0,0.0,1.0,0.0,0.0,0.0,0.0,1.0,0.0,0.0,0.0,2.0,0.0,2.0,0.0,8192.0,0.0,0.0,20.0,77770.0,0.0,77770.0,77770.0,40500000.0,0.0,40500000.0,40500000.0,Infilteration
80.0,6.0,2018-03-01 03:35:19,10069959.0,4.0,4.0,426.0,407.0,426.0,0.0,106.5,213.0,407.0,0.0,101.75,203.5,82.72129013,0.794442162,1438565.571,3714932.387,9862457.0,13.0,207502.0,69167.33333,99615.8567,183367.0,145.0,10000000.0,3348660.667,5767363.266,10000000.0,14255.0,0.0,0.0,92.0,92.0,0.397221081,0.397221081,0.0,426.0,92.55555556,183.7206515,33753.27778,0.0,0.0,1.0,1.0,0.0,0.0,0.0,1.0,1.0,104.125,106.5,101.75,4.0,426.0,4.0,407.0,8192.0,231.0,1.0,20.0,0.0,0.0,0.0,0.0,0.0,0.0,0.0,0.0,Infilteration
53.0,17.0,2018-03-01 03:35:46,671.0,1.0,1.0,42.0,58.0,42.0,42.0,42.0,0.0,58.0,58.0,58.0,0.0,149031.2966,2980.625931,671.0,0.0,671.0,671.0,0.0,0.0,0.0,0.0,0.0,0.0,0.0,0.0,0.0,0.0,0.0,0.0,8.0,8.0,1490.312966,1490.312966,42.0,58.0,47.33333333,9.237604307,85.33333333,0.0,0.0,0.0,0.0,0.0,0.0,0.0,0.0,1.0,71.0,42.0,58.0,1.0,42.0,1.0,58.0,-1.0,-1.0,0.0,8.0,0.0,0.0,0.0,0.0,0.0,0.0,0.0,0.0,Infilteration
53.0,17.0,2018-03-01 02:29:40,618.0,1.0,1.0,51.0,79.0,51.0,51.0,51.0,0.0,79.0,79.0,79.0,0.0,210355.9871,3236.245955,618.0,0.0,618.0,618.0,0.0,0.0,0.0,0.0,0.0,0.0,0.0,0.0,0.0,0.0,0.0,0.0,8.0,8.0,1618.122977,1618.122977,51.0,79.0,60.33333333,16.16580754,261.3333333,0.0,0.0,0.0,0.0,0.0,0.0,0.0,0.0,1.0,90.5,51.0,79.0,1.0,51.0,1.0,79.0,-1.0,-1.0,0.0,8.0,0.0,0.0,0.0,0.0,0.0,0.0,0.0,0.0,Infilteration
3389.0,6.0,2018-03-01 10:45:53,1260036.0,8.0,7.0,1132.0,1581.0,661.0,0.0,141.5,222.7920235,1173.0,0.0,225.8571429,430.0986044,2153.113086,11.90442178,90002.57143,249628.6869,954201.0,58.0,1260036.0,180005.1429,383502.988,1048997.0,915.0,1221395.0,203565.8333,368350.1924,954201.0,40441.0,0.0,0.0,172.0,152.0,6.349024948,5.55539683,0.0,1173.0,169.5625,317.7627981,100973.1958,0.0,0.0,1.0,1.0,0.0,0.0,0.0,1.0,0.0,180.8666667,141.5,225.8571429,8.0,1132.0,7.0,1581.0,8192.0,62868.0,5.0,20.0,0.0,0.0,0.0,0.0,0.0,0.0,0.0,0.0,Infilteration
445.0,6.0,2018-03-01 03:27:07,354438.0,5.0,5.0,286.0,170.0,103.0,0.0,57.2,52.48523602,131.0,0.0,34.0,56.79348554,1286.543768,28.21367912,39382.0,37232.45309,78473.0,3.0,354373.0,88593.25,84229.78869,203028.0,3.0,354410.0,88602.5,24127.21604,124647.0,73552.0,0.0,0.0,108.0,108.0,14.10683956,14.10683956,0.0,131.0,41.45454545,52.11211689,2715.672727,0.0,0.0,0.0,1.0,0.0,0.0,0.0,0.0,1.0,45.6,57.2,34.0,5.0,286.0,5.0,170.0,8192.0,0.0,3.0,20.0,0.0,0.0,0.0,0.0,0.0,0.0,0.0,0.0,Infilteration
53.0,17.0,2018-03-01 02:42:42,958.0,1.0,1.0,41.0,101.0,41.0,41.0,41.0,0.0,101.0,101.0,101.0,0.0,148225.4697,2087.682672,958.0,0.0,958.0,958.0,0.0,0.0,0.0,0.0,0.0,0.0,0.0,0.0,0.0,0.0,0.0,0.0,8.0,8.0,1043.841336,1043.841336,41.0,101.0,61.0,34.64101615,1200.0,0.0,0.0,0.0,0.0,0.0,0.0,0.0,0.0,1.0,91.5,41.0,101.0,1.0,41.0,1.0,101.0,-1.0,-1.0,0.0,8.0,0.0,0.0,0.0,0.0,0.0,0.0,0.0,0.0,Infilteration
53.0,17.0,2018-03-01 10:12:48,590.0,1.0,1.0,58.0,74.0,58.0,58.0,58.0,0.0,74.0,74.0,74.0,0.0,223728.8136,3389.830508,590.0,0.0,590.0,590.0,0.0,0.0,0.0,0.0,0.0,0.0,0.0,0.0,0.0,0.0,0.0,0.0,8.0,8.0,1694.915254,1694.915254,58.0,74.0,63.33333333,9.237604307,85.33333333,0.0,0.0,0.0,0.0,0.0,0.0,0.0,0.0,1.0,95.0,58.0,74.0,1.0,58.0,1.0,74.0,-1.0,-1.0,0.0,8.0,0.0,0.0,0.0,0.0,0.0,0.0,0.0,0.0,Infilteration
80.0,6.0,2018-03-01 02:28:13,60337737.0,11.0,10.0,1806.0,685.0,1460.0,0.0,164.1818182,441.6665752,685.0,0.0,68.5,216.6160197,41.28427952,0.348040895,3016886.85,4692826.268,10000000.0,4.0,60200000.0,6019883.3,5155515.507,10000000.0,4.0,60300000.0,6702925.444,4992149.282,10100000.0,1144.0,0.0,0.0,232.0,284.0,0.182307136,0.16573376,0.0,1460.0,113.2272727,340.4745892,115922.9459,0.0,0.0,1.0,1.0,0.0,0.0,0.0,1.0,0.0,118.6190476,164.1818182,68.5,11.0,1806.0,10.0,685.0,8192.0,120.0,8.0,20.0,29508.83333,43974.42199,119271.0,11444.0,10000000.0,755.0197348,10000000.0,10000000.0,Infilteration
443.0,6.0,2018-03-01 10:41:55,120556.0,7.0,6.0,347.0,3999.0,190.0,0.0,49.57142857,77.17481701,1460.0,0.0,666.5,729.0063786,36049.63668,107.8337038,10046.33333,21087.63786,74976.0,6.0,120556.0,20092.66667,33355.60891,87166.0,150.0,33728.0,6745.6,8658.068018,19509.0,9.0,0.0,0.0,152.0,132.0,58.06430207,49.76940177,0.0,1460.0,310.4285714,556.527657,309723.033,0.0,0.0,1.0,1.0,0.0,0.0,0.0,1.0,0.0,334.3076923,49.57142857,666.5,7.0,347.0,6.0,3999.0,8192.0,110.0,3.0,20.0,0.0,0.0,0.0,0.0,0.0,0.0,0.0,0.0,Infilteration
3389.0,6.0,2018-03-01 03:34:01,3399361.0,10.0,7.0,1148.0,1581.0,677.0,0.0,114.8,210.0924664,1173.0,0.0,225.8571429,430.0986044,802.7979376,5.000939883,212460.0625,310484.4479,955662.0,105.0,3399361.0,377706.7778,423392.6689,1227413.0,788.0,3179558.0,529926.3333,442324.681,1225094.0,222407.0,0.0,0.0,212.0,152.0,2.941729343,2.05921054,0.0,1173.0,151.6111111,305.0826578,93075.4281,0.0,0.0,1.0,1.0,0.0,0.0,0.0,1.0,0.0,160.5294118,114.8,225.8571429,10.0,1148.0,7.0,1581.0,8192.0,62852.0,5.0,20.0,0.0,0.0,0.0,0.0,0.0,0.0,0.0,0.0,Infilteration
616.0,6.0,2018-03-01 10:27:15,253.0,1.0,1.0,0.0,0.0,0.0,0.0,0.0,0.0,0.0,0.0,0.0,0.0,0.0,7905.13834,253.0,0.0,253.0,253.0,0.0,0.0,0.0,0.0,0.0,0.0,0.0,0.0,0.0,0.0,0.0,0.0,24.0,20.0,3952.56917,3952.56917,0.0,0.0,0.0,0.0,0.0,0.0,0.0,0.0,1.0,0.0,0.0,0.0,0.0,1.0,0.0,0.0,0.0,1.0,0.0,1.0,0.0,1024.0,0.0,0.0,24.0,0.0,0.0,0.0,0.0,0.0,0.0,0.0,0.0,Infilteration
3389.0,6.0,2018-03-01 03:35:17,4791958.0,8.0,11.0,1132.0,1581.0,661.0,0.0,141.5,222.7920235,1173.0,0.0,143.7272727,352.1017157,566.156882,3.964976321,266219.8889,419849.9897,1285421.0,2.0,4791958.0,684565.4286,612117.2694,1437260.0,2.0,4723392.0,472339.2,482396.1587,1285421.0,38636.0,0.0,0.0,168.0,228.0,1.669463714,2.295512607,0.0,1173.0,135.65,290.7886328,84558.02895,0.0,0.0,0.0,1.0,0.0,0.0,0.0,0.0,1.0,142.7894737,141.5,143.7272727,8.0,1132.0,11.0,1581.0,8192.0,62868.0,5.0,20.0,0.0,0.0,0.0,0.0,0.0,0.0,0.0,0.0,Infilteration
1132.0,6.0,2018-03-01 10:14:19,1.0,1.0,1.0,0.0,0.0,0.0,0.0,0.0,0.0,0.0,0.0,0.0,0.0,0.0,2000000.0,1.0,0.0,1.0,1.0,0.0,0.0,0.0,0.0,0.0,0.0,0.0,0.0,0.0,0.0,0.0,0.0,24.0,20.0,1000000.0,1000000.0,0.0,0.0,0.0,0.0,0.0,0.0,0.0,0.0,1.0,0.0,0.0,0.0,0.0,1.0,0.0,0.0,0.0,1.0,0.0,1.0,0.0,1024.0,0.0,0.0,24.0,0.0,0.0,0.0,0.0,0.0,0.0,0.0,0.0,Infilteration
3389.0,6.0,2018-03-01 03:11:09,1406478.0,8.0,7.0,1132.0,1581.0,661.0,0.0,141.5,222.7920235,1173.0,0.0,225.8571429,430.0986044,1928.9317,10.66493752,100462.7143,251814.934,968826.0,36.0,1406478.0,200925.4286,387023.1564,1076829.0,36.0,1342624.0,223770.6667,365386.1425,968826.0,64164.0,0.0,0.0,168.0,148.0,5.68796668,4.976970845,0.0,1173.0,169.5625,317.7627981,100973.1958,0.0,0.0,0.0,1.0,0.0,0.0,0.0,0.0,0.0,180.8666667,141.5,225.8571429,8.0,1132.0,7.0,1581.0,8192.0,62868.0,5.0,20.0,0.0,0.0,0.0,0.0,0.0,0.0,0.0,0.0,Infilteration
443.0,6.0,2018-03-01 02:46:09,62.0,1.0,1.0,0.0,0.0,0.0,0.0,0.0,0.0,0.0,0.0,0.0,0.0,0.0,32258.06452,62.0,0.0,62.0,62.0,0.0,0.0,0.0,0.0,0.0,0.0,0.0,0.0,0.0,0.0,0.0,0.0,20.0,20.0,16129.03226,16129.03226,0.0,0.0,0.0,0.0,0.0,1.0,0.0,0.0,0.0,1.0,0.0,0.0,0.0,1.0,0.0,0.0,0.0,1.0,0.0,1.0,0.0,0.0,946.0,0.0,20.0,0.0,0.0,0.0,0.0,0.0,0.0,0.0,0.0,Infilteration
6567.0,6.0,2018-03-01 10:22:20,2.0,1.0,1.0,0.0,0.0,0.0,0.0,0.0,0.0,0.0,0.0,0.0,0.0,0.0,1000000.0,2.0,0.0,2.0,2.0,0.0,0.0,0.0,0.0,0.0,0.0,0.0,0.0,0.0,0.0,0.0,0.0,24.0,20.0,500000.0,500000.0,0.0,0.0,0.0,0.0,0.0,0.0,0.0,0.0,1.0,0.0,0.0,0.0,0.0,1.0,0.0,0.0,0.0,1.0,0.0,1.0,0.0,1024.0,0.0,0.0,24.0,0.0,0.0,0.0,0.0,0.0,0.0,0.0,0.0,Infilteration
53.0,17.0,2018-03-01 02:28:10,845.0,1.0,1.0,35.0,117.0,35.0,35.0,35.0,0.0,117.0,117.0,117.0,0.0,179881.6568,2366.863905,845.0,0.0,845.0,845.0,0.0,0.0,0.0,0.0,0.0,0.0,0.0,0.0,0.0,0.0,0.0,0.0,8.0,8.0,1183.431953,1183.431953,35.0,117.0,62.33333333,47.34272207,2241.333333,0.0,0.0,0.0,0.0,0.0,0.0,0.0,0.0,1.0,93.5,35.0,117.0,1.0,35.0,1.0,117.0,-1.0,-1.0,0.0,8.0,0.0,0.0,0.0,0.0,0.0,0.0,0.0,0.0,Infilteration
53.0,17.0,2018-03-01 10:04:18,964.0,1.0,1.0,40.0,139.0,40.0,40.0,40.0,0.0,139.0,139.0,139.0,0.0,185684.6473,2074.688797,964.0,0.0,964.0,964.0,0.0,0.0,0.0,0.0,0.0,0.0,0.0,0.0,0.0,0.0,0.0,0.0,8.0,8.0,1037.344398,1037.344398,40.0,139.0,73.0,57.15767665,3267.0,0.0,0.0,0.0,0.0,0.0,0.0,0.0,0.0,1.0,109.5,40.0,139.0,1.0,40.0,1.0,139.0,-1.0,-1.0,0.0,8.0,0.0,0.0,0.0,0.0,0.0,0.0,0.0,0.0,Infilteration
80.0,6.0,2018-03-01 03:08:43,115997234.0,16.0,14.0,447.0,788.0,436.0,0.0,27.9375,108.8175652,788.0,0.0,56.28571429,210.6018586,10.6468056,0.258626857,3999904.621,4943598.625,10200000.0,19.0,116000000.0,7733148.933,4256516.019,10200000.0,259.0,112000000.0,8588673.846,3809452.103,10200000.0,421.0,0.0,0.0,332.0,424.0,0.137934324,0.120692533,0.0,788.0,39.83870968,159.3581076,25395.00645,0.0,0.0,1.0,1.0,0.0,0.0,0.0,1.0,0.0,41.16666667,27.9375,56.28571429,16.0,447.0,14.0,788.0,8192.0,288.0,12.0,20.0,17263.90909,19657.42212,76533.0,11264.0,10100000.0,63338.03476,10200000.0,10000000.0,Infilteration
53.0,17.0,2018-03-01 03:12:15,287.0,1.0,1.0,42.0,58.0,42.0,42.0,42.0,0.0,58.0,58.0,58.0,0.0,348432.0557,6968.641115,287.0,0.0,287.0,287.0,0.0,0.0,0.0,0.0,0.0,0.0,0.0,0.0,0.0,0.0,0.0,0.0,8.0,8.0,3484.320557,3484.320557,42.0,58.0,47.33333333,9.237604307,85.33333333,0.0,0.0,0.0,0.0,0.0,0.0,0.0,0.0,1.0,71.0,42.0,58.0,1.0,42.0,1.0,58.0,-1.0,-1.0,0.0,8.0,0.0,0.0,0.0,0.0,0.0,0.0,0.0,0.0,Infilteration
1594.0,6.0,2018-03-01 10:40:13,286.0,1.0,1.0,0.0,0.0,0.0,0.0,0.0,0.0,0.0,0.0,0.0,0.0,0.0,6993.006993,286.0,0.0,286.0,286.0,0.0,0.0,0.0,0.0,0.0,0.0,0.0,0.0,0.0,0.0,0.0,0.0,24.0,20.0,3496.503497,3496.503497,0.0,0.0,0.0,0.0,0.0,0.0,0.0,0.0,1.0,0.0,0.0,0.0,0.0,1.0,0.0,0.0,0.0,1.0,0.0,1.0,0.0,1024.0,0.0,0.0,24.0,0.0,0.0,0.0,0.0,0.0,0.0,0.0,0.0,Infilteration
443.0,6.0,2018-03-01 03:18:59,102794122.0,15.0,22.0,673.0,16578.0,368.0,0.0,44.86666667,95.74285998,1430.0,0.0,753.5454545,695.3977092,167.8208799,0.35994276,2855392.278,12000000.0,58800000.0,0.0,103000000.0,7342437.286,18800000.0,58900000.0,11.0,103000000.0,4887723.0,15600000.0,58900000.0,0.0,1.0,0.0,300.0,440.0,0.145922741,0.21402002,0.0,1430.0,455.1842105,635.3279151,403641.5597,0.0,1.0,0.0,0.0,1.0,0.0,0.0,0.0,1.0,467.4864865,44.86666667,753.5454545,15.0,673.0,22.0,16578.0,254.0,189.0,5.0,20.0,261569.0,149432.8761,367234.0,155904.0,51100000.0,10900000.0,58800000.0,43300000.0,Infilteration
443.0,6.0,2018-03-01 03:03:22,1390213.0,3.0,3.0,0.0,0.0,0.0,0.0,0.0,0.0,0.0,0.0,0.0,0.0,0.0,4.315885407,278042.6,364760.2535,679416.0,11600.0,1378498.0,689249.0,2498.915365,691016.0,687482.0,1378613.0,689306.5,2513.764607,691084.0,687529.0,0.0,0.0,92.0,60.0,2.157942704,2.157942704,0.0,0.0,0.0,0.0,0.0,0.0,0.0,1.0,1.0,0.0,0.0,0.0,1.0,1.0,0.0,0.0,0.0,3.0,0.0,3.0,0.0,8192.0,0.0,0.0,28.0,0.0,0.0,0.0,0.0,0.0,0.0,0.0,0.0,Infilteration
443.0,6.0,2018-03-01 02:44:30,112713592.0,8.0,5.0,864.0,1039.0,288.0,0.0,108.0,149.0541608,325.0,32.0,207.8,160.4827093,16.88350062,0.115336578,9392799.333,15100000.0,40300000.0,12032.0,113000000.0,16100000.0,17100000.0,40300000.0,76420.0,113000000.0,28200000.0,11800000.0,40400000.0,12200000.0,1.0,0.0,160.0,100.0,0.070976356,0.044360222,0.0,325.0,156.5,153.8749492,23677.5,0.0,1.0,0.0,0.0,1.0,0.0,0.0,0.0,0.0,168.5384615,108.0,207.8,8.0,864.0,5.0,1039.0,256.0,281.0,2.0,20.0,72684.25,7719.849281,76771.0,61107.0,28100000.0,11800000.0,40300000.0,12200000.0,Infilteration
3389.0,6.0,2018-03-01 02:29:39,1656852.0,8.0,7.0,1144.0,1581.0,677.0,0.0,143.0,227.9699228,1173.0,0.0,225.8571429,430.0986044,1644.685222,9.05331315,118346.5714,241330.3609,937549.0,4.0,1656852.0,236693.1429,387705.6265,1111070.0,4.0,1548907.0,258151.1667,333815.7044,937549.0,108044.0,0.0,0.0,172.0,152.0,4.82843368,4.22487947,0.0,1173.0,170.3125,319.4027173,102018.0958,0.0,0.0,1.0,1.0,0.0,0.0,0.0,1.0,0.0,181.6666667,143.0,225.8571429,8.0,1144.0,7.0,1581.0,8192.0,62856.0,5.0,20.0,0.0,0.0,0.0,0.0,0.0,0.0,0.0,0.0,Infilteration
445.0,6.0,2018-03-01 02:17:11,131370.0,3.0,1.0,0.0,0.0,0.0,0.0,0.0,0.0,0.0,0.0,0.0,0.0,0.0,30.44835198,43790.0,74100.17879,129347.0,97.0,131370.0,65685.0,90168.84252,129444.0,1926.0,0.0,0.0,0.0,0.0,0.0,0.0,0.0,72.0,32.0,22.83626399,7.612087996,0.0,0.0,0.0,0.0,0.0,0.0,0.0,0.0,1.0,0.0,0.0,0.0,0.0,0.0,0.0,0.0,0.0,3.0,0.0,1.0,0.0,8192.0,8192.0,0.0,20.0,0.0,0.0,0.0,0.0,0.0,0.0,0.0,0.0,Infilteration
53.0,17.0,2018-03-01 03:12:31,24658.0,2.0,2.0,102.0,158.0,51.0,51.0,51.0,0.0,79.0,79.0,79.0,0.0,10544.24528,162.2191581,8219.333333,13123.27864,23369.0,351.0,24307.0,24307.0,0.0,24307.0,24307.0,23720.0,23720.0,0.0,23720.0,23720.0,0.0,0.0,16.0,16.0,81.10957904,81.10957904,51.0,79.0,62.2,15.33623161,235.2,0.0,0.0,0.0,0.0,0.0,0.0,0.0,0.0,1.0,77.75,51.0,79.0,2.0,102.0,2.0,158.0,-1.0,-1.0,1.0,8.0,0.0,0.0,0.0,0.0,0.0,0.0,0.0,0.0,Infilteration
51490.0,6.0,2018-03-01 10:28:04,20.0,1.0,1.0,0.0,0.0,0.0,0.0,0.0,0.0,0.0,0.0,0.0,0.0,0.0,100000.0,20.0,0.0,20.0,20.0,0.0,0.0,0.0,0.0,0.0,0.0,0.0,0.0,0.0,0.0,0.0,0.0,20.0,20.0,50000.0,50000.0,0.0,0.0,0.0,0.0,0.0,0.0,0.0,0.0,0.0,1.0,1.0,0.0,0.0,1.0,0.0,0.0,0.0,1.0,0.0,1.0,0.0,172.0,255.0,0.0,20.0,0.0,0.0,0.0,0.0,0.0,0.0,0.0,0.0,Infilteration
3389.0,6.0,2018-03-01 03:04:40,3765485.0,10.0,8.0,1144.0,2754.0,677.0,0.0,114.4,209.8969059,1173.0,0.0,344.25,520.2819977,1035.192014,4.78026071,221499.1176,335199.2598,1134768.0,3.0,3765485.0,418387.2222,433795.2694,1163626.0,3.0,3604118.0,514874.0,428357.561,1279624.0,146392.0,0.0,0.0,224.0,172.0,2.655700395,2.124560316,0.0,1173.0,205.1578947,377.9033185,142810.9181,0.0,0.0,0.0,1.0,0.0,0.0,0.0,0.0,0.0,216.5555556,114.4,344.25,10.0,1144.0,8.0,2754.0,8192.0,62856.0,5.0,20.0,0.0,0.0,0.0,0.0,0.0,0.0,0.0,0.0,Infilteration
53.0,17.0,2018-03-01 03:00:39,2581.0,1.0,1.0,42.0,155.0,42.0,42.0,42.0,0.0,155.0,155.0,155.0,0.0,76327.00504,774.8934522,2581.0,0.0,2581.0,2581.0,0.0,0.0,0.0,0.0,0.0,0.0,0.0,0.0,0.0,0.0,0.0,0.0,8.0,8.0,387.4467261,387.4467261,42.0,155.0,79.66666667,65.24058042,4256.333333,0.0,0.0,0.0,0.0,0.0,0.0,0.0,0.0,1.0,119.5,42.0,155.0,1.0,42.0,1.0,155.0,-1.0,-1.0,0.0,8.0,0.0,0.0,0.0,0.0,0.0,0.0,0.0,0.0,Infilteration
999.0,6.0,2018-03-01 02:42:15,220.0,1.0,1.0,0.0,0.0,0.0,0.0,0.0,0.0,0.0,0.0,0.0,0.0,0.0,9090.909091,220.0,0.0,220.0,220.0,0.0,0.0,0.0,0.0,0.0,0.0,0.0,0.0,0.0,0.0,0.0,0.0,24.0,20.0,4545.454545,4545.454545,0.0,0.0,0.0,0.0,0.0,0.0,0.0,0.0,1.0,0.0,0.0,0.0,0.0,1.0,0.0,0.0,0.0,1.0,0.0,1.0,0.0,1024.0,0.0,0.0,24.0,0.0,0.0,0.0,0.0,0.0,0.0,0.0,0.0,Infilteration
513.0,6.0,2018-03-01 02:40:05,292.0,1.0,1.0,0.0,0.0,0.0,0.0,0.0,0.0,0.0,0.0,0.0,0.0,0.0,6849.315068,292.0,0.0,292.0,292.0,0.0,0.0,0.0,0.0,0.0,0.0,0.0,0.0,0.0,0.0,0.0,0.0,24.0,20.0,3424.657534,3424.657534,0.0,0.0,0.0,0.0,0.0,0.0,0.0,0.0,1.0,0.0,0.0,0.0,0.0,1.0,0.0,0.0,0.0,1.0,0.0,1.0,0.0,1024.0,0.0,0.0,24.0,0.0,0.0,0.0,0.0,0.0,0.0,0.0,0.0,Infilteration
53.0,17.0,2018-03-01 03:20:39,329.0,1.0,1.0,37.0,69.0,37.0,37.0,37.0,0.0,69.0,69.0,69.0,0.0,322188.4498,6079.027356,329.0,0.0,329.0,329.0,0.0,0.0,0.0,0.0,0.0,0.0,0.0,0.0,0.0,0.0,0.0,0.0,8.0,8.0,3039.513678,3039.513678,37.0,69.0,47.66666667,18.47520861,341.3333333,0.0,0.0,0.0,0.0,0.0,0.0,0.0,0.0,1.0,71.5,37.0,69.0,1.0,37.0,1.0,69.0,-1.0,-1.0,0.0,8.0,0.0,0.0,0.0,0.0,0.0,0.0,0.0,0.0,Infilteration
53.0,17.0,2018-03-01 03:01:26,1012.0,1.0,1.0,30.0,158.0,30.0,30.0,30.0,0.0,158.0,158.0,158.0,0.0,185770.751,1976.284585,1012.0,0.0,1012.0,1012.0,0.0,0.0,0.0,0.0,0.0,0.0,0.0,0.0,0.0,0.0,0.0,0.0,8.0,8.0,988.1422925,988.1422925,30.0,158.0,72.66666667,73.90083446,5461.333333,0.0,0.0,0.0,0.0,0.0,0.0,0.0,0.0,1.0,109.0,30.0,158.0,1.0,30.0,1.0,158.0,-1.0,-1.0,0.0,8.0,0.0,0.0,0.0,0.0,0.0,0.0,0.0,0.0,Infilteration
1083.0,6.0,2018-03-01 10:47:38,242.0,1.0,1.0,0.0,0.0,0.0,0.0,0.0,0.0,0.0,0.0,0.0,0.0,0.0,8264.46281,242.0,0.0,242.0,242.0,0.0,0.0,0.0,0.0,0.0,0.0,0.0,0.0,0.0,0.0,0.0,0.0,24.0,20.0,4132.231405,4132.231405,0.0,0.0,0.0,0.0,0.0,0.0,0.0,0.0,1.0,0.0,0.0,0.0,0.0,1.0,0.0,0.0,0.0,1.0,0.0,1.0,0.0,1024.0,0.0,0.0,24.0,0.0,0.0,0.0,0.0,0.0,0.0,0.0,0.0,Infilteration
53.0,17.0,2018-03-01 03:33:59,301.0,1.0,1.0,51.0,147.0,51.0,51.0,51.0,0.0,147.0,147.0,147.0,0.0,657807.309,6644.518272,301.0,0.0,301.0,301.0,0.0,0.0,0.0,0.0,0.0,0.0,0.0,0.0,0.0,0.0,0.0,0.0,8.0,8.0,3322.259136,3322.259136,51.0,147.0,83.0,55.42562584,3072.0,0.0,0.0,0.0,0.0,0.0,0.0,0.0,0.0,1.0,124.5,51.0,147.0,1.0,51.0,1.0,147.0,-1.0,-1.0,0.0,8.0,0.0,0.0,0.0,0.0,0.0,0.0,0.0,0.0,Infilteration
5666.0,6.0,2018-03-01 10:51:58,214.0,1.0,1.0,0.0,0.0,0.0,0.0,0.0,0.0,0.0,0.0,0.0,0.0,0.0,9345.794393,214.0,0.0,214.0,214.0,0.0,0.0,0.0,0.0,0.0,0.0,0.0,0.0,0.0,0.0,0.0,0.0,24.0,20.0,4672.897196,4672.897196,0.0,0.0,0.0,0.0,0.0,0.0,0.0,0.0,1.0,0.0,0.0,0.0,0.0,1.0,0.0,0.0,0.0,1.0,0.0,1.0,0.0,1024.0,0.0,0.0,24.0,0.0,0.0,0.0,0.0,0.0,0.0,0.0,0.0,Infilteration
9071.0,6.0,2018-03-01 10:49:48,266.0,1.0,1.0,0.0,0.0,0.0,0.0,0.0,0.0,0.0,0.0,0.0,0.0,0.0,7518.796992,266.0,0.0,266.0,266.0,0.0,0.0,0.0,0.0,0.0,0.0,0.0,0.0,0.0,0.0,0.0,0.0,24.0,20.0,3759.398496,3759.398496,0.0,0.0,0.0,0.0,0.0,0.0,0.0,0.0,1.0,0.0,0.0,0.0,0.0,1.0,0.0,0.0,0.0,1.0,0.0,1.0,0.0,1024.0,0.0,0.0,24.0,0.0,0.0,0.0,0.0,0.0,0.0,0.0,0.0,Infilteration
53.0,17.0,2018-03-01 10:34:27,47691.0,2.0,2.0,84.0,310.0,42.0,42.0,42.0,0.0,155.0,155.0,155.0,0.0,8261.516848,83.87326749,15897.0,17586.49854,34802.0,23.0,34802.0,34802.0,0.0,34802.0,34802.0,23.0,23.0,0.0,23.0,23.0,0.0,0.0,16.0,16.0,41.93663375,41.93663375,42.0,155.0,87.2,61.892649,3830.7,0.0,0.0,0.0,0.0,0.0,0.0,0.0,0.0,1.0,109.0,42.0,155.0,2.0,84.0,2.0,310.0,-1.0,-1.0,1.0,8.0,0.0,0.0,0.0,0.0,0.0,0.0,0.0,0.0,Infilteration
51045.0,6.0,2018-03-01 10:11:59,35.0,1.0,1.0,0.0,0.0,0.0,0.0,0.0,0.0,0.0,0.0,0.0,0.0,0.0,57142.85714,35.0,0.0,35.0,35.0,0.0,0.0,0.0,0.0,0.0,0.0,0.0,0.0,0.0,0.0,0.0,0.0,20.0,20.0,28571.42857,28571.42857,0.0,0.0,0.0,0.0,0.0,0.0,0.0,0.0,0.0,1.0,1.0,0.0,0.0,1.0,0.0,0.0,0.0,1.0,0.0,1.0,0.0,31088.0,63948.0,0.0,20.0,0.0,0.0,0.0,0.0,0.0,0.0,0.0,0.0,Infilteration
53556.0,6.0,2018-03-01 02:08:20,223975.0,2.0,0.0,31.0,0.0,31.0,0.0,15.5,21.92031022,0.0,0.0,0.0,0.0,138.4083045,8.929568032,223975.0,0.0,223975.0,223975.0,223975.0,223975.0,0.0,223975.0,223975.0,0.0,0.0,0.0,0.0,0.0,0.0,0.0,40.0,0.0,8.929568032,0.0,0.0,31.0,10.33333333,17.89785834,320.3333333,0.0,0.0,0.0,0.0,1.0,1.0,0.0,0.0,0.0,15.5,15.5,0.0,2.0,31.0,0.0,0.0,62.0,-1.0,1.0,20.0,0.0,0.0,0.0,0.0,0.0,0.0,0.0,0.0,Infilteration
1721.0,6.0,2018-03-01 02:40:05,268.0,1.0,1.0,0.0,0.0,0.0,0.0,0.0,0.0,0.0,0.0,0.0,0.0,0.0,7462.686567,268.0,0.0,268.0,268.0,0.0,0.0,0.0,0.0,0.0,0.0,0.0,0.0,0.0,0.0,0.0,0.0,24.0,20.0,3731.343284,3731.343284,0.0,0.0,0.0,0.0,0.0,0.0,0.0,0.0,1.0,0.0,0.0,0.0,0.0,1.0,0.0,0.0,0.0,1.0,0.0,1.0,0.0,1024.0,0.0,0.0,24.0,0.0,0.0,0.0,0.0,0.0,0.0,0.0,0.0,Infilteration
6547.0,6.0,2018-03-01 10:47:38,3.0,1.0,1.0,0.0,0.0,0.0,0.0,0.0,0.0,0.0,0.0,0.0,0.0,0.0,666666.6667,3.0,0.0,3.0,3.0,0.0,0.0,0.0,0.0,0.0,0.0,0.0,0.0,0.0,0.0,0.0,0.0,24.0,20.0,333333.3333,333333.3333,0.0,0.0,0.0,0.0,0.0,0.0,0.0,0.0,1.0,0.0,0.0,0.0,0.0,1.0,0.0,0.0,0.0,1.0,0.0,1.0,0.0,1024.0,0.0,0.0,24.0,0.0,0.0,0.0,0.0,0.0,0.0,0.0,0.0,Infilteration
54521.0,6.0,2018-03-01 03:12:40,92279.0,2.0,1.0,38.0,0.0,38.0,0.0,19.0,26.87005769,0.0,0.0,0.0,0.0,411.7946662,32.51010522,46139.5,65218.57975,92256.0,23.0,92279.0,92279.0,0.0,92279.0,92279.0,0.0,0.0,0.0,0.0,0.0,1.0,0.0,40.0,20.0,21.67340348,10.83670174,0.0,38.0,19.0,21.93931023,481.3333333,0.0,1.0,0.0,0.0,1.0,0.0,0.0,0.0,0.0,25.33333333,19.0,0.0,2.0,38.0,1.0,0.0,176.0,0.0,0.0,20.0,0.0,0.0,0.0,0.0,0.0,0.0,0.0,0.0,Infilteration
53.0,17.0,2018-03-01 03:10:36,968.0,1.0,1.0,33.0,115.0,33.0,33.0,33.0,0.0,115.0,115.0,115.0,0.0,152892.562,2066.115702,968.0,0.0,968.0,968.0,0.0,0.0,0.0,0.0,0.0,0.0,0.0,0.0,0.0,0.0,0.0,0.0,8.0,8.0,1033.057851,1033.057851,33.0,115.0,60.33333333,47.34272207,2241.333333,0.0,0.0,0.0,0.0,0.0,0.0,0.0,0.0,1.0,90.5,33.0,115.0,1.0,33.0,1.0,115.0,-1.0,-1.0,0.0,8.0,0.0,0.0,0.0,0.0,0.0,0.0,0.0,0.0,Infilteration
53.0,17.0,2018-03-01 03:10:59,933.0,1.0,1.0,38.0,94.0,38.0,38.0,38.0,0.0,94.0,94.0,94.0,0.0,141479.0997,2143.622722,933.0,0.0,933.0,933.0,0.0,0.0,0.0,0.0,0.0,0.0,0.0,0.0,0.0,0.0,0.0,0.0,8.0,8.0,1071.811361,1071.811361,38.0,94.0,56.66666667,32.33161507,1045.333333,0.0,0.0,0.0,0.0,0.0,0.0,0.0,0.0,1.0,85.0,38.0,94.0,1.0,38.0,1.0,94.0,-1.0,-1.0,0.0,8.0,0.0,0.0,0.0,0.0,0.0,0.0,0.0,0.0,Infilteration
80.0,6.0,2018-03-01 02:31:52,144124.0,3.0,4.0,437.0,859.0,437.0,0.0,145.6666667,252.3020676,859.0,0.0,214.75,429.5,8992.256668,48.56928756,24020.66667,37500.97497,96921.0,1.0,120415.0,60207.5,51920.72962,96921.0,23494.0,120644.0,40214.66667,69403.71289,120355.0,1.0,0.0,0.0,72.0,92.0,20.81540895,27.7538786,0.0,859.0,162.0,320.4679614,102699.7143,0.0,0.0,1.0,1.0,0.0,0.0,0.0,1.0,1.0,185.1428571,145.6666667,214.75,3.0,437.0,4.0,859.0,8192.0,31.0,1.0,20.0,0.0,0.0,0.0,0.0,0.0,0.0,0.0,0.0,Infilteration
443.0,6.0,2018-03-01 02:36:16,115860362.0,19.0,16.0,1344.0,800.0,734.0,0.0,70.73684211,199.2412948,640.0,0.0,50.0,162.3165631,18.50503453,0.302087784,3407657.706,4725539.894,10000000.0,14.0,116000000.0,6436686.778,4779996.676,10000000.0,14.0,110000000.0,7346888.2,4580946.869,10000000.0,130.0,0.0,0.0,392.0,464.0,0.163990511,0.138097273,0.0,734.0,59.55555556,178.6561653,31918.0254,0.0,0.0,1.0,1.0,0.0,0.0,0.0,1.0,0.0,61.25714286,70.73684211,50.0,19.0,1344.0,16.0,800.0,8192.0,62.0,15.0,20.0,18523.58333,24033.36668,94776.0,11142.0,9636505.417,1256797.932,10000000.0,5645907.0,Infilteration
53.0,17.0,2018-03-01 10:44:38,77635.0,2.0,2.0,90.0,212.0,45.0,45.0,45.0,0.0,106.0,106.0,106.0,0.0,3889.998068,51.52315322,25878.33333,34386.89987,65000.0,437.0,77198.0,77198.0,0.0,77198.0,77198.0,65437.0,65437.0,0.0,65437.0,65437.0,0.0,0.0,16.0,16.0,25.76157661,25.76157661,45.0,106.0,69.4,33.41107601,1116.3,0.0,0.0,0.0,0.0,0.0,0.0,0.0,0.0,1.0,86.75,45.0,106.0,2.0,90.0,2.0,212.0,-1.0,-1.0,1.0,8.0,0.0,0.0,0.0,0.0,0.0,0.0,0.0,0.0,Infilteration
3517.0,6.0,2018-03-01 10:22:20,2.0,1.0,1.0,0.0,0.0,0.0,0.0,0.0,0.0,0.0,0.0,0.0,0.0,0.0,1000000.0,2.0,0.0,2.0,2.0,0.0,0.0,0.0,0.0,0.0,0.0,0.0,0.0,0.0,0.0,0.0,0.0,24.0,20.0,500000.0,500000.0,0.0,0.0,0.0,0.0,0.0,0.0,0.0,0.0,1.0,0.0,0.0,0.0,0.0,1.0,0.0,0.0,0.0,1.0,0.0,1.0,0.0,1024.0,0.0,0.0,24.0,0.0,0.0,0.0,0.0,0.0,0.0,0.0,0.0,Infilteration
1717.0,6.0,2018-03-01 10:47:38,258.0,1.0,1.0,0.0,0.0,0.0,0.0,0.0,0.0,0.0,0.0,0.0,0.0,0.0,7751.937984,258.0,0.0,258.0,258.0,0.0,0.0,0.0,0.0,0.0,0.0,0.0,0.0,0.0,0.0,0.0,0.0,24.0,20.0,3875.968992,3875.968992,0.0,0.0,0.0,0.0,0.0,0.0,0.0,0.0,1.0,0.0,0.0,0.0,0.0,1.0,0.0,0.0,0.0,1.0,0.0,1.0,0.0,1024.0,0.0,0.0,24.0,0.0,0.0,0.0,0.0,0.0,0.0,0.0,0.0,Infilteration
0.0,0.0,2018-03-01 10:26:45,112638870.0,3.0,0.0,0.0,0.0,0.0,0.0,0.0,0.0,0.0,0.0,0.0,0.0,0.0,0.02663379,56300000.0,1.414213562,56300000.0,56300000.0,113000000.0,56300000.0,1.414213562,56300000.0,56300000.0,0.0,0.0,0.0,0.0,0.0,0.0,0.0,0.0,0.0,0.02663379,0.0,0.0,0.0,0.0,0.0,0.0,0.0,0.0,0.0,0.0,0.0,0.0,0.0,0.0,0.0,0.0,0.0,0.0,3.0,0.0,0.0,0.0,-1.0,-1.0,0.0,0.0,0.0,0.0,0.0,0.0,56300000.0,1.414213562,56300000.0,56300000.0,Infilteration
1583.0,6.0,2018-03-01 10:52:02,272.0,1.0,1.0,0.0,0.0,0.0,0.0,0.0,0.0,0.0,0.0,0.0,0.0,0.0,7352.941176,272.0,0.0,272.0,272.0,0.0,0.0,0.0,0.0,0.0,0.0,0.0,0.0,0.0,0.0,0.0,0.0,24.0,20.0,3676.470588,3676.470588,0.0,0.0,0.0,0.0,0.0,0.0,0.0,0.0,1.0,0.0,0.0,0.0,0.0,1.0,0.0,0.0,0.0,1.0,0.0,1.0,0.0,1024.0,0.0,0.0,24.0,0.0,0.0,0.0,0.0,0.0,0.0,0.0,0.0,Infilteration
52211.0,6.0,2018-03-01 10:54:43,86509.0,2.0,1.0,38.0,0.0,38.0,0.0,19.0,26.87005769,0.0,0.0,0.0,0.0,439.260655,34.67847276,43254.5,61138.57362,86486.0,23.0,86509.0,86509.0,0.0,86509.0,86509.0,0.0,0.0,0.0,0.0,0.0,1.0,0.0,40.0,20.0,23.11898184,11.55949092,0.0,38.0,19.0,21.93931023,481.3333333,0.0,1.0,0.0,0.0,1.0,0.0,0.0,0.0,0.0,25.33333333,19.0,0.0,2.0,38.0,1.0,0.0,176.0,0.0,0.0,20.0,0.0,0.0,0.0,0.0,0.0,0.0,0.0,0.0,Infilteration
135.0,6.0,2018-03-01 10:19:32,21038017.0,2.0,5.0,0.0,0.0,0.0,0.0,0.0,0.0,0.0,0.0,0.0,0.0,0.0,0.332730979,3506336.167,4775889.736,12000000.0,425.0,2672006.0,2672006.0,0.0,2672006.0,2672006.0,21000000.0,5259398.0,5071796.596,12000000.0,334249.0,0.0,0.0,80.0,164.0,0.095065994,0.237664985,0.0,0.0,0.0,0.0,0.0,0.0,0.0,0.0,1.0,0.0,0.0,0.0,0.0,2.0,0.0,0.0,0.0,2.0,0.0,5.0,0.0,4.0,0.0,0.0,40.0,3006715.0,0.0,3006715.0,3006715.0,9015651.0,4242520.479,12000000.0,6015736.0,Infilteration
135.0,6.0,2018-03-01 02:35:18,21032996.0,2.0,5.0,0.0,0.0,0.0,0.0,0.0,0.0,0.0,0.0,0.0,0.0,0.0,0.332810409,3505499.333,4776559.869,12000000.0,547.0,2671872.0,2671872.0,0.0,2671872.0,2671872.0,21000000.0,5258112.25,5073491.691,12000000.0,329227.0,0.0,0.0,80.0,164.0,0.095088688,0.237721721,0.0,0.0,0.0,0.0,0.0,0.0,0.0,0.0,1.0,0.0,0.0,0.0,0.0,2.0,0.0,0.0,0.0,2.0,0.0,5.0,0.0,4.0,0.0,0.0,40.0,3001690.0,0.0,3001690.0,3001690.0,9015653.0,4242688.77,12000000.0,6015619.0,Infilteration
32778.0,6.0,2018-03-01 02:40:05,300.0,1.0,1.0,0.0,0.0,0.0,0.0,0.0,0.0,0.0,0.0,0.0,0.0,0.0,6666.666667,300.0,0.0,300.0,300.0,0.0,0.0,0.0,0.0,0.0,0.0,0.0,0.0,0.0,0.0,0.0,0.0,24.0,20.0,3333.333333,3333.333333,0.0,0.0,0.0,0.0,0.0,0.0,0.0,0.0,1.0,0.0,0.0,0.0,0.0,1.0,0.0,0.0,0.0,1.0,0.0,1.0,0.0,1024.0,0.0,0.0,24.0,0.0,0.0,0.0,0.0,0.0,0.0,0.0,0.0,Infilteration
2206.0,6.0,2018-03-01 03:06:14,103962.0,2.0,1.0,0.0,0.0,0.0,0.0,0.0,0.0,0.0,0.0,0.0,0.0,0.0,28.85669764,51981.0,73483.95091,103942.0,20.0,103962.0,103962.0,0.0,103962.0,103962.0,0.0,0.0,0.0,0.0,0.0,0.0,0.0,40.0,20.0,19.23779843,9.618899213,0.0,0.0,0.0,0.0,0.0,0.0,0.0,0.0,1.0,0.0,0.0,0.0,0.0,0.0,0.0,0.0,0.0,2.0,0.0,1.0,0.0,1024.0,0.0,0.0,20.0,0.0,0.0,0.0,0.0,0.0,0.0,0.0,0.0,Infilteration
54278.0,6.0,2018-03-01 02:35:23,75.0,2.0,0.0,0.0,0.0,0.0,0.0,0.0,0.0,0.0,0.0,0.0,0.0,0.0,26666.66667,75.0,0.0,75.0,75.0,75.0,75.0,0.0,75.0,75.0,0.0,0.0,0.0,0.0,0.0,0.0,0.0,40.0,0.0,26666.66667,0.0,0.0,0.0,0.0,0.0,0.0,0.0,0.0,0.0,0.0,1.0,0.0,0.0,0.0,0.0,0.0,0.0,0.0,2.0,0.0,0.0,0.0,2240.0,-1.0,0.0,20.0,0.0,0.0,0.0,0.0,0.0,0.0,0.0,0.0,Infilteration
53.0,17.0,2018-03-01 03:01:25,48637.0,2.0,2.0,56.0,178.0,28.0,28.0,28.0,0.0,89.0,89.0,89.0,0.0,4811.152004,82.24191459,16212.33333,14195.36397,26534.0,24.0,22079.0,22079.0,0.0,22079.0,22079.0,24.0,24.0,0.0,24.0,24.0,0.0,0.0,16.0,16.0,41.1209573,41.1209573,28.0,89.0,52.4,33.41107601,1116.3,0.0,0.0,0.0,0.0,0.0,0.0,0.0,0.0,1.0,65.5,28.0,89.0,2.0,56.0,2.0,178.0,-1.0,-1.0,1.0,8.0,0.0,0.0,0.0,0.0,0.0,0.0,0.0,0.0,Infilteration
3389.0,6.0,2018-03-01 03:33:09,1662919.0,8.0,7.0,1128.0,1581.0,661.0,0.0,141.0,222.6233206,1173.0,0.0,225.8571429,430.0986044,1629.063111,9.020283008,118779.9286,245699.4246,953377.0,85.0,1662919.0,237559.8571,388257.9807,1113135.0,100.0,1554610.0,259101.6667,340709.3887,953377.0,108659.0,0.0,0.0,172.0,152.0,4.810817604,4.209465404,0.0,1173.0,169.3125,317.731274,100953.1625,0.0,0.0,1.0,1.0,0.0,0.0,0.0,1.0,0.0,180.6,141.0,225.8571429,8.0,1128.0,7.0,1581.0,8192.0,62872.0,5.0,20.0,0.0,0.0,0.0,0.0,0.0,0.0,0.0,0.0,Infilteration
53.0,17.0,2018-03-01 10:18:04,41107.0,2.0,2.0,86.0,198.0,43.0,43.0,43.0,0.0,99.0,99.0,99.0,0.0,6908.798988,97.307028,13702.33333,14277.19371,28602.0,142.0,28602.0,28602.0,0.0,28602.0,28602.0,142.0,142.0,0.0,142.0,142.0,0.0,0.0,16.0,16.0,48.653514,48.653514,43.0,99.0,65.4,30.67246322,940.8,0.0,0.0,0.0,0.0,0.0,0.0,0.0,0.0,1.0,81.75,43.0,99.0,2.0,86.0,2.0,198.0,-1.0,-1.0,1.0,8.0,0.0,0.0,0.0,0.0,0.0,0.0,0.0,0.0,Infilteration
0.0,0.0,2018-03-01 02:37:33,112640687.0,3.0,0.0,0.0,0.0,0.0,0.0,0.0,0.0,0.0,0.0,0.0,0.0,0.0,0.02663336,56300000.0,14.8492424,56300000.0,56300000.0,113000000.0,56300000.0,14.8492424,56300000.0,56300000.0,0.0,0.0,0.0,0.0,0.0,0.0,0.0,0.0,0.0,0.02663336,0.0,0.0,0.0,0.0,0.0,0.0,0.0,0.0,0.0,0.0,0.0,0.0,0.0,0.0,0.0,0.0,0.0,0.0,3.0,0.0,0.0,0.0,-1.0,-1.0,0.0,0.0,0.0,0.0,0.0,0.0,56300000.0,14.8492424,56300000.0,56300000.0,Infilteration
1046.0,6.0,2018-03-01 10:49:48,279.0,1.0,1.0,0.0,0.0,0.0,0.0,0.0,0.0,0.0,0.0,0.0,0.0,0.0,7168.458781,279.0,0.0,279.0,279.0,0.0,0.0,0.0,0.0,0.0,0.0,0.0,0.0,0.0,0.0,0.0,0.0,24.0,20.0,3584.229391,3584.229391,0.0,0.0,0.0,0.0,0.0,0.0,0.0,0.0,1.0,0.0,0.0,0.0,0.0,1.0,0.0,0.0,0.0,1.0,0.0,1.0,0.0,1024.0,0.0,0.0,24.0,0.0,0.0,0.0,0.0,0.0,0.0,0.0,0.0,Infilteration
443.0,6.0,2018-03-01 10:21:26,1041860.0,3.0,3.0,0.0,0.0,0.0,0.0,0.0,0.0,0.0,0.0,0.0,0.0,0.0,5.758931142,208372.0,269306.6454,503740.0,11615.0,1030237.0,515118.5,676.7011896,515597.0,514640.0,1030245.0,515122.5,340.1183618,515363.0,514882.0,0.0,0.0,92.0,60.0,2.879465571,2.879465571,0.0,0.0,0.0,0.0,0.0,0.0,0.0,1.0,1.0,0.0,0.0,0.0,1.0,1.0,0.0,0.0,0.0,3.0,0.0,3.0,0.0,8192.0,0.0,0.0,28.0,0.0,0.0,0.0,0.0,0.0,0.0,0.0,0.0,Infilteration
1094.0,6.0,2018-03-01 02:40:05,282.0,1.0,1.0,0.0,0.0,0.0,0.0,0.0,0.0,0.0,0.0,0.0,0.0,0.0,7092.198582,282.0,0.0,282.0,282.0,0.0,0.0,0.0,0.0,0.0,0.0,0.0,0.0,0.0,0.0,0.0,0.0,24.0,20.0,3546.099291,3546.099291,0.0,0.0,0.0,0.0,0.0,0.0,0.0,0.0,1.0,0.0,0.0,0.0,0.0,1.0,0.0,0.0,0.0,1.0,0.0,1.0,0.0,1024.0,0.0,0.0,24.0,0.0,0.0,0.0,0.0,0.0,0.0,0.0,0.0,Infilteration
30938.0,6.0,2018-03-01 02:57:31,22.0,2.0,0.0,0.0,0.0,0.0,0.0,0.0,0.0,0.0,0.0,0.0,0.0,0.0,90909.09091,22.0,0.0,22.0,22.0,22.0,22.0,0.0,22.0,22.0,0.0,0.0,0.0,0.0,0.0,0.0,0.0,40.0,0.0,90909.09091,0.0,0.0,0.0,0.0,0.0,0.0,0.0,0.0,0.0,0.0,1.0,0.0,0.0,0.0,0.0,0.0,0.0,0.0,2.0,0.0,0.0,0.0,256.0,-1.0,0.0,20.0,0.0,0.0,0.0,0.0,0.0,0.0,0.0,0.0,Infilteration
514.0,6.0,2018-03-01 02:42:20,246.0,1.0,1.0,0.0,0.0,0.0,0.0,0.0,0.0,0.0,0.0,0.0,0.0,0.0,8130.081301,246.0,0.0,246.0,246.0,0.0,0.0,0.0,0.0,0.0,0.0,0.0,0.0,0.0,0.0,0.0,0.0,24.0,20.0,4065.04065,4065.04065,0.0,0.0,0.0,0.0,0.0,0.0,0.0,0.0,1.0,0.0,0.0,0.0,0.0,1.0,0.0,0.0,0.0,1.0,0.0,1.0,0.0,1024.0,0.0,0.0,24.0,0.0,0.0,0.0,0.0,0.0,0.0,0.0,0.0,Infilteration
1805.0,6.0,2018-03-01 10:49:48,244.0,1.0,1.0,0.0,0.0,0.0,0.0,0.0,0.0,0.0,0.0,0.0,0.0,0.0,8196.721311,244.0,0.0,244.0,244.0,0.0,0.0,0.0,0.0,0.0,0.0,0.0,0.0,0.0,0.0,0.0,0.0,24.0,20.0,4098.360656,4098.360656,0.0,0.0,0.0,0.0,0.0,0.0,0.0,0.0,1.0,0.0,0.0,0.0,0.0,1.0,0.0,0.0,0.0,1.0,0.0,1.0,0.0,1024.0,0.0,0.0,24.0,0.0,0.0,0.0,0.0,0.0,0.0,0.0,0.0,Infilteration
32770.0,6.0,2018-03-01 02:40:05,279.0,1.0,1.0,0.0,0.0,0.0,0.0,0.0,0.0,0.0,0.0,0.0,0.0,0.0,7168.458781,279.0,0.0,279.0,279.0,0.0,0.0,0.0,0.0,0.0,0.0,0.0,0.0,0.0,0.0,0.0,0.0,24.0,20.0,3584.229391,3584.229391,0.0,0.0,0.0,0.0,0.0,0.0,0.0,0.0,1.0,0.0,0.0,0.0,0.0,1.0,0.0,0.0,0.0,1.0,0.0,1.0,0.0,1024.0,0.0,0.0,24.0,0.0,0.0,0.0,0.0,0.0,0.0,0.0,0.0,Infilteration
445.0,6.0,2018-03-01 02:27:04,189794.0,5.0,2.0,53.0,131.0,53.0,0.0,10.6,23.70232056,131.0,0.0,65.5,92.63098834,969.4721646,36.88209322,31632.33333,46185.72022,112490.0,19.0,189794.0,47448.5,50613.80572,112490.0,537.0,62497.0,62497.0,0.0,62497.0,62497.0,0.0,0.0,112.0,52.0,26.3443523,10.53774092,0.0,131.0,23.0,47.4160913,2248.285714,0.0,0.0,1.0,1.0,0.0,0.0,0.0,1.0,0.0,26.28571429,10.6,65.5,5.0,53.0,2.0,131.0,8192.0,2240.0,1.0,20.0,0.0,0.0,0.0,0.0,0.0,0.0,0.0,0.0,Infilteration
54396.0,6.0,2018-03-01 03:06:43,51.0,1.0,1.0,0.0,0.0,0.0,0.0,0.0,0.0,0.0,0.0,0.0,0.0,0.0,39215.68627,51.0,0.0,51.0,51.0,0.0,0.0,0.0,0.0,0.0,0.0,0.0,0.0,0.0,0.0,0.0,0.0,20.0,20.0,19607.84314,19607.84314,0.0,0.0,0.0,0.0,0.0,0.0,0.0,0.0,0.0,1.0,1.0,0.0,0.0,1.0,0.0,0.0,0.0,1.0,0.0,1.0,0.0,229.0,258.0,0.0,20.0,0.0,0.0,0.0,0.0,0.0,0.0,0.0,0.0,Infilteration
53711.0,6.0,2018-03-01 02:31:31,10092.0,2.0,1.0,38.0,0.0,38.0,0.0,19.0,26.87005769,0.0,0.0,0.0,0.0,3765.3587,297.2651605,5046.0,7120.565287,10081.0,11.0,10092.0,10092.0,0.0,10092.0,10092.0,0.0,0.0,0.0,0.0,0.0,1.0,0.0,40.0,20.0,198.1767737,99.08838684,0.0,38.0,19.0,21.93931023,481.3333333,0.0,1.0,0.0,0.0,1.0,0.0,0.0,0.0,0.0,25.33333333,19.0,0.0,2.0,38.0,1.0,0.0,123.0,0.0,0.0,20.0,0.0,0.0,0.0,0.0,0.0,0.0,0.0,0.0,Infilteration
3389.0,6.0,2018-03-01 10:23:52,2267849.0,8.0,10.0,1148.0,1581.0,677.0,0.0,143.5,228.1296624,1173.0,0.0,158.1,367.7307137,1203.342903,7.937036372,133402.8824,238492.4887,934032.0,17.0,2267849.0,323978.4286,399887.4991,1064556.0,51.0,2204428.0,244936.4444,300246.4096,934032.0,4585.0,0.0,0.0,168.0,208.0,3.527571721,4.409464651,0.0,1173.0,143.6315789,298.5202786,89114.35673,0.0,0.0,0.0,1.0,0.0,0.0,0.0,0.0,1.0,151.6111111,143.5,158.1,8.0,1148.0,10.0,1581.0,8192.0,62852.0,5.0,20.0,0.0,0.0,0.0,0.0,0.0,0.0,0.0,0.0,Infilteration
53.0,17.0,2018-03-01 10:09:59,1800.0,1.0,1.0,30.0,207.0,30.0,30.0,30.0,0.0,207.0,207.0,207.0,0.0,131666.6667,1111.111111,1800.0,0.0,1800.0,1800.0,0.0,0.0,0.0,0.0,0.0,0.0,0.0,0.0,0.0,0.0,0.0,0.0,8.0,8.0,555.5555556,555.5555556,30.0,207.0,89.0,102.1909976,10443.0,0.0,0.0,0.0,0.0,0.0,0.0,0.0,0.0,1.0,133.5,30.0,207.0,1.0,30.0,1.0,207.0,-1.0,-1.0,0.0,8.0,0.0,0.0,0.0,0.0,0.0,0.0,0.0,0.0,Infilteration
5902.0,6.0,2018-03-01 10:22:20,246.0,1.0,1.0,0.0,0.0,0.0,0.0,0.0,0.0,0.0,0.0,0.0,0.0,0.0,8130.081301,246.0,0.0,246.0,246.0,0.0,0.0,0.0,0.0,0.0,0.0,0.0,0.0,0.0,0.0,0.0,0.0,24.0,20.0,4065.04065,4065.04065,0.0,0.0,0.0,0.0,0.0,0.0,0.0,0.0,1.0,0.0,0.0,0.0,0.0,1.0,0.0,0.0,0.0,1.0,0.0,1.0,0.0,1024.0,0.0,0.0,24.0,0.0,0.0,0.0,0.0,0.0,0.0,0.0,0.0,Infilteration
2522.0,6.0,2018-03-01 10:27:15,259.0,1.0,1.0,0.0,0.0,0.0,0.0,0.0,0.0,0.0,0.0,0.0,0.0,0.0,7722.007722,259.0,0.0,259.0,259.0,0.0,0.0,0.0,0.0,0.0,0.0,0.0,0.0,0.0,0.0,0.0,0.0,24.0,20.0,3861.003861,3861.003861,0.0,0.0,0.0,0.0,0.0,0.0,0.0,0.0,1.0,0.0,0.0,0.0,0.0,1.0,0.0,0.0,0.0,1.0,0.0,1.0,0.0,1024.0,0.0,0.0,24.0,0.0,0.0,0.0,0.0,0.0,0.0,0.0,0.0,Infilteration
53.0,17.0,2018-03-01 02:25:33,574.0,1.0,1.0,42.0,58.0,42.0,42.0,42.0,0.0,58.0,58.0,58.0,0.0,174216.0279,3484.320557,574.0,0.0,574.0,574.0,0.0,0.0,0.0,0.0,0.0,0.0,0.0,0.0,0.0,0.0,0.0,0.0,8.0,8.0,1742.160279,1742.160279,42.0,58.0,47.33333333,9.237604307,85.33333333,0.0,0.0,0.0,0.0,0.0,0.0,0.0,0.0,1.0,71.0,42.0,58.0,1.0,42.0,1.0,58.0,-1.0,-1.0,0.0,8.0,0.0,0.0,0.0,0.0,0.0,0.0,0.0,0.0,Infilteration
51916.0,6.0,2018-03-01 02:07:39,23.0,1.0,1.0,0.0,0.0,0.0,0.0,0.0,0.0,0.0,0.0,0.0,0.0,0.0,86956.52174,23.0,0.0,23.0,23.0,0.0,0.0,0.0,0.0,0.0,0.0,0.0,0.0,0.0,0.0,0.0,0.0,20.0,20.0,43478.26087,43478.26087,0.0,0.0,0.0,0.0,0.0,0.0,0.0,0.0,0.0,1.0,1.0,0.0,0.0,1.0,0.0,0.0,0.0,1.0,0.0,1.0,0.0,180.0,255.0,0.0,20.0,0.0,0.0,0.0,0.0,0.0,0.0,0.0,0.0,Infilteration
53.0,17.0,2018-03-01 03:32:21,289.0,1.0,1.0,42.0,58.0,42.0,42.0,42.0,0.0,58.0,58.0,58.0,0.0,346020.7612,6920.415225,289.0,0.0,289.0,289.0,0.0,0.0,0.0,0.0,0.0,0.0,0.0,0.0,0.0,0.0,0.0,0.0,8.0,8.0,3460.207612,3460.207612,42.0,58.0,47.33333333,9.237604307,85.33333333,0.0,0.0,0.0,0.0,0.0,0.0,0.0,0.0,1.0,71.0,42.0,58.0,1.0,42.0,1.0,58.0,-1.0,-1.0,0.0,8.0,0.0,0.0,0.0,0.0,0.0,0.0,0.0,0.0,Infilteration
443.0,6.0,2018-03-01 03:19:40,121205.0,9.0,8.0,541.0,5353.0,194.0,0.0,60.11111111,85.18574476,1460.0,0.0,669.125,686.7745393,48628.35692,140.2582402,7575.3125,19564.63209,78996.0,1.0,121205.0,15150.625,26342.6946,78996.0,14.0,29154.0,4164.857143,6765.178254,16106.0,1.0,0.0,0.0,192.0,172.0,74.25436244,66.00387773,0.0,1460.0,327.4444444,544.7102006,296709.2026,0.0,0.0,1.0,1.0,0.0,0.0,0.0,1.0,0.0,346.7058824,60.11111111,669.125,9.0,541.0,8.0,5353.0,8192.0,110.0,4.0,20.0,0.0,0.0,0.0,0.0,0.0,0.0,0.0,0.0,Infilteration
53.0,17.0,2018-03-01 02:29:06,101200.0,1.0,1.0,47.0,149.0,47.0,47.0,47.0,0.0,149.0,149.0,149.0,0.0,1936.758893,19.76284585,101200.0,0.0,101200.0,101200.0,0.0,0.0,0.0,0.0,0.0,0.0,0.0,0.0,0.0,0.0,0.0,0.0,8.0,8.0,9.881422925,9.881422925,47.0,149.0,81.0,58.88972746,3468.0,0.0,0.0,0.0,0.0,0.0,0.0,0.0,0.0,1.0,121.5,47.0,149.0,1.0,47.0,1.0,149.0,-1.0,-1.0,0.0,8.0,0.0,0.0,0.0,0.0,0.0,0.0,0.0,0.0,Infilteration
1783.0,6.0,2018-03-01 02:37:55,212.0,1.0,1.0,0.0,0.0,0.0,0.0,0.0,0.0,0.0,0.0,0.0,0.0,0.0,9433.962264,212.0,0.0,212.0,212.0,0.0,0.0,0.0,0.0,0.0,0.0,0.0,0.0,0.0,0.0,0.0,0.0,24.0,20.0,4716.981132,4716.981132,0.0,0.0,0.0,0.0,0.0,0.0,0.0,0.0,1.0,0.0,0.0,0.0,0.0,1.0,0.0,0.0,0.0,1.0,0.0,1.0,0.0,1024.0,0.0,0.0,24.0,0.0,0.0,0.0,0.0,0.0,0.0,0.0,0.0,Infilteration
2222.0,6.0,2018-03-01 03:27:46,282.0,1.0,1.0,0.0,0.0,0.0,0.0,0.0,0.0,0.0,0.0,0.0,0.0,0.0,7092.198582,282.0,0.0,282.0,282.0,0.0,0.0,0.0,0.0,0.0,0.0,0.0,0.0,0.0,0.0,0.0,0.0,24.0,20.0,3546.099291,3546.099291,0.0,0.0,0.0,0.0,0.0,0.0,0.0,0.0,1.0,0.0,0.0,0.0,0.0,1.0,0.0,0.0,0.0,1.0,0.0,1.0,0.0,1024.0,0.0,0.0,24.0,0.0,0.0,0.0,0.0,0.0,0.0,0.0,0.0,Infilteration
31038.0,6.0,2018-03-01 10:40:13,291.0,1.0,1.0,0.0,0.0,0.0,0.0,0.0,0.0,0.0,0.0,0.0,0.0,0.0,6872.852234,291.0,0.0,291.0,291.0,0.0,0.0,0.0,0.0,0.0,0.0,0.0,0.0,0.0,0.0,0.0,0.0,24.0,20.0,3436.426117,3436.426117,0.0,0.0,0.0,0.0,0.0,0.0,0.0,0.0,1.0,0.0,0.0,0.0,0.0,1.0,0.0,0.0,0.0,1.0,0.0,1.0,0.0,1024.0,0.0,0.0,24.0,0.0,0.0,0.0,0.0,0.0,0.0,0.0,0.0,Infilteration
1151.0,6.0,2018-03-01 10:49:48,214.0,1.0,1.0,0.0,0.0,0.0,0.0,0.0,0.0,0.0,0.0,0.0,0.0,0.0,9345.794393,214.0,0.0,214.0,214.0,0.0,0.0,0.0,0.0,0.0,0.0,0.0,0.0,0.0,0.0,0.0,0.0,24.0,20.0,4672.897196,4672.897196,0.0,0.0,0.0,0.0,0.0,0.0,0.0,0.0,1.0,0.0,0.0,0.0,0.0,1.0,0.0,0.0,0.0,1.0,0.0,1.0,0.0,1024.0,0.0,0.0,24.0,0.0,0.0,0.0,0.0,0.0,0.0,0.0,0.0,Infilteration
53.0,17.0,2018-03-01 03:27:40,79843.0,2.0,2.0,70.0,404.0,35.0,35.0,35.0,0.0,202.0,202.0,202.0,0.0,5936.650677,50.09831795,26614.33333,25650.43269,51179.0,1.0,28663.0,28663.0,0.0,28663.0,28663.0,1.0,1.0,0.0,1.0,1.0,0.0,0.0,16.0,16.0,25.04915897,25.04915897,35.0,202.0,101.8,91.4696671,8366.7,0.0,0.0,0.0,0.0,0.0,0.0,0.0,0.0,1.0,127.25,35.0,202.0,2.0,70.0,2.0,404.0,-1.0,-1.0,1.0,8.0,0.0,0.0,0.0,0.0,0.0,0.0,0.0,0.0,Infilteration
3389.0,6.0,2018-03-01 02:34:38,1404123.0,8.0,7.0,1148.0,1581.0,677.0,0.0,143.5,228.1296624,1173.0,0.0,225.8571429,430.0986044,1943.561924,10.6828248,100294.5,251802.5677,968806.0,4.0,1404123.0,200589.0,386241.3878,1074721.0,4.0,1340622.0,223437.0,365499.5573,968806.0,65189.0,0.0,0.0,168.0,148.0,5.697506557,4.985318238,0.0,1173.0,170.5625,319.4332416,102037.5958,0.0,0.0,0.0,1.0,0.0,0.0,0.0,0.0,0.0,181.9333333,143.5,225.8571429,8.0,1148.0,7.0,1581.0,8192.0,62852.0,5.0,20.0,0.0,0.0,0.0,0.0,0.0,0.0,0.0,0.0,Infilteration
43.0,6.0,2018-03-01 10:24:46,257.0,1.0,1.0,0.0,0.0,0.0,0.0,0.0,0.0,0.0,0.0,0.0,0.0,0.0,7782.101167,257.0,0.0,257.0,257.0,0.0,0.0,0.0,0.0,0.0,0.0,0.0,0.0,0.0,0.0,0.0,0.0,24.0,20.0,3891.050584,3891.050584,0.0,0.0,0.0,0.0,0.0,0.0,0.0,0.0,1.0,0.0,0.0,0.0,0.0,1.0,0.0,0.0,0.0,1.0,0.0,1.0,0.0,1024.0,0.0,0.0,24.0,0.0,0.0,0.0,0.0,0.0,0.0,0.0,0.0,Infilteration
3389.0,6.0,2018-03-01 10:20:40,2230696.0,8.0,7.0,1148.0,1581.0,677.0,0.0,143.5,228.1296624,1173.0,0.0,225.8571429,430.0986044,1223.384988,6.724358675,159335.4286,249858.0851,960000.0,48.0,2230696.0,318670.8571,407555.1297,1227092.0,48.0,2023211.0,337201.8333,305585.9211,960000.0,201722.0,0.0,0.0,172.0,152.0,3.586324627,3.138034049,0.0,1173.0,170.5625,319.4332416,102037.5958,0.0,0.0,0.0,1.0,0.0,0.0,0.0,0.0,0.0,181.9333333,143.5,225.8571429,8.0,1148.0,7.0,1581.0,64240.0,62852.0,5.0,20.0,0.0,0.0,0.0,0.0,0.0,0.0,0.0,0.0,Infilteration
53.0,17.0,2018-03-01 02:49:54,1411.0,1.0,1.0,40.0,139.0,40.0,40.0,40.0,0.0,139.0,139.0,139.0,0.0,126860.3827,1417.434444,1411.0,0.0,1411.0,1411.0,0.0,0.0,0.0,0.0,0.0,0.0,0.0,0.0,0.0,0.0,0.0,0.0,8.0,8.0,708.7172218,708.7172218,40.0,139.0,73.0,57.15767665,3267.0,0.0,0.0,0.0,0.0,0.0,0.0,0.0,0.0,1.0,109.5,40.0,139.0,1.0,40.0,1.0,139.0,-1.0,-1.0,0.0,8.0,0.0,0.0,0.0,0.0,0.0,0.0,0.0,0.0,Infilteration
443.0,6.0,2018-03-01 10:52:41,116011206.0,62.0,99.0,1622.0,120145.0,439.0,0.0,26.16129032,93.86914393,1460.0,0.0,1213.585859,521.6483492,1049.614121,1.387796969,725070.0375,2569178.798,10000000.0,1.0,116000000.0,1901823.049,3908221.064,10000000.0,14.0,110000000.0,1127182.888,3181984.319,10000000.0,1.0,0.0,0.0,1252.0,2124.0,0.534431131,0.853365838,0.0,1460.0,751.6481481,711.6062181,506383.4096,0.0,0.0,1.0,1.0,0.0,0.0,0.0,1.0,1.0,756.3167702,26.16129032,1213.585859,62.0,1622.0,99.0,120145.0,8192.0,131.0,17.0,20.0,27413.5,38258.64892,148901.0,16321.0,9640185.833,1294094.964,10000000.0,5530891.0,Infilteration
53.0,17.0,2018-03-01 09:57:08,348.0,1.0,1.0,36.0,52.0,36.0,36.0,36.0,0.0,52.0,52.0,52.0,0.0,252873.5632,5747.126437,348.0,0.0,348.0,348.0,0.0,0.0,0.0,0.0,0.0,0.0,0.0,0.0,0.0,0.0,0.0,0.0,8.0,8.0,2873.563218,2873.563218,36.0,52.0,41.33333333,9.237604307,85.33333333,0.0,0.0,0.0,0.0,0.0,0.0,0.0,0.0,1.0,62.0,36.0,52.0,1.0,36.0,1.0,52.0,-1.0,-1.0,0.0,8.0,0.0,0.0,0.0,0.0,0.0,0.0,0.0,0.0,Infilteration
445.0,6.0,2018-03-01 02:38:19,187356.0,5.0,2.0,106.0,174.0,106.0,0.0,21.2,47.40464112,174.0,0.0,87.0,123.0365799,1494.481095,37.36202737,31226.0,45460.09152,109947.0,40.0,187356.0,46839.0,49725.60751,109947.0,367.0,63042.0,63042.0,0.0,63042.0,63042.0,0.0,0.0,112.0,52.0,26.68716241,10.67486496,0.0,174.0,35.0,67.30739717,4530.285714,0.0,0.0,1.0,1.0,0.0,0.0,0.0,1.0,0.0,40.0,21.2,87.0,5.0,106.0,2.0,174.0,8192.0,2240.0,1.0,20.0,0.0,0.0,0.0,0.0,0.0,0.0,0.0,0.0,Infilteration
443.0,6.0,2018-03-01 10:33:36,95528859.0,12.0,10.0,41.0,0.0,31.0,0.0,3.416666667,8.691253004,0.0,0.0,0.0,0.0,0.429189676,0.230296899,4548993.286,4972830.515,10000000.0,35.0,95500000.0,8684441.727,3217624.412,10000000.0,35.0,90300000.0,10000000.0,327.2552521,10000000.0,10000000.0,0.0,0.0,240.0,320.0,0.12561649,0.104680409,0.0,31.0,1.826086957,6.379314397,40.69565217,0.0,0.0,0.0,0.0,1.0,0.0,0.0,0.0,0.0,1.909090909,3.416666667,0.0,12.0,41.0,10.0,0.0,256.0,1270.0,10.0,20.0,21002.4,240.6104274,21649.0,20861.0,9531880.0,1511777.099,10000000.0,5229287.0,Infilteration
1025.0,6.0,2018-03-01 10:22:20,2.0,1.0,1.0,0.0,0.0,0.0,0.0,0.0,0.0,0.0,0.0,0.0,0.0,0.0,1000000.0,2.0,0.0,2.0,2.0,0.0,0.0,0.0,0.0,0.0,0.0,0.0,0.0,0.0,0.0,0.0,0.0,24.0,20.0,500000.0,500000.0,0.0,0.0,0.0,0.0,0.0,0.0,0.0,0.0,1.0,0.0,0.0,0.0,0.0,1.0,0.0,0.0,0.0,1.0,0.0,1.0,0.0,1024.0,0.0,0.0,24.0,0.0,0.0,0.0,0.0,0.0,0.0,0.0,0.0,Infilteration
40121.0,6.0,2018-03-01 10:25:21,218704.0,2.0,0.0,0.0,0.0,0.0,0.0,0.0,0.0,0.0,0.0,0.0,0.0,0.0,9.144780159,218704.0,0.0,218704.0,218704.0,218704.0,218704.0,0.0,218704.0,218704.0,0.0,0.0,0.0,0.0,0.0,1.0,1.0,80.0,0.0,9.144780159,0.0,0.0,0.0,0.0,0.0,0.0,0.0,1.0,0.0,0.0,0.0,1.0,1.0,0.0,0.0,0.0,0.0,0.0,2.0,0.0,0.0,0.0,65535.0,-1.0,0.0,40.0,0.0,0.0,0.0,0.0,0.0,0.0,0.0,0.0,Infilteration
53.0,17.0,2018-03-01 03:19:41,333.0,1.0,1.0,38.0,90.0,38.0,38.0,38.0,0.0,90.0,90.0,90.0,0.0,384384.3844,6006.006006,333.0,0.0,333.0,333.0,0.0,0.0,0.0,0.0,0.0,0.0,0.0,0.0,0.0,0.0,0.0,0.0,8.0,8.0,3003.003003,3003.003003,38.0,90.0,55.33333333,30.022214,901.3333333,0.0,0.0,0.0,0.0,0.0,0.0,0.0,0.0,1.0,83.0,38.0,90.0,1.0,38.0,1.0,90.0,-1.0,-1.0,0.0,8.0,0.0,0.0,0.0,0.0,0.0,0.0,0.0,0.0,Infilteration
443.0,6.0,2018-03-01 10:33:22,168.0,3.0,0.0,31.0,0.0,31.0,0.0,10.33333333,17.89785834,0.0,0.0,0.0,0.0,184523.8095,17857.14286,84.0,91.92388155,149.0,19.0,168.0,84.0,91.92388155,149.0,19.0,0.0,0.0,0.0,0.0,0.0,0.0,0.0,60.0,0.0,17857.14286,0.0,0.0,31.0,7.75,15.5,240.25,0.0,0.0,0.0,0.0,1.0,0.0,0.0,0.0,0.0,10.33333333,10.33333333,0.0,3.0,31.0,0.0,0.0,254.0,-1.0,1.0,20.0,0.0,0.0,0.0,0.0,0.0,0.0,0.0,0.0,Infilteration
53.0,17.0,2018-03-01 10:51:38,336.0,1.0,1.0,42.0,58.0,42.0,42.0,42.0,0.0,58.0,58.0,58.0,0.0,297619.0476,5952.380952,336.0,0.0,336.0,336.0,0.0,0.0,0.0,0.0,0.0,0.0,0.0,0.0,0.0,0.0,0.0,0.0,8.0,8.0,2976.190476,2976.190476,42.0,58.0,47.33333333,9.237604307,85.33333333,0.0,0.0,0.0,0.0,0.0,0.0,0.0,0.0,1.0,71.0,42.0,58.0,1.0,42.0,1.0,58.0,-1.0,-1.0,0.0,8.0,0.0,0.0,0.0,0.0,0.0,0.0,0.0,0.0,Infilteration
53.0,17.0,2018-03-01 02:29:30,12054.0,1.0,1.0,37.0,91.0,37.0,37.0,37.0,0.0,91.0,91.0,91.0,0.0,10618.8817,165.9200265,12054.0,0.0,12054.0,12054.0,0.0,0.0,0.0,0.0,0.0,0.0,0.0,0.0,0.0,0.0,0.0,0.0,8.0,8.0,82.96001327,82.96001327,37.0,91.0,55.0,31.17691454,972.0,0.0,0.0,0.0,0.0,0.0,0.0,0.0,0.0,1.0,82.5,37.0,91.0,1.0,37.0,1.0,91.0,-1.0,-1.0,0.0,8.0,0.0,0.0,0.0,0.0,0.0,0.0,0.0,0.0,Infilteration
53.0,17.0,2018-03-01 02:58:17,974.0,1.0,1.0,38.0,66.0,38.0,38.0,38.0,0.0,66.0,66.0,66.0,0.0,106776.1807,2053.38809,974.0,0.0,974.0,974.0,0.0,0.0,0.0,0.0,0.0,0.0,0.0,0.0,0.0,0.0,0.0,0.0,8.0,8.0,1026.694045,1026.694045,38.0,66.0,47.33333333,16.16580754,261.3333333,0.0,0.0,0.0,0.0,0.0,0.0,0.0,0.0,1.0,71.0,38.0,66.0,1.0,38.0,1.0,66.0,-1.0,-1.0,0.0,8.0,0.0,0.0,0.0,0.0,0.0,0.0,0.0,0.0,Infilteration
54353.0,6.0,2018-03-01 03:22:32,9.0,1.0,1.0,0.0,0.0,0.0,0.0,0.0,0.0,0.0,0.0,0.0,0.0,0.0,222222.2222,9.0,0.0,9.0,9.0,0.0,0.0,0.0,0.0,0.0,0.0,0.0,0.0,0.0,0.0,0.0,0.0,20.0,20.0,111111.1111,111111.1111,0.0,0.0,0.0,0.0,0.0,0.0,0.0,0.0,0.0,1.0,1.0,0.0,0.0,1.0,0.0,0.0,0.0,1.0,0.0,1.0,0.0,172.0,255.0,0.0,20.0,0.0,0.0,0.0,0.0,0.0,0.0,0.0,0.0,Infilteration
443.0,6.0,2018-03-01 02:24:01,90733597.0,11.0,19.0,944.0,3635.0,269.0,0.0,85.81818182,119.1140782,919.0,0.0,191.3157895,266.2818166,50.46642205,0.330638275,3128744.724,11600000.0,45200000.0,1.0,90700000.0,9066774.0,19100000.0,45300000.0,75.0,90700000.0,5039284.278,14600000.0,45200000.0,1.0,1.0,0.0,220.0,380.0,0.121234034,0.209404241,0.0,919.0,156.3870968,224.264082,50294.37849,0.0,1.0,0.0,0.0,1.0,0.0,0.0,0.0,1.0,161.6,85.81818182,191.3157895,11.0,944.0,19.0,3635.0,258.0,235.0,5.0,20.0,125253.5,935.5022715,125915.0,124592.0,45200000.0,25155.32374,45200000.0,45200000.0,Infilteration
3389.0,6.0,2018-03-01 10:09:00,1398658.0,8.0,7.0,1148.0,1581.0,677.0,0.0,143.5,228.1296624,1173.0,0.0,225.8571429,430.0986044,1951.156037,10.72456598,99904.14286,251949.9579,969131.0,54.0,1398658.0,199808.2857,382270.2342,1064847.0,79.0,1335136.0,222522.6667,365949.2307,969131.0,64178.0,0.0,0.0,168.0,148.0,5.719768521,5.004797456,0.0,1173.0,170.5625,319.4332416,102037.5958,0.0,0.0,0.0,1.0,0.0,0.0,0.0,0.0,0.0,181.9333333,143.5,225.8571429,8.0,1148.0,7.0,1581.0,8192.0,62852.0,5.0,20.0,0.0,0.0,0.0,0.0,0.0,0.0,0.0,0.0,Infilteration
32.0,6.0,2018-03-01 10:51:58,219.0,1.0,1.0,0.0,0.0,0.0,0.0,0.0,0.0,0.0,0.0,0.0,0.0,0.0,9132.420091,219.0,0.0,219.0,219.0,0.0,0.0,0.0,0.0,0.0,0.0,0.0,0.0,0.0,0.0,0.0,0.0,24.0,20.0,4566.210046,4566.210046,0.0,0.0,0.0,0.0,0.0,0.0,0.0,0.0,1.0,0.0,0.0,0.0,0.0,1.0,0.0,0.0,0.0,1.0,0.0,1.0,0.0,1024.0,0.0,0.0,24.0,0.0,0.0,0.0,0.0,0.0,0.0,0.0,0.0,Infilteration
1068.0,6.0,2018-03-01 10:47:38,276.0,1.0,1.0,0.0,0.0,0.0,0.0,0.0,0.0,0.0,0.0,0.0,0.0,0.0,7246.376812,276.0,0.0,276.0,276.0,0.0,0.0,0.0,0.0,0.0,0.0,0.0,0.0,0.0,0.0,0.0,0.0,24.0,20.0,3623.188406,3623.188406,0.0,0.0,0.0,0.0,0.0,0.0,0.0,0.0,1.0,0.0,0.0,0.0,0.0,1.0,0.0,0.0,0.0,1.0,0.0,1.0,0.0,1024.0,0.0,0.0,24.0,0.0,0.0,0.0,0.0,0.0,0.0,0.0,0.0,Infilteration
53.0,17.0,2018-03-01 10:29:26,412.0,1.0,1.0,36.0,52.0,36.0,36.0,36.0,0.0,52.0,52.0,52.0,0.0,213592.233,4854.368932,412.0,0.0,412.0,412.0,0.0,0.0,0.0,0.0,0.0,0.0,0.0,0.0,0.0,0.0,0.0,0.0,8.0,8.0,2427.184466,2427.184466,36.0,52.0,41.33333333,9.237604307,85.33333333,0.0,0.0,0.0,0.0,0.0,0.0,0.0,0.0,1.0,62.0,36.0,52.0,1.0,36.0,1.0,52.0,-1.0,-1.0,0.0,8.0,0.0,0.0,0.0,0.0,0.0,0.0,0.0,0.0,Infilteration
53.0,17.0,2018-03-01 03:16:25,13036.0,1.0,1.0,37.0,107.0,37.0,37.0,37.0,0.0,107.0,107.0,107.0,0.0,11046.33323,153.4212949,13036.0,0.0,13036.0,13036.0,0.0,0.0,0.0,0.0,0.0,0.0,0.0,0.0,0.0,0.0,0.0,0.0,8.0,8.0,76.71064744,76.71064744,37.0,107.0,60.33333333,40.41451884,1633.333333,0.0,0.0,0.0,0.0,0.0,0.0,0.0,0.0,1.0,90.5,37.0,107.0,1.0,37.0,1.0,107.0,-1.0,-1.0,0.0,8.0,0.0,0.0,0.0,0.0,0.0,0.0,0.0,0.0,Infilteration
1151.0,6.0,2018-03-01 10:14:19,2.0,1.0,1.0,0.0,0.0,0.0,0.0,0.0,0.0,0.0,0.0,0.0,0.0,0.0,1000000.0,2.0,0.0,2.0,2.0,0.0,0.0,0.0,0.0,0.0,0.0,0.0,0.0,0.0,0.0,0.0,0.0,24.0,20.0,500000.0,500000.0,0.0,0.0,0.0,0.0,0.0,0.0,0.0,0.0,1.0,0.0,0.0,0.0,0.0,1.0,0.0,0.0,0.0,1.0,0.0,1.0,0.0,1024.0,0.0,0.0,24.0,0.0,0.0,0.0,0.0,0.0,0.0,0.0,0.0,Infilteration
80.0,6.0,2018-03-01 03:24:41,116966511.0,22.0,20.0,1739.0,2824.0,432.0,0.0,79.04545455,170.3004285,706.0,0.0,141.2,289.7362866,39.0111662,0.359077138,2852841.732,4423467.922,10000000.0,18.0,117000000.0,5569833.857,4924070.85,10100000.0,170.0,113000000.0,5939033.316,5024271.661,10100000.0,94818.0,0.0,0.0,452.0,544.0,0.188088025,0.170989113,0.0,706.0,106.1162791,231.765605,53715.29568,0.0,0.0,1.0,1.0,0.0,0.0,0.0,1.0,0.0,108.6428571,79.04545455,141.2,22.0,1739.0,20.0,2824.0,8192.0,184.0,15.0,20.0,259634.5455,546553.4084,1907555.0,94688.0,9998679.727,51485.18813,10000000.0,9843447.0,Infilteration
53.0,17.0,2018-03-01 02:18:42,1213.0,1.0,1.0,44.0,198.0,44.0,44.0,44.0,0.0,198.0,198.0,198.0,0.0,199505.3586,1648.804617,1213.0,0.0,1213.0,1213.0,0.0,0.0,0.0,0.0,0.0,0.0,0.0,0.0,0.0,0.0,0.0,0.0,8.0,8.0,824.4023083,824.4023083,44.0,198.0,95.33333333,88.91194146,7905.333333,0.0,0.0,0.0,0.0,0.0,0.0,0.0,0.0,1.0,143.0,44.0,198.0,1.0,44.0,1.0,198.0,-1.0,-1.0,0.0,8.0,0.0,0.0,0.0,0.0,0.0,0.0,0.0,0.0,Infilteration
14442.0,6.0,2018-03-01 02:30:31,4.0,1.0,1.0,0.0,0.0,0.0,0.0,0.0,0.0,0.0,0.0,0.0,0.0,0.0,500000.0,4.0,0.0,4.0,4.0,0.0,0.0,0.0,0.0,0.0,0.0,0.0,0.0,0.0,0.0,0.0,0.0,24.0,20.0,250000.0,250000.0,0.0,0.0,0.0,0.0,0.0,0.0,0.0,0.0,1.0,0.0,0.0,0.0,0.0,1.0,0.0,0.0,0.0,1.0,0.0,1.0,0.0,1024.0,0.0,0.0,24.0,0.0,0.0,0.0,0.0,0.0,0.0,0.0,0.0,Infilteration
1187.0,6.0,2018-03-01 02:37:54,2.0,1.0,1.0,0.0,0.0,0.0,0.0,0.0,0.0,0.0,0.0,0.0,0.0,0.0,1000000.0,2.0,0.0,2.0,2.0,0.0,0.0,0.0,0.0,0.0,0.0,0.0,0.0,0.0,0.0,0.0,0.0,24.0,20.0,500000.0,500000.0,0.0,0.0,0.0,0.0,0.0,0.0,0.0,0.0,1.0,0.0,0.0,0.0,0.0,1.0,0.0,0.0,0.0,1.0,0.0,1.0,0.0,1024.0,0.0,0.0,24.0,0.0,0.0,0.0,0.0,0.0,0.0,0.0,0.0,Infilteration
5906.0,6.0,2018-03-01 10:24:46,241.0,1.0,1.0,0.0,0.0,0.0,0.0,0.0,0.0,0.0,0.0,0.0,0.0,0.0,8298.755187,241.0,0.0,241.0,241.0,0.0,0.0,0.0,0.0,0.0,0.0,0.0,0.0,0.0,0.0,0.0,0.0,24.0,20.0,4149.377593,4149.377593,0.0,0.0,0.0,0.0,0.0,0.0,0.0,0.0,1.0,0.0,0.0,0.0,0.0,1.0,0.0,0.0,0.0,1.0,0.0,1.0,0.0,1024.0,0.0,0.0,24.0,0.0,0.0,0.0,0.0,0.0,0.0,0.0,0.0,Infilteration
54571.0,6.0,2018-03-01 03:36:08,1.0,2.0,0.0,0.0,0.0,0.0,0.0,0.0,0.0,0.0,0.0,0.0,0.0,0.0,2000000.0,1.0,0.0,1.0,1.0,1.0,1.0,0.0,1.0,1.0,0.0,0.0,0.0,0.0,0.0,0.0,0.0,40.0,0.0,2000000.0,0.0,0.0,0.0,0.0,0.0,0.0,0.0,0.0,0.0,0.0,1.0,0.0,0.0,0.0,0.0,0.0,0.0,0.0,2.0,0.0,0.0,0.0,5138.0,-1.0,0.0,20.0,0.0,0.0,0.0,0.0,0.0,0.0,0.0,0.0,Infilteration
