Dst Port,Protocol,Timestamp,Flow Duration,Tot Fwd Pkts,Tot Bwd Pkts,TotLen Fwd Pkts,TotLen Bwd Pkts,Fwd Pkt Len Max,Fwd Pkt Len Min,Fwd Pkt Len Mean,Fwd Pkt Len Std,Bwd Pkt Len Max,Bwd Pkt Len Min,Bwd Pkt Len Mean,Bwd Pkt Len Std,Flow Byts/s,Flow Pkts/s,Flow IAT Mean,Flow IAT Std,Flow IAT Max,Flow IAT Min,Fwd IAT Tot,Fwd IAT Mean,Fwd IAT Std,Fwd IAT Max,Fwd IAT Min,Bwd IAT Tot,Bwd IAT Mean,Bwd IAT Std,Bwd IAT Max,Bwd IAT Min,Fwd PSH Flags,Bwd PSH Flags,Fwd URG Flags,Bwd URG Flags,Fwd Header Len,Bwd Header Len,Fwd Pkts/s,Bwd Pkts/s,Pkt Len Min,Pkt Len Max,Pkt Len Mean,Pkt Len Std,Pkt Len Var,FIN Flag Cnt,SYN Flag Cnt,RST Flag Cnt,PSH Flag Cnt,ACK Flag Cnt,URG Flag Cnt,CWE Flag Count,ECE Flag Cnt,Down/Up Ratio,Pkt Size Avg,Fwd Seg Size Avg,Bwd Seg Size Avg,Fwd Byts/b Avg,Fwd Pkts/b Avg,Fwd Blk Rate Avg,Bwd Byts/b Avg,Bwd Pkts/b Avg,Bwd Blk Rate Avg,Subflow Fwd Pkts,Subflow Fwd Byts,Subflow Bwd Pkts,Subflow Bwd Byts,Init Fwd Win Byts,Init Bwd Win Byts,Fwd Act Data Pkts,Fwd Seg Size Min,Active Mean,Active Std,Active Max,Active Min,Idle Mean,Idle Std,Idle Max,Idle Min,Label
0,0,15/02/2018 09:26:21,112636771,3,0,0,0,0,0,0.0,0.0,0,0,0.0,0.0,0.0,0.0266342862,56318385.5,82.7314933988,56318444,56318327,112636771,56318385.5,82.7314933988,56318444,56318327,0,0.0,0.0,0,0,0,0,0,0,0,0,0.0266342862,0.0,0,0,0.0,0.0,0.0,0,0,0,0,0,0,0,0,0,0.0,0.0,0.0,0,0,0,0,0,0,3,0,0,0,-1,-1,0,0,0.0,0.0,0,0,56318385.5,82.7314933988,56318444,56318327,Benign
53,17,15/02/2018 10:32:08,1249,1,1,51,136,51,51,51.0,0.0,136,136,136.0,0.0,149719.775820657,1601.2810248199,1249.0,0.0,1249,1249,0,0.0,0.0,0,0,0,0.0,0.0,0,0,0,0,0,0,8,8,800.6405124099,800.6405124099,51,136,79.3333333333,49.0747728811,2408.3333333333,0,0,0,0,0,0,0,0,1,119.0,51.0,136.0,0,0,0,0,0,0,1,51,1,136,-1,-1,0,8,0.0,0.0,0,0,0.0,0.0,0,0,Benign
51224,6,15/02/2018 11:31:10,145,2,0,0,0,0,0,0.0,0.0,0,0,0.0,0.0,0.0,13793.1034482759,145.0,0.0,145,145,145,145.0,0.0,145,145,0,0.0,0.0,0,0,0,0,0,0,40,0,13793.1034482759,0.0,0,0,0.0,0.0,0.0,0,0,0,0,1,0,0,0,0,0.0,0.0,0.0,0,0,0,0,0,0,2,0,0,0,255,-1,0,20,0.0,0.0,0,0,0.0,0.0,0,0,Benign
80,6,15/02/2018 09:11:27,685,3,4,161,488,161,0,53.6666666667,92.9533933395,488,0,122.0,244.0,947445.255474453,10218.9781021898,114.1666666667,76.9114209118,244,27,432,216.0,120.2081528017,301,131,441,147.0,160.2622850205,329,27,0,0,0,0,72,92,4379.5620437956,5839.4160583942,0,488,81.125,173.7875858627,30202.125,0,0,0,1,0,0,0,0,1,92.7142857143,53.6666666667,122.0,0,0,0,0,0,0,3,161,4,488,8192,149,1,20,0.0,0.0,0,0,0.0,0.0,0,0,Benign
53,17,15/02/2018 12:54:35,464,1,1,46,62,46,46,46.0,0.0,62,62,62.0,0.0,232758.620689655,4310.3448275862,464.0,0.0,464,464,0,0.0,0.0,0,0,0,0.0,0.0,0,0,0,0,0,0,8,8,2155.1724137931,2155.1724137931,46,62,51.3333333333,9.237604307,85.3333333333,0,0,0,0,0,0,0,0,1,77.0,46.0,62.0,0,0,0,0,0,0,1,46,1,62,-1,-1,0,8,0.0,0.0,0,0,0.0,0.0,0,0,Benign
443,6,15/02/2018 11:07:59,115152367,19,27,364,16096,196,0,19.1578947368,51.795820464,1460,0,596.1481481481,696.3387053673,142.9410478379,0.3994707291,2558941.48888889,4353906.8037761,10163407,0,115152367,6397353.72222222,4838547.73931925,10200754,39,111025682,4270218.53846154,5076255.59602971,10202575,0,0,0,0,0,392,684,0.1649987794,0.2344719497,0,1460,350.2127659574,598.7929865179,358553.040703053,0,0,0,1,0,0,0,0,1,357.8260869565,19.1578947368,596.1481481481,0,0,0,0,0,0,19,364,27,16096,8192,1129,14,20,37874.8181818182,34636.0009551281,139158,22265,10053708.6363636,67374.8810333239,10163407,10000342,Benign
445,6,15/02/2018 09:45:16,272783,3,1,0,0,0,0,0.0,0.0,0,0,0.0,0.0,0.0,14.66367039,90927.6666666667,157265.319909805,272522,64,272783,136391.5,192608.109020623,272586,197,0,0.0,0.0,0,0,0,0,0,0,72,32,10.9977527925,3.6659175975,0,0,0.0,0.0,0.0,0,0,0,1,0,0,0,0,0,0.0,0.0,0.0,0,0,0,0,0,0,3,0,1,0,8192,8192,0,20,0.0,0.0,0,0,0.0,0.0,0,0,Benign
53,17,15/02/2018 05:03:59,13017,1,1,36,114,36,36,36.0,0.0,114,114,114.0,0.0,11523.3924867481,153.6452331566,13017.0,0.0,13017,13017,0,0.0,0.0,0,0,0,0.0,0.0,0,0,0,0,0,0,8,8,76.8226165783,76.8226165783,36,114,62.0,45.0333209968,2028.0,0,0,0,0,0,0,0,0,1,93.0,36.0,114.0,0,0,0,0,0,0,1,36,1,114,-1,-1,0,8,0.0,0.0,0,0,0.0,0.0,0,0,Benign
53,17,15/02/2018 09:14:29,40000,1,1,36,143,36,36,36.0,0.0,143,143,143.0,0.0,4475.0,50.0,40000.0,0.0,40000,40000,0,0.0,0.0,0,0,0,0.0,0.0,0,0,0,0,0,0,8,8,25.0,25.0,36,143,71.6666666667,61.7764788033,3816.3333333333,0,0,0,0,0,0,0,0,1,107.5,36.0,143.0,0,0,0,0,0,0,1,36,1,143,-1,-1,0,8,0.0,0.0,0,0,0.0,0.0,0,0,Benign
2869,6,15/02/2018 04:48:29,39,2,0,0,0,0,0,0.0,0.0,0,0,0.0,0.0,0.0,51282.0512820513,39.0,0.0,39,39,39,39.0,0.0,39,39,0,0.0,0.0,0,0,0,0,0,0,40,0,51282.0512820513,0.0,0,0,0.0,0.0,0.0,0,0,0,0,1,0,0,0,0,0.0,0.0,0.0,0,0,0,0,0,0,2,0,0,0,256,-1,0,20,0.0,0.0,0,0,0.0,0.0,0,0,Benign
0,0,15/02/2018 03:53:47,168430,5,0,0,0,0,0,0.0,0.0,0,0,0.0,0.0,0.0,29.6859229353,42107.5,78496.6774434859,159805,227,168430,42107.5,78496.6774434859,159805,227,0,0.0,0.0,0,0,0,0,0,0,0,0,29.6859229353,0.0,0,0,0.0,0.0,0.0,0,0,0,0,0,0,0,0,0,0.0,0.0,0.0,0,0,0,0,0,0,5,0,0,0,-1,-1,0,0,0.0,0.0,0,0,0.0,0.0,0,0,Benign
53,17,15/02/2018 12:25:09,38188,1,1,52,108,52,52,52.0,0.0,108,108,108.0,0.0,4189.7978422541,52.3724730282,38188.0,0.0,38188,38188,0,0.0,0.0,0,0,0,0.0,0.0,0,0,0,0,0,0,8,8,26.1862365141,26.1862365141,52,108,70.6666666667,32.3316150746,1045.3333333333,0,0,0,0,0,0,0,0,1,106.0,52.0,108.0,0,0,0,0,0,0,1,52,1,108,-1,-1,0,8,0.0,0.0,0,0,0.0,0.0,0,0,Benign
445,6,15/02/2018 10:08:18,1066865,7,5,364,582,103,0,52.0,49.2172056636,409,0,116.4,167.0353256051,886.7101273357,11.247908592,96987.7272727273,110408.961778554,221764,46,1066865,177810.833333333,85950.9116726906,221846,2900,850855,212713.75,10395.6433623257,221851,203511,0,0,0,0,152,112,6.561280012,4.68662858,0,409,72.7692307692,109.5332170669,11997.5256410256,0,0,0,1,0,0,0,0,0,78.8333333333,52.0,116.4,0,0,0,0,0,0,7,364,5,582,8192,255,4,20,0.0,0.0,0,0,0.0,0.0,0,0,Benign
50314,6,15/02/2018 11:11:36,1,2,0,0,0,0,0,0.0,0.0,0,0,0.0,0.0,0.0,2000000.0,1.0,0.0,1,1,1,1.0,0.0,1,1,0,0.0,0.0,0,0,0,0,0,0,40,0,2000000.0,0.0,0,0,0.0,0.0,0.0,0,0,0,0,1,0,0,0,0,0.0,0.0,0.0,0,0,0,0,0,0,2,0,0,0,5486,-1,0,20,0.0,0.0,0,0,0.0,0.0,0,0,Benign
53,17,15/02/2018 11:24:36,651,1,1,34,93,34,34,34.0,0.0,93,93,93.0,0.0,195084.485407066,3072.1966205837,651.0,0.0,651,651,0,0.0,0.0,0,0,0,0.0,0.0,0,0,0,0,0,0,8,8,1536.0983102919,1536.0983102919,34,93,53.6666666667,34.0636658822,1160.3333333333,0,0,0,0,0,0,0,0,1,80.5,34.0,93.0,0,0,0,0,0,0,1,34,1,93,-1,-1,0,8,0.0,0.0,0,0,0.0,0.0,0,0,Benign
80,6,15/02/2018 02:53:04,84,2,0,0,0,0,0,0.0,0.0,0,0,0.0,0.0,0.0,23809.5238095238,84.0,0.0,84,84,84,84.0,0.0,84,84,0,0.0,0.0,0,0,0,0,0,0,40,0,23809.5238095238,0.0,0,0,0.0,0.0,0.0,0,0,0,0,1,0,0,0,0,0.0,0.0,0.0,0,0,0,0,0,0,2,0,0,0,279,-1,0,20,0.0,0.0,0,0,0.0,0.0,0,0,Benign
53,17,15/02/2018 01:39:33,1551,1,1,38,66,38,38,38.0,0.0,66,66,66.0,0.0,67053.5138620245,1289.4906511928,1551.0,0.0,1551,1551,0,0.0,0.0,0,0,0,0.0,0.0,0,0,0,0,0,0,8,8,644.7453255964,644.7453255964,38,66,47.3333333333,16.1658075373,261.3333333333,0,0,0,0,0,0,0,0,1,71.0,38.0,66.0,0,0,0,0,0,0,1,38,1,66,-1,-1,0,8,0.0,0.0,0,0,0.0,0.0,0,0,Benign
53,17,15/02/2018 01:39:09,42435,1,1,28,79,28,28,28.0,0.0,79,79,79.0,0.0,2521.5034759043,47.1309060917,42435.0,0.0,42435,42435,0,0.0,0.0,0,0,0,0.0,0.0,0,0,0,0,0,0,8,8,23.5654530458,23.5654530458,28,79,45.0,29.4448637287,867.0,0,0,0,0,0,0,0,0,1,67.5,28.0,79.0,0,0,0,0,0,0,1,28,1,79,-1,-1,0,8,0.0,0.0,0,0,0.0,0.0,0,0,Benign
11681,6,15/02/2018 02:10:17,156,2,0,0,0,0,0,0.0,0.0,0,0,0.0,0.0,0.0,12820.5128205128,156.0,0.0,156,156,156,156.0,0.0,156,156,0,0.0,0.0,0,0,0,0,0,0,40,0,12820.5128205128,0.0,0,0,0.0,0.0,0.0,0,0,0,0,1,0,0,0,0,0.0,0.0,0.0,0,0,0,0,0,0,2,0,0,0,255,-1,0,20,0.0,0.0,0,0,0.0,0.0,0,0,Benign
53,17,15/02/2018 09:45:09,236,1,1,33,161,33,33,33.0,0.0,161,161,161.0,0.0,822033.898305085,8474.5762711864,236.0,0.0,236,236,0,0.0,0.0,0,0,0,0.0,0.0,0,0,0,0,0,0,8,8,4237.2881355932,4237.2881355932,33,161,75.6666666667,73.9008344563,5461.3333333333,0,0,0,0,0,0,0,0,1,113.5,33.0,161.0,0,0,0,0,0,0,1,33,1,161,-1,-1,0,8,0.0,0.0,0,0,0.0,0.0,0,0,Benign
443,6,15/02/2018 02:18:12,53983737,5,1,123,46,46,0,24.6,23.2765976895,46,46,46.0,0.0,3.1305724537,0.1111445842,10796747.4,24098588.441307,53905590,23,53983737,13495934.25,26939795.4697184,53905590,23,0,0.0,0.0,0,0,1,0,0,0,100,20,0.0926204868,0.0185240974,0,46,30.7142857143,21.6849739506,470.2380952381,0,1,0,0,1,0,0,0,0,35.8333333333,24.6,46.0,0,0,0,0,0,0,5,123,1,46,251,53,2,20,77921.0,0.0,77921,77921,53905590.0,0.0,53905590,53905590,Benign
53,17,15/02/2018 05:00:10,18597,1,1,34,79,34,34,34.0,0.0,79,79,79.0,0.0,6076.2488573426,107.5442275636,18597.0,0.0,18597,18597,0,0.0,0.0,0,0,0,0.0,0.0,0,0,0,0,0,0,8,8,53.7721137818,53.7721137818,34,79,49.0,25.9807621135,675.0,0,0,0,0,0,0,0,0,1,73.5,34.0,79.0,0,0,0,0,0,0,1,34,1,79,-1,-1,0,8,0.0,0.0,0,0,0.0,0.0,0,0,Benign
53,17,15/02/2018 09:42:52,38981,1,1,38,70,38,38,38.0,0.0,70,70,70.0,0.0,2770.5805392371,51.3070470229,38981.0,0.0,38981,38981,0,0.0,0.0,0,0,0,0.0,0.0,0,0,0,0,0,0,8,8,25.6535235115,25.6535235115,38,70,48.6666666667,18.4752086141,341.3333333333,0,0,0,0,0,0,0,0,1,73.0,38.0,70.0,0,0,0,0,0,0,1,38,1,70,-1,-1,0,8,0.0,0.0,0,0,0.0,0.0,0,0,Benign
53,17,15/02/2018 02:18:54,847,1,1,47,128,47,47,47.0,0.0,128,128,128.0,0.0,206611.570247934,2361.2750885478,847.0,0.0,847,847,0,0.0,0.0,0,0,0,0.0,0.0,0,0,0,0,0,0,8,8,1180.6375442739,1180.6375442739,47,128,74.0,46.7653718044,2187.0,0,0,0,0,0,0,0,0,1,111.0,47.0,128.0,0,0,0,0,0,0,1,47,1,128,-1,-1,0,8,0.0,0.0,0,0,0.0,0.0,0,0,Benign
443,6,15/02/2018 05:13:39,116562196,14,17,620,5662,187,0,44.2857142857,68.1586707294,1460,0,333.0588235294,551.20827173,53.893974338,0.2659524362,3885406.53333333,14760367.2491699,58248672,0,116562196,8966322.76923077,21844043.4930571,58248672,212,116545164,7284072.75,19884652.4926891,58306672,0,0,0,0,0,292,352,0.1201075519,0.1458448844,0,1460,196.3125,425.0875763659,180699.447580645,0,0,0,1,0,0,0,0,1,202.6451612903,44.2857142857,333.0588235294,0,0,0,0,0,0,14,620,17,5662,8192,66,6,20,86842.5,98906.5610184683,156780,16905,58185317.0,89597.5002441474,58248672,58121962,Benign
443,6,15/02/2018 10:41:07,30395224,1,6,0,0,0,0,0.0,0.0,0,0,0.0,0.0,0.0,0.2302993391,5065870.66666667,6101296.31579168,16000187,94874,0,0.0,0.0,0,0,30300350,6060070.0,6254520.64976709,16000187,299947,0,0,0,0,32,192,0.0328999056,0.1973994335,0,0,0.0,0.0,0.0,0,0,0,1,0,0,0,0,6,0.0,0.0,0.0,0,0,0,0,0,0,1,0,6,0,8192,42780,0,32,6394944.0,0.0,6394944,6394944,12000140.0,5656920.71752981,16000187,8000093,Benign
53,17,15/02/2018 10:58:37,384,1,1,32,48,32,32,32.0,0.0,48,48,48.0,0.0,208333.333333333,5208.3333333333,384.0,0.0,384,384,0,0.0,0.0,0,0,0,0.0,0.0,0,0,0,0,0,0,8,8,2604.1666666667,2604.1666666667,32,48,37.3333333333,9.237604307,85.3333333333,0,0,0,0,0,0,0,0,1,56.0,32.0,48.0,0,0,0,0,0,0,1,32,1,48,-1,-1,0,8,0.0,0.0,0,0,0.0,0.0,0,0,Benign
53,17,15/02/2018 01:39:25,113957,2,2,68,492,34,34,34.0,0.0,246,246,246.0,0.0,4914.1342787192,35.1009591337,37985.6666666667,65230.9058448013,113307,19,113307,113307.0,0.0,113307,113307,19,19.0,0.0,19,19,0,0,0,0,16,16,17.5504795669,17.5504795669,34,246,118.8,116.1171821911,13483.2,0,0,0,0,0,0,0,0,1,148.5,34.0,246.0,0,0,0,0,0,0,2,68,2,492,-1,-1,1,8,0.0,0.0,0,0,0.0,0.0,0,0,Benign
53,17,15/02/2018 01:03:34,42775,2,2,88,200,44,44,44.0,0.0,100,100,100.0,0.0,6732.9047340736,93.512565751,14258.3333333333,14435.625872588,29194,381,42394,42394.0,0.0,42394,42394,13581,13581.0,0.0,13581,13581,0,0,0,0,16,16,46.7562828755,46.7562828755,44,100,66.4,30.6724632203,940.8,0,0,0,0,0,0,0,0,1,83.0,44.0,100.0,0,0,0,0,0,0,2,88,2,200,-1,-1,1,8,0.0,0.0,0,0,0.0,0.0,0,0,Benign
3389,6,15/02/2018 02:07:20,2470037,8,7,1144,1581,677,0,143.0,227.9699228282,1173,0,225.8571428571,430.0986044197,1103.2223403941,6.0727835251,176431.214285714,252614.916890444,953126,3,2470037,352862.428571429,405962.935502679,1250102,3,2226936,371156.0,285998.184297034,953126,241694,0,0,0,0,172,152,3.2388178801,2.833965645,0,1173,170.3125,319.402717323,102018.095833333,0,0,0,1,0,0,0,0,0,181.6666666667,143.0,225.8571428571,0,0,0,0,0,0,8,1144,7,1581,64240,62856,5,20,0.0,0.0,0,0,0.0,0.0,0,0,Benign
3389,6,15/02/2018 05:50:08,2781576,8,8,1128,1581,661,0,141.0,222.62332056,1173,0,197.625,406.1217050168,973.908316724,5.752134761,185438.4,234089.617684217,945012,3,2781576,397368.0,417166.164069347,1305894,3,2538495,362642.142857143,277277.33426026,945012,40782,0,0,0,0,172,172,2.8760673805,2.8760673805,0,1173,159.3529411765,310.3705328266,96329.8676470588,0,0,0,1,0,0,0,0,1,169.3125,141.0,197.625,0,0,0,0,0,0,8,1128,8,1581,64240,62872,5,20,0.0,0.0,0,0,0.0,0.0,0,0,Benign
53,17,15/02/2018 03:50:46,39270,1,1,30,132,30,30,30.0,0.0,132,132,132.0,0.0,4125.2864782277,50.9294626942,39270.0,0.0,39270,39270,0,0.0,0.0,0,0,0,0.0,0.0,0,0,0,0,0,0,8,8,25.4647313471,25.4647313471,30,132,64.0,58.8897274573,3468.0,0,0,0,0,0,0,0,0,1,96.0,30.0,132.0,0,0,0,0,0,0,1,30,1,132,-1,-1,0,8,0.0,0.0,0,0,0.0,0.0,0,0,Benign
80,6,15/02/2018 01:18:00,892,3,4,161,488,161,0,53.6666666667,92.9533933395,488,0,122.0,244.0,727578.475336323,7847.533632287,148.6666666667,100.0673106797,288,30,424,212.0,106.066017178,287,137,658,219.3333333333,166.0160634798,340,30,0,0,0,0,72,92,3363.2286995516,4484.3049327354,0,488,81.125,173.7875858627,30202.125,0,0,0,1,0,0,0,0,1,92.7142857143,53.6666666667,122.0,0,0,0,0,0,0,3,161,4,488,8192,149,1,20,0.0,0.0,0,0,0.0,0.0,0,0,Benign
53,17,15/02/2018 08:52:35,124490,2,2,72,104,36,36,36.0,0.0,52,52,52.0,0.0,1413.7681741505,32.1310948671,41496.6666666667,70382.8537382034,122767,552,123938,123938.0,0.0,123938,123938,123319,123319.0,0.0,123319,123319,0,0,0,0,16,16,16.0655474335,16.0655474335,36,52,42.4,8.7635609201,76.8,0,0,0,0,0,0,0,0,1,53.0,36.0,52.0,0,0,0,0,0,0,2,72,2,104,-1,-1,1,8,0.0,0.0,0,0,0.0,0.0,0,0,Benign
3389,6,15/02/2018 12:50:25,1756977,8,7,1132,1581,661,0,141.5,222.792023453,1173,0,225.8571428571,430.0986044197,1544.1294905966,8.5373912123,125498.357142857,245462.721891222,953141,80,1756977,250996.714285714,390152.709235206,1129418,307,1634414,272402.333333333,334096.67322538,953141,124752,0,0,0,0,172,152,4.5532753132,3.9841158991,0,1173,169.5625,317.7627980638,100973.195833333,0,0,1,1,0,0,0,1,0,180.8666666667,141.5,225.8571428571,0,0,0,0,0,0,8,1132,7,1581,8192,62868,5,20,0.0,0.0,0,0,0.0,0.0,0,0,Benign
445,6,15/02/2018 04:39:00,127047,3,1,0,0,0,0,0.0,0.0,0,0,0.0,0.0,0.0,31.4844112809,42349.0,72453.6804517203,126010,114,127047,63523.5,88530.4761113369,126124,923,0,0.0,0.0,0,0,0,0,0,0,72,32,23.6133084606,7.8711028202,0,0,0.0,0.0,0.0,0,0,0,1,0,0,0,0,0,0.0,0.0,0.0,0,0,0,0,0,0,3,0,1,0,8192,8192,0,20,0.0,0.0,0,0,0.0,0.0,0,0,Benign
443,6,15/02/2018 02:36:03,916,1,2,0,0,0,0,0.0,0.0,0,0,0.0,0.0,0.0,3275.1091703057,458.0,647.7098115669,916,0,0,0.0,0.0,0,0,0,0.0,0.0,0,0,0,0,0,0,20,40,1091.7030567686,2183.4061135371,0,0,0.0,0.0,0.0,1,0,0,0,1,0,0,0,2,0.0,0.0,0.0,0,0,0,0,0,0,1,0,2,0,0,0,0,20,0.0,0.0,0,0,0.0,0.0,0,0,Benign
80,6,15/02/2018 12:40:05,758,3,4,161,488,161,0,53.6666666667,92.9533933395,488,0,122.0,244.0,856200.527704485,9234.8284960422,126.3333333333,83.7583826651,218,1,403,201.5,99.7020561473,272,131,540,180.0,172.4267960614,345,1,0,0,0,0,72,92,3957.783641161,5277.0448548813,0,488,81.125,173.7875858627,30202.125,0,0,0,1,0,0,0,0,1,92.7142857143,53.6666666667,122.0,0,0,0,0,0,0,3,161,4,488,8192,149,1,20,0.0,0.0,0,0,0.0,0.0,0,0,Benign
49496,6,15/02/2018 08:40:22,64,1,1,0,0,0,0,0.0,0.0,0,0,0.0,0.0,0.0,31250.0,64.0,0.0,64,64,0,0.0,0.0,0,0,0,0.0,0.0,0,0,0,0,0,0,20,20,15625.0,15625.0,0,0,0.0,0.0,0.0,0,0,0,0,1,1,0,0,1,0.0,0.0,0.0,0,0,0,0,0,0,1,0,1,0,946,256,0,20,0.0,0.0,0,0,0.0,0.0,0,0,Benign
443,6,15/02/2018 10:51:45,60323943,13,13,652,2066,374,0,50.1538461538,114.9723489611,945,0,158.9230769231,351.152972729,45.0567364272,0.4310063087,2412957.72,4341775.90740428,10057954,33,60323943,5026995.25,5193989.77637946,10098500,428,60274593,5022882.75,5205308.77559555,10098637,312,0,0,0,0,284,344,0.2155031544,0.2155031544,0,945,100.6666666667,257.6333112719,66374.9230769231,0,0,0,1,0,0,0,0,1,104.5384615385,50.1538461538,158.9230769231,0,0,0,0,0,0,13,652,13,2066,8192,123,9,20,57829.3333333333,93297.8859088815,246862,11661,9982439.33333333,88917.8046122746,10057954,9805926,Benign
54495,6,15/02/2018 05:45:40,46,2,1,0,0,0,0,0.0,0.0,0,0,0.0,0.0,0.0,65217.3913043478,23.0,32.5269119346,46,0,0,0.0,0.0,0,0,0,0.0,0.0,0,0,0,0,0,0,40,20,43478.2608695652,21739.1304347826,0,0,0.0,0.0,0.0,1,0,0,0,0,0,0,0,0,0.0,0.0,0.0,0,0,0,0,0,0,2,0,1,0,0,0,0,20,0.0,0.0,0,0,0.0,0.0,0,0,Benign
80,6,15/02/2018 04:05:28,99,2,0,0,0,0,0,0.0,0.0,0,0,0.0,0.0,0.0,20202.0202020202,99.0,0.0,99,99,99,99.0,0.0,99,99,0,0.0,0.0,0,0,0,0,0,0,40,0,20202.0202020202,0.0,0,0,0.0,0.0,0.0,0,0,0,0,1,0,0,0,0,0.0,0.0,0.0,0,0,0,0,0,0,2,0,0,0,278,-1,0,20,0.0,0.0,0,0,0.0,0.0,0,0,Benign
53,17,15/02/2018 09:09:38,937,1,1,35,51,35,35,35.0,0.0,51,51,51.0,0.0,91782.2838847385,2134.4717182497,937.0,0.0,937,937,0,0.0,0.0,0,0,0,0.0,0.0,0,0,0,0,0,0,8,8,1067.2358591249,1067.2358591249,35,51,40.3333333333,9.237604307,85.3333333333,0,0,0,0,0,0,0,0,1,60.5,35.0,51.0,0,0,0,0,0,0,1,35,1,51,-1,-1,0,8,0.0,0.0,0,0,0.0,0.0,0,0,Benign
53,17,15/02/2018 09:53:22,305,1,1,43,59,43,43,43.0,0.0,59,59,59.0,0.0,334426.229508197,6557.3770491803,305.0,0.0,305,305,0,0.0,0.0,0,0,0,0.0,0.0,0,0,0,0,0,0,8,8,3278.6885245902,3278.6885245902,43,59,48.3333333333,9.237604307,85.3333333333,0,0,0,0,0,0,0,0,1,72.5,43.0,59.0,0,0,0,0,0,0,1,43,1,59,-1,-1,0,8,0.0,0.0,0,0,0.0,0.0,0,0,Benign
53,17,15/02/2018 12:06:58,297,1,1,42,58,42,42,42.0,0.0,58,58,58.0,0.0,336700.336700337,6734.0067340067,297.0,0.0,297,297,0,0.0,0.0,0,0,0,0.0,0.0,0,0,0,0,0,0,8,8,3367.0033670034,3367.0033670034,42,58,47.3333333333,9.237604307,85.3333333333,0,0,0,0,0,0,0,0,1,71.0,42.0,58.0,0,0,0,0,0,0,1,42,1,58,-1,-1,0,8,0.0,0.0,0,0,0.0,0.0,0,0,Benign
53,17,15/02/2018 12:29:10,341,1,1,33,65,33,33,33.0,0.0,65,65,65.0,0.0,287390.029325513,5865.1026392962,341.0,0.0,341,341,0,0.0,0.0,0,0,0,0.0,0.0,0,0,0,0,0,0,8,8,2932.5513196481,2932.5513196481,33,65,43.6666666667,18.4752086141,341.3333333333,0,0,0,0,0,0,0,0,1,65.5,33.0,65.0,0,0,0,0,0,0,1,33,1,65,-1,-1,0,8,0.0,0.0,0,0,0.0,0.0,0,0,Benign
80,6,15/02/2018 09:27:54,115649630,16,14,451,795,440,0,28.1875,109.8175570359,795,0,56.7857142857,212.4726873204,10.7739211963,0.2594042022,3987918.27586207,4881270.99792632,10008750,21,115649630,7709975.33333333,4152828.23340704,10031076,335,110369531,8489963.92307692,3762836.51085307,10033717,338,0,0,0,0,332,424,0.1383489078,0.1210552943,0,795,40.1935483871,160.7850364835,25851.8279569892,0,0,0,1,0,0,0,0,0,41.5333333333,28.1875,56.7857142857,0,0,0,0,0,0,16,451,14,795,8192,946,12,20,30244.8181818182,26012.8584235496,108676,22280,10003184.6363636,18032.7623412098,10008750,9948815,Benign
80,6,15/02/2018 02:02:29,756,3,4,161,488,161,0,53.6666666667,92.9533933395,488,0,122.0,244.0,858465.608465608,9259.2592592593,126.0,86.4939304229,239,0,425,212.5,113.844191771,293,132,517,172.3333333333,183.9302403993,366,0,0,0,0,0,72,92,3968.253968254,5291.0052910053,0,488,81.125,173.7875858627,30202.125,0,0,0,1,0,0,0,0,1,92.7142857143,53.6666666667,122.0,0,0,0,0,0,0,3,161,4,488,8192,149,1,20,0.0,0.0,0,0,0.0,0.0,0,0,Benign
3389,6,15/02/2018 02:45:36,4313279,8,11,1148,1581,677,0,143.5,228.129662379,1173,0,143.7272727273,352.1017156758,632.6973052288,4.4050013922,239626.611111111,299871.068329695,1316989,4,4313279,616182.714285714,569197.528492442,1767102,4,4025690,402569.0,367286.680419775,1316989,2229,0,0,0,0,172,232,1.8547374283,2.5502639639,0,1173,136.45,292.3279475989,85455.6289473685,0,0,0,1,0,0,0,0,1,143.6315789474,143.5,143.7272727273,0,0,0,0,0,0,8,1148,11,1581,8192,62852,5,20,0.0,0.0,0,0,0.0,0.0,0,0,Benign
80,6,15/02/2018 10:43:25,6300083,4,4,97,232,97,0,24.25,48.5,232,0,58.0,116.0,52.2215342242,1.2698245404,900011.857142857,2354059.57890148,6238268,46,61815,20605.0,35432.5760706161,61519,118,6299951,2099983.66666667,3636826.34084243,6299429,209,0,0,0,0,92,92,0.6349122702,0.6349122702,0,232,36.5555555556,80.0048609634,6400.7777777778,0,0,0,1,0,0,0,0,1,41.125,24.25,58.0,0,0,0,0,0,0,4,97,4,232,8192,141,1,20,0.0,0.0,0,0,0.0,0.0,0,0,Benign
51660,6,15/02/2018 12:19:13,16,1,1,0,0,0,0,0.0,0.0,0,0,0.0,0.0,0.0,125000.0,16.0,0.0,16,16,0,0.0,0.0,0,0,0,0.0,0.0,0,0,0,0,0,0,20,20,62500.0,62500.0,0,0,0.0,0.0,0.0,0,0,0,0,1,1,0,0,1,0.0,0.0,0.0,0,0,0,0,0,0,1,0,1,0,180,254,0,20,0.0,0.0,0,0,0.0,0.0,0,0,Benign
443,6,15/02/2018 09:14:27,144498,10,8,509,7502,194,0,50.9,80.1518697363,1460,0,937.75,710.048237798,55440.21370538,124.5691981896,8499.8823529412,19494.2316849189,81057,1,144498,16055.3333333333,29366.4239012856,92653,15,41992,5998.8571428572,10899.0023920934,28606,1,0,0,0,0,212,172,69.2051101053,55.3640880843,0,1460,421.6315789474,635.5319915478,403900.912280702,0,0,0,1,0,0,0,0,0,445.0555555556,50.9,937.75,0,0,0,0,0,0,10,509,8,7502,8192,60,4,20,0.0,0.0,0,0,0.0,0.0,0,0,Benign
0,0,15/02/2018 03:22:17,112639632,3,0,0,0,0,0,0.0,0.0,0,0,0.0,0.0,0.0,0.0266336097,56319816.0,2.8284271247,56319818,56319814,112639632,56319816.0,2.8284271247,56319818,56319814,0,0.0,0.0,0,0,0,0,0,0,0,0,0.0266336097,0.0,0,0,0.0,0.0,0.0,0,0,0,0,0,0,0,0,0,0.0,0.0,0.0,0,0,0,0,0,0,3,0,0,0,-1,-1,0,0,0.0,0.0,0,0,56319816.0,2.8284271247,56319818,56319814,Benign
443,6,15/02/2018 05:09:13,296,3,0,77,0,46,0,25.6666666667,23.4591844132,0,0,0.0,0.0,260135.135135135,10135.1351351351,148.0,175.3624817343,272,24,296,148.0,175.3624817343,272,24,0,0.0,0.0,0,0,1,0,0,0,60,0,10135.1351351351,0.0,0,46,30.75,21.6852484422,470.25,0,1,0,0,1,0,0,0,0,41.0,25.6666666667,0.0,0,0,0,0,0,0,3,77,0,0,256,-1,1,20,0.0,0.0,0,0,0.0,0.0,0,0,Benign
443,6,15/02/2018 12:34:57,116243492,33,79,5260,13300,1315,0,159.3939393939,435.8356871713,1082,0,168.3544303797,270.1780058033,159.6648524633,0.9634947993,1047238.66666667,1899310.89113164,4980464,0,116243492,3632609.125,2035301.97449306,5109283,153115,116189507,1489609.06410256,2158915.28217763,5032552,0,0,0,0,0,660,1580,0.2838868605,0.6796079388,0,1315,164.2477876106,324.6051868637,105368.527338812,0,0,0,0,1,0,0,0,2,165.7142857143,159.3939393939,168.3544303797,0,0,0,0,0,0,33,5260,79,13300,5564,5565,4,20,0.0,0.0,0,0,0.0,0.0,0,0,Benign
80,6,15/02/2018 04:39:15,77,2,0,0,0,0,0,0.0,0.0,0,0,0.0,0.0,0.0,25974.025974026,77.0,0.0,77,77,77,77.0,0.0,77,77,0,0.0,0.0,0,0,0,0,0,0,40,0,25974.025974026,0.0,0,0,0.0,0.0,0.0,0,0,0,0,1,0,0,0,0,0.0,0.0,0.0,0,0,0,0,0,0,2,0,0,0,2239,-1,0,20,0.0,0.0,0,0,0.0,0.0,0,0,Benign
3389,6,15/02/2018 08:54:46,2841799,9,9,1132,1581,661,0,125.7777777778,213.6736868322,1173,0,175.6666666667,385.5612791762,954.676949355,6.3340158822,167164.647058824,240220.018752586,1028874,3,2841799,355224.875,395351.54844642,1276730,3,2716013,339501.625,334143.347585578,1028874,82771,0,0,0,0,192,192,3.1670079411,3.1670079411,0,1173,142.7894736842,296.9505344044,88179.619883041,0,0,0,1,0,0,0,0,1,150.7222222222,125.7777777778,175.6666666667,0,0,0,0,0,0,9,1132,9,1581,8192,62868,5,20,0.0,0.0,0,0,0.0,0.0,0,0,Benign
53,17,15/02/2018 12:13:43,241,1,1,40,56,40,40,40.0,0.0,56,56,56.0,0.0,398340.248962656,8298.755186722,241.0,0.0,241,241,0,0.0,0.0,0,0,0,0.0,0.0,0,0,0,0,0,0,8,8,4149.377593361,4149.377593361,40,56,45.3333333333,9.237604307,85.3333333333,0,0,0,0,0,0,0,0,1,68.0,40.0,56.0,0,0,0,0,0,0,1,40,1,56,-1,-1,0,8,0.0,0.0,0,0,0.0,0.0,0,0,Benign
53,17,15/02/2018 02:42:48,487,1,1,36,52,36,36,36.0,0.0,52,52,52.0,0.0,180698.151950719,4106.7761806982,487.0,0.0,487,487,0,0.0,0.0,0,0,0,0.0,0.0,0,0,0,0,0,0,8,8,2053.3880903491,2053.3880903491,36,52,41.3333333333,9.237604307,85.3333333333,0,0,0,0,0,0,0,0,1,62.0,36.0,52.0,0,0,0,0,0,0,1,36,1,52,-1,-1,0,8,0.0,0.0,0,0,0.0,0.0,0,0,Benign
80,6,15/02/2018 09:25:02,54573328,2,0,0,0,0,0,0.0,0.0,0,0,0.0,0.0,0.0,0.0366479391,54573328.0,0.0,54573328,54573328,54573328,54573328.0,0.0,54573328,54573328,0,0.0,0.0,0,0,0,0,0,0,40,0,0.0366479391,0.0,0,0,0.0,0.0,0.0,0,0,0,0,1,0,0,0,0,0.0,0.0,0.0,0,0,0,0,0,0,2,0,0,0,279,-1,0,20,0.0,0.0,0,0,0.0,0.0,0,0,Benign
52249,6,15/02/2018 02:15:19,50,1,1,0,0,0,0,0.0,0.0,0,0,0.0,0.0,0.0,40000.0,50.0,0.0,50,50,0,0.0,0.0,0,0,0,0.0,0.0,0,0,0,0,0,0,20,20,20000.0,20000.0,0,0,0.0,0.0,0.0,0,0,0,0,1,1,0,0,1,0.0,0.0,0.0,0,0,0,0,0,0,1,0,1,0,74,257,0,20,0.0,0.0,0,0,0.0,0.0,0,0,Benign
53,17,15/02/2018 03:58:28,240,1,1,36,52,36,36,36.0,0.0,52,52,52.0,0.0,366666.666666667,8333.3333333333,240.0,0.0,240,240,0,0.0,0.0,0,0,0,0.0,0.0,0,0,0,0,0,0,8,8,4166.6666666667,4166.6666666667,36,52,41.3333333333,9.237604307,85.3333333333,0,0,0,0,0,0,0,0,1,62.0,36.0,52.0,0,0,0,0,0,0,1,36,1,52,-1,-1,0,8,0.0,0.0,0,0,0.0,0.0,0,0,Benign
3389,6,15/02/2018 10:33:20,2594456,8,7,1148,1581,677,0,143.5,228.129662379,1173,0,225.8571428571,430.0986044197,1051.8582700959,5.7815588316,185318.285714286,255815.662187392,953183,71,2594456,370636.571428571,405359.857623592,1259480,504,2347450,391241.666666667,277572.721704901,953183,248442,0,0,0,0,172,152,3.0834980435,2.6980607881,0,1173,170.5625,319.433241591,102037.595833333,0,0,0,1,0,0,0,0,0,181.9333333333,143.5,225.8571428571,0,0,0,0,0,0,8,1148,7,1581,8192,62852,5,20,0.0,0.0,0,0,0.0,0.0,0,0,Benign
9376,6,15/02/2018 01:56:06,292,2,0,0,0,0,0,0.0,0.0,0,0,0.0,0.0,0.0,6849.3150684932,292.0,0.0,292,292,292,292.0,0.0,292,292,0,0.0,0.0,0,0,0,0,0,0,40,0,6849.3150684932,0.0,0,0,0.0,0.0,0.0,0,0,0,0,1,0,0,0,0,0.0,0.0,0.0,0,0,0,0,0,0,2,0,0,0,257,-1,0,20,0.0,0.0,0,0,0.0,0.0,0,0,Benign
53,17,15/02/2018 08:24:32,24714,1,1,42,102,42,42,42.0,0.0,102,102,102.0,0.0,5826.6569555717,80.9257910496,24714.0,0.0,24714,24714,0,0.0,0.0,0,0,0,0.0,0.0,0,0,0,0,0,0,8,8,40.4628955248,40.4628955248,42,102,62.0,34.6410161514,1200.0,0,0,0,0,0,0,0,0,1,93.0,42.0,102.0,0,0,0,0,0,0,1,42,1,102,-1,-1,0,8,0.0,0.0,0,0,0.0,0.0,0,0,Benign
443,6,15/02/2018 12:34:31,253,3,0,77,0,46,0,25.6666666667,23.4591844132,0,0,0.0,0.0,304347.826086956,11857.7075098814,126.5,149.1995308304,232,21,253,126.5,149.1995308304,232,21,0,0.0,0.0,0,0,1,0,0,0,60,0,11857.7075098814,0.0,0,46,30.75,21.6852484422,470.25,0,1,0,0,1,0,0,0,0,41.0,25.6666666667,0.0,0,0,0,0,0,0,3,77,0,0,256,-1,1,20,0.0,0.0,0,0,0.0,0.0,0,0,Benign
53,17,15/02/2018 12:05:53,37331,1,1,44,72,44,44,44.0,0.0,72,72,72.0,0.0,3107.3370657095,53.574776995,37331.0,0.0,37331,37331,0,0.0,0.0,0,0,0,0.0,0.0,0,0,0,0,0,0,8,8,26.7873884975,26.7873884975,44,72,53.3333333333,16.1658075373,261.3333333333,0,0,0,0,0,0,0,0,1,80.0,44.0,72.0,0,0,0,0,0,0,1,44,1,72,-1,-1,0,8,0.0,0.0,0,0,0.0,0.0,0,0,Benign
3389,6,15/02/2018 09:41:44,2579135,8,7,1128,1581,661,0,141.0,222.62332056,1173,0,225.8571428571,430.0986044197,1050.3521529505,5.815903394,184223.928571429,251090.691687429,940282,3,2579135,368447.857142857,413295.307323722,1279508,3,2311626,385271.0,272839.075867076,940282,258716,0,0,0,0,172,152,3.1018151434,2.7140882505,0,1173,169.3125,317.7312740352,100953.1625,0,0,1,1,0,0,0,1,0,180.6,141.0,225.8571428571,0,0,0,0,0,0,8,1128,7,1581,8192,62872,5,20,0.0,0.0,0,0,0.0,0.0,0,0,Benign
51789,6,15/02/2018 01:33:32,37,1,1,0,0,0,0,0.0,0.0,0,0,0.0,0.0,0.0,54054.0540540541,37.0,0.0,37,37,0,0.0,0.0,0,0,0,0.0,0.0,0,0,0,0,0,0,20,20,27027.027027027,27027.027027027,0,0,0.0,0.0,0.0,0,0,0,0,1,1,0,0,1,0.0,0.0,0.0,0,0,0,0,0,0,1,0,1,0,980,253,0,20,0.0,0.0,0,0,0.0,0.0,0,0,Benign
443,6,15/02/2018 04:48:36,117335246,6,6,1261,283,1169,0,210.1666666667,470.2707376253,153,0,47.1666666667,56.1013962987,13.1588764045,0.1022710601,10666840.5454545,23551719.2662677,58427558,0,117335246,23467049.2,31800027.6864447,58427558,121628,117215513,23443102.6,31932942.6567802,58629822,0,1,0,0,0,120,120,0.0511355301,0.0511355301,0,1169,208.6923076923,428.1994053817,183354.730769231,0,1,0,0,1,0,0,0,1,226.0833333333,210.1666666667,47.1666666667,0,0,0,0,0,0,6,1261,6,283,251,45,2,20,304898.0,145218.519652281,407583,202213,58301911.0,177691.691471492,58427558,58176264,Benign
80,6,15/02/2018 08:53:02,94,2,0,0,0,0,0,0.0,0.0,0,0,0.0,0.0,0.0,21276.5957446809,94.0,0.0,94,94,94,94.0,0.0,94,94,0,0.0,0.0,0,0,0,0,0,0,40,0,21276.5957446809,0.0,0,0,0.0,0.0,0.0,0,0,0,0,1,0,0,0,0,0.0,0.0,0.0,0,0,0,0,0,0,2,0,0,0,279,-1,0,20,0.0,0.0,0,0,0.0,0.0,0,0,Benign
80,6,15/02/2018 04:04:31,977,3,4,148,241,148,0,49.3333333333,85.4478398401,241,0,60.25,120.5,398157.625383828,7164.7901740021,162.8333333333,96.0591831459,286,48,485,242.5,103.9446968344,316,169,725,241.6666666667,175.7450805381,391,48,0,0,0,0,72,92,3070.6243602866,4094.1658137155,0,241,48.625,93.4037893083,8724.2678571429,0,0,0,1,0,0,0,0,1,55.5714285714,49.3333333333,60.25,0,0,0,0,0,0,3,148,4,241,8192,149,1,20,0.0,0.0,0,0,0.0,0.0,0,0,Benign
80,6,15/02/2018 09:30:01,29,2,0,0,0,0,0,0.0,0.0,0,0,0.0,0.0,0.0,68965.5172413793,29.0,0.0,29,29,29,29.0,0.0,29,29,0,0.0,0.0,0,0,0,0,0,0,40,0,68965.5172413793,0.0,0,0,0.0,0.0,0.0,0,0,0,0,1,0,0,0,0,0.0,0.0,0.0,0,0,0,0,0,0,2,0,0,0,278,-1,0,20,0.0,0.0,0,0,0.0,0.0,0,0,Benign
53,17,15/02/2018 01:32:45,350,1,1,52,68,52,52,52.0,0.0,68,68,68.0,0.0,342857.142857143,5714.2857142857,350.0,0.0,350,350,0,0.0,0.0,0,0,0,0.0,0.0,0,0,0,0,0,0,8,8,2857.1428571429,2857.1428571429,52,68,57.3333333333,9.237604307,85.3333333333,0,0,0,0,0,0,0,0,1,86.0,52.0,68.0,0,0,0,0,0,0,1,52,1,68,-1,-1,0,8,0.0,0.0,0,0,0.0,0.0,0,0,Benign
53,17,15/02/2018 11:40:04,2460,1,1,42,155,42,42,42.0,0.0,155,155,155.0,0.0,80081.3008130081,813.0081300813,2460.0,0.0,2460,2460,0,0.0,0.0,0,0,0,0.0,0.0,0,0,0,0,0,0,8,8,406.5040650407,406.5040650407,42,155,79.6666666667,65.2405804184,4256.3333333333,0,0,0,0,0,0,0,0,1,119.5,42.0,155.0,0,0,0,0,0,0,1,42,1,155,-1,-1,0,8,0.0,0.0,0,0,0.0,0.0,0,0,Benign
3389,6,15/02/2018 09:02:50,5167416,9,8,1128,1581,661,0,125.3333333333,213.4830204021,1173,0,197.625,406.1217050168,524.2465479845,3.2898454469,322963.5,751446.766983175,3001534,5,5167416,645927.0,1092324.57148453,3176442,5,4970253,710036.142857143,1048571.29600732,3001534,187233,0,0,0,0,204,184,1.7416828837,1.5481625633,0,1173,150.5,303.4372209516,92074.1470588235,0,0,1,1,0,0,0,1,0,159.3529411765,125.3333333333,197.625,0,0,0,0,0,0,9,1128,8,1581,8192,62872,5,20,0.0,0.0,0,0,0.0,0.0,0,0,Benign
3128,6,15/02/2018 10:43:53,1002333,2,0,0,0,0,0,0.0,0.0,0,0,0.0,0.0,0.0,1.9953448604,1002333.0,0.0,1002333,1002333,1002333,1002333.0,0.0,1002333,1002333,0,0.0,0.0,0,0,0,0,0,0,80,0,1.9953448604,0.0,0,0,0.0,0.0,0.0,0,0,0,1,0,0,0,0,0,0.0,0.0,0.0,0,0,0,0,0,0,2,0,0,0,14600,-1,0,40,0.0,0.0,0,0,0.0,0.0,0,0,Benign
443,6,15/02/2018 09:04:53,117215123,21,34,923,28105,342,0,43.9523809524,105.2865025492,1460,0,826.6176470588,711.2771277121,247.6472255206,0.4692227299,2170650.42592593,4066970.71291322,10013253,0,117215123,5860756.15,4891604.51754663,10062409,18,111885781,3390478.21212121,4792876.59367951,10065080,0,0,0,0,0,432,824,0.1791577696,0.2900649603,0,1460,518.3571428571,676.121167962,457139.833766234,0,0,0,1,0,0,0,0,1,527.7818181818,43.9523809524,826.6176470588,0,0,0,0,0,0,21,923,34,28105,8192,1013,15,20,151149.666666667,350840.663068872,1265212,49111,9616775.75,1365664.56905221,10013253,5280223,Benign
443,6,15/02/2018 01:57:16,116611724,30,84,598,97151,342,0,19.9333333333,70.6442927062,1460,0,1156.5595238095,581.4427910859,838.2433313481,0.9776032468,1031962.15929204,3013738.72006507,10151234,0,116611724,4021093.93103448,4918669.41303967,10191746,19,112039061,1349868.20481928,3448281.51887535,10191828,0,0,0,0,0,624,1824,0.2572640123,0.7203392345,0,1460,849.9913043478,710.1522383814,504316.201678108,0,0,0,1,0,0,0,0,2,857.4473684211,19.9333333333,1156.5595238095,0,0,0,0,0,0,30,598,84,97151,8192,1162,14,20,108595.727272727,222942.815089023,780775,40335,10076596.1818182,37874.896477266,10151234,10020944,Benign
443,6,15/02/2018 01:48:10,10154108,8,11,771,6541,453,0,96.375,161.9717237227,1420,0,594.6363636364,666.2546469222,720.1026422016,1.8711638679,564117.111111111,2340060.00287343,9940313,1,213733,30533.2857142857,38903.8212121221,111609,37,10130825,1013082.5,3157700.17040899,9999843,1,0,0,0,0,172,232,0.7878584707,1.0833053972,0,1420,365.6,557.8695754008,311218.463157895,0,0,0,1,0,0,0,0,1,384.8421052632,96.375,594.6363636364,0,0,0,0,0,0,8,771,11,6541,8192,239,3,20,213733.0,0.0,213733,213733,9940313.0,0.0,9940313,9940313,Benign
53,17,15/02/2018 11:41:12,427,1,1,41,127,41,41,41.0,0.0,127,127,127.0,0.0,393442.62295082,4683.8407494145,427.0,0.0,427,427,0,0.0,0.0,0,0,0,0.0,0.0,0,0,0,0,0,0,8,8,2341.9203747073,2341.9203747073,41,127,69.6666666667,49.6521231503,2465.3333333333,0,0,0,0,0,0,0,0,1,104.5,41.0,127.0,0,0,0,0,0,0,1,41,1,127,-1,-1,0,8,0.0,0.0,0,0,0.0,0.0,0,0,Benign
445,6,15/02/2018 08:35:38,683567,6,5,455,338,140,0,75.8333333333,62.9362110924,145,0,67.6,69.7588704037,1160.0911103081,16.0920582767,68356.7,88029.0702994692,171529,63,683478,136695.6,76114.1556696256,171649,542,683504,170876.0,657.5601366669,171651,170155,0,0,0,0,132,112,8.7774863327,7.3145719439,0,145,66.0833333333,63.40269328,4019.9015151515,0,0,0,1,0,0,0,0,0,72.0909090909,75.8333333333,67.6,0,0,0,0,0,0,6,455,5,338,8192,0,4,20,0.0,0.0,0,0,0.0,0.0,0,0,Benign
63925,6,15/02/2018 12:36:59,306,2,0,0,0,0,0,0.0,0.0,0,0,0.0,0.0,0.0,6535.9477124183,306.0,0.0,306,306,306,306.0,0.0,306,306,0,0.0,0.0,0,0,0,0,0,0,40,0,6535.9477124183,0.0,0,0,0.0,0.0,0.0,0,0,0,0,1,0,0,0,0,0.0,0.0,0.0,0,0,0,0,0,0,2,0,0,0,256,-1,0,20,0.0,0.0,0,0,0.0,0.0,0,0,Benign
53,17,15/02/2018 11:05:02,37222,1,1,77,155,77,77,77.0,0.0,155,155,155.0,0.0,6232.8730320778,53.7316640696,37222.0,0.0,37222,37222,0,0.0,0.0,0,0,0,0.0,0.0,0,0,0,0,0,0,8,8,26.8658320348,26.8658320348,77,155,103.0,45.0333209968,2028.0,0,0,0,0,0,0,0,0,1,154.5,77.0,155.0,0,0,0,0,0,0,1,77,1,155,-1,-1,0,8,0.0,0.0,0,0,0.0,0.0,0,0,Benign
53,17,15/02/2018 05:12:42,1010,1,1,31,95,31,31,31.0,0.0,95,95,95.0,0.0,124752.475247525,1980.198019802,1010.0,0.0,1010,1010,0,0.0,0.0,0,0,0,0.0,0.0,0,0,0,0,0,0,8,8,990.099009901,990.099009901,31,95,52.3333333333,36.9504172281,1365.3333333333,0,0,0,0,0,0,0,0,1,78.5,31.0,95.0,0,0,0,0,0,0,1,31,1,95,-1,-1,0,8,0.0,0.0,0,0,0.0,0.0,0,0,Benign
80,6,15/02/2018 05:13:59,675,3,4,161,488,161,0,53.6666666667,92.9533933395,488,0,122.0,244.0,961481.481481481,10370.3703703704,112.5,78.5105088507,181,11,317,158.5,61.5182899632,202,115,494,164.6666666667,150.1343842474,311,11,0,0,0,0,72,92,4444.4444444445,5925.9259259259,0,488,81.125,173.7875858627,30202.125,0,0,1,1,0,0,0,1,1,92.7142857143,53.6666666667,122.0,0,0,0,0,0,0,3,161,4,488,8192,149,1,20,0.0,0.0,0,0,0.0,0.0,0,0,Benign
3389,6,15/02/2018 04:45:04,1882015,8,7,1128,1581,661,0,141.0,222.62332056,1173,0,225.8571428571,430.0986044197,1439.414669915,7.9701808965,134429.642857143,237331.144422435,933157,4,1882015,268859.285714286,402138.12970492,1172260,4,1750574,291762.333333333,316345.925622991,933157,121539,0,0,0,0,172,152,4.2507631448,3.7194177517,0,1173,169.3125,317.7312740352,100953.1625,0,0,1,1,0,0,0,1,0,180.6,141.0,225.8571428571,0,0,0,0,0,0,8,1128,7,1581,8192,62872,5,20,0.0,0.0,0,0,0.0,0.0,0,0,Benign
53,17,15/02/2018 10:51:09,1082,1,1,33,61,33,33,33.0,0.0,61,61,61.0,0.0,86876.1552680222,1848.4288354898,1082.0,0.0,1082,1082,0,0.0,0.0,0,0,0,0.0,0.0,0,0,0,0,0,0,8,8,924.2144177449,924.2144177449,33,61,42.3333333333,16.1658075373,261.3333333333,0,0,0,0,0,0,0,0,1,63.5,33.0,61.0,0,0,0,0,0,0,1,33,1,61,-1,-1,0,8,0.0,0.0,0,0,0.0,0.0,0,0,Benign
53,17,15/02/2018 10:59:09,413,1,1,41,57,41,41,41.0,0.0,57,57,57.0,0.0,237288.13559322,4842.6150121065,413.0,0.0,413,413,0,0.0,0.0,0,0,0,0.0,0.0,0,0,0,0,0,0,8,8,2421.3075060533,2421.3075060533,41,57,46.3333333333,9.237604307,85.3333333333,0,0,0,0,0,0,0,0,1,69.5,41.0,57.0,0,0,0,0,0,0,1,41,1,57,-1,-1,0,8,0.0,0.0,0,0,0.0,0.0,0,0,Benign
3389,6,15/02/2018 12:48:39,2963358,8,7,1128,1581,661,0,141.0,222.62332056,1173,0,225.8571428571,430.0986044197,914.1656188689,5.0618251322,211668.428571429,265103.582941494,953091,3,2963358,423336.857142857,426334.765563959,1350875,3,2628262,438043.666666667,253542.855563841,953091,316548,0,0,0,0,172,152,2.6996400705,2.3621850617,0,1173,169.3125,317.7312740352,100953.1625,0,0,0,1,0,0,0,0,0,180.6,141.0,225.8571428571,0,0,0,0,0,0,8,1128,7,1581,64240,62872,5,20,0.0,0.0,0,0,0.0,0.0,0,0,Benign
53,17,15/02/2018 11:40:25,87125,2,2,72,286,36,36,36.0,0.0,143,143,143.0,0.0,4109.0387374462,45.9110473458,29041.6666666667,28584.0982774222,57480,314,86811,86811.0,0.0,86811,86811,29645,29645.0,0.0,29645,29645,0,0,0,0,16,16,22.9555236729,22.9555236729,36,143,78.8,58.6063136531,3434.7,0,0,0,0,0,0,0,0,1,98.5,36.0,143.0,0,0,0,0,0,0,2,72,2,286,-1,-1,1,8,0.0,0.0,0,0,0.0,0.0,0,0,Benign
53419,6,15/02/2018 05:05:48,999117,2,0,0,0,0,0,0.0,0.0,0,0,0.0,0.0,0.0,2.0017675608,999117.0,0.0,999117,999117,999117,999117.0,0.0,999117,999117,0,0.0,0.0,0,0,0,0,0,0,40,0,2.0017675608,0.0,0,0,0.0,0.0,0.0,0,0,0,0,1,0,0,0,0,0.0,0.0,0.0,0,0,0,0,0,0,2,0,0,0,4998,-1,0,20,0.0,0.0,0,0,0.0,0.0,0,0,Benign
443,6,15/02/2018 12:18:35,65085314,14,17,859,6482,498,0,61.3571428571,142.4027912123,1420,0,381.2941176471,602.7728391262,112.7904215074,0.4762979249,2169510.46666667,4080083.5727874,10007490,0,60243701,4634130.84615385,5196314.9340344,10030976,35,65061396,4066337.25,4914746.93760367,10035281,0,0,0,0,0,292,424,0.2151022887,0.2611956362,0,1420,229.40625,472.3710173414,223134.378024194,0,0,0,1,0,0,0,0,1,236.8064516129,61.3571428571,381.2941176471,0,0,0,0,0,0,14,859,17,6482,8192,239,9,20,34374.1666666667,24453.1075196317,84169,23444,10006242.6666667,1845.6287456221,10007490,10003166,Benign
80,6,15/02/2018 12:15:14,93,2,0,0,0,0,0,0.0,0.0,0,0,0.0,0.0,0.0,21505.376344086,93.0,0.0,93,93,93,93.0,0.0,93,93,0,0.0,0.0,0,0,0,0,0,0,40,0,21505.376344086,0.0,0,0,0.0,0.0,0.0,0,0,0,0,1,0,0,0,0,0.0,0.0,0.0,0,0,0,0,0,0,2,0,0,0,278,-1,0,20,0.0,0.0,0,0,0.0,0.0,0,0,Benign
80,6,15/02/2018 10:01:11,115102818,14,14,545,213,533,0,38.9285714286,142.2037889172,213,0,15.2142857143,56.9266445273,6.5854165273,0.2432607688,4263067.33333333,4934551.14533511,10003715,3006,115091017,8853155.15384615,2991030.43770612,10015398,72089,115091103,8853161.76923077,3010109.83666306,10022117,3006,0,0,0,0,280,424,0.1216303844,0.1216303844,0,533,26.1724137931,105.1539921685,11057.3620689655,0,0,0,0,1,0,0,0,1,27.1071428571,38.9285714286,15.2142857143,0,0,0,0,0,0,14,545,14,213,254,125,12,20,463899.545454545,1499252.20934767,4984315,11642,9998920.18181818,15270.3789528498,10003715,9952882,Benign
50948,6,15/02/2018 12:27:16,30,1,1,0,0,0,0,0.0,0.0,0,0,0.0,0.0,0.0,66666.6666666667,30.0,0.0,30,30,0,0.0,0.0,0,0,0,0.0,0.0,0,0,0,0,0,0,20,20,33333.3333333333,33333.3333333333,0,0,0.0,0.0,0.0,0,0,0,0,1,1,0,0,1,0.0,0.0,0.0,0,0,0,0,0,0,1,0,1,0,172,255,0,20,0.0,0.0,0,0,0.0,0.0,0,0,Benign
5355,17,15/02/2018 01:15:50,409136,2,0,44,0,22,22,22.0,0.0,0,0,0.0,0.0,107.5437018498,4.8883500841,409136.0,0.0,409136,409136,409136,409136.0,0.0,409136,409136,0,0.0,0.0,0,0,0,0,0,0,16,0,4.8883500841,0.0,22,22,22.0,0.0,0.0,0,0,0,0,0,0,0,0,0,33.0,22.0,0.0,0,0,0,0,0,0,2,44,0,0,-1,-1,1,8,0.0,0.0,0,0,0.0,0.0,0,0,Benign
443,6,15/02/2018 12:13:25,380,3,0,46,0,46,0,15.3333333333,26.5581123827,0,0,0.0,0.0,121052.631578947,7894.7368421053,190.0,50.9116882454,226,154,380,190.0,50.9116882454,226,154,0,0.0,0.0,0,0,0,0,0,0,60,0,7894.7368421053,0.0,0,46,11.5,23.0,529.0,0,0,0,0,1,0,0,0,0,15.3333333333,15.3333333333,0.0,0,0,0,0,0,0,3,46,0,0,256,-1,1,20,0.0,0.0,0,0,0.0,0.0,0,0,Benign
55895,6,15/02/2018 12:27:34,37,2,0,0,0,0,0,0.0,0.0,0,0,0.0,0.0,0.0,54054.0540540541,37.0,0.0,37,37,37,37.0,0.0,37,37,0,0.0,0.0,0,0,0,0,0,0,40,0,54054.0540540541,0.0,0,0,0.0,0.0,0.0,0,0,0,0,1,0,0,0,0,0.0,0.0,0.0,0,0,0,0,0,0,2,0,0,0,256,-1,0,20,0.0,0.0,0,0,0.0,0.0,0,0,Benign
52791,6,15/02/2018 02:58:19,1,2,0,0,0,0,0,0.0,0.0,0,0,0.0,0.0,0.0,2000000.0,1.0,0.0,1,1,1,1.0,0.0,1,1,0,0.0,0.0,0,0,0,0,0,0,40,0,2000000.0,0.0,0,0,0.0,0.0,0.0,0,0,0,0,1,0,0,0,0,0.0,0.0,0.0,0,0,0,0,0,0,2,0,0,0,180,-1,0,20,0.0,0.0,0,0,0.0,0.0,0,0,Benign
53,17,15/02/2018 11:05:15,261,1,1,47,63,47,47,47.0,0.0,63,63,63.0,0.0,421455.938697318,7662.8352490422,261.0,0.0,261,261,0,0.0,0.0,0,0,0,0.0,0.0,0,0,0,0,0,0,8,8,3831.4176245211,3831.4176245211,47,63,52.3333333333,9.237604307,85.3333333333,0,0,0,0,0,0,0,0,1,78.5,47.0,63.0,0,0,0,0,0,0,1,47,1,63,-1,-1,0,8,0.0,0.0,0,0,0.0,0.0,0,0,Benign
80,6,15/02/2018 09:45:29,115993786,16,14,447,788,436,0,27.9375,108.8175652181,788,0,56.2857142857,210.601858627,10.6471220795,0.2586345444,3999785.72413793,4889528.8215274,10004166,37,115993786,7732919.06666667,4130059.94528598,10015523,6890,110196367,8476643.61538462,3757814.17902071,10022664,790,0,0,0,0,332,424,0.1379384237,0.1206961207,0,788,39.8387096774,159.3581075804,25395.0064516129,0,0,0,1,0,0,0,0,0,41.1666666667,27.9375,56.2857142857,0,0,0,0,0,0,16,447,14,788,8192,288,12,20,18425.1818181818,23288.3679583529,88642,11338,9999424.09090909,15389.6322012877,10004166,9953023,Benign
80,6,15/02/2018 09:17:09,87,2,0,0,0,0,0,0.0,0.0,0,0,0.0,0.0,0.0,22988.5057471264,87.0,0.0,87,87,87,87.0,0.0,87,87,0,0.0,0.0,0,0,0,0,0,0,40,0,22988.5057471264,0.0,0,0,0.0,0.0,0.0,0,0,0,0,1,0,0,0,0,0.0,0.0,0.0,0,0,0,0,0,0,2,0,0,0,278,-1,0,20,0.0,0.0,0,0,0.0,0.0,0,0,Benign
50707,6,15/02/2018 11:02:45,82,1,1,0,0,0,0,0.0,0.0,0,0,0.0,0.0,0.0,24390.243902439,82.0,0.0,82,82,0,0.0,0.0,0,0,0,0.0,0.0,0,0,0,0,0,0,20,20,12195.1219512195,12195.1219512195,0,0,0.0,0.0,0.0,0,0,0,0,1,1,0,0,1,0.0,0.0,0.0,0,0,0,0,0,0,1,0,1,0,290,254,0,20,0.0,0.0,0,0,0.0,0.0,0,0,Benign
5355,17,15/02/2018 10:05:48,414887,2,0,44,0,22,22,22.0,0.0,0,0,0.0,0.0,106.0529734602,4.8205897027,414887.0,0.0,414887,414887,414887,414887.0,0.0,414887,414887,0,0.0,0.0,0,0,0,0,0,0,16,0,4.8205897027,0.0,22,22,22.0,0.0,0.0,0,0,0,0,0,0,0,0,0,33.0,22.0,0.0,0,0,0,0,0,0,2,44,0,0,-1,-1,1,8,0.0,0.0,0,0,0.0,0.0,0,0,Benign
53294,6,15/02/2018 05:43:50,4,3,0,53,0,53,0,17.6666666667,30.5995642671,0,0,0.0,0.0,13250000.0,750000.0,2.0,1.4142135624,3,1,4,2.0,1.4142135624,3,1,0,0.0,0.0,0,0,0,0,0,0,60,0,750000.0,0.0,0,53,13.25,26.5,702.25,0,0,0,0,1,0,0,0,0,17.6666666667,17.6666666667,0.0,0,0,0,0,0,0,3,53,0,0,946,-1,1,20,0.0,0.0,0,0,0.0,0.0,0,0,Benign
443,6,15/02/2018 01:34:44,5244434,8,6,346,3925,189,0,43.25,73.2836953217,1460,0,654.1666666667,683.5684067207,814.3872150932,2.6694968418,403418.0,1369882.20632694,4961184,0,5244434,749204.857142857,1858088.75812015,4961184,26,121578,24315.6,36237.4989106588,81020,0,0,0,0,0,172,132,1.5254267667,1.1440700751,0,1460,284.7333333333,516.8859319682,267171.066666667,0,0,0,1,0,0,0,0,0,305.0714285714,43.25,654.1666666667,0,0,0,0,0,0,8,346,6,3925,8192,946,3,20,0.0,0.0,0,0,0.0,0.0,0,0,Benign
53,17,15/02/2018 12:13:14,362,1,1,41,105,41,41,41.0,0.0,105,105,105.0,0.0,403314.917127072,5524.861878453,362.0,0.0,362,362,0,0.0,0.0,0,0,0,0.0,0.0,0,0,0,0,0,0,8,8,2762.4309392265,2762.4309392265,41,105,62.3333333333,36.9504172281,1365.3333333333,0,0,0,0,0,0,0,0,1,93.5,41.0,105.0,0,0,0,0,0,0,1,41,1,105,-1,-1,0,8,0.0,0.0,0,0,0.0,0.0,0,0,Benign
443,6,15/02/2018 12:24:14,115503041,13,15,12,438,1,0,0.9230769231,0.2773500981,438,0,29.2,113.0911137093,3.8960013183,0.2424178598,4277890.40740741,4936682.7193539,10169811,0,115462465,9621872.08333333,1518059.4930128,10210546,4811873,115462306,8247307.57142857,3789190.99649954,10210478,0,0,0,0,0,260,444,0.1125511492,0.1298667106,0,438,15.5517241379,81.2498730579,6601.5418719212,0,0,0,0,1,0,0,0,1,16.1071428571,0.9230769231,29.2,0,0,0,0,0,0,13,12,15,438,254,1859,11,20,465823.363636364,1441452.26061173,4811873,21784,10030764.3636364,92865.8477528448,10169811,9800397,Benign
3128,6,15/02/2018 12:17:57,1000282,2,0,0,0,0,0,0.0,0.0,0,0,0.0,0.0,0.0,1.999436159,1000282.0,0.0,1000282,1000282,1000282,1000282.0,0.0,1000282,1000282,0,0.0,0.0,0,0,0,0,0,0,80,0,1.999436159,0.0,0,0,0.0,0.0,0.0,0,0,0,1,0,0,0,0,0,0.0,0.0,0.0,0,0,0,0,0,0,2,0,0,0,14600,-1,0,40,0.0,0.0,0,0,0.0,0.0,0,0,Benign
80,6,15/02/2018 01:48:36,147,2,0,0,0,0,0,0.0,0.0,0,0,0.0,0.0,0.0,13605.4421768707,147.0,0.0,147,147,147,147.0,0.0,147,147,0,0.0,0.0,0,0,0,0,0,0,40,0,13605.4421768707,0.0,0,0,0.0,0.0,0.0,0,0,0,0,1,0,0,0,0,0.0,0.0,0.0,0,0,0,0,0,0,2,0,0,0,278,-1,0,20,0.0,0.0,0,0,0.0,0.0,0,0,Benign
50129,6,15/02/2018 10:17:01,4,3,0,31,0,31,0,10.3333333333,17.8978583449,0,0,0.0,0.0,7750000.0,750000.0,2.0,2.8284271247,4,0,4,2.0,2.8284271247,4,0,0,0.0,0.0,0,0,0,0,0,0,60,0,750000.0,0.0,0,31,7.75,15.5,240.25,0,0,0,0,1,0,0,0,0,10.3333333333,10.3333333333,0.0,0,0,0,0,0,0,3,31,0,0,64,-1,1,20,0.0,0.0,0,0,0.0,0.0,0,0,Benign
50829,6,15/02/2018 11:33:55,15480,2,1,38,0,38,0,19.0,26.8700576851,0,0,0.0,0.0,2454.7803617571,193.7984496124,7740.0,10917.7287015203,15460,20,15480,15480.0,0.0,15480,15480,0,0.0,0.0,0,0,1,0,0,0,40,20,129.1989664083,64.5994832041,0,38,19.0,21.9393102292,481.3333333333,0,1,0,0,1,0,0,0,0,25.3333333333,19.0,0.0,0,0,0,0,0,0,2,38,1,0,62,0,0,20,0.0,0.0,0,0,0.0,0.0,0,0,Benign
443,6,15/02/2018 08:45:04,5127179,9,8,674,6107,517,0,74.8888888889,170.8986866863,1460,0,763.375,749.3915508121,1322.5596375707,3.3156634477,320448.6875,1234451.55227395,4949109,1,5127179,640897.375,1740971.04841218,4949109,45,109376,15625.1428571429,27574.1789024235,76000,1,0,0,0,0,192,172,1.755351237,1.5603122107,0,1460,376.7222222222,609.8513614042,371918.683006536,0,0,0,1,0,0,0,0,0,398.8823529412,74.8888888889,763.375,0,0,0,0,0,0,9,674,8,6107,8192,54,3,20,0.0,0.0,0,0,0.0,0.0,0,0,Benign
445,6,15/02/2018 08:38:51,193850,2,0,1,0,1,0,0.5,0.7071067812,0,0,0.0,0.0,5.158627805,10.31725561,193850.0,0.0,193850,193850,193850,193850.0,0.0,193850,193850,0,0.0,0.0,0,0,0,0,0,0,52,0,10.31725561,0.0,0,1,0.6666666667,0.5773502692,0.3333333333,0,0,0,0,1,0,0,0,0,1.0,0.5,0.0,0,0,0,0,0,0,2,1,0,0,251,-1,0,20,0.0,0.0,0,0,0.0,0.0,0,0,Benign
443,6,15/02/2018 08:42:29,215,3,0,77,0,46,0,25.6666666667,23.4591844132,0,0,0.0,0.0,358139.534883721,13953.488372093,107.5,125.15790027,196,19,215,107.5,125.15790027,196,19,0,0.0,0.0,0,0,1,0,0,0,60,0,13953.488372093,0.0,0,46,30.75,21.6852484422,470.25,0,1,0,0,1,0,0,0,0,41.0,25.6666666667,0.0,0,0,0,0,0,0,3,77,0,0,254,-1,1,20,0.0,0.0,0,0,0.0,0.0,0,0,Benign
53184,6,15/02/2018 03:31:55,10807,3,1,31,0,31,0,10.3333333333,17.8978583449,0,0,0.0,0.0,2868.5111501804,370.130470991,3602.3333333333,6216.0542415051,10780,1,10781,5390.5,7621.9039944098,10780,1,0,0.0,0.0,0,0,0,0,0,0,60,20,277.5978532433,92.5326177478,0,31,6.2,13.8636214605,192.2,0,0,0,0,1,0,0,0,0,7.75,10.3333333333,0.0,0,0,0,0,0,0,3,31,1,0,1114,0,1,20,0.0,0.0,0,0,0.0,0.0,0,0,Benign
5355,17,15/02/2018 09:24:27,408334,2,0,66,0,33,33,33.0,0.0,0,0,0.0,0.0,161.6323891716,4.897951187,408334.0,0.0,408334,408334,408334,408334.0,0.0,408334,408334,0,0.0,0.0,0,0,0,0,0,0,16,0,4.897951187,0.0,33,33,33.0,0.0,0.0,0,0,0,0,0,0,0,0,0,49.5,33.0,0.0,0,0,0,0,0,0,2,66,0,0,-1,-1,1,8,0.0,0.0,0,0,0.0,0.0,0,0,Benign
58837,6,15/02/2018 10:30:48,49,2,0,0,0,0,0,0.0,0.0,0,0,0.0,0.0,0.0,40816.3265306122,49.0,0.0,49,49,49,49.0,0.0,49,49,0,0.0,0.0,0,0,0,0,0,0,40,0,40816.3265306122,0.0,0,0,0.0,0.0,0.0,0,0,0,0,1,0,0,0,0,0.0,0.0,0.0,0,0,0,0,0,0,2,0,0,0,258,-1,0,20,0.0,0.0,0,0,0.0,0.0,0,0,Benign
80,6,15/02/2018 09:56:22,704,3,4,161,488,161,0,53.6666666667,92.9533933395,488,0,122.0,244.0,921875.0,9943.1818181818,117.3333333333,78.9066959558,221,0,402,201.0,103.2375900532,274,128,483,161.0,170.1381791368,339,0,0,0,0,0,72,92,4261.3636363636,5681.8181818182,0,488,81.125,173.7875858627,30202.125,0,0,0,1,0,0,0,0,1,92.7142857143,53.6666666667,122.0,0,0,0,0,0,0,3,161,4,488,8192,149,1,20,0.0,0.0,0,0,0.0,0.0,0,0,Benign
443,6,15/02/2018 11:46:42,10095539,7,9,871,4597,556,0,124.4285714286,205.0836066444,1460,0,510.7777777778,607.9580120736,541.6253654213,1.5848584211,673035.933333333,2580011.04735576,9999164,0,96375,16062.5,8634.6977885737,30800,4906,10079065,1259883.125,3531250.35129847,9999186,0,0,0,0,0,152,184,0.6933755592,0.8914828619,0,1460,321.6470588235,494.1479967045,244182.242647059,0,0,0,1,0,0,0,0,1,341.75,124.4285714286,510.7777777778,0,0,0,0,0,0,7,871,9,4597,8192,31136,3,20,96375.0,0.0,96375,96375,9999164.0,0.0,9999164,9999164,Benign
53,17,15/02/2018 05:19:30,133109,2,2,96,610,48,48,48.0,0.0,305,305,305.0,0.0,5303.9238518808,30.0505600673,44369.6666666667,47211.5750672791,93985,0,39124,39124.0,0.0,39124,39124,0,0.0,0.0,0,0,0,0,0,0,16,16,15.0252800337,15.0252800337,48,305,150.8,140.7646972788,19814.7,0,0,0,0,0,0,0,0,1,188.5,48.0,305.0,0,0,0,0,0,0,2,96,2,610,-1,-1,1,8,0.0,0.0,0,0,0.0,0.0,0,0,Benign
80,6,15/02/2018 11:29:29,2953,2,0,0,0,0,0,0.0,0.0,0,0,0.0,0.0,0.0,677.2773450728,2953.0,0.0,2953,2953,2953,2953.0,0.0,2953,2953,0,0.0,0.0,0,0,0,0,0,0,40,0,677.2773450728,0.0,0,0,0.0,0.0,0.0,0,0,0,0,1,0,0,0,0,0.0,0.0,0.0,0,0,0,0,0,0,2,0,0,0,279,-1,0,20,0.0,0.0,0,0,0.0,0.0,0,0,Benign
445,6,15/02/2018 11:38:26,658755,6,5,455,338,140,0,75.8333333333,62.9362110924,145,0,67.6,69.7588704037,1203.7859295186,16.6981654788,65875.5,84171.438040664,166547,4,658354,131670.8,73632.2458281696,166640,4,658687,164671.75,3041.9932473079,167827,161746,0,0,0,0,132,112,9.1080902612,7.5900752176,0,145,66.0833333333,63.40269328,4019.9015151515,0,0,0,1,0,0,0,0,0,72.0909090909,75.8333333333,67.6,0,0,0,0,0,0,6,455,5,338,8192,0,4,20,0.0,0.0,0,0,0.0,0.0,0,0,Benign
445,6,15/02/2018 08:29:46,72156,3,1,0,0,0,0,0.0,0.0,0,0,0.0,0.0,0.0,55.4354454238,24052.0,41464.45107559,71931,71,72156,36078.0,50804.2080146911,72002,154,0,0.0,0.0,0,0,0,0,0,0,72,32,41.5765840679,13.858861356,0,0,0.0,0.0,0.0,0,0,0,1,0,0,0,0,0,0.0,0.0,0.0,0,0,0,0,0,0,3,0,1,0,8192,8192,0,20,0.0,0.0,0,0,0.0,0.0,0,0,Benign
0,0,15/02/2018 12:01:59,747,2,0,0,0,0,0,0.0,0.0,0,0,0.0,0.0,0.0,2677.3761713521,747.0,0.0,747,747,747,747.0,0.0,747,747,0,0.0,0.0,0,0,0,0,0,0,0,0,2677.3761713521,0.0,0,0,0.0,0.0,0.0,0,0,0,0,0,0,0,0,0,0.0,0.0,0.0,0,0,0,0,0,0,2,0,0,0,-1,-1,0,0,0.0,0.0,0,0,0.0,0.0,0,0,Benign
443,6,15/02/2018 01:45:38,116075301,20,19,750,5552,381,0,37.5,95.7752302886,1460,0,292.2105263158,560.5532563605,54.29234252,0.3359887906,3054613.18421053,4581555.02743553,10010181,0,116075301,6109226.36842105,4889517.76474169,10046665,34,110606103,6144783.5,5033338.89651352,10049311,0,0,0,0,0,412,524,0.1723019439,0.1636868467,0,1460,157.55,407.8663022521,166354.920512821,0,0,0,1,0,0,0,0,0,161.5897435897,37.5,292.2105263158,0,0,0,0,0,0,20,750,19,5552,8192,123,15,20,46645.0833333333,26252.202593162,130007,39031,9626293.83333333,1321546.42737884,10010181,5429821,Benign
3389,6,15/02/2018 02:43:39,2456587,8,7,1148,1581,677,0,143.5,228.129662379,1173,0,225.8571428571,430.0986044197,1110.8908416433,6.1060324751,175470.5,251795.632811688,953093,3,2456587,350941.0,407858.398633644,1253150,3,2220077,370012.833333333,286662.348532497,953093,237649,0,0,0,0,172,152,3.2565506534,2.8494818217,0,1173,170.5625,319.433241591,102037.595833333,0,0,0,1,0,0,0,0,0,181.9333333333,143.5,225.8571428571,0,0,0,0,0,0,8,1148,7,1581,8192,62852,5,20,0.0,0.0,0,0,0.0,0.0,0,0,Benign
80,6,15/02/2018 11:03:45,52,2,0,0,0,0,0,0.0,0.0,0,0,0.0,0.0,0.0,38461.5384615385,52.0,0.0,52,52,52,52.0,0.0,52,52,0,0.0,0.0,0,0,0,0,0,0,40,0,38461.5384615385,0.0,0,0,0.0,0.0,0.0,0,0,0,0,1,0,0,0,0,0.0,0.0,0.0,0,0,0,0,0,0,2,0,0,0,2238,-1,0,20,0.0,0.0,0,0,0.0,0.0,0,0,Benign
3389,6,15/02/2018 04:32:40,2658632,8,7,1148,1581,677,0,143.5,228.129662379,1173,0,225.8571428571,430.0986044197,1026.4677473227,5.641999344,189902.285714286,256930.921933512,953157,2,2658632,379804.571428571,410082.430924506,1280110,2,2385444,397574.0,272974.800277242,953157,273613,0,0,0,0,172,152,3.0090663168,2.6329330272,0,1173,170.5625,319.433241591,102037.595833333,0,0,0,1,0,0,0,0,0,181.9333333333,143.5,225.8571428571,0,0,0,0,0,0,8,1148,7,1581,8192,62852,5,20,0.0,0.0,0,0,0.0,0.0,0,0,Benign
53,17,15/02/2018 11:14:05,339,1,1,43,59,43,43,43.0,0.0,59,59,59.0,0.0,300884.955752212,5899.7050147493,339.0,0.0,339,339,0,0.0,0.0,0,0,0,0.0,0.0,0,0,0,0,0,0,8,8,2949.8525073746,2949.8525073746,43,59,48.3333333333,9.237604307,85.3333333333,0,0,0,0,0,0,0,0,1,72.5,43.0,59.0,0,0,0,0,0,0,1,43,1,59,-1,-1,0,8,0.0,0.0,0,0,0.0,0.0,0,0,Benign
53,17,15/02/2018 01:46:59,34387,1,1,37,53,37,37,37.0,0.0,53,53,53.0,0.0,2617.2681536627,58.1615145258,34387.0,0.0,34387,34387,0,0.0,0.0,0,0,0,0.0,0.0,0,0,0,0,0,0,8,8,29.0807572629,29.0807572629,37,53,42.3333333333,9.237604307,85.3333333333,0,0,0,0,0,0,0,0,1,63.5,37.0,53.0,0,0,0,0,0,0,1,37,1,53,-1,-1,0,8,0.0,0.0,0,0,0.0,0.0,0,0,Benign
58192,6,15/02/2018 10:43:45,30,2,0,0,0,0,0,0.0,0.0,0,0,0.0,0.0,0.0,66666.6666666667,30.0,0.0,30,30,30,30.0,0.0,30,30,0,0.0,0.0,0,0,0,0,0,0,40,0,66666.6666666667,0.0,0,0,0.0,0.0,0.0,0,0,0,0,1,0,0,0,0,0.0,0.0,0.0,0,0,0,0,0,0,2,0,0,0,259,-1,0,20,0.0,0.0,0,0,0.0,0.0,0,0,Benign
53,17,15/02/2018 02:10:29,37039,1,1,44,60,44,44,44.0,0.0,60,60,60.0,0.0,2807.8511838873,53.9971381517,37039.0,0.0,37039,37039,0,0.0,0.0,0,0,0,0.0,0.0,0,0,0,0,0,0,8,8,26.9985690758,26.9985690758,44,60,49.3333333333,9.237604307,85.3333333333,0,0,0,0,0,0,0,0,1,74.0,44.0,60.0,0,0,0,0,0,0,1,44,1,60,-1,-1,0,8,0.0,0.0,0,0,0.0,0.0,0,0,Benign
53,17,15/02/2018 11:07:18,31566,2,2,60,238,30,30,30.0,0.0,119,119,119.0,0.0,9440.5372869543,126.7186213014,10522.0,13594.726587909,25872,1,25872,25872.0,0.0,25872,25872,1,1.0,0.0,1,1,0,0,0,0,16,16,63.3593106507,63.3593106507,30,119,65.6,48.747307618,2376.3,0,0,0,0,0,0,0,0,1,82.0,30.0,119.0,0,0,0,0,0,0,2,60,2,238,-1,-1,1,8,0.0,0.0,0,0,0.0,0.0,0,0,Benign
445,6,15/02/2018 09:35:34,116978,3,1,0,0,0,0,0.0,0.0,0,0,0.0,0.0,0.0,34.1944639163,38992.6666666667,67466.2775639307,116896,1,116978,58489.0,82714.5228360776,116977,1,0,0.0,0.0,0,0,0,0,0,0,72,32,25.6458479372,8.5486159791,0,0,0.0,0.0,0.0,0,0,0,1,0,0,0,0,0,0.0,0.0,0.0,0,0,0,0,0,0,3,0,1,0,8192,8192,0,20,0.0,0.0,0,0,0.0,0.0,0,0,Benign
443,6,15/02/2018 03:50:14,115934463,5,5,316,75,79,0,63.2,35.3298740445,75,0,15.0,33.5410196625,3.3725950842,0.0862556288,12881607.0,15546074.8813818,31471685,11483,115934463,28983615.75,4896345.12223893,31483212,21639327,115863194,28965798.5,4932128.74743692,31483229,21567832,1,0,0,0,100,100,0.0431278144,0.0431278144,0,79,42.7272727273,40.9245425365,1674.8181818182,0,1,0,0,1,0,0,0,1,47.0,63.2,15.0,0,0,0,0,0,0,5,316,5,75,255,74,3,20,11565.75,98.8985170094,11709,11483,28957103.5,4926332.7117984,31471685,21567832,Benign
445,6,15/02/2018 04:53:24,516913,5,4,286,170,103,0,57.2,52.4852360193,131,0,42.5,61.7980582219,882.160054013,17.4110536976,64614.125,89014.9500355939,172867,34,516844,129211.0,86113.5823471923,172998,43,516879,172293.0,578.9723654891,172936,171813,0,0,0,0,112,92,9.6728076098,7.7382460878,0,131,45.6,52.9846938066,2807.3777777778,0,0,0,1,0,0,0,0,0,50.6666666667,57.2,42.5,0,0,0,0,0,0,5,286,4,170,8192,0,3,20,0.0,0.0,0,0,0.0,0.0,0,0,Benign
53,17,15/02/2018 11:25:32,310,1,1,42,58,42,42,42.0,0.0,58,58,58.0,0.0,322580.64516129,6451.6129032258,310.0,0.0,310,310,0,0.0,0.0,0,0,0,0.0,0.0,0,0,0,0,0,0,8,8,3225.8064516129,3225.8064516129,42,58,47.3333333333,9.237604307,85.3333333333,0,0,0,0,0,0,0,0,1,71.0,42.0,58.0,0,0,0,0,0,0,1,42,1,58,-1,-1,0,8,0.0,0.0,0,0,0.0,0.0,0,0,Benign
53,17,15/02/2018 01:16:07,28862,1,1,30,60,30,30,30.0,0.0,60,60,60.0,0.0,3118.2870209965,69.2952671333,28862.0,0.0,28862,28862,0,0.0,0.0,0,0,0,0.0,0.0,0,0,0,0,0,0,8,8,34.6476335666,34.6476335666,30,60,40.0,17.3205080757,300.0,0,0,0,0,0,0,0,0,1,60.0,30.0,60.0,0,0,0,0,0,0,1,30,1,60,-1,-1,0,8,0.0,0.0,0,0,0.0,0.0,0,0,Benign
50672,6,15/02/2018 11:10:54,134,1,1,0,0,0,0,0.0,0.0,0,0,0.0,0.0,0.0,14925.3731343284,134.0,0.0,134,134,0,0.0,0.0,0,0,0,0.0,0.0,0,0,0,0,0,0,20,20,7462.6865671642,7462.6865671642,0,0,0.0,0.0,0.0,0,0,0,0,1,1,0,0,1,0.0,0.0,0.0,0,0,0,0,0,0,1,0,1,0,180,253,0,20,0.0,0.0,0,0,0.0,0.0,0,0,Benign
50895,6,15/02/2018 11:55:04,1,2,0,0,0,0,0,0.0,0.0,0,0,0.0,0.0,0.0,2000000.0,1.0,0.0,1,1,1,1.0,0.0,1,1,0,0.0,0.0,0,0,0,0,0,0,40,0,2000000.0,0.0,0,0,0.0,0.0,0.0,0,0,0,0,1,0,0,0,0,0.0,0.0,0.0,0,0,0,0,0,0,2,0,0,0,293,-1,0,20,0.0,0.0,0,0,0.0,0.0,0,0,Benign
53,17,15/02/2018 10:28:37,48262,1,1,34,155,34,34,34.0,0.0,155,155,155.0,0.0,3916.1244871742,41.4404707637,48262.0,0.0,48262,48262,0,0.0,0.0,0,0,0,0.0,0.0,0,0,0,0,0,0,8,8,20.7202353819,20.7202353819,34,155,74.3333333333,69.8593825719,4880.3333333333,0,0,0,0,0,0,0,0,1,111.5,34.0,155.0,0,0,0,0,0,0,1,34,1,155,-1,-1,0,8,0.0,0.0,0,0,0.0,0.0,0,0,Benign
53,17,15/02/2018 10:58:19,501,1,1,51,67,51,51,51.0,0.0,67,67,67.0,0.0,235528.942115768,3992.0159680639,501.0,0.0,501,501,0,0.0,0.0,0,0,0,0.0,0.0,0,0,0,0,0,0,8,8,1996.0079840319,1996.0079840319,51,67,56.3333333333,9.237604307,85.3333333333,0,0,0,0,0,0,0,0,1,84.5,51.0,67.0,0,0,0,0,0,0,1,51,1,67,-1,-1,0,8,0.0,0.0,0,0,0.0,0.0,0,0,Benign
3389,6,15/02/2018 04:25:04,3029725,8,8,1148,1581,677,0,143.5,228.129662379,1173,0,197.625,406.1217050168,900.7418165015,5.2810073522,201981.666666667,219665.711759179,860713,3,3029725,432817.857142857,412409.10359271,1314186,3,2742483,391783.285714286,255377.49018901,860713,764,0,0,0,0,172,172,2.6405036761,2.6405036761,0,1173,160.5294117647,312.0440909645,97371.5147058823,0,0,0,1,0,0,0,0,1,170.5625,143.5,197.625,0,0,0,0,0,0,8,1148,8,1581,8192,62852,5,20,0.0,0.0,0,0,0.0,0.0,0,0,Benign
0,0,15/02/2018 09:09:42,112657463,3,0,0,0,0,0,0.0,0.0,0,0,0.0,0.0,0.0,0.0266293943,56328731.5,36935.7227152793,56354849,56302614,112657463,56328731.5,36935.7227152793,56354849,56302614,0,0.0,0.0,0,0,0,0,0,0,0,0,0.0266293943,0.0,0,0,0.0,0.0,0.0,0,0,0,0,0,0,0,0,0,0.0,0.0,0.0,0,0,0,0,0,0,3,0,0,0,-1,-1,0,0,0.0,0.0,0,0,56328731.5,36935.7227152793,56354849,56302614,Benign
80,6,15/02/2018 03:50:28,849,3,4,161,488,161,0,53.6666666667,92.9533933395,488,0,122.0,244.0,764428.739693757,8244.9941107185,141.5,98.4047763068,270,0,463,231.5,140.7142494561,331,132,579,193.0,192.0078123411,384,0,0,0,0,0,72,92,3533.5689045936,4711.4252061249,0,488,81.125,173.7875858627,30202.125,0,0,0,1,0,0,0,0,1,92.7142857143,53.6666666667,122.0,0,0,0,0,0,0,3,161,4,488,8192,149,1,20,0.0,0.0,0,0,0.0,0.0,0,0,Benign
445,6,15/02/2018 02:04:55,668799,6,5,455,338,140,0,75.8333333333,62.9362110924,145,0,67.6,69.7588704037,1185.7075145148,16.4473930134,66879.9,86163.0955964714,167137,4,668722,133744.4,74763.5049425855,167401,4,668725,167181.25,131.88978985,167335,167017,0,0,0,0,132,112,8.9713052801,7.4760877334,0,145,66.0833333333,63.40269328,4019.9015151515,0,0,0,1,0,0,0,0,0,72.0909090909,75.8333333333,67.6,0,0,0,0,0,0,6,455,5,338,8192,0,4,20,0.0,0.0,0,0,0.0,0.0,0,0,Benign
445,6,15/02/2018 10:55:47,806291,6,5,455,338,140,0,75.8333333333,62.9362110924,145,0,67.6,69.7588704037,983.5158770221,13.6427170835,80629.1,104468.571965661,230321,75,806216,161243.2,91383.1090886056,230438,634,806211,201552.75,19614.718459616,230443,189282,0,0,0,0,132,112,7.4414820456,6.201235038,0,145,66.0833333333,63.40269328,4019.9015151515,0,0,0,1,0,0,0,0,0,72.0909090909,75.8333333333,67.6,0,0,0,0,0,0,6,455,5,338,8192,0,4,20,0.0,0.0,0,0,0.0,0.0,0,0,Benign
49918,6,15/02/2018 09:13:25,45,1,1,0,0,0,0,0.0,0.0,0,0,0.0,0.0,0.0,44444.4444444444,45.0,0.0,45,45,0,0.0,0.0,0,0,0,0.0,0.0,0,0,0,0,0,0,20,20,22222.2222222222,22222.2222222222,0,0,0.0,0.0,0.0,0,0,0,0,1,1,0,0,1,0.0,0.0,0.0,0,0,0,0,0,0,1,0,1,0,168,258,0,20,0.0,0.0,0,0,0.0,0.0,0,0,Benign
443,6,15/02/2018 04:53:11,649285,9,6,520,3062,202,0,57.7777777778,85.1510096502,1430,0,510.3333333333,663.8550042492,5516.8377522968,23.1023356461,46377.5,80693.1857877536,274434,9,649285,81160.625,97176.9651614113,274434,18,264095,52819.0,64900.2784316061,129636,22,0,0,0,0,192,132,13.8614013877,9.2409342585,0,1430,223.875,451.0940589278,203485.85,0,0,1,1,0,0,0,1,0,238.8,57.7777777778,510.3333333333,0,0,0,0,0,0,9,520,6,3062,8192,172,4,20,0.0,0.0,0,0,0.0,0.0,0,0,Benign
53,17,15/02/2018 03:26:50,37471,1,1,42,142,42,42,42.0,0.0,142,142,142.0,0.0,4910.4640922313,53.3746096982,37471.0,0.0,37471,37471,0,0.0,0.0,0,0,0,0.0,0.0,0,0,0,0,0,0,8,8,26.6873048491,26.6873048491,42,142,75.3333333333,57.735026919,3333.3333333333,0,0,0,0,0,0,0,0,1,113.0,42.0,142.0,0,0,0,0,0,0,1,42,1,142,-1,-1,0,8,0.0,0.0,0,0,0.0,0.0,0,0,Benign
53,17,15/02/2018 03:32:33,121277,1,1,35,79,35,35,35.0,0.0,79,79,79.0,0.0,939.9968666771,16.4911730996,121277.0,0.0,121277,121277,0,0.0,0.0,0,0,0,0.0,0.0,0,0,0,0,0,0,8,8,8.2455865498,8.2455865498,35,79,49.6666666667,25.4034118443,645.3333333333,0,0,0,0,0,0,0,0,1,74.5,35.0,79.0,0,0,0,0,0,0,1,35,1,79,-1,-1,0,8,0.0,0.0,0,0,0.0,0.0,0,0,Benign
53,17,15/02/2018 10:42:46,38549,2,2,66,288,33,33,33.0,0.0,144,144,144.0,0.0,9183.117590599,103.7640405717,12849.6666666667,21064.498008102,37172,512,38037,38037.0,0.0,38037,38037,1377,1377.0,0.0,1377,1377,0,0,0,0,16,16,51.8820202859,51.8820202859,33,144,77.4,60.7972038831,3696.3,0,0,0,0,0,0,0,0,1,96.75,33.0,144.0,0,0,0,0,0,0,2,66,2,288,-1,-1,1,8,0.0,0.0,0,0,0.0,0.0,0,0,Benign
53,17,15/02/2018 11:34:31,204874,1,1,38,214,38,38,38.0,0.0,214,214,214.0,0.0,1230.0243076232,9.7620976795,204874.0,0.0,204874,204874,0,0.0,0.0,0,0,0,0.0,0.0,0,0,0,0,0,0,8,8,4.8810488398,4.8810488398,38,214,96.6666666667,101.6136473774,10325.3333333333,0,0,0,0,0,0,0,0,1,145.0,38.0,214.0,0,0,0,0,0,0,1,38,1,214,-1,-1,0,8,0.0,0.0,0,0,0.0,0.0,0,0,Benign
53,17,15/02/2018 11:25:41,31775,2,2,72,104,36,36,36.0,0.0,52,52,52.0,0.0,5538.9457120378,125.885129819,10591.6666666667,17243.603403388,30500,345,31430,31430.0,0.0,31430,31430,30845,30845.0,0.0,30845,30845,0,0,0,0,16,16,62.9425649095,62.9425649095,36,52,42.4,8.7635609201,76.8,0,0,0,0,0,0,0,0,1,53.0,36.0,52.0,0,0,0,0,0,0,2,72,2,104,-1,-1,1,8,0.0,0.0,0,0,0.0,0.0,0,0,Benign
53,17,15/02/2018 01:03:32,387,1,1,46,62,46,46,46.0,0.0,62,62,62.0,0.0,279069.76744186,5167.9586563308,387.0,0.0,387,387,0,0.0,0.0,0,0,0,0.0,0.0,0,0,0,0,0,0,8,8,2583.9793281654,2583.9793281654,46,62,51.3333333333,9.237604307,85.3333333333,0,0,0,0,0,0,0,0,1,77.0,46.0,62.0,0,0,0,0,0,0,1,46,1,62,-1,-1,0,8,0.0,0.0,0,0,0.0,0.0,0,0,Benign
443,6,15/02/2018 01:04:23,117175230,12,12,606,5535,206,0,50.5,72.2917070561,1460,0,461.25,635.8380475619,52.4086873992,0.2048214456,5094575.21739131,16757285.8978817,58322329,1,117175230,10652293.6363636,23529552.6117827,58406859,351,117056560,10641505.4545455,23573812.0491813,58362452,1,0,0,0,0,252,252,0.1024107228,0.1024107228,0,1460,245.64,482.1749233076,232492.656666667,0,0,0,1,0,0,0,0,1,255.875,50.5,461.25,0,0,0,0,0,0,12,606,12,5535,8192,31,6,20,326589.0,175786.745802976,450889,202289,58200369.0,172477.486067023,58322329,58078409,Benign
53,17,15/02/2018 10:15:10,24760,2,2,76,108,38,38,38.0,0.0,54,54,54.0,0.0,7431.3408723748,161.5508885299,8253.3333333333,13366.8283946991,23688,516,24244,24244.0,0.0,24244,24244,24204,24204.0,0.0,24204,24204,0,0,0,0,16,16,80.7754442649,80.7754442649,38,54,44.4,8.7635609201,76.8,0,0,0,0,0,0,0,0,1,55.5,38.0,54.0,0,0,0,0,0,0,2,76,2,108,-1,-1,1,8,0.0,0.0,0,0,0.0,0.0,0,0,Benign
50765,6,15/02/2018 11:27:47,18,1,1,0,0,0,0,0.0,0.0,0,0,0.0,0.0,0.0,111111.111111111,18.0,0.0,18,18,0,0.0,0.0,0,0,0,0.0,0.0,0,0,0,0,0,0,20,20,55555.5555555556,55555.5555555556,0,0,0.0,0.0,0.0,0,0,0,0,1,1,0,0,1,0.0,0.0,0.0,0,0,0,0,0,0,1,0,1,0,172,258,0,20,0.0,0.0,0,0,0.0,0.0,0,0,Benign
445,6,15/02/2018 10:43:59,1261883,7,5,364,582,103,0,52.0,49.2172056636,409,0,116.4,167.0353256051,749.6733056868,9.509597958,114716.636363636,131579.002250566,279274,5,1261883,210313.833333333,103940.201301357,279332,5,1015139,253784.75,19293.9006316331,282105,240691,0,0,0,0,152,112,5.5472654755,3.9623324825,0,409,72.7692307692,109.5332170669,11997.5256410256,0,0,0,1,0,0,0,0,0,78.8333333333,52.0,116.4,0,0,0,0,0,0,7,364,5,582,8192,259,4,20,0.0,0.0,0,0,0.0,0.0,0,0,Benign
80,6,15/02/2018 03:35:28,976,3,4,161,488,161,0,53.6666666667,92.9533933395,488,0,122.0,244.0,664959.016393443,7172.131147541,162.6666666667,118.2652386235,290,0,480,240.0,152.7350647363,348,132,686,228.6666666667,211.7577231964,418,0,0,0,0,0,72,92,3073.7704918033,4098.3606557377,0,488,81.125,173.7875858627,30202.125,0,0,0,1,0,0,0,0,1,92.7142857143,53.6666666667,122.0,0,0,0,0,0,0,3,161,4,488,8192,149,1,20,0.0,0.0,0,0,0.0,0.0,0,0,Benign
445,6,15/02/2018 11:59:10,902255,6,5,455,338,140,0,75.8333333333,62.9362110924,145,0,67.6,69.7588704037,878.9089558938,12.1916753024,90225.5,116485.082266882,247169,3,902160,180432.0,102782.628128493,247240,3,902184,225546.0,23432.8937322446,248328,203689,0,0,0,0,128,108,6.6500047104,5.541670592,0,145,66.0833333333,63.40269328,4019.9015151515,0,0,0,1,0,0,0,0,0,72.0909090909,75.8333333333,67.6,0,0,0,0,0,0,6,455,5,338,8192,0,4,20,0.0,0.0,0,0,0.0,0.0,0,0,Benign
53,17,15/02/2018 09:31:53,13270,1,1,46,127,46,46,46.0,0.0,127,127,127.0,0.0,13036.9253956292,150.7159005275,13270.0,0.0,13270,13270,0,0.0,0.0,0,0,0,0.0,0.0,0,0,0,0,0,0,8,8,75.3579502638,75.3579502638,46,127,73.0,46.7653718044,2187.0,0,0,0,0,0,0,0,0,1,109.5,46.0,127.0,0,0,0,0,0,0,1,46,1,127,-1,-1,0,8,0.0,0.0,0,0,0.0,0.0,0,0,Benign
53,17,15/02/2018 09:01:46,287,1,1,50,66,50,50,50.0,0.0,66,66,66.0,0.0,404181.18466899,6968.6411149826,287.0,0.0,287,287,0,0.0,0.0,0,0,0,0.0,0.0,0,0,0,0,0,0,8,8,3484.3205574913,3484.3205574913,50,66,55.3333333333,9.237604307,85.3333333333,0,0,0,0,0,0,0,0,1,83.0,50.0,66.0,0,0,0,0,0,0,1,50,1,66,-1,-1,0,8,0.0,0.0,0,0,0.0,0.0,0,0,Benign
80,6,15/02/2018 10:21:52,110027357,16,15,596,768,293,0,37.25,99.8355314171,384,0,51.2,135.1164577054,12.3969168868,0.2817481111,3667578.56666667,4873928.70987994,10014483,60,110010929,7334061.93333333,4540845.37626284,10030925,16459,110010958,7857925.57142857,4240911.16784063,10031120,342,0,0,0,0,332,432,0.1454183799,0.1363297312,0,384,42.625,114.7900608263,13176.7580645161,0,0,0,1,0,0,0,0,0,44.0,37.25,51.2,0,0,0,0,0,0,16,596,15,768,8192,980,12,20,36169.0,47845.4992575059,171127,16407,9964824.54545455,119206.641847981,10014483,9612765,Benign
443,6,15/02/2018 02:14:38,5367811,9,7,588,5131,342,0,65.3333333333,121.7610364608,1460,0,733.0,698.5449162366,1065.4249935402,2.9807308789,357854.066666667,1309622.99259217,5090470,0,5367811,670976.375,1786388.37825653,5090470,18,165740,27623.3333333333,42674.6671629278,92265,0,0,0,0,0,192,152,1.6766611194,1.3040697595,0,1460,336.4117647059,554.6336695089,307618.507352941,0,0,1,1,0,0,0,1,0,357.4375,65.3333333333,733.0,0,0,0,0,0,0,9,588,7,5131,8192,1047,3,20,277323.0,0.0,277323,277323,5090470.0,0.0,5090470,5090470,Benign
80,6,15/02/2018 04:27:12,118082787,20,16,1346,2913,445,0,67.3,162.7882382923,971,0,182.0625,391.4226136799,36.0679156396,0.304870853,3373793.91428571,4633096.66431583,10001111,67,118082787,6214883.52631579,4698639.70603283,10015550,14412,113066226,7537748.4,4279692.17664852,10025247,2780,0,0,0,0,412,464,0.1693726961,0.1354981569,0,971,115.1081081081,285.4024238572,81454.5435435436,0,0,0,1,0,0,0,0,0,118.3055555556,67.3,182.0625,0,0,0,0,0,0,20,1346,16,2913,8192,127,14,20,283502.454545455,892434.263835871,2974293,14352,9995238.09090909,19216.0083703901,10001111,9937300,Benign
53,17,15/02/2018 04:07:57,1356,1,1,41,127,41,41,41.0,0.0,127,127,127.0,0.0,123893.805309735,1474.9262536873,1356.0,0.0,1356,1356,0,0.0,0.0,0,0,0,0.0,0.0,0,0,0,0,0,0,8,8,737.4631268437,737.4631268437,41,127,69.6666666667,49.6521231503,2465.3333333333,0,0,0,0,0,0,0,0,1,104.5,41.0,127.0,0,0,0,0,0,0,1,41,1,127,-1,-1,0,8,0.0,0.0,0,0,0.0,0.0,0,0,Benign
443,6,15/02/2018 12:02:21,408,2,0,0,0,0,0,0.0,0.0,0,0,0.0,0.0,0.0,4901.9607843137,408.0,0.0,408,408,408,408.0,0.0,408,408,0,0.0,0.0,0,0,0,0,0,0,40,0,4901.9607843137,0.0,0,0,0.0,0.0,0.0,0,0,0,0,1,0,0,0,0,0.0,0.0,0.0,0,0,0,0,0,0,2,0,0,0,252,-1,0,20,0.0,0.0,0,0,0.0,0.0,0,0,Benign
49192,6,15/02/2018 10:02:56,45,2,0,0,0,0,0,0.0,0.0,0,0,0.0,0.0,0.0,44444.4444444444,45.0,0.0,45,45,45,45.0,0.0,45,45,0,0.0,0.0,0,0,0,0,0,0,40,0,44444.4444444444,0.0,0,0,0.0,0.0,0.0,0,0,0,0,1,0,0,0,0,0.0,0.0,0.0,0,0,0,0,0,0,2,0,0,0,256,-1,0,20,0.0,0.0,0,0,0.0,0.0,0,0,Benign
80,6,15/02/2018 10:20:22,53912472,2,0,0,0,0,0,0.0,0.0,0,0,0.0,0.0,0.0,0.0370971674,53912472.0,0.0,53912472,53912472,53912472,53912472.0,0.0,53912472,53912472,0,0.0,0.0,0,0,0,0,0,0,40,0,0.0370971674,0.0,0,0,0.0,0.0,0.0,0,0,0,0,1,0,0,0,0,0.0,0.0,0.0,0,0,0,0,0,0,2,0,0,0,279,-1,0,20,0.0,0.0,0,0,0.0,0.0,0,0,Benign
443,6,15/02/2018 12:00:57,115646398,19,18,610,2767,517,0,32.1052631579,118.1519242035,1460,0,153.7222222222,377.2899969918,29.2010824237,0.3199407905,3212399.94444444,4643354.28017968,10001580,0,115646398,6424799.88888889,4787001.03523689,10032482,17,110425829,6495637.0,4936214.27139929,10044233,0,0,0,0,0,392,504,0.1642939195,0.1556468711,0,1460,88.8684210526,275.8776825562,76108.4957325747,0,0,0,1,0,0,0,0,0,91.2702702703,32.1052631579,153.7222222222,0,0,0,0,0,0,19,610,18,2767,8192,1129,14,20,41470.3333333333,37694.950578977,161163,30359,9595728.08333333,1387458.81245046,10001580,5190181,Benign
80,6,15/02/2018 11:41:45,23837,3,5,434,2337,434,0,144.6666666667,250.5700168283,1460,0,467.4,672.3866447216,116247.849981122,335.6127029408,3405.2857142857,5615.4783623566,11660,0,11782,5891.0,8103.4437123978,11621,161,12251,3062.75,5865.100816127,11856,0,0,0,0,0,72,112,125.8547636028,209.757939338,0,1460,307.8888888889,528.668715843,279490.611111111,0,0,0,1,0,0,0,0,1,346.375,144.6666666667,467.4,0,0,0,0,0,0,3,434,5,2337,8192,237,1,20,0.0,0.0,0,0,0.0,0.0,0,0,Benign
443,6,15/02/2018 05:19:49,261680,8,7,1634,4796,808,0,204.25,297.016954783,1460,0,685.1428571429,665.365671034,24571.9963313971,57.3219199022,18691.4285714286,29716.9907543564,65248,1,261680,37382.8571428571,34055.0502247394,65798,37,197614,32935.6666666667,35501.6749050896,66796,1,0,0,0,0,172,152,30.5716906145,26.7502292877,0,1460,401.875,535.9997356965,287295.716666667,0,0,0,1,0,0,0,0,0,428.6666666667,204.25,685.1428571429,0,0,0,0,0,0,8,1634,7,4796,8192,1021,4,20,0.0,0.0,0,0,0.0,0.0,0,0,Benign
53,17,15/02/2018 03:18:05,1211,1,1,31,111,31,31,31.0,0.0,111,111,111.0,0.0,117258.464079273,1651.5276630884,1211.0,0.0,1211,1211,0,0.0,0.0,0,0,0,0.0,0.0,0,0,0,0,0,0,8,8,825.7638315442,825.7638315442,31,111,57.6666666667,46.1880215352,2133.3333333333,0,0,0,0,0,0,0,0,1,86.5,31.0,111.0,0,0,0,0,0,0,1,31,1,111,-1,-1,0,8,0.0,0.0,0,0,0.0,0.0,0,0,Benign
445,6,15/02/2018 09:41:09,306304,3,1,0,0,0,0,0.0,0.0,0,0,0.0,0.0,0.0,13.0589218554,102101.333333333,176771.955474655,306220,1,306304,153152.0,216588.221291002,306303,1,0,0.0,0.0,0,0,0,0,0,0,68,28,9.7941913916,3.2647304639,0,0,0.0,0.0,0.0,0,0,0,1,0,0,0,0,0,0.0,0.0,0.0,0,0,0,0,0,0,3,0,1,0,8192,8192,0,20,0.0,0.0,0,0,0.0,0.0,0,0,Benign
53,17,15/02/2018 11:52:55,18110,1,1,34,99,34,34,34.0,0.0,99,99,99.0,0.0,7344.0088348979,110.4362230812,18110.0,0.0,18110,18110,0,0.0,0.0,0,0,0,0.0,0.0,0,0,0,0,0,0,8,8,55.2181115406,55.2181115406,34,99,55.6666666667,37.5277674973,1408.3333333333,0,0,0,0,0,0,0,0,1,83.5,34.0,99.0,0,0,0,0,0,0,1,34,1,99,-1,-1,0,8,0.0,0.0,0,0,0.0,0.0,0,0,Benign
53,17,15/02/2018 03:51:54,34059,2,2,66,254,33,33,33.0,0.0,127,127,127.0,0.0,9395.4608179923,117.4432602249,11353.0,10970.7834269026,21898,1,21898,21898.0,0.0,21898,21898,1,1.0,0.0,1,1,0,0,0,0,16,16,58.7216301125,58.7216301125,33,127,70.6,51.4859204055,2650.8,0,0,0,0,0,0,0,0,1,88.25,33.0,127.0,0,0,0,0,0,0,2,66,2,254,-1,-1,1,8,0.0,0.0,0,0,0.0,0.0,0,0,Benign
443,6,15/02/2018 02:33:12,4575857,13,21,735,21266,201,0,56.5384615385,84.035325295,1460,0,1012.6666666667,639.6690029487,4808.0610910699,7.430302127,138662.333333333,760506.09983873,4374123,0,4575857,381321.416666667,1279803.71761003,4444905,31,162978,8148.9,19392.9557121299,70800,0,0,0,0,0,272,432,2.8409978721,4.5893042549,0,1460,628.6,686.323718852,471040.247058824,0,0,0,1,0,0,0,0,1,647.0882352941,56.5384615385,1012.6666666667,0,0,0,0,0,0,13,735,21,21266,8192,127,5,20,0.0,0.0,0,0,0.0,0.0,0,0,Benign
80,6,15/02/2018 04:06:18,5692096,4,4,97,232,97,0,24.25,48.5,232,0,58.0,116.0,57.7994468119,1.4054576732,813156.571428572,2124129.03367528,5629949,38,62147,20715.6666666667,35629.4622655652,61857,105,5691949,1897316.33333333,3285829.99733101,5691466,202,0,0,0,0,92,92,0.7027288366,0.7027288366,0,232,36.5555555556,80.0048609634,6400.7777777778,0,0,0,1,0,0,0,0,1,41.125,24.25,58.0,0,0,0,0,0,0,4,97,4,232,8192,141,1,20,0.0,0.0,0,0,0.0,0.0,0,0,Benign
53,17,15/02/2018 04:40:21,156198,2,2,68,310,34,34,34.0,0.0,155,155,155.0,0.0,2420.0053777897,25.6085225163,52066.0,62889.6882167498,121968,74,34156,34156.0,0.0,34156,34156,74,74.0,0.0,74,74,0,0,0,0,16,16,12.8042612581,12.8042612581,34,155,82.4,66.2744294581,4392.3,0,0,0,0,0,0,0,0,1,103.0,34.0,155.0,0,0,0,0,0,0,2,68,2,310,-1,-1,1,8,0.0,0.0,0,0,0.0,0.0,0,0,Benign
445,6,15/02/2018 12:54:01,1156959,6,5,455,338,140,0,75.8333333333,62.9362110924,145,0,67.6,69.7588704037,685.4175472078,9.5076835048,115695.9,149217.404208647,298292,62,1156888,231377.6,129285.36107696,298411,303,1156897,289224.25,6203.2739944323,298528,286002,0,0,0,0,132,112,5.1860091844,4.3216743204,0,145,66.0833333333,63.40269328,4019.9015151515,0,0,0,1,0,0,0,0,0,72.0909090909,75.8333333333,67.6,0,0,0,0,0,0,6,455,5,338,8192,0,4,20,0.0,0.0,0,0,0.0,0.0,0,0,Benign
53,17,15/02/2018 09:40:58,2094,1,1,37,157,37,37,37.0,0.0,157,157,157.0,0.0,92645.6542502388,955.1098376313,2094.0,0.0,2094,2094,0,0.0,0.0,0,0,0,0.0,0.0,0,0,0,0,0,0,8,8,477.5549188157,477.5549188157,37,157,77.0,69.2820323028,4800.0,0,0,0,0,0,0,0,0,1,115.5,37.0,157.0,0,0,0,0,0,0,1,37,1,157,-1,-1,0,8,0.0,0.0,0,0,0.0,0.0,0,0,Benign
53,17,15/02/2018 03:17:38,79449,1,1,44,101,44,44,44.0,0.0,101,101,101.0,0.0,1825.0701708014,25.1733816662,79449.0,0.0,79449,79449,0,0.0,0.0,0,0,0,0.0,0.0,0,0,0,0,0,0,8,8,12.5866908331,12.5866908331,44,101,63.0,32.9089653438,1083.0,0,0,0,0,0,0,0,0,1,94.5,44.0,101.0,0,0,0,0,0,0,1,44,1,101,-1,-1,0,8,0.0,0.0,0,0,0.0,0.0,0,0,Benign
53,17,15/02/2018 12:31:20,1077,1,1,26,108,26,26,26.0,0.0,108,108,108.0,0.0,124419.684308264,1857.0102135562,1077.0,0.0,1077,1077,0,0.0,0.0,0,0,0,0.0,0.0,0,0,0,0,0,0,8,8,928.5051067781,928.5051067781,26,108,53.3333333333,47.3427220735,2241.3333333333,0,0,0,0,0,0,0,0,1,80.0,26.0,108.0,0,0,0,0,0,0,1,26,1,108,-1,-1,0,8,0.0,0.0,0,0,0.0,0.0,0,0,Benign
80,6,15/02/2018 11:15:55,55187534,2,0,0,0,0,0,0.0,0.0,0,0,0.0,0.0,0.0,0.0362400683,55187534.0,0.0,55187534,55187534,55187534,55187534.0,0.0,55187534,55187534,0,0.0,0.0,0,0,0,0,0,0,40,0,0.0362400683,0.0,0,0,0.0,0.0,0.0,0,0,0,0,1,0,0,0,0,0.0,0.0,0.0,0,0,0,0,0,0,2,0,0,0,279,-1,0,20,0.0,0.0,0,0,0.0,0.0,0,0,Benign
80,6,15/02/2018 02:17:22,106,2,0,0,0,0,0,0.0,0.0,0,0,0.0,0.0,0.0,18867.9245283019,106.0,0.0,106,106,106,106.0,0.0,106,106,0,0.0,0.0,0,0,0,0,0,0,40,0,18867.9245283019,0.0,0,0,0.0,0.0,0.0,0,0,0,0,1,0,0,0,0,0.0,0.0,0.0,0,0,0,0,0,0,2,0,0,0,278,-1,0,20,0.0,0.0,0,0,0.0,0.0,0,0,Benign
445,6,15/02/2018 03:39:11,293648,5,4,286,170,103,0,57.2,52.4852360193,131,0,42.5,61.7980582219,1552.8796382063,30.6489402278,36706.0,50479.7380992753,97714,43,293561,73390.25,48872.3409600632,98009,82,293605,97868.3333333333,172.27981116,98046,97702,0,0,0,0,112,92,17.0271890154,13.6217512123,0,131,45.6,52.9846938066,2807.3777777778,0,0,0,1,0,0,0,0,0,50.6666666667,57.2,42.5,0,0,0,0,0,0,5,286,4,170,8192,0,3,20,0.0,0.0,0,0,0.0,0.0,0,0,Benign
26435,6,15/02/2018 02:46:31,33,2,0,0,0,0,0,0.0,0.0,0,0,0.0,0.0,0.0,60606.0606060606,33.0,0.0,33,33,33,33.0,0.0,33,33,0,0.0,0.0,0,0,0,0,0,0,40,0,60606.0606060606,0.0,0,0,0.0,0.0,0.0,0,0,0,0,1,0,0,0,0,0.0,0.0,0.0,0,0,0,0,0,0,2,0,0,0,256,-1,0,20,0.0,0.0,0,0,0.0,0.0,0,0,Benign
53,17,15/02/2018 02:48:38,122031,2,2,78,234,39,39,39.0,0.0,117,117,117.0,0.0,2556.7273889422,32.7785562685,40677.0,41361.1541787702,83062,422,121609,121609.0,0.0,121609,121609,83484,83484.0,0.0,83484,83484,0,0,0,0,16,16,16.3892781342,16.3892781342,39,117,70.2,42.7223594854,1825.2,0,0,0,0,0,0,0,0,1,87.75,39.0,117.0,0,0,0,0,0,0,2,78,2,234,-1,-1,1,8,0.0,0.0,0,0,0.0,0.0,0,0,Benign
53,17,15/02/2018 01:51:10,23382,1,1,38,120,38,38,38.0,0.0,120,120,120.0,0.0,6757.3347019075,85.5358823026,23382.0,0.0,23382,23382,0,0.0,0.0,0,0,0,0.0,0.0,0,0,0,0,0,0,8,8,42.7679411513,42.7679411513,38,120,65.3333333333,47.3427220735,2241.3333333333,0,0,0,0,0,0,0,0,1,98.0,38.0,120.0,0,0,0,0,0,0,1,38,1,120,-1,-1,0,8,0.0,0.0,0,0,0.0,0.0,0,0,Benign
51141,6,15/02/2018 12:48:56,5427,2,1,38,0,38,0,19.0,26.8700576851,0,0,0.0,0.0,7002.0269025244,552.7915975677,2713.5,3816.2552980638,5412,15,5427,5427.0,0.0,5427,5427,0,0.0,0.0,0,0,1,0,0,0,40,20,368.5277317118,184.2638658559,0,38,19.0,21.9393102292,481.3333333333,0,1,0,0,1,0,0,0,0,25.3333333333,19.0,0.0,0,0,0,0,0,0,2,38,1,0,31,0,0,20,0.0,0.0,0,0,0.0,0.0,0,0,Benign
53,17,15/02/2018 10:41:04,19568,1,1,33,161,33,33,33.0,0.0,161,161,161.0,0.0,9914.1455437449,102.207686018,19568.0,0.0,19568,19568,0,0.0,0.0,0,0,0,0.0,0.0,0,0,0,0,0,0,8,8,51.103843009,51.103843009,33,161,75.6666666667,73.9008344563,5461.3333333333,0,0,0,0,0,0,0,0,1,113.5,33.0,161.0,0,0,0,0,0,0,1,33,1,161,-1,-1,0,8,0.0,0.0,0,0,0.0,0.0,0,0,Benign
53,17,15/02/2018 05:16:15,5914,1,1,35,122,35,35,35.0,0.0,122,122,122.0,0.0,26547.1761920866,338.1805884342,5914.0,0.0,5914,5914,0,0.0,0.0,0,0,0,0.0,0.0,0,0,0,0,0,0,8,8,169.0902942171,169.0902942171,35,122,64.0,50.2294734195,2523.0,0,0,0,0,0,0,0,0,1,96.0,35.0,122.0,0,0,0,0,0,0,1,35,1,122,-1,-1,0,8,0.0,0.0,0,0,0.0,0.0,0,0,Benign
3389,6,15/02/2018 11:35:31,7268201,11,13,1435,2792,677,0,130.4545454545,196.4445792769,1173,0,214.7692307692,432.4353812703,581.5744501287,3.3020550753,316008.739130435,772011.212296947,3605664,3,7268201,726820.1,1164106.22128762,3812684,3,7127195,593932.916666667,1008202.18842321,3605664,17892,0,0,0,0,232,308,1.5134419095,1.7886131658,0,1173,169.08,335.5372458213,112585.243333333,0,0,0,1,0,0,0,0,1,176.125,130.4545454545,214.7692307692,0,0,0,0,0,0,11,1435,13,2792,8192,62856,8,20,0.0,0.0,0,0,0.0,0.0,0,0,Benign
53,17,15/02/2018 11:10:07,37071,1,1,30,119,30,30,30.0,0.0,119,119,119.0,0.0,4019.3142887972,53.9505273664,37071.0,0.0,37071,37071,0,0.0,0.0,0,0,0,0.0,0.0,0,0,0,0,0,0,8,8,26.9752636832,26.9752636832,30,119,59.6666666667,51.3841739579,2640.3333333333,0,0,0,0,0,0,0,0,1,89.5,30.0,119.0,0,0,0,0,0,0,1,30,1,119,-1,-1,0,8,0.0,0.0,0,0,0.0,0.0,0,0,Benign
443,6,15/02/2018 12:06:01,456,3,0,77,0,46,0,25.6666666667,23.4591844132,0,0,0.0,0.0,168859.649122807,6578.9473684211,228.0,288.4995667241,432,24,456,228.0,288.4995667241,432,24,0,0.0,0.0,0,0,1,0,0,0,60,0,6578.9473684211,0.0,0,46,30.75,21.6852484422,470.25,0,1,0,0,1,0,0,0,0,41.0,25.6666666667,0.0,0,0,0,0,0,0,3,77,0,0,258,-1,1,20,0.0,0.0,0,0,0.0,0.0,0,0,Benign
443,6,15/02/2018 11:12:57,70370062,10,8,829,311,517,0,82.9,161.9516045682,146,0,38.875,52.5722292253,16.2000709904,0.2557905946,4139415.41176471,14288349.3298553,58495111,25,70370062,7818895.77777778,19393737.6939503,58506637,192,58625561,8375080.14285714,22110770.0039809,58517568,28,0,0,0,0,212,172,0.1421058859,0.1136847087,0,517,60.0,121.9781401181,14878.6666666667,0,0,0,1,0,0,0,0,0,63.3333333333,82.9,38.875,0,0,0,0,0,0,10,829,8,311,8192,119,5,20,104038.0,37343.7233280239,130444,77632,35080993.0,33112563.226604,58495111,11666875,Benign
53,17,15/02/2018 10:35:35,948,1,1,45,73,45,45,45.0,0.0,73,73,73.0,0.0,124472.573839662,2109.7046413502,948.0,0.0,948,948,0,0.0,0.0,0,0,0,0.0,0.0,0,0,0,0,0,0,8,8,1054.8523206751,1054.8523206751,45,73,54.3333333333,16.1658075373,261.3333333333,0,0,0,0,0,0,0,0,1,81.5,45.0,73.0,0,0,0,0,0,0,1,45,1,73,-1,-1,0,8,0.0,0.0,0,0,0.0,0.0,0,0,Benign
80,6,15/02/2018 08:24:46,116521603,19,17,1319,2364,436,0,69.4210526316,163.0835899468,788,0,139.0588235294,309.6466677094,31.6078727479,0.3089555848,3329188.65714286,4634658.81558013,10004375,16,116510346,6472797.0,4641125.57180559,10015570,259,116510483,7281905.1875,4297166.09761047,10022437,666,0,0,0,0,392,484,0.163059892,0.1458956928,0,788,99.5405405405,239.5901123209,57403.4219219219,0,0,0,1,0,0,0,0,0,102.3055555556,69.4210526316,139.0588235294,0,0,0,0,0,0,19,1319,17,2364,8192,292,14,20,605180.727272727,1399056.71887848,4305695,11149,9986668.90909091,41120.2329649393,10004375,9878428,Benign
443,6,15/02/2018 02:58:24,10154090,9,10,1285,5913,512,0,142.7777777778,206.0035059033,1460,0,591.3,624.8626604658,708.8769156074,1.8711671848,564116.111111111,2308230.44479945,9811368,1,342721,42840.125,69308.2716325867,205281,40,10142784,1126976.0,3326837.86932509,9998211,1,0,0,0,0,192,212,0.8863423507,0.9848248341,0,1460,359.9,510.0488005548,260149.778947368,0,0,0,1,0,0,0,0,1,378.8421052632,142.7777777778,591.3,0,0,0,0,0,0,9,1285,10,5913,8192,127,4,20,342721.0,0.0,342721,342721,9811368.0,0.0,9811368,9811368,Benign
53,17,15/02/2018 04:05:07,82847,2,2,86,142,43,43,43.0,0.0,71,71,71.0,0.0,2752.0610281604,48.2817724239,27615.6666666667,46205.2595094253,80965,382,82465,82465.0,0.0,82465,82465,81347,81347.0,0.0,81347,81347,0,0,0,0,16,16,24.1408862119,24.1408862119,43,71,54.2,15.3362316101,235.2,0,0,0,0,0,0,0,0,1,67.75,43.0,71.0,0,0,0,0,0,0,2,86,2,142,-1,-1,1,8,0.0,0.0,0,0,0.0,0.0,0,0,Benign
0,0,15/02/2018 04:15:30,112638563,3,0,0,0,0,0,0.0,0.0,0,0,0.0,0.0,0.0,0.0266338625,56319281.5,6.3639610307,56319286,56319277,112638563,56319281.5,6.3639610307,56319286,56319277,0,0.0,0.0,0,0,0,0,0,0,0,0,0.0266338625,0.0,0,0,0.0,0.0,0.0,0,0,0,0,0,0,0,0,0,0.0,0.0,0.0,0,0,0,0,0,0,3,0,0,0,-1,-1,0,0,0.0,0.0,0,0,56319281.5,6.3639610307,56319286,56319277,Benign
53,17,15/02/2018 09:07:46,704,1,1,58,144,58,58,58.0,0.0,144,144,144.0,0.0,286931.818181818,2840.9090909091,704.0,0.0,704,704,0,0.0,0.0,0,0,0,0.0,0.0,0,0,0,0,0,0,8,8,1420.4545454546,1420.4545454546,58,144,86.6666666667,49.6521231503,2465.3333333333,0,0,0,0,0,0,0,0,1,130.0,58.0,144.0,0,0,0,0,0,0,1,58,1,144,-1,-1,0,8,0.0,0.0,0,0,0.0,0.0,0,0,Benign
443,6,15/02/2018 03:14:23,589,3,0,77,0,46,0,25.6666666667,23.4591844132,0,0,0.0,0.0,130730.050933786,5093.3786078099,294.5,395.2726906833,574,15,589,294.5,395.2726906833,574,15,0,0.0,0.0,0,0,1,0,0,0,60,0,5093.3786078099,0.0,0,46,30.75,21.6852484422,470.25,0,1,0,0,1,0,0,0,0,41.0,25.6666666667,0.0,0,0,0,0,0,0,3,77,0,0,251,-1,1,20,0.0,0.0,0,0,0.0,0.0,0,0,Benign
3389,6,15/02/2018 10:25:01,1988167,8,7,1144,1581,677,0,143.0,227.9699228282,1173,0,225.8571428571,430.0986044197,1370.6092093873,7.5446378498,142011.928571429,246190.850445017,953176,4,1988167,284023.857142857,398797.323973982,1177853,4,1816961,302826.833333333,319089.6206732,953176,157108,0,0,0,0,172,152,4.0238068532,3.5208309966,0,1173,170.3125,319.402717323,102018.095833333,0,0,0,1,0,0,0,0,0,181.6666666667,143.0,225.8571428571,0,0,0,0,0,0,8,1144,7,1581,8192,62856,5,20,0.0,0.0,0,0,0.0,0.0,0,0,Benign
80,6,15/02/2018 11:20:31,266,2,0,0,0,0,0,0.0,0.0,0,0,0.0,0.0,0.0,7518.7969924812,266.0,0.0,266,266,266,266.0,0.0,266,266,0,0.0,0.0,0,0,0,0,0,0,40,0,7518.7969924812,0.0,0,0,0.0,0.0,0.0,0,0,0,0,1,0,0,0,0,0.0,0.0,0.0,0,0,0,0,0,0,2,0,0,0,253,-1,0,20,0.0,0.0,0,0,0.0,0.0,0,0,Benign
443,6,15/02/2018 11:53:23,5656883,9,18,1349,5911,485,0,149.8888888889,206.2107201653,1460,0,328.3888888889,548.9050211305,1283.3922851153,4.7729465149,217572.423076923,916015.553339054,4696612,1,5656883,707110.375,1620560.04547801,4696612,303,877470,51615.8823529412,80076.0157240312,257424,1,0,0,0,0,192,372,1.5909821716,3.1819643433,0,1460,259.2857142857,460.3991711824,211967.396825397,0,0,0,1,0,0,0,0,2,268.8888888889,149.8888888889,328.3888888889,0,0,0,0,0,0,9,1349,18,5911,8192,256,4,20,0.0,0.0,0,0,0.0,0.0,0,0,Benign
53,17,15/02/2018 10:01:13,36737,1,1,43,59,43,43,43.0,0.0,59,59,59.0,0.0,2776.492364646,54.4410267578,36737.0,0.0,36737,36737,0,0.0,0.0,0,0,0,0.0,0.0,0,0,0,0,0,0,8,8,27.2205133789,27.2205133789,43,59,48.3333333333,9.237604307,85.3333333333,0,0,0,0,0,0,0,0,1,72.5,43.0,59.0,0,0,0,0,0,0,1,43,1,59,-1,-1,0,8,0.0,0.0,0,0,0.0,0.0,0,0,Benign
80,6,15/02/2018 05:14:39,54554601,2,0,0,0,0,0,0.0,0.0,0,0,0.0,0.0,0.0,0.0366605192,54554601.0,0.0,54554601,54554601,54554601,54554601.0,0.0,54554601,54554601,0,0.0,0.0,0,0,0,0,0,0,40,0,0.0366605192,0.0,0,0,0.0,0.0,0.0,0,0,0,0,1,0,0,0,0,0.0,0.0,0.0,0,0,0,0,0,0,2,0,0,0,279,-1,0,20,0.0,0.0,0,0,0.0,0.0,0,0,Benign
63777,6,15/02/2018 12:04:01,132,2,0,0,0,0,0,0.0,0.0,0,0,0.0,0.0,0.0,15151.5151515152,132.0,0.0,132,132,132,132.0,0.0,132,132,0,0.0,0.0,0,0,0,0,0,0,40,0,15151.5151515152,0.0,0,0,0.0,0.0,0.0,0,0,0,0,1,0,0,0,0,0.0,0.0,0.0,0,0,0,0,0,0,2,0,0,0,255,-1,0,20,0.0,0.0,0,0,0.0,0.0,0,0,Benign
80,6,15/02/2018 12:13:37,576,3,4,161,488,161,0,53.6666666667,92.9533933395,488,0,122.0,244.0,1126736.11111111,12152.7777777778,96.0,59.7226925046,154,12,260,130.0,50.9116882454,166,94,422,140.6666666667,108.8224854216,254,37,0,0,0,0,72,92,5208.3333333333,6944.4444444445,0,488,81.125,173.7875858627,30202.125,0,0,1,1,0,0,0,1,1,92.7142857143,53.6666666667,122.0,0,0,0,0,0,0,3,161,4,488,8192,149,1,20,0.0,0.0,0,0,0.0,0.0,0,0,Benign
80,6,15/02/2018 08:44:46,100,2,0,0,0,0,0,0.0,0.0,0,0,0.0,0.0,0.0,20000.0,100.0,0.0,100,100,100,100.0,0.0,100,100,0,0.0,0.0,0,0,0,0,0,0,40,0,20000.0,0.0,0,0,0.0,0.0,0.0,0,0,0,0,1,0,0,0,0,0.0,0.0,0.0,0,0,0,0,0,0,2,0,0,0,279,-1,0,20,0.0,0.0,0,0,0.0,0.0,0,0,Benign
53,17,15/02/2018 01:42:54,12846,1,1,40,101,40,40,40.0,0.0,101,101,101.0,0.0,10976.1793554414,155.6904873112,12846.0,0.0,12846,12846,0,0.0,0.0,0,0,0,0.0,0.0,0,0,0,0,0,0,8,8,77.8452436556,77.8452436556,40,101,60.3333333333,35.2183664206,1240.3333333333,0,0,0,0,0,0,0,0,1,90.5,40.0,101.0,0,0,0,0,0,0,1,40,1,101,-1,-1,0,8,0.0,0.0,0,0,0.0,0.0,0,0,Benign
51153,6,15/02/2018 12:30:50,52,1,1,0,0,0,0,0.0,0.0,0,0,0.0,0.0,0.0,38461.5384615385,52.0,0.0,52,52,0,0.0,0.0,0,0,0,0.0,0.0,0,0,0,0,0,0,20,20,19230.7692307692,19230.7692307692,0,0,0.0,0.0,0.0,0,0,0,0,1,1,0,0,1,0.0,0.0,0.0,0,0,0,0,0,0,1,0,1,0,172,255,0,20,0.0,0.0,0,0,0.0,0.0,0,0,Benign
53,17,15/02/2018 05:11:00,125558,2,2,86,198,43,43,43.0,0.0,99,99,99.0,0.0,2261.9028656079,31.8577868395,41852.6666666667,41158.2984868584,83330,1021,124537,124537.0,0.0,124537,124537,84351,84351.0,0.0,84351,84351,0,0,0,0,16,16,15.9288934198,15.9288934198,43,99,65.4,30.6724632203,940.8,0,0,0,0,0,0,0,0,1,81.75,43.0,99.0,0,0,0,0,0,0,2,86,2,198,-1,-1,1,8,0.0,0.0,0,0,0.0,0.0,0,0,Benign
3128,6,15/02/2018 09:42:57,1001776,2,0,0,0,0,0,0.0,0.0,0,0,0.0,0.0,0.0,1.9964542972,1001776.0,0.0,1001776,1001776,1001776,1001776.0,0.0,1001776,1001776,0,0.0,0.0,0,0,0,0,0,0,80,0,1.9964542972,0.0,0,0,0.0,0.0,0.0,0,0,0,1,0,0,0,0,0,0.0,0.0,0.0,0,0,0,0,0,0,2,0,0,0,14600,-1,0,40,0.0,0.0,0,0,0.0,0.0,0,0,Benign
443,6,15/02/2018 03:30:27,116103832,20,21,362,8218,194,0,18.1,50.2267490068,1460,0,391.3333333333,613.1650946795,73.8993696608,0.353132186,2902595.8,4519671.6096633,10008841,0,116103832,6110728.0,4881377.22179959,10030995,18,110431575,5521578.75,5113928.4620917,10031167,0,0,0,0,0,412,564,0.1722596029,0.1808725831,0,1460,204.2857142857,469.4864493597,220417.526132404,0,0,0,1,0,0,0,0,1,209.2682926829,18.1,391.3333333333,0,0,0,0,0,0,20,362,21,8218,8192,1129,14,20,30558.5,28757.0334779953,121874,22107,9644759.33333334,1257967.54044966,10008841,5650184,Benign
3389,6,15/02/2018 12:44:13,2991421,9,10,1333,2754,661,0,148.1111111111,209.334925684,1173,0,275.4,481.2560418091,1366.2403252501,6.3514964961,166190.055555556,242645.504759872,934483,4,2991421,373927.625,371912.239913411,1174500,4,2836784,315198.222222222,292268.657650704,934483,2749,0,0,0,0,192,224,3.0086036034,3.3428928927,0,1173,204.35,366.7596767998,134512.660526316,0,0,0,1,0,0,0,0,1,215.1052631579,148.1111111111,275.4,0,0,0,0,0,0,9,1333,10,2754,8192,62872,6,20,0.0,0.0,0,0,0.0,0.0,0,0,Benign
53,17,15/02/2018 11:03:02,38236,1,1,44,100,44,44,44.0,0.0,100,100,100.0,0.0,3766.0843184434,52.306726645,38236.0,0.0,38236,38236,0,0.0,0.0,0,0,0,0.0,0.0,0,0,0,0,0,0,8,8,26.1533633225,26.1533633225,44,100,62.6666666667,32.3316150746,1045.3333333333,0,0,0,0,0,0,0,0,1,94.0,44.0,100.0,0,0,0,0,0,0,1,44,1,100,-1,-1,0,8,0.0,0.0,0,0,0.0,0.0,0,0,Benign
53,17,15/02/2018 08:25:07,1069,1,1,41,69,41,41,41.0,0.0,69,69,69.0,0.0,102899.906454631,1870.9073900842,1069.0,0.0,1069,1069,0,0.0,0.0,0,0,0,0.0,0.0,0,0,0,0,0,0,8,8,935.4536950421,935.4536950421,41,69,50.3333333333,16.1658075373,261.3333333333,0,0,0,0,0,0,0,0,1,75.5,41.0,69.0,0,0,0,0,0,0,1,41,1,69,-1,-1,0,8,0.0,0.0,0,0,0.0,0.0,0,0,Benign
3128,6,15/02/2018 12:16:33,1001346,2,0,0,0,0,0,0.0,0.0,0,0,0.0,0.0,0.0,1.9973116186,1001346.0,0.0,1001346,1001346,1001346,1001346.0,0.0,1001346,1001346,0,0.0,0.0,0,0,0,0,0,0,80,0,1.9973116186,0.0,0,0,0.0,0.0,0.0,0,0,0,1,0,0,0,0,0,0.0,0.0,0.0,0,0,0,0,0,0,2,0,0,0,14600,-1,0,40,0.0,0.0,0,0,0.0,0.0,0,0,Benign
80,6,15/02/2018 12:47:05,79,2,0,0,0,0,0,0.0,0.0,0,0,0.0,0.0,0.0,25316.4556962025,79.0,0.0,79,79,79,79.0,0.0,79,79,0,0.0,0.0,0,0,0,0,0,0,40,0,25316.4556962025,0.0,0,0,0.0,0.0,0.0,0,0,0,0,1,0,0,0,0,0.0,0.0,0.0,0,0,0,0,0,0,2,0,0,0,278,-1,0,20,0.0,0.0,0,0,0.0,0.0,0,0,Benign
80,6,15/02/2018 09:13:55,115719582,16,29,430,22777,419,0,26.875,104.5676017385,1460,0,785.4137931034,728.3484015831,200.5451419622,0.3888710901,2629990.5,4398592.25245948,10168650,0,115719582,7714638.8,4238628.16391635,10209290,290,111318623,3975665.10714286,5030161.16794917,10209330,0,0,0,0,0,332,724,0.1382652765,0.2506058136,0,1460,504.5,686.5496583156,471350.433333333,0,0,0,1,0,0,0,0,1,515.7111111111,26.875,785.4137931034,0,0,0,0,0,0,16,430,29,22777,8192,946,12,20,41987.7272727273,16064.2123746601,84178,22183,10078136.3636364,47929.7117167892,10168650,10014993,Benign
53,17,15/02/2018 11:53:45,438,1,1,51,67,51,51,51.0,0.0,67,67,67.0,0.0,269406.392694064,4566.2100456621,438.0,0.0,438,438,0,0.0,0.0,0,0,0,0.0,0.0,0,0,0,0,0,0,8,8,2283.1050228311,2283.1050228311,51,67,56.3333333333,9.237604307,85.3333333333,0,0,0,0,0,0,0,0,1,84.5,51.0,67.0,0,0,0,0,0,0,1,51,1,67,-1,-1,0,8,0.0,0.0,0,0,0.0,0.0,0,0,Benign
49930,6,15/02/2018 10:25:39,53,1,1,0,0,0,0,0.0,0.0,0,0,0.0,0.0,0.0,37735.8490566038,53.0,0.0,53,53,0,0.0,0.0,0,0,0,0.0,0.0,0,0,0,0,0,0,20,20,18867.9245283019,18867.9245283019,0,0,0.0,0.0,0.0,0,0,0,0,1,1,0,0,1,0.0,0.0,0.0,0,0,0,0,0,0,1,0,1,0,513,255,0,20,0.0,0.0,0,0,0.0,0.0,0,0,Benign
80,6,15/02/2018 09:06:25,54182976,2,0,0,0,0,0,0.0,0.0,0,0,0.0,0.0,0.0,0.0369119629,54182976.0,0.0,54182976,54182976,54182976,54182976.0,0.0,54182976,54182976,0,0.0,0.0,0,0,0,0,0,0,40,0,0.0369119629,0.0,0,0,0.0,0.0,0.0,0,0,0,0,1,0,0,0,0,0.0,0.0,0.0,0,0,0,0,0,0,2,0,0,0,279,-1,0,20,0.0,0.0,0,0,0.0,0.0,0,0,Benign
3389,6,15/02/2018 09:51:29,2927151,9,7,1148,1581,677,0,127.5555555556,218.6910555505,1173,0,225.8571428571,430.0986044197,932.3058496128,5.4660658094,195143.4,267256.723668675,849807,4,2927151,365893.875,383927.245715136,1131954,4,2807079,467846.5,391602.844666251,1064384,127307,0,0,0,0,192,152,3.0746620178,2.3914037916,0,1173,160.5294117647,312.0440909645,97371.5147058823,0,0,0,1,0,0,0,0,0,170.5625,127.5555555556,225.8571428571,0,0,0,0,0,0,9,1148,7,1581,8192,62852,5,20,0.0,0.0,0,0,0.0,0.0,0,0,Benign
445,6,15/02/2018 03:22:27,1396606,7,5,364,582,103,0,52.0,49.2172056636,409,0,116.4,167.0353256051,677.3563911368,8.5922586614,126964.181818182,145323.908283405,280489,31,1396606,232767.666666667,113995.287759919,280677,88,1118441,279610.25,1125.6975245006,280520,278174,0,0,0,0,148,108,5.0121508858,3.5801077756,0,409,72.7692307692,109.5332170669,11997.5256410256,0,0,0,1,0,0,0,0,0,78.8333333333,52.0,116.4,0,0,0,0,0,0,7,364,5,582,8192,64524,4,20,0.0,0.0,0,0,0.0,0.0,0,0,Benign
53,17,15/02/2018 03:30:20,1053,1,1,40,100,40,40,40.0,0.0,100,100,100.0,0.0,132953.4662868,1899.3352326686,1053.0,0.0,1053,1053,0,0.0,0.0,0,0,0,0.0,0.0,0,0,0,0,0,0,8,8,949.6676163343,949.6676163343,40,100,60.0,34.6410161514,1200.0,0,0,0,0,0,0,0,0,1,90.0,40.0,100.0,0,0,0,0,0,0,1,40,1,100,-1,-1,0,8,0.0,0.0,0,0,0.0,0.0,0,0,Benign
53,17,15/02/2018 08:28:25,369,1,1,40,56,40,40,40.0,0.0,56,56,56.0,0.0,260162.601626016,5420.054200542,369.0,0.0,369,369,0,0.0,0.0,0,0,0,0.0,0.0,0,0,0,0,0,0,8,8,2710.027100271,2710.027100271,40,56,45.3333333333,9.237604307,85.3333333333,0,0,0,0,0,0,0,0,1,68.0,40.0,56.0,0,0,0,0,0,0,1,40,1,56,-1,-1,0,8,0.0,0.0,0,0,0.0,0.0,0,0,Benign
80,6,15/02/2018 08:34:13,111,2,0,0,0,0,0,0.0,0.0,0,0,0.0,0.0,0.0,18018.018018018,111.0,0.0,111,111,111,111.0,0.0,111,111,0,0.0,0.0,0,0,0,0,0,0,40,0,18018.018018018,0.0,0,0,0.0,0.0,0.0,0,0,0,0,1,0,0,0,0,0.0,0.0,0.0,0,0,0,0,0,0,2,0,0,0,279,-1,0,20,0.0,0.0,0,0,0.0,0.0,0,0,Benign
51660,6,15/02/2018 03:13:48,0,2,0,38,0,38,0,19.0,26.8700576851,0,0,0.0,0.0,inf,inf,0.0,0.0,0,0,0,0.0,0.0,0,0,0,0.0,0.0,0,0,1,0,0,0,40,0,0.0,0.0,0,38,25.3333333333,21.9393102292,481.3333333333,0,1,0,0,1,0,0,0,0,38.0,19.0,0.0,0,0,0,0,0,0,2,38,0,0,31,-1,0,20,0.0,0.0,0,0,0.0,0.0,0,0,Benign
445,6,15/02/2018 10:21:12,814391,5,4,286,170,103,0,57.2,52.4852360193,131,0,42.5,61.7980582219,559.9276023433,11.0512026778,101798.875,130903.128179841,259367,62,814318,203579.5,136667.545400021,295478,178,814329,271443.0,20641.8925731145,295278,259440,0,0,0,0,112,92,6.1395570432,4.9116456346,0,131,45.6,52.9846938066,2807.3777777778,0,0,0,1,0,0,0,0,0,50.6666666667,57.2,42.5,0,0,0,0,0,0,5,286,4,170,8192,0,3,20,0.0,0.0,0,0,0.0,0.0,0,0,Benign
3389,6,15/02/2018 10:45:33,2303916,8,7,1148,1581,677,0,143.5,228.129662379,1173,0,225.8571428571,430.0986044197,1184.5049906333,6.5106540343,164565.428571429,249857.804589766,953185,3,2303916,329130.857142857,399556.285769781,1215646,3,2095921,349320.166666667,296762.584947238,953185,208644,0,0,0,0,172,152,3.4723488183,3.038305216,0,1173,170.5625,319.433241591,102037.595833333,0,0,0,1,0,0,0,0,0,181.9333333333,143.5,225.8571428571,0,0,0,0,0,0,8,1148,7,1581,8192,62852,5,20,0.0,0.0,0,0,0.0,0.0,0,0,Benign
53,17,15/02/2018 01:13:30,1536,1,1,35,89,35,35,35.0,0.0,89,89,89.0,0.0,80729.1666666667,1302.0833333333,1536.0,0.0,1536,1536,0,0.0,0.0,0,0,0,0.0,0.0,0,0,0,0,0,0,8,8,651.0416666667,651.0416666667,35,89,53.0,31.1769145362,972.0,0,0,0,0,0,0,0,0,1,79.5,35.0,89.0,0,0,0,0,0,0,1,35,1,89,-1,-1,0,8,0.0,0.0,0,0,0.0,0.0,0,0,Benign
53,17,15/02/2018 02:10:08,1055,1,1,40,101,40,40,40.0,0.0,101,101,101.0,0.0,133649.289099526,1895.7345971564,1055.0,0.0,1055,1055,0,0.0,0.0,0,0,0,0.0,0.0,0,0,0,0,0,0,8,8,947.8672985782,947.8672985782,40,101,60.3333333333,35.2183664206,1240.3333333333,0,0,0,0,0,0,0,0,1,90.5,40.0,101.0,0,0,0,0,0,0,1,40,1,101,-1,-1,0,8,0.0,0.0,0,0,0.0,0.0,0,0,Benign
0,0,15/02/2018 10:31:50,112641194,3,0,0,0,0,0,0.0,0.0,0,0,0.0,0.0,0.0,0.0266332404,56320597.0,39.5979797464,56320625,56320569,112641194,56320597.0,39.5979797464,56320625,56320569,0,0.0,0.0,0,0,0,0,0,0,0,0,0.0266332404,0.0,0,0,0.0,0.0,0.0,0,0,0,0,0,0,0,0,0,0.0,0.0,0.0,0,0,0,0,0,0,3,0,0,0,-1,-1,0,0,0.0,0.0,0,0,56320597.0,39.5979797464,56320625,56320569,Benign
53,17,15/02/2018 10:53:27,1282,1,1,22,54,22,22,22.0,0.0,54,54,54.0,0.0,59282.3712948518,1560.0624024961,1282.0,0.0,1282,1282,0,0.0,0.0,0,0,0,0.0,0.0,0,0,0,0,0,0,8,8,780.0312012481,780.0312012481,22,54,32.6666666667,18.4752086141,341.3333333333,0,0,0,0,0,0,0,0,1,49.0,22.0,54.0,0,0,0,0,0,0,1,22,1,54,-1,-1,0,8,0.0,0.0,0,0,0.0,0.0,0,0,Benign
443,6,15/02/2018 05:11:41,60202340,9,7,2001,4102,876,0,222.3333333333,355.6690877768,1460,0,586.0,645.8936961038,101.3747970594,0.2657704003,4013489.33333333,15474711.598244,59951190,0,60202340,7525292.5,21183286.5771659,59951190,726,150519,25086.5,28270.3208241435,77381,0,0,0,0,0,192,152,0.1494958502,0.1162745501,0,1460,359.0,510.6833656974,260797.5,0,0,0,1,0,0,0,0,0,381.4375,222.3333333333,586.0,0,0,0,0,0,0,9,2001,7,4102,8192,1026,4,20,0.0,0.0,0,0,0.0,0.0,0,0,Benign
53,17,15/02/2018 05:12:53,1054,1,1,37,53,37,37,37.0,0.0,53,53,53.0,0.0,85388.9943074004,1897.5332068311,1054.0,0.0,1054,1054,0,0.0,0.0,0,0,0,0.0,0.0,0,0,0,0,0,0,8,8,948.7666034156,948.7666034156,37,53,42.3333333333,9.237604307,85.3333333333,0,0,0,0,0,0,0,0,1,63.5,37.0,53.0,0,0,0,0,0,0,1,37,1,53,-1,-1,0,8,0.0,0.0,0,0,0.0,0.0,0,0,Benign
80,6,15/02/2018 11:28:48,54164663,2,0,0,0,0,0,0.0,0.0,0,0,0.0,0.0,0.0,0.0369244428,54164663.0,0.0,54164663,54164663,54164663,54164663.0,0.0,54164663,54164663,0,0.0,0.0,0,0,0,0,0,0,40,0,0.0369244428,0.0,0,0,0.0,0.0,0.0,0,0,0,0,1,0,0,0,0,0.0,0.0,0.0,0,0,0,0,0,0,2,0,0,0,279,-1,0,20,0.0,0.0,0,0,0.0,0.0,0,0,Benign
80,6,15/02/2018 02:48:41,86,2,0,0,0,0,0,0.0,0.0,0,0,0.0,0.0,0.0,23255.8139534884,86.0,0.0,86,86,86,86.0,0.0,86,86,0,0.0,0.0,0,0,0,0,0,0,40,0,23255.8139534884,0.0,0,0,0.0,0.0,0.0,0,0,0,0,1,0,0,0,0,0.0,0.0,0.0,0,0,0,0,0,0,2,0,0,0,278,-1,0,20,0.0,0.0,0,0,0.0,0.0,0,0,Benign
61729,6,15/02/2018 10:45:21,45,2,0,0,0,0,0,0.0,0.0,0,0,0.0,0.0,0.0,44444.4444444444,45.0,0.0,45,45,45,45.0,0.0,45,45,0,0.0,0.0,0,0,0,0,0,0,40,0,44444.4444444444,0.0,0,0,0.0,0.0,0.0,0,0,0,0,1,0,0,0,0,0.0,0.0,0.0,0,0,0,0,0,0,2,0,0,0,258,-1,0,20,0.0,0.0,0,0,0.0,0.0,0,0,Benign
5355,17,15/02/2018 08:24:24,417217,2,0,44,0,22,22,22.0,0.0,0,0,0.0,0.0,105.4607074975,4.7936685226,417217.0,0.0,417217,417217,417217,417217.0,0.0,417217,417217,0,0.0,0.0,0,0,0,0,0,0,16,0,4.7936685226,0.0,22,22,22.0,0.0,0.0,0,0,0,0,0,0,0,0,0,33.0,22.0,0.0,0,0,0,0,0,0,2,44,0,0,-1,-1,1,8,0.0,0.0,0,0,0.0,0.0,0,0,Benign
60076,6,15/02/2018 10:25:19,22,2,0,0,0,0,0,0.0,0.0,0,0,0.0,0.0,0.0,90909.0909090909,22.0,0.0,22,22,22,22.0,0.0,22,22,0,0.0,0.0,0,0,0,0,0,0,40,0,90909.0909090909,0.0,0,0,0.0,0.0,0.0,0,0,0,0,1,0,0,0,0,0.0,0.0,0.0,0,0,0,0,0,0,2,0,0,0,258,-1,0,20,0.0,0.0,0,0,0.0,0.0,0,0,Benign
53,17,15/02/2018 10:56:31,2272,1,1,37,97,37,37,37.0,0.0,97,97,97.0,0.0,58978.8732394366,880.2816901408,2272.0,0.0,2272,2272,0,0.0,0.0,0,0,0,0.0,0.0,0,0,0,0,0,0,8,8,440.1408450704,440.1408450704,37,97,57.0,34.6410161514,1200.0,0,0,0,0,0,0,0,0,1,85.5,37.0,97.0,0,0,0,0,0,0,1,37,1,97,-1,-1,0,8,0.0,0.0,0,0,0.0,0.0,0,0,Benign
80,6,15/02/2018 11:45:36,837,3,4,161,488,161,0,53.6666666667,92.9533933395,488,0,122.0,244.0,775388.291517324,8363.201911589,139.5,96.2907056782,277,0,519,259.5,115.2584053334,341,178,560,186.6666666667,198.9706846079,396,0,0,0,0,0,72,92,3584.229390681,4778.972520908,0,488,81.125,173.7875858627,30202.125,0,0,0,1,0,0,0,0,1,92.7142857143,53.6666666667,122.0,0,0,0,0,0,0,3,161,4,488,8192,149,1,20,0.0,0.0,0,0,0.0,0.0,0,0,Benign
53,17,15/02/2018 02:17:24,419,1,1,35,67,35,35,35.0,0.0,67,67,67.0,0.0,243436.754176611,4773.2696897375,419.0,0.0,419,419,0,0.0,0.0,0,0,0,0.0,0.0,0,0,0,0,0,0,8,8,2386.6348448687,2386.6348448687,35,67,45.6666666667,18.4752086141,341.3333333333,0,0,0,0,0,0,0,0,1,68.5,35.0,67.0,0,0,0,0,0,0,1,35,1,67,-1,-1,0,8,0.0,0.0,0,0,0.0,0.0,0,0,Benign
52144,6,15/02/2018 10:22:40,59,2,0,0,0,0,0,0.0,0.0,0,0,0.0,0.0,0.0,33898.3050847458,59.0,0.0,59,59,59,59.0,0.0,59,59,0,0.0,0.0,0,0,0,0,0,0,40,0,33898.3050847458,0.0,0,0,0.0,0.0,0.0,0,0,0,0,1,0,0,0,0,0.0,0.0,0.0,0,0,0,0,0,0,2,0,0,0,260,-1,0,20,0.0,0.0,0,0,0.0,0.0,0,0,Benign
52329,6,15/02/2018 03:58:02,46,1,1,0,0,0,0,0.0,0.0,0,0,0.0,0.0,0.0,43478.2608695652,46.0,0.0,46,46,0,0.0,0.0,0,0,0,0.0,0.0,0,0,0,0,0,0,20,20,21739.1304347826,21739.1304347826,0,0,0.0,0.0,0.0,0,0,0,0,1,1,0,0,1,0.0,0.0,0.0,0,0,0,0,0,0,1,0,1,0,123,256,0,20,0.0,0.0,0,0,0.0,0.0,0,0,Benign
53,17,15/02/2018 11:22:30,23152,1,1,59,141,59,59,59.0,0.0,141,141,141.0,0.0,8638.5625431928,86.3856254319,23152.0,0.0,23152,23152,0,0.0,0.0,0,0,0,0.0,0.0,0,0,0,0,0,0,8,8,43.192812716,43.192812716,59,141,86.3333333333,47.3427220735,2241.3333333333,0,0,0,0,0,0,0,0,1,129.5,59.0,141.0,0,0,0,0,0,0,1,59,1,141,-1,-1,0,8,0.0,0.0,0,0,0.0,0.0,0,0,Benign
443,6,15/02/2018 11:39:01,60120232,8,6,1303,4057,917,0,162.875,316.9954652673,1460,0,676.1666666667,659.5724119963,89.1546792434,0.2328666995,4624633.23076923,16623803.5195917,59951962,19,60120232,8588604.57142857,22649134.9501185,59951962,331,90054,18010.8,17841.8897877999,41460,44,0,0,0,0,172,132,0.1330666854,0.0998000141,0,1460,357.3333333333,529.0631432294,279907.80952381,0,0,0,1,0,0,0,0,0,382.8571428571,162.875,676.1666666667,0,0,0,0,0,0,8,1303,6,4057,8192,508,3,20,0.0,0.0,0,0,0.0,0.0,0,0,Benign
53,17,15/02/2018 10:54:22,303,1,1,78,142,78,78,78.0,0.0,142,142,142.0,0.0,726072.607260726,6600.6600660066,303.0,0.0,303,303,0,0.0,0.0,0,0,0,0.0,0.0,0,0,0,0,0,0,8,8,3300.3300330033,3300.3300330033,78,142,99.3333333333,36.9504172281,1365.3333333333,0,0,0,0,0,0,0,0,1,149.0,78.0,142.0,0,0,0,0,0,0,1,78,1,142,-1,-1,0,8,0.0,0.0,0,0,0.0,0.0,0,0,Benign
53,17,15/02/2018 01:14:38,313,1,1,42,58,42,42,42.0,0.0,58,58,58.0,0.0,319488.817891374,6389.7763578275,313.0,0.0,313,313,0,0.0,0.0,0,0,0,0.0,0.0,0,0,0,0,0,0,8,8,3194.8881789137,3194.8881789137,42,58,47.3333333333,9.237604307,85.3333333333,0,0,0,0,0,0,0,0,1,71.0,42.0,58.0,0,0,0,0,0,0,1,42,1,58,-1,-1,0,8,0.0,0.0,0,0,0.0,0.0,0,0,Benign
3389,6,15/02/2018 12:58:59,2394223,8,7,1128,1581,661,0,141.0,222.62332056,1173,0,225.8571428571,430.0986044197,1131.473551127,6.265080571,171015.928571429,247180.677212957,937581,86,2394223,342031.857142857,403507.008894281,1235863,207,2160699,360116.5,283891.12768366,937581,226835,0,0,0,0,172,152,3.3413763045,2.9237042665,0,1173,169.3125,317.7312740352,100953.1625,0,0,1,1,0,0,0,1,0,180.6,141.0,225.8571428571,0,0,0,0,0,0,8,1128,7,1581,8192,62872,5,20,0.0,0.0,0,0,0.0,0.0,0,0,Benign
443,6,15/02/2018 09:14:05,115987132,20,17,871,3500,512,0,43.55,120.8611534822,1460,0,205.8823529412,466.0844722731,37.6852149426,0.3190009043,3221864.77777778,4652489.15136162,10008905,16,115987132,6104585.89473684,4875841.80711513,10031063,16,110455038,6903439.875,4790930.16947303,10031148,19,0,0,0,0,412,484,0.1724329213,0.1465679831,0,1460,115.0263157895,329.1691823973,108352.350640114,0,0,0,1,0,0,0,0,0,118.1351351351,43.55,205.8823529412,0,0,0,0,0,0,20,871,17,3500,8192,980,15,20,35930.5,47603.8623079721,187093,22129,9629662.5,1297446.12848616,10008905,5509983,Benign
53,17,15/02/2018 01:18:35,498,1,1,45,61,45,45,45.0,0.0,61,61,61.0,0.0,212851.40562249,4016.0642570281,498.0,0.0,498,498,0,0.0,0.0,0,0,0,0.0,0.0,0,0,0,0,0,0,8,8,2008.0321285141,2008.0321285141,45,61,50.3333333333,9.237604307,85.3333333333,0,0,0,0,0,0,0,0,1,75.5,45.0,61.0,0,0,0,0,0,0,1,45,1,61,-1,-1,0,8,0.0,0.0,0,0,0.0,0.0,0,0,Benign
3389,6,15/02/2018 11:09:34,5497471,10,9,1789,1581,661,0,178.9,263.0684110434,1173,0,175.6666666667,385.5612791762,613.009145478,3.4561346481,305415.055555556,691811.545020452,3002473,35,5497471,610830.111111111,942081.985670229,3060383,459,5252451,656556.375,953159.950226754,3002473,244832,0,0,0,0,224,216,1.8190182358,1.6371164123,0,1173,168.5,311.3671888876,96949.5263157895,0,0,1,1,0,0,0,1,0,177.3684210526,178.9,175.6666666667,0,0,0,0,0,0,10,1789,9,1581,8192,62872,6,20,0.0,0.0,0,0,0.0,0.0,0,0,Benign
53,17,15/02/2018 11:02:20,12587,1,1,50,66,50,50,50.0,0.0,66,66,66.0,0.0,9215.857630889,158.8940970843,12587.0,0.0,12587,12587,0,0.0,0.0,0,0,0,0.0,0.0,0,0,0,0,0,0,8,8,79.4470485421,79.4470485421,50,66,55.3333333333,9.237604307,85.3333333333,0,0,0,0,0,0,0,0,1,83.0,50.0,66.0,0,0,0,0,0,0,1,50,1,66,-1,-1,0,8,0.0,0.0,0,0,0.0,0.0,0,0,Benign
443,6,15/02/2018 09:04:03,65656089,26,73,1189,72806,206,0,45.7307692308,68.55570447,1410,0,997.3424657534,584.0427880819,1127.0089511424,1.5078571007,669960.091836735,5961811.80625913,58977222,0,65656089,2626243.56,11760209.9666172,58977222,127,65578270,910809.305555556,6955474.69330218,58999753,0,0,0,0,0,556,1472,0.3960028749,1.1118542257,0,1410,739.95,655.9087823837,430216.330808081,0,0,0,1,0,0,0,0,2,747.4242424242,45.7307692308,997.3424657534,0,0,0,0,0,0,26,1189,73,72806,8192,123,10,20,6601006.0,0.0,6601006,6601006,58977222.0,0.0,58977222,58977222,Benign
53,17,15/02/2018 01:48:04,1061,1,1,52,108,52,52,52.0,0.0,108,108,108.0,0.0,150801.131008483,1885.014137606,1061.0,0.0,1061,1061,0,0.0,0.0,0,0,0,0.0,0.0,0,0,0,0,0,0,8,8,942.507068803,942.507068803,52,108,70.6666666667,32.3316150746,1045.3333333333,0,0,0,0,0,0,0,0,1,106.0,52.0,108.0,0,0,0,0,0,0,1,52,1,108,-1,-1,0,8,0.0,0.0,0,0,0.0,0.0,0,0,Benign
443,6,15/02/2018 08:51:13,151160,6,6,1489,3370,846,0,248.1666666667,354.7846764823,1460,0,561.6666666667,642.8308227416,32144.7472876422,79.3860809738,13741.8181818182,21124.4121377054,46993,23,103792,20758.4,25287.3533569648,49708,345,104167,20833.4,26609.4774713823,52383,35,0,0,0,0,132,132,39.6930404869,39.6930404869,0,1460,373.7692307692,511.6729348985,261809.192307692,0,0,0,1,0,0,0,0,1,404.9166666667,248.1666666667,561.6666666667,0,0,0,0,0,0,6,1489,6,3370,8192,63,3,20,0.0,0.0,0,0,0.0,0.0,0,0,Benign
53,17,15/02/2018 11:26:22,25638,1,1,32,124,32,32,32.0,0.0,124,124,124.0,0.0,6084.7179967236,78.0092050862,25638.0,0.0,25638,25638,0,0.0,0.0,0,0,0,0.0,0.0,0,0,0,0,0,0,8,8,39.0046025431,39.0046025431,32,124,62.6666666667,53.1162247654,2821.3333333333,0,0,0,0,0,0,0,0,1,94.0,32.0,124.0,0,0,0,0,0,0,1,32,1,124,-1,-1,0,8,0.0,0.0,0,0,0.0,0.0,0,0,Benign
443,6,15/02/2018 09:04:57,116873166,12,12,591,3634,191,0,49.25,69.4316210383,1430,0,302.8333333333,536.4087371896,36.1502998901,0.2053508159,5081442.0,16742873.9064664,58217561,0,116873166,10624833.2727273,23520443.9010917,58217561,142,116764100,10614918.1818182,23542567.1312641,58326667,0,0,0,0,0,252,252,0.102675408,0.102675408,0,1430,169.0,389.1060266817,151403.5,0,0,1,1,0,0,0,1,1,176.0416666667,49.25,302.8333333333,0,0,0,0,0,0,12,591,12,3634,8192,176,6,20,240135.0,185344.001057493,371193,109077,58141871.5,107041.117429238,58217561,58066182,Benign
51004,6,15/02/2018 11:32:09,1,2,0,31,0,31,0,15.5,21.9203102168,0,0,0.0,0.0,31000000.0,2000000.0,1.0,0.0,1,1,1,1.0,0.0,1,1,0,0.0,0.0,0,0,1,0,0,0,40,0,2000000.0,0.0,0,31,20.6666666667,17.8978583449,320.3333333333,0,1,0,0,1,0,0,0,0,31.0,15.5,0.0,0,0,0,0,0,0,2,31,0,0,127,-1,0,20,0.0,0.0,0,0,0.0,0.0,0,0,Benign
3389,6,15/02/2018 01:45:20,2062537,8,7,1128,1581,661,0,141.0,222.62332056,1173,0,225.8571428571,430.0986044197,1313.4309832987,7.2725968067,147324.071428571,242538.400350087,937489,3,2062537,294648.142857143,394890.834965998,1177587,3,1886851,314475.166666667,306179.68681963,937489,177081,0,0,0,0,172,152,3.8787182969,3.3938785098,0,1173,169.3125,317.7312740352,100953.1625,0,0,1,1,0,0,0,1,0,180.6,141.0,225.8571428571,0,0,0,0,0,0,8,1128,7,1581,8192,62872,5,20,0.0,0.0,0,0,0.0,0.0,0,0,Benign
80,6,15/02/2018 04:24:11,1004,3,4,148,243,148,0,49.3333333333,85.4478398401,243,0,60.75,121.5,389442.231075697,6972.1115537849,167.3333333333,133.890502526,365,27,432,216.0,125.8650070512,305,127,726,242.0,178.7148566852,365,37,0,0,0,0,72,92,2988.0478087649,3984.0637450199,0,243,48.875,93.9930658537,8834.6964285714,0,0,1,1,0,0,0,1,1,55.8571428571,49.3333333333,60.75,0,0,0,0,0,0,3,148,4,243,8192,149,1,20,0.0,0.0,0,0,0.0,0.0,0,0,Benign
53,17,15/02/2018 04:14:04,8724,1,1,53,101,53,53,53.0,0.0,101,101,101.0,0.0,17652.4530032095,229.2526364053,8724.0,0.0,8724,8724,0,0.0,0.0,0,0,0,0.0,0.0,0,0,0,0,0,0,8,8,114.6263182027,114.6263182027,53,101,69.0,27.7128129211,768.0,0,0,0,0,0,0,0,0,1,103.5,53.0,101.0,0,0,0,0,0,0,1,53,1,101,-1,-1,0,8,0.0,0.0,0,0,0.0,0.0,0,0,Benign
52352,6,15/02/2018 05:07:09,55,1,1,0,0,0,0,0.0,0.0,0,0,0.0,0.0,0.0,36363.6363636364,55.0,0.0,55,55,0,0.0,0.0,0,0,0,0.0,0.0,0,0,0,0,0,0,20,20,18181.8181818182,18181.8181818182,0,0,0.0,0.0,0.0,0,0,0,0,1,1,0,0,1,0.0,0.0,0.0,0,0,0,0,0,0,1,0,1,0,114,255,0,20,0.0,0.0,0,0,0.0,0.0,0,0,Benign
443,6,15/02/2018 08:33:04,118830179,22,35,941,26179,241,0,42.7727272727,72.1373899604,1430,0,747.9714285714,658.7945089647,228.2248518703,0.4796761267,2121967.48214286,10903676.0870099,58396496,1,118830179,5658579.95238095,17535768.217816,58532212,21,118673863,3490407.73529412,13925704.9974063,58491894,1,1,0,0,0,440,700,0.1851381542,0.2945379725,0,1430,471.7413793103,616.1252025971,379610.265275257,0,1,0,0,1,0,0,0,1,480.0175438597,42.7727272727,747.9714285714,0,0,0,0,0,0,22,941,35,26179,257,189,8,20,1073468.5,1189840.80252801,1914813,232124,58263714.5,187781.398132243,58396496,58130933,Benign
53,17,15/02/2018 12:54:41,274,1,1,40,56,40,40,40.0,0.0,56,56,56.0,0.0,350364.96350365,7299.2700729927,274.0,0.0,274,274,0,0.0,0.0,0,0,0,0.0,0.0,0,0,0,0,0,0,8,8,3649.6350364964,3649.6350364964,40,56,45.3333333333,9.237604307,85.3333333333,0,0,0,0,0,0,0,0,1,68.0,40.0,56.0,0,0,0,0,0,0,1,40,1,56,-1,-1,0,8,0.0,0.0,0,0,0.0,0.0,0,0,Benign
80,6,15/02/2018 01:27:45,6357620,4,4,97,232,97,0,24.25,48.5,232,0,58.0,116.0,51.7489249122,1.2583325207,908231.428571429,2375659.27044648,6295470,41,62150,20716.6666666667,35639.8416008452,61870,114,6357495,2119165.0,3670097.88232426,6357029,170,0,0,0,0,92,92,0.6291662603,0.6291662603,0,232,36.5555555556,80.0048609634,6400.7777777778,0,0,0,1,0,0,0,0,1,41.125,24.25,58.0,0,0,0,0,0,0,4,97,4,232,8192,141,1,20,0.0,0.0,0,0,0.0,0.0,0,0,Benign
53,17,15/02/2018 01:45:32,12621,1,1,44,100,44,44,44.0,0.0,100,100,100.0,0.0,11409.5555027335,158.4660486491,12621.0,0.0,12621,12621,0,0.0,0.0,0,0,0,0.0,0.0,0,0,0,0,0,0,8,8,79.2330243245,79.2330243245,44,100,62.6666666667,32.3316150746,1045.3333333333,0,0,0,0,0,0,0,0,1,94.0,44.0,100.0,0,0,0,0,0,0,1,44,1,100,-1,-1,0,8,0.0,0.0,0,0,0.0,0.0,0,0,Benign
80,6,15/02/2018 02:19:41,54495011,2,0,0,0,0,0,0.0,0.0,0,0,0.0,0.0,0.0,0.0367006073,54495011.0,0.0,54495011,54495011,54495011,54495011.0,0.0,54495011,54495011,0,0.0,0.0,0,0,0,0,0,0,40,0,0.0367006073,0.0,0,0,0.0,0.0,0.0,0,0,0,0,1,0,0,0,0,0.0,0.0,0.0,0,0,0,0,0,0,2,0,0,0,279,-1,0,20,0.0,0.0,0,0,0.0,0.0,0,0,Benign
443,6,15/02/2018 11:50:46,118408297,34,36,2137,10115,363,0,62.8529411765,81.2922644771,1430,0,280.9722222222,428.5344117612,103.4724787909,0.591174789,1716062.27536232,9888105.29729847,58936305,0,118408297,3588130.21212121,14189287.5565437,58936305,24,118236619,3378189.11428571,13809401.4838022,59107970,0,0,0,0,0,692,732,0.2871420404,0.3040327487,0,1430,172.5633802817,327.4935869555,107252.049496982,0,0,1,1,0,0,0,1,1,175.0285714286,62.8529411765,280.9722222222,0,0,0,0,0,0,34,2137,36,10115,8192,180,18,20,589011.0,590222.030256411,1006361,171661,58529272.5,575630.881826627,58936305,58122240,Benign
50144,6,15/02/2018 09:32:34,25,1,1,0,0,0,0,0.0,0.0,0,0,0.0,0.0,0.0,80000.0,25.0,0.0,25,25,0,0.0,0.0,0,0,0,0.0,0.0,0,0,0,0,0,0,20,20,40000.0,40000.0,0,0,0.0,0.0,0.0,0,0,0,0,1,1,0,0,1,0.0,0.0,0.0,0,0,0,0,0,0,1,0,1,0,31620,63141,0,20,0.0,0.0,0,0,0.0,0.0,0,0,Benign
80,6,15/02/2018 03:34:37,84,2,0,0,0,0,0,0.0,0.0,0,0,0.0,0.0,0.0,23809.5238095238,84.0,0.0,84,84,84,84.0,0.0,84,84,0,0.0,0.0,0,0,0,0,0,0,40,0,23809.5238095238,0.0,0,0,0.0,0.0,0.0,0,0,0,0,1,0,0,0,0,0.0,0.0,0.0,0,0,0,0,0,0,2,0,0,0,278,-1,0,20,0.0,0.0,0,0,0.0,0.0,0,0,Benign
3389,6,15/02/2018 04:35:36,1722643,8,7,1144,1581,677,0,143.0,227.9699228282,1173,0,225.8571428571,430.0986044197,1581.8715775701,8.7075499683,123045.928571429,245481.79388374,953128,66,1722643,246091.857142857,390245.179262742,1125310,66,1604604,267434.0,336583.954735219,953128,118597,0,0,0,0,172,152,4.6440266497,4.0635233185,0,1173,170.3125,319.402717323,102018.095833333,0,0,1,1,0,0,0,1,0,181.6666666667,143.0,225.8571428571,0,0,0,0,0,0,8,1144,7,1581,8192,62856,5,20,0.0,0.0,0,0,0.0,0.0,0,0,Benign
443,6,15/02/2018 08:31:10,332,3,0,77,0,46,0,25.6666666667,23.4591844132,0,0,0.0,0.0,231927.710843373,9036.1445783133,166.0,202.2325394194,309,23,332,166.0,202.2325394194,309,23,0,0.0,0.0,0,0,1,0,0,0,60,0,9036.1445783133,0.0,0,46,30.75,21.6852484422,470.25,0,1,0,0,1,0,0,0,0,41.0,25.6666666667,0.0,0,0,0,0,0,0,3,77,0,0,255,-1,1,20,0.0,0.0,0,0,0.0,0.0,0,0,Benign
3389,6,15/02/2018 04:43:36,2692714,8,7,1148,1581,677,0,143.5,228.129662379,1173,0,225.8571428571,430.0986044197,1013.4756234788,5.5705878901,192336.714285714,257318.37763136,953134,87,2692714,384673.428571429,413694.58451973,1292518,95,2414253,402375.5,270858.518847571,953134,278314,0,0,0,0,172,152,2.9709802081,2.5996076821,0,1173,170.5625,319.433241591,102037.595833333,0,0,0,1,0,0,0,0,0,181.9333333333,143.5,225.8571428571,0,0,0,0,0,0,8,1148,7,1581,8192,62852,5,20,0.0,0.0,0,0,0.0,0.0,0,0,Benign
51288,6,15/02/2018 12:48:52,47,1,1,0,0,0,0,0.0,0.0,0,0,0.0,0.0,0.0,42553.1914893617,47.0,0.0,47,47,0,0.0,0.0,0,0,0,0.0,0.0,0,0,0,0,0,0,20,20,21276.5957446809,21276.5957446809,0,0,0.0,0.0,0.0,0,0,0,0,1,1,0,0,1,0.0,0.0,0.0,0,0,0,0,0,0,1,0,1,0,2190,255,0,20,0.0,0.0,0,0,0.0,0.0,0,0,Benign
445,6,15/02/2018 09:36:17,1183513,7,5,364,582,103,0,52.0,49.2172056636,409,0,116.4,167.0353256051,799.3152588945,10.1393056097,107592.090909091,122983.593694813,238269,4,1183513,197252.166666667,96655.557297895,240113,4,949045,237261.25,2843.6130040262,241271,234931,0,0,0,0,152,112,5.914594939,4.2247106707,0,409,72.7692307692,109.5332170669,11997.5256410256,0,0,0,1,0,0,0,0,0,78.8333333333,52.0,116.4,0,0,0,0,0,0,7,364,5,582,8192,259,4,20,0.0,0.0,0,0,0.0,0.0,0,0,Benign
53,17,15/02/2018 03:37:04,955,1,1,31,94,31,31,31.0,0.0,94,94,94.0,0.0,130890.052356021,2094.2408376963,955.0,0.0,955,955,0,0.0,0.0,0,0,0,0.0,0.0,0,0,0,0,0,0,8,8,1047.1204188482,1047.1204188482,31,94,52.0,36.3730669589,1323.0,0,0,0,0,0,0,0,0,1,78.0,31.0,94.0,0,0,0,0,0,0,1,31,1,94,-1,-1,0,8,0.0,0.0,0,0,0.0,0.0,0,0,Benign
443,6,15/02/2018 01:37:52,1,1,2,64,31,64,64,64.0,0.0,31,0,15.5,21.9203102168,95000000.0,3000000.0,0.5,0.7071067812,1,0,0,0.0,0.0,0,0,0,0.0,0.0,0,0,1,0,0,0,20,40,1000000.0,2000000.0,0,64,39.75,30.7286511256,944.25,0,1,0,0,1,0,0,0,2,53.0,64.0,15.5,0,0,0,0,0,0,1,64,2,31,292,292,0,20,0.0,0.0,0,0,0.0,0.0,0,0,Benign
80,6,15/02/2018 02:56:51,6304776,4,4,97,232,97,0,24.25,48.5,232,0,58.0,116.0,52.182662794,1.2688793385,900682.285714286,2347503.72759801,6223890,42,80886,26962.0,46444.0958249808,80591,105,6304628,2101542.66666667,3639532.67023616,6304113,205,0,0,0,0,92,92,0.6344396692,0.6344396692,0,232,36.5555555556,80.0048609634,6400.7777777778,0,0,0,1,0,0,0,0,1,41.125,24.25,58.0,0,0,0,0,0,0,4,97,4,232,8192,141,1,20,0.0,0.0,0,0,0.0,0.0,0,0,Benign
445,6,15/02/2018 03:41:10,692451,7,5,364,582,103,0,52.0,49.2172056636,409,0,116.4,167.0353256051,1366.1616489831,17.3297460759,62950.0909090909,71715.9947033499,137916,4,692451,115408.5,56547.018024826,140671,4,554537,138634.25,1291.3433251205,140571,137961,0,0,0,0,152,112,10.1090185443,7.2207275316,0,409,72.7692307692,109.5332170669,11997.5256410256,0,0,0,1,0,0,0,0,0,78.8333333333,52.0,116.4,0,0,0,0,0,0,7,364,5,582,8192,257,4,20,0.0,0.0,0,0,0.0,0.0,0,0,Benign
53,17,15/02/2018 10:29:45,38986,1,1,39,67,39,39,39.0,0.0,67,67,67.0,0.0,2718.9247422152,51.3004668342,38986.0,0.0,38986,38986,0,0.0,0.0,0,0,0,0.0,0.0,0,0,0,0,0,0,8,8,25.6502334171,25.6502334171,39,67,48.3333333333,16.1658075373,261.3333333333,0,0,0,0,0,0,0,0,1,72.5,39.0,67.0,0,0,0,0,0,0,1,39,1,67,-1,-1,0,8,0.0,0.0,0,0,0.0,0.0,0,0,Benign
53,17,15/02/2018 03:35:11,823,1,1,44,72,44,44,44.0,0.0,72,72,72.0,0.0,140947.752126367,2430.1336573512,823.0,0.0,823,823,0,0.0,0.0,0,0,0,0.0,0.0,0,0,0,0,0,0,8,8,1215.0668286756,1215.0668286756,44,72,53.3333333333,16.1658075373,261.3333333333,0,0,0,0,0,0,0,0,1,80.0,44.0,72.0,0,0,0,0,0,0,1,44,1,72,-1,-1,0,8,0.0,0.0,0,0,0.0,0.0,0,0,Benign
3389,6,15/02/2018 12:07:24,3869031,9,10,1148,1581,677,0,127.5555555556,218.6910555505,1173,0,158.1,367.7307136721,705.3445681877,4.9107903245,214946.166666667,302412.915184297,1356795,4,3869031,483628.875,515479.743988462,1604391,4,3707672,411963.555555556,377691.649687649,1356795,82422,0,0,0,0,192,212,2.3261638379,2.5846264866,0,1173,136.45,292.3279475989,85455.6289473685,0,0,1,1,0,0,0,1,1,143.6315789474,127.5555555556,158.1,0,0,0,0,0,0,9,1148,10,1581,8192,62852,5,20,0.0,0.0,0,0,0.0,0.0,0,0,Benign
80,6,15/02/2018 10:26:38,132683,2,0,0,0,0,0,0.0,0.0,0,0,0.0,0.0,0.0,15.0735210992,132683.0,0.0,132683,132683,132683,132683.0,0.0,132683,132683,0,0.0,0.0,0,0,0,0,0,0,40,0,15.0735210992,0.0,0,0,0.0,0.0,0.0,0,0,0,0,1,0,0,0,0,0.0,0.0,0.0,0,0,0,0,0,0,2,0,0,0,278,-1,0,20,0.0,0.0,0,0,0.0,0.0,0,0,Benign
443,6,15/02/2018 12:07:24,115755064,24,35,681,29834,319,0,28.375,77.1564263716,1460,0,852.4,699.8547832565,263.6169766188,0.5096969235,1995776.96551724,3964693.34993812,10008025,0,115755064,5032828.86956522,4996667.12557617,10031021,36,110596923,3252850.67647059,4757652.39088315,10031208,0,0,0,0,0,492,844,0.2073343418,0.3023625817,0,1460,508.5833333333,672.9698230741,452888.382768362,0,0,0,1,0,0,0,0,1,517.2033898305,28.375,852.4,0,0,0,0,0,0,24,681,35,29834,8192,980,15,20,49220.4166666667,90751.8185607503,337396,22932,9597031.91666667,1405611.38989768,10008025,5133918,Benign
80,6,15/02/2018 03:14:44,74,2,0,0,0,0,0,0.0,0.0,0,0,0.0,0.0,0.0,27027.027027027,74.0,0.0,74,74,74,74.0,0.0,74,74,0,0.0,0.0,0,0,0,0,0,0,40,0,27027.027027027,0.0,0,0,0.0,0.0,0.0,0,0,0,0,1,0,0,0,0,0.0,0.0,0.0,0,0,0,0,0,0,2,0,0,0,278,-1,0,20,0.0,0.0,0,0,0.0,0.0,0,0,Benign
50812,6,15/02/2018 11:51:41,12,1,1,0,0,0,0,0.0,0.0,0,0,0.0,0.0,0.0,166666.666666667,12.0,0.0,12,12,0,0.0,0.0,0,0,0,0.0,0.0,0,0,0,0,0,0,20,20,83333.3333333333,83333.3333333333,0,0,0.0,0.0,0.0,0,0,0,0,1,1,0,0,1,0.0,0.0,0.0,0,0,0,0,0,0,1,0,1,0,290,256,0,20,0.0,0.0,0,0,0.0,0.0,0,0,Benign
51058,6,15/02/2018 11:46:59,446,2,1,38,0,38,0,19.0,26.8700576851,0,0,0.0,0.0,85201.7937219731,6726.4573991031,223.0,288.4995667241,427,19,446,446.0,0.0,446,446,0,0.0,0.0,0,0,1,0,0,0,40,20,4484.3049327354,2242.1524663677,0,38,19.0,21.9393102292,481.3333333333,0,1,0,0,1,0,0,0,0,25.3333333333,19.0,0.0,0,0,0,0,0,0,2,38,1,0,176,0,0,20,0.0,0.0,0,0,0.0,0.0,0,0,Benign
53,17,15/02/2018 01:48:53,111646,2,2,84,278,42,42,42.0,0.0,139,139,139.0,0.0,3242.3911291045,35.8275262884,37215.3333333333,52216.0183213287,96912,36,96912,96912.0,0.0,96912,96912,36,36.0,0.0,36,36,0,0,0,0,16,16,17.9137631442,17.9137631442,42,139,80.8,53.129088078,2822.7,0,0,0,0,0,0,0,0,1,101.0,42.0,139.0,0,0,0,0,0,0,2,84,2,278,-1,-1,1,8,0.0,0.0,0,0,0.0,0.0,0,0,Benign
80,6,15/02/2018 04:02:11,117430371,21,20,1747,2824,434,0,83.1904761905,174.3704731449,706,0,141.2,289.7362866288,38.9251942328,0.3491430679,2935759.275,4466240.96561828,10014487,20,117430371,5871518.55,4883851.79432259,10109241,13455,112851916,5939574.52631579,5025494.55175378,10109315,94734,0,0,0,0,432,544,0.1788293763,0.1703136917,0,706,108.8333333333,234.245120382,54870.7764227642,0,0,1,1,0,0,0,1,0,111.487804878,83.1904761905,141.2,0,0,0,0,0,0,21,1747,20,2824,8192,184,15,20,250418.272727273,516215.976606128,1806868,94704,10008834.7272727,18523.9617959597,10014487,9952983,Benign
80,6,15/02/2018 01:53:22,53926445,2,0,0,0,0,0,0.0,0.0,0,0,0.0,0.0,0.0,0.0370875551,53926445.0,0.0,53926445,53926445,53926445,53926445.0,0.0,53926445,53926445,0,0.0,0.0,0,0,0,0,0,0,40,0,0.0370875551,0.0,0,0,0.0,0.0,0.0,0,0,0,0,1,0,0,0,0,0.0,0.0,0.0,0,0,0,0,0,0,2,0,0,0,279,-1,0,20,0.0,0.0,0,0,0.0,0.0,0,0,Benign
53,17,15/02/2018 01:13:15,112107,2,2,96,300,48,48,48.0,0.0,150,150,150.0,0.0,3532.3396398084,35.6801983819,37369.0,41656.0343767863,82309,49,29749,29749.0,0.0,29749,29749,49,49.0,0.0,49,49,0,0,0,0,16,16,17.840099191,17.840099191,48,150,88.8,55.8677008655,3121.2,0,0,0,0,0,0,0,0,1,111.0,48.0,150.0,0,0,0,0,0,0,2,96,2,300,-1,-1,1,8,0.0,0.0,0,0,0.0,0.0,0,0,Benign
53,17,15/02/2018 11:51:56,1024,1,1,48,96,48,48,48.0,0.0,96,96,96.0,0.0,140625.0,1953.125,1024.0,0.0,1024,1024,0,0.0,0.0,0,0,0,0.0,0.0,0,0,0,0,0,0,8,8,976.5625,976.5625,48,96,64.0,27.7128129211,768.0,0,0,0,0,0,0,0,0,1,96.0,48.0,96.0,0,0,0,0,0,0,1,48,1,96,-1,-1,0,8,0.0,0.0,0,0,0.0,0.0,0,0,Benign
80,6,15/02/2018 11:33:17,6079785,4,4,97,232,97,0,24.25,48.5,232,0,58.0,116.0,54.1137556673,1.3158360041,868540.714285714,2262403.52721817,5998741,37,81044,27014.6666666667,46543.110009252,80758,102,6079638,2026546.0,3509657.14994057,6079149,186,0,0,0,0,92,92,0.657918002,0.657918002,0,232,36.5555555556,80.0048609634,6400.7777777778,0,0,0,1,0,0,0,0,1,41.125,24.25,58.0,0,0,0,0,0,0,4,97,4,232,8192,141,1,20,0.0,0.0,0,0,0.0,0.0,0,0,Benign
50302,6,15/02/2018 11:12:29,233663,2,0,31,0,31,0,15.5,21.9203102168,0,0,0.0,0.0,132.6696995245,8.5593354532,233663.0,0.0,233663,233663,233663,233663.0,0.0,233663,233663,0,0.0,0.0,0,0,0,0,0,0,40,0,8.5593354532,0.0,0,31,10.3333333333,17.8978583449,320.3333333333,0,0,0,0,1,1,0,0,0,15.5,15.5,0.0,0,0,0,0,0,0,2,31,0,0,63,-1,1,20,0.0,0.0,0,0,0.0,0.0,0,0,Benign
51043,6,15/02/2018 11:04:22,90387,2,1,38,0,38,0,19.0,26.8700576851,0,0,0.0,0.0,420.4144401297,33.1906136944,45193.5,63884.976359861,90367,20,90387,90387.0,0.0,90387,90387,0,0.0,0.0,0,0,1,0,0,0,40,20,22.1270757963,11.0635378981,0,38,19.0,21.9393102292,481.3333333333,0,1,0,0,1,0,0,0,0,25.3333333333,19.0,0.0,0,0,0,0,0,0,2,38,1,0,176,0,0,20,0.0,0.0,0,0,0.0,0.0,0,0,Benign
53,17,15/02/2018 02:58:24,1933,1,1,38,133,38,38,38.0,0.0,133,133,133.0,0.0,88463.5281945163,1034.6611484739,1933.0,0.0,1933,1933,0,0.0,0.0,0,0,0,0.0,0.0,0,0,0,0,0,0,8,8,517.3305742369,517.3305742369,38,133,69.6666666667,54.848275573,3008.3333333333,0,0,0,0,0,0,0,0,1,104.5,38.0,133.0,0,0,0,0,0,0,1,38,1,133,-1,-1,0,8,0.0,0.0,0,0,0.0,0.0,0,0,Benign
80,6,15/02/2018 02:31:21,54727174,2,0,0,0,0,0,0.0,0.0,0,0,0.0,0.0,0.0,0.0365449164,54727174.0,0.0,54727174,54727174,54727174,54727174.0,0.0,54727174,54727174,0,0.0,0.0,0,0,0,0,0,0,40,0,0.0365449164,0.0,0,0,0.0,0.0,0.0,0,0,0,0,1,0,0,0,0,0.0,0.0,0.0,0,0,0,0,0,0,2,0,0,0,279,-1,0,20,0.0,0.0,0,0,0.0,0.0,0,0,Benign
53,17,15/02/2018 03:14:19,36980,1,1,47,175,47,47,47.0,0.0,175,175,175.0,0.0,6003.2449972958,54.0832882639,36980.0,0.0,36980,36980,0,0.0,0.0,0,0,0,0.0,0.0,0,0,0,0,0,0,8,8,27.041644132,27.041644132,47,175,89.6666666667,73.9008344563,5461.3333333333,0,0,0,0,0,0,0,0,1,134.5,47.0,175.0,0,0,0,0,0,0,1,47,1,175,-1,-1,0,8,0.0,0.0,0,0,0.0,0.0,0,0,Benign
53,17,15/02/2018 01:55:50,996,1,1,32,128,32,32,32.0,0.0,128,128,128.0,0.0,160642.570281125,2008.0321285141,996.0,0.0,996,996,0,0.0,0.0,0,0,0,0.0,0.0,0,0,0,0,0,0,8,8,1004.016064257,1004.016064257,32,128,64.0,55.4256258422,3072.0,0,0,0,0,0,0,0,0,1,96.0,32.0,128.0,0,0,0,0,0,0,1,32,1,128,-1,-1,0,8,0.0,0.0,0,0,0.0,0.0,0,0,Benign
53,17,15/02/2018 01:56:05,1569,1,1,35,83,35,35,35.0,0.0,83,83,83.0,0.0,75207.1383046526,1274.6972594009,1569.0,0.0,1569,1569,0,0.0,0.0,0,0,0,0.0,0.0,0,0,0,0,0,0,8,8,637.3486297004,637.3486297004,35,83,51.0,27.7128129211,768.0,0,0,0,0,0,0,0,0,1,76.5,35.0,83.0,0,0,0,0,0,0,1,35,1,83,-1,-1,0,8,0.0,0.0,0,0,0.0,0.0,0,0,Benign
80,6,15/02/2018 04:19:55,793,3,4,161,488,161,0,53.6666666667,92.9533933395,488,0,122.0,244.0,818411.097099622,8827.2383354351,132.1666666667,90.2406043124,248,0,439,219.5,119.5010460205,304,135,545,181.6666666667,183.5274729661,367,0,0,0,0,0,72,92,3783.1021437579,5044.1361916772,0,488,81.125,173.7875858627,30202.125,0,0,0,1,0,0,0,0,1,92.7142857143,53.6666666667,122.0,0,0,0,0,0,0,3,161,4,488,8192,149,1,20,0.0,0.0,0,0,0.0,0.0,0,0,Benign
3389,6,15/02/2018 01:57:39,2764995,8,7,1144,1581,677,0,143.0,227.9699228282,1173,0,225.8571428571,430.0986044197,985.5352360493,5.4249646021,197499.642857143,284946.940688318,953222,53,2764995,394999.285714286,390986.530836939,1156560,97958,2623060,437176.666666667,324565.36212952,953222,144182,0,0,0,0,172,152,2.8933144545,2.5316501476,0,1173,170.3125,319.402717323,102018.095833333,0,0,0,1,0,0,0,0,0,181.6666666667,143.0,225.8571428571,0,0,0,0,0,0,8,1144,7,1581,8192,62856,5,20,0.0,0.0,0,0,0.0,0.0,0,0,Benign
3389,6,15/02/2018 05:19:07,2618904,8,7,1148,1581,677,0,143.5,228.129662379,1173,0,225.8571428571,430.0986044197,1042.0389598092,5.7275868073,187064.571428571,255931.764623582,953453,4,2618904,374129.142857143,409551.148787478,1274677,4,2352683,392113.833333333,275804.302802851,953453,267262,0,0,0,0,172,152,3.0547129639,2.6728738434,0,1173,170.5625,319.433241591,102037.595833333,0,0,0,1,0,0,0,0,0,181.9333333333,143.5,225.8571428571,0,0,0,0,0,0,8,1148,7,1581,8192,62852,5,20,0.0,0.0,0,0,0.0,0.0,0,0,Benign
443,6,15/02/2018 10:21:58,117297310,17,18,1024,5084,410,0,60.2352941176,109.5619284992,1460,0,282.4444444444,492.859868191,52.0728054207,0.2983870645,3449920.88235294,13968603.5058763,58990324,1,117297310,7331081.875,19972944.2957273,58990324,74,117219538,6895266.94117647,19440830.2249555,59012989,1,0,0,0,0,352,372,0.1449308599,0.1534562046,0,1460,169.6666666667,369.6658722994,136652.857142857,0,0,0,1,0,0,0,0,1,174.5142857143,60.2352941176,282.4444444444,0,0,0,0,0,0,17,1024,18,5084,8192,127,7,20,115340.0,53044.3222974901,152848,77832,58494386.0,701362.245696188,58990324,57998448,Benign
53,17,15/02/2018 11:51:57,1331,1,1,28,82,28,28,28.0,0.0,82,82,82.0,0.0,82644.6280991736,1502.6296018032,1331.0,0.0,1331,1331,0,0.0,0.0,0,0,0,0.0,0.0,0,0,0,0,0,0,8,8,751.3148009016,751.3148009016,28,82,46.0,31.1769145362,972.0,0,0,0,0,0,0,0,0,1,69.0,28.0,82.0,0,0,0,0,0,0,1,28,1,82,-1,-1,0,8,0.0,0.0,0,0,0.0,0.0,0,0,Benign
443,6,15/02/2018 09:15:27,5774918,2,3,46,46,46,0,23.0,32.5269119346,46,0,15.3333333333,26.5581123827,15.9309621366,0.8658131596,1443729.5,2806802.5075259,5653640,4,121278,121278.0,0.0,121278,121278,5734793,2867396.5,4055105.3621469,5734789,4,1,0,0,0,40,60,0.3463252638,0.5194878958,0,46,23.0,25.1952376452,634.8,0,1,0,0,1,0,0,0,1,27.6,23.0,15.3333333333,0,0,0,0,0,0,2,46,3,46,257,0,0,20,121278.0,0.0,121278,121278,5653640.0,0.0,5653640,5653640,Benign
0,0,15/02/2018 09:27:06,112637734,3,0,0,0,0,0,0.0,0.0,0,0,0.0,0.0,0.0,0.0266340585,56318867.0,49.4974746831,56318902,56318832,112637734,56318867.0,49.4974746831,56318902,56318832,0,0.0,0.0,0,0,0,0,0,0,0,0,0.0266340585,0.0,0,0,0.0,0.0,0.0,0,0,0,0,0,0,0,0,0,0.0,0.0,0.0,0,0,0,0,0,0,3,0,0,0,-1,-1,0,0,0.0,0.0,0,0,56318867.0,49.4974746831,56318902,56318832,Benign
80,6,15/02/2018 12:01:32,6058844,4,4,97,232,97,0,24.25,48.5,232,0,58.0,116.0,54.3007874109,1.3203838884,865549.142857143,2219980.35030474,5898180,39,160664,53554.6666666667,92435.51058621,160290,178,6058687,2019562.33333333,3497481.41027745,6058106,223,0,0,0,0,92,92,0.6601919442,0.6601919442,0,232,36.5555555556,80.0048609634,6400.7777777778,0,0,0,1,0,0,0,0,1,41.125,24.25,58.0,0,0,0,0,0,0,4,97,4,232,8192,141,1,20,0.0,0.0,0,0,0.0,0.0,0,0,Benign
49834,6,15/02/2018 08:41:31,0,2,0,31,0,31,0,15.5,21.9203102168,0,0,0.0,0.0,inf,inf,0.0,0.0,0,0,0,0.0,0.0,0,0,0,0.0,0.0,0,0,1,0,0,0,40,0,0.0,0.0,0,31,20.6666666667,17.8978583449,320.3333333333,0,1,0,0,1,0,0,0,0,31.0,15.5,0.0,0,0,0,0,0,0,2,31,0,0,980,-1,0,20,0.0,0.0,0,0,0.0,0.0,0,0,Benign
443,6,15/02/2018 02:01:36,1,1,2,64,31,64,64,64.0,0.0,31,0,15.5,21.9203102168,95000000.0,3000000.0,0.5,0.7071067812,1,0,0,0.0,0.0,0,0,1,1.0,0.0,1,1,1,0,0,0,20,40,1000000.0,2000000.0,0,64,39.75,30.7286511256,944.25,0,1,0,0,1,0,0,0,2,53.0,64.0,15.5,0,0,0,0,0,0,1,64,2,31,292,292,0,20,0.0,0.0,0,0,0.0,0.0,0,0,Benign
53,17,15/02/2018 09:47:19,455,1,1,44,60,44,44,44.0,0.0,60,60,60.0,0.0,228571.428571429,4395.6043956044,455.0,0.0,455,455,0,0.0,0.0,0,0,0,0.0,0.0,0,0,0,0,0,0,8,8,2197.8021978022,2197.8021978022,44,60,49.3333333333,9.237604307,85.3333333333,0,0,0,0,0,0,0,0,1,74.0,44.0,60.0,0,0,0,0,0,0,1,44,1,60,-1,-1,0,8,0.0,0.0,0,0,0.0,0.0,0,0,Benign
52745,6,15/02/2018 03:55:27,42,1,1,0,0,0,0,0.0,0.0,0,0,0.0,0.0,0.0,47619.0476190476,42.0,0.0,42,42,0,0.0,0.0,0,0,0,0.0,0.0,0,0,0,0,0,0,20,20,23809.5238095238,23809.5238095238,0,0,0.0,0.0,0.0,0,0,0,0,1,1,0,0,1,0.0,0.0,0.0,0,0,0,0,0,0,1,0,1,0,256,256,0,20,0.0,0.0,0,0,0.0,0.0,0,0,Benign
443,6,15/02/2018 02:04:16,8112725,9,8,533,3536,192,0,59.2222222222,82.1184780938,1460,0,442.0,638.4120926173,501.557737998,2.0954734691,507045.3125,1949525.73461416,7816847,1,8112725,1014090.625,2785852.93562436,7908221,75,244120,34874.2857142857,41245.5886761008,91465,1,0,0,0,0,192,172,1.1093683072,0.986105162,0,1460,226.0555555556,459.0011498412,210682.055555556,0,0,1,1,0,0,0,1,0,239.3529411765,59.2222222222,442.0,0,0,0,0,0,0,9,533,8,3536,8192,980,4,20,295878.0,0.0,295878,295878,7816847.0,0.0,7816847,7816847,Benign
445,6,15/02/2018 08:37:31,186414,3,1,0,0,0,0,0.0,0.0,0,0,0.0,0.0,0.0,21.4576158443,62138.0,107570.7519217,186350,1,186414,93207.0,131813.189294547,186413,1,0,0.0,0.0,0,0,0,0,0,0,72,32,16.0932118832,5.3644039611,0,0,0.0,0.0,0.0,0,0,0,1,0,0,0,0,0,0.0,0.0,0.0,0,0,0,0,0,0,3,0,1,0,8192,8192,0,20,0.0,0.0,0,0,0.0,0.0,0,0,Benign
53,17,15/02/2018 01:49:38,449,1,1,37,165,37,37,37.0,0.0,165,165,165.0,0.0,449888.64142539,4454.3429844098,449.0,0.0,449,449,0,0.0,0.0,0,0,0,0.0,0.0,0,0,0,0,0,0,8,8,2227.1714922049,2227.1714922049,37,165,79.6666666667,73.9008344563,5461.3333333333,0,0,0,0,0,0,0,0,1,119.5,37.0,165.0,0,0,0,0,0,0,1,37,1,165,-1,-1,0,8,0.0,0.0,0,0,0.0,0.0,0,0,Benign
53,17,15/02/2018 08:31:05,33905,2,2,76,188,38,38,38.0,0.0,94,94,94.0,0.0,7786.4621737207,117.9766996018,11301.6666666667,13796.1942699185,26676,1,26676,26676.0,0.0,26676,26676,1,1.0,0.0,1,1,0,0,0,0,16,16,58.9883498009,58.9883498009,38,94,60.4,30.6724632203,940.8,0,0,0,0,0,0,0,0,1,75.5,38.0,94.0,0,0,0,0,0,0,2,76,2,188,-1,-1,1,8,0.0,0.0,0,0,0.0,0.0,0,0,Benign
443,6,15/02/2018 08:23:59,9017732,3,0,0,0,0,0,0.0,0.0,0,0,0.0,0.0,0.0,0.332677884,4508866.0,2130794.16021398,6015565,3002167,9017732,4508866.0,2130794.16021398,6015565,3002167,0,0.0,0.0,0,0,0,0,0,0,92,0,0.332677884,0.0,0,0,0.0,0.0,0.0,0,0,1,1,0,0,0,1,0,0.0,0.0,0.0,0,0,0,0,0,0,3,0,0,0,8192,-1,0,28,3002167.0,0.0,3002167,3002167,6015565.0,0.0,6015565,6015565,Benign
445,6,15/02/2018 04:45:18,204965,3,1,0,0,0,0,0.0,0.0,0,0,0.0,0.0,0.0,19.5155270412,68321.6666666667,118254.335050912,204870,0,204965,102482.5,144932.141405901,204965,0,0,0.0,0.0,0,0,0,0,0,0,72,32,14.6366452809,4.8788817603,0,0,0.0,0.0,0.0,0,0,0,1,0,0,0,0,0,0.0,0.0,0.0,0,0,0,0,0,0,3,0,1,0,8192,8192,0,20,0.0,0.0,0,0,0.0,0.0,0,0,Benign
53,17,15/02/2018 09:49:55,1353,1,1,40,150,40,40,40.0,0.0,150,150,150.0,0.0,140428.677014043,1478.1966001478,1353.0,0.0,1353,1353,0,0.0,0.0,0,0,0,0.0,0.0,0,0,0,0,0,0,8,8,739.0983000739,739.0983000739,40,150,76.6666666667,63.5085296109,4033.3333333333,0,0,0,0,0,0,0,0,1,115.0,40.0,150.0,0,0,0,0,0,0,1,40,1,150,-1,-1,0,8,0.0,0.0,0,0,0.0,0.0,0,0,Benign
59641,6,15/02/2018 10:37:45,32,2,0,0,0,0,0,0.0,0.0,0,0,0.0,0.0,0.0,62500.0,32.0,0.0,32,32,32,32.0,0.0,32,32,0,0.0,0.0,0,0,0,0,0,0,40,0,62500.0,0.0,0,0,0.0,0.0,0.0,0,0,0,0,1,0,0,0,0,0.0,0.0,0.0,0,0,0,0,0,0,2,0,0,0,256,-1,0,20,0.0,0.0,0,0,0.0,0.0,0,0,Benign
53,17,15/02/2018 10:12:04,140630,2,2,76,172,38,38,38.0,0.0,86,86,86.0,0.0,1763.4928535874,28.4434331224,46876.6666666667,56427.6463476312,109507,0,31123,31123.0,0.0,31123,31123,0,0.0,0.0,0,0,0,0,0,0,16,16,14.2217165612,14.2217165612,38,86,57.2,26.2906827602,691.2,0,0,0,0,0,0,0,0,1,71.5,38.0,86.0,0,0,0,0,0,0,2,76,2,172,-1,-1,1,8,0.0,0.0,0,0,0.0,0.0,0,0,Benign
53,17,15/02/2018 05:26:11,279,1,1,45,61,45,45,45.0,0.0,61,61,61.0,0.0,379928.315412186,7168.458781362,279.0,0.0,279,279,0,0.0,0.0,0,0,0,0.0,0.0,0,0,0,0,0,0,8,8,3584.229390681,3584.229390681,45,61,50.3333333333,9.237604307,85.3333333333,0,0,0,0,0,0,0,0,1,75.5,45.0,61.0,0,0,0,0,0,0,1,45,1,61,-1,-1,0,8,0.0,0.0,0,0,0.0,0.0,0,0,Benign
52735,6,15/02/2018 04:40:18,0,2,0,31,0,31,0,15.5,21.9203102168,0,0,0.0,0.0,inf,inf,0.0,0.0,0,0,0,0.0,0.0,0,0,0,0.0,0.0,0,0,1,0,0,0,40,0,0.0,0.0,0,31,20.6666666667,17.8978583449,320.3333333333,0,1,0,0,1,0,0,0,0,31.0,15.5,0.0,0,0,0,0,0,0,2,31,0,0,290,-1,0,20,0.0,0.0,0,0,0.0,0.0,0,0,Benign
51987,6,15/02/2018 02:17:22,90029,2,1,38,0,38,0,19.0,26.8700576851,0,0,0.0,0.0,422.0862166635,33.3225960524,45014.5,63629.0037050715,90007,22,90029,90029.0,0.0,90029,90029,0,0.0,0.0,0,0,1,0,0,0,40,20,22.2150640349,11.1075320175,0,38,19.0,21.9393102292,481.3333333333,0,1,0,0,1,0,0,0,0,25.3333333333,19.0,0.0,0,0,0,0,0,0,2,38,1,0,176,0,0,20,0.0,0.0,0,0,0.0,0.0,0,0,Benign
80,6,15/02/2018 08:39:23,5375,2,0,0,0,0,0,0.0,0.0,0,0,0.0,0.0,0.0,372.0930232558,5375.0,0.0,5375,5375,5375,5375.0,0.0,5375,5375,0,0.0,0.0,0,0,0,0,0,0,40,0,372.0930232558,0.0,0,0,0.0,0.0,0.0,0,0,0,0,1,0,0,0,0,0.0,0.0,0.0,0,0,0,0,0,0,2,0,0,0,278,-1,0,20,0.0,0.0,0,0,0.0,0.0,0,0,Benign
51817,6,15/02/2018 03:28:26,72,1,1,0,0,0,0,0.0,0.0,0,0,0.0,0.0,0.0,27777.7777777778,72.0,0.0,72,72,0,0.0,0.0,0,0,0,0.0,0.0,0,0,0,0,0,0,20,20,13888.8888888889,13888.8888888889,0,0,0.0,0.0,0.0,0,0,0,0,1,0,0,0,1,0.0,0.0,0.0,0,0,0,0,0,0,1,0,1,0,176,0,0,20,0.0,0.0,0,0,0.0,0.0,0,0,Benign
65139,6,15/02/2018 02:41:55,256,2,0,0,0,0,0,0.0,0.0,0,0,0.0,0.0,0.0,7812.5,256.0,0.0,256,256,256,256.0,0.0,256,256,0,0.0,0.0,0,0,0,0,0,0,40,0,7812.5,0.0,0,0,0.0,0.0,0.0,0,0,0,0,1,0,0,0,0,0.0,0.0,0.0,0,0,0,0,0,0,2,0,0,0,255,-1,0,20,0.0,0.0,0,0,0.0,0.0,0,0,Benign
80,6,15/02/2018 04:39:53,86,2,0,0,0,0,0,0.0,0.0,0,0,0.0,0.0,0.0,23255.8139534884,86.0,0.0,86,86,86,86.0,0.0,86,86,0,0.0,0.0,0,0,0,0,0,0,40,0,23255.8139534884,0.0,0,0,0.0,0.0,0.0,0,0,0,0,1,0,0,0,0,0.0,0.0,0.0,0,0,0,0,0,0,2,0,0,0,279,-1,0,20,0.0,0.0,0,0,0.0,0.0,0,0,Benign
3389,6,15/02/2018 03:55:42,2640016,8,7,1148,1581,677,0,143.5,228.129662379,1173,0,225.8571428571,430.0986044197,1033.7058563282,5.6817837468,188572.571428571,255878.508030581,953279,91,2640016,377145.142857143,412825.492392943,1284911,91,2370833,395138.833333333,274524.59630599,953279,268509,0,0,0,0,172,152,3.0302846649,2.6514990818,0,1173,170.5625,319.433241591,102037.595833333,0,0,0,1,0,0,0,0,0,181.9333333333,143.5,225.8571428571,0,0,0,0,0,0,8,1148,7,1581,8192,62852,5,20,0.0,0.0,0,0,0.0,0.0,0,0,Benign
3389,6,15/02/2018 12:18:23,2573502,9,7,1144,1581,677,0,127.1111111111,218.5088353159,1173,0,225.8571428571,430.0986044197,1058.8684213185,6.2172090793,171566.8,256588.042198051,953230,67,2573502,321687.75,364518.704584846,1150535,68,2431684,405280.666666667,374845.449059565,953230,144221,0,0,0,0,192,152,3.4971801071,2.7200289722,0,1173,160.2941176471,312.0067636899,97348.2205882353,0,0,0,1,0,0,0,0,0,170.3125,127.1111111111,225.8571428571,0,0,0,0,0,0,9,1144,7,1581,8192,62856,5,20,0.0,0.0,0,0,0.0,0.0,0,0,Benign
53,17,15/02/2018 08:28:45,19255,2,2,62,126,31,31,31.0,0.0,63,63,63.0,0.0,9763.6977408465,207.7382498052,6418.3333333333,10437.3082896566,18470,319,18936,18936.0,0.0,18936,18936,785,785.0,0.0,785,785,0,0,0,0,16,16,103.8691249026,103.8691249026,31,63,43.8,17.5271218402,307.2,0,0,0,0,0,0,0,0,1,54.75,31.0,63.0,0,0,0,0,0,0,2,62,2,126,-1,-1,1,8,0.0,0.0,0,0,0.0,0.0,0,0,Benign
445,6,15/02/2018 03:12:55,138906,3,1,0,0,0,0,0.0,0.0,0,0,0.0,0.0,0.0,28.7964522771,46302.0,80021.615960939,138703,81,138906,69453.0,98048.8404928891,138784,122,0,0.0,0.0,0,0,0,0,0,0,104,40,21.5973392078,7.1991130693,0,0,0.0,0.0,0.0,0,0,0,1,0,0,0,0,0,0.0,0.0,0.0,0,0,0,0,0,0,3,0,1,0,8192,8192,0,32,0.0,0.0,0,0,0.0,0.0,0,0,Benign
80,6,15/02/2018 01:07:51,54713256,2,0,0,0,0,0,0.0,0.0,0,0,0.0,0.0,0.0,0.0365542127,54713256.0,0.0,54713256,54713256,54713256,54713256.0,0.0,54713256,54713256,0,0.0,0.0,0,0,0,0,0,0,40,0,0.0365542127,0.0,0,0,0.0,0.0,0.0,0,0,0,0,1,0,0,0,0,0.0,0.0,0.0,0,0,0,0,0,0,2,0,0,0,279,-1,0,20,0.0,0.0,0,0,0.0,0.0,0,0,Benign
53,17,15/02/2018 04:31:01,502,1,1,36,68,36,36,36.0,0.0,68,68,68.0,0.0,207171.314741036,3984.0637450199,502.0,0.0,502,502,0,0.0,0.0,0,0,0,0.0,0.0,0,0,0,0,0,0,8,8,1992.03187251,1992.03187251,36,68,46.6666666667,18.4752086141,341.3333333333,0,0,0,0,0,0,0,0,1,70.0,36.0,68.0,0,0,0,0,0,0,1,36,1,68,-1,-1,0,8,0.0,0.0,0,0,0.0,0.0,0,0,Benign
443,6,15/02/2018 05:02:29,34029546,6,4,35,0,31,0,5.8333333333,12.33558538,0,0,0.0,0.0,1.0285179826,0.2938622807,3781060.66666667,4881455.28551988,10160106,22,34029546,6805909.2,4757303.61791769,10200784,22,30468289,10156096.3333333,52901.1595084015,10200655,10097631,0,0,0,0,120,128,0.1763173684,0.1175449123,0,31,3.2727272727,9.2096787033,84.8181818182,0,0,0,0,1,0,0,0,0,3.6,5.8333333333,0.0,0,0,0,0,0,0,6,35,4,0,253,1398,4,20,41983.3333333333,2373.4974896413,44723,40549,10114169.3333333,55217.6317613616,10160106,10052908,Benign
139,6,15/02/2018 09:14:33,9256792,1,3,0,0,0,0,0.0,0.0,0,0,0.0,0.0,0.0,0.4321151431,3085597.33333333,3064758.72605028,6129196,108,0,0.0,0.0,0,0,9256684,4628342.0,2122528.08194191,6129196,3127488,0,0,0,0,20,72,0.1080287858,0.3240863573,0,0,0.0,0.0,0.0,0,0,0,1,0,0,0,0,3,0.0,0.0,0.0,0,0,0,0,0,0,1,0,3,0,1024,8192,0,20,3127596.0,0.0,3127596,3127596,6129196.0,0.0,6129196,6129196,Benign
445,6,15/02/2018 01:24:52,719666,7,5,364,582,103,0,52.0,49.2172056636,409,0,116.4,167.0353256051,1314.4986702165,16.6744017364,65424.1818181818,74595.7972406196,149582,5,719666,119944.333333333,58943.4720716948,149649,5,579985,144996.25,5891.3940837462,152508,140218,0,0,0,0,152,112,9.7267343462,6.9476673902,0,409,72.7692307692,109.5332170669,11997.5256410256,0,0,0,1,0,0,0,0,0,78.8333333333,52.0,116.4,0,0,0,0,0,0,7,364,5,582,8192,259,4,20,0.0,0.0,0,0,0.0,0.0,0,0,Benign
53383,6,15/02/2018 04:28:18,71,2,0,0,0,0,0,0.0,0.0,0,0,0.0,0.0,0.0,28169.014084507,71.0,0.0,71,71,71,71.0,0.0,71,71,0,0.0,0.0,0,0,0,0,0,0,40,0,28169.014084507,0.0,0,0,0.0,0.0,0.0,1,0,0,0,0,0,0,0,0,0.0,0.0,0.0,0,0,0,0,0,0,2,0,0,0,0,-1,0,20,0.0,0.0,0,0,0.0,0.0,0,0,Benign
21,6,15/02/2018 11:02:03,2941981,2,0,0,0,0,0,0.0,0.0,0,0,0.0,0.0,0.0,0.6798140437,2941981.0,0.0,2941981,2941981,2941981,2941981.0,0.0,2941981,2941981,0,0.0,0.0,0,0,0,0,0,0,64,0,0.6798140437,0.0,0,0,0.0,0.0,0.0,0,0,0,1,0,0,0,0,0,0.0,0.0,0.0,0,0,0,0,0,0,2,0,0,0,8192,-1,0,32,0.0,0.0,0,0,0.0,0.0,0,0,Benign
30303,6,15/02/2018 12:39:48,3000530,3,0,0,0,0,0,0.0,0.0,0,0,0.0,0.0,0.0,0.9998233645,1500265.0,714080.268262609,2005196,995334,3000530,1500265.0,714080.268262609,2005196,995334,0,0.0,0.0,0,0,0,0,0,0,120,0,0.9998233645,0.0,0,0,0.0,0.0,0.0,0,0,0,1,0,0,0,0,0,0.0,0.0,0.0,0,0,0,0,0,0,3,0,0,0,29200,-1,0,40,0.0,0.0,0,0,0.0,0.0,0,0,Benign
53,17,15/02/2018 09:45:21,245,1,1,44,60,44,44,44.0,0.0,60,60,60.0,0.0,424489.795918367,8163.2653061225,245.0,0.0,245,245,0,0.0,0.0,0,0,0,0.0,0.0,0,0,0,0,0,0,8,8,4081.6326530612,4081.6326530612,44,60,49.3333333333,9.237604307,85.3333333333,0,0,0,0,0,0,0,0,1,74.0,44.0,60.0,0,0,0,0,0,0,1,44,1,60,-1,-1,0,8,0.0,0.0,0,0,0.0,0.0,0,0,Benign
52536,6,15/02/2018 02:17:49,171,2,1,38,0,38,0,19.0,26.8700576851,0,0,0.0,0.0,222222.222222222,17543.8596491228,85.5,94.0452018978,152,19,171,171.0,0.0,171,171,0,0.0,0.0,0,0,1,0,0,0,40,20,11695.9064327485,5847.9532163743,0,38,19.0,21.9393102292,481.3333333333,0,1,0,0,1,0,0,0,0,25.3333333333,19.0,0.0,0,0,0,0,0,0,2,38,1,0,31,0,0,20,0.0,0.0,0,0,0.0,0.0,0,0,Benign
53,17,15/02/2018 12:45:07,381,1,1,38,54,38,38,38.0,0.0,54,54,54.0,0.0,241469.816272966,5249.343832021,381.0,0.0,381,381,0,0.0,0.0,0,0,0,0.0,0.0,0,0,0,0,0,0,8,8,2624.6719160105,2624.6719160105,38,54,43.3333333333,9.237604307,85.3333333333,0,0,0,0,0,0,0,0,1,65.0,38.0,54.0,0,0,0,0,0,0,1,38,1,54,-1,-1,0,8,0.0,0.0,0,0,0.0,0.0,0,0,Benign
51025,6,15/02/2018 12:16:42,214,2,1,38,0,38,0,19.0,26.8700576851,0,0,0.0,0.0,177570.093457944,14018.691588785,107.0,101.8233764909,179,35,214,214.0,0.0,214,214,0,0.0,0.0,0,0,1,0,0,0,40,20,9345.7943925234,4672.8971962617,0,38,19.0,21.9393102292,481.3333333333,0,1,0,0,1,0,0,0,0,25.3333333333,19.0,0.0,0,0,0,0,0,0,2,38,1,0,176,0,0,20,0.0,0.0,0,0,0.0,0.0,0,0,Benign
3389,6,15/02/2018 08:36:18,1644120,8,7,1138,1581,677,0,142.25,227.7465696778,1173,0,225.8571428571,430.0986044197,1653.7722307374,9.1234216481,117437.142857143,224958.620442775,865622,0,1644120,234874.285714286,391799.107751968,1112682,0,1563584,260597.333333333,304791.266301163,865622,79154,0,0,0,0,172,152,4.865824879,4.2575967691,0,1173,169.9375,319.3627965705,101992.595833333,0,0,1,1,0,0,0,1,0,181.2666666667,142.25,225.8571428571,0,0,0,0,0,0,8,1138,7,1581,8192,62862,5,20,0.0,0.0,0,0,0.0,0.0,0,0,Benign
80,6,15/02/2018 01:16:09,857,3,4,161,488,161,0,53.6666666667,92.9533933395,488,0,122.0,244.0,757292.882147025,8168.0280046675,142.8333333333,106.7846743061,306,1,553,276.5,120.9152595829,362,191,551,183.6666666667,207.967144841,410,1,0,0,0,0,72,92,3500.5834305718,4667.4445740957,0,488,81.125,173.7875858627,30202.125,0,0,0,1,0,0,0,0,1,92.7142857143,53.6666666667,122.0,0,0,0,0,0,0,3,161,4,488,8192,149,1,20,0.0,0.0,0,0,0.0,0.0,0,0,Benign
52316,6,15/02/2018 01:56:13,1,3,0,77,0,46,0,25.6666666667,23.4591844132,0,0,0.0,0.0,77000000.0,3000000.0,0.5,0.7071067812,1,0,1,0.5,0.7071067812,1,0,0,0.0,0.0,0,0,1,0,0,0,60,0,3000000.0,0.0,0,46,30.75,21.6852484422,470.25,0,1,0,0,1,0,0,0,0,41.0,25.6666666667,0.0,0,0,0,0,0,0,3,77,0,0,123,-1,1,20,0.0,0.0,0,0,0.0,0.0,0,0,Benign
80,6,15/02/2018 09:32:11,116114357,16,15,443,2502,432,0,27.6875,107.8175735521,1460,0,166.8,447.2160232243,25.3629273424,0.2669781826,3870478.56666667,4845664.22076656,10009143,1,116114357,7740957.13333333,4163884.14843188,10062272,178,110738901,7909921.5,4276960.39431855,10062423,1,0,0,0,0,332,444,0.137795191,0.1291829916,0,1460,92.03125,317.9047822931,101063.450604839,0,0,0,1,0,0,0,0,0,95.0,27.6875,166.8,0,0,0,0,0,0,16,443,15,2502,8192,946,12,20,58116.0,16340.3422179586,107383,53077,10009026.1818182,116.5751415883,10009143,10008828,Benign
49562,6,15/02/2018 08:44:22,54,2,1,0,0,0,0,0.0,0.0,0,0,0.0,0.0,0.0,55555.5555555556,27.0,36.7695526217,53,1,1,1.0,0.0,1,1,0,0.0,0.0,0,0,0,0,0,0,40,20,37037.037037037,18518.5185185185,0,0,0.0,0.0,0.0,1,0,0,0,0,0,0,0,0,0.0,0.0,0.0,0,0,0,0,0,0,2,0,1,0,0,0,0,20,0.0,0.0,0,0,0.0,0.0,0,0,Benign
80,6,15/02/2018 12:15:01,179,2,0,0,0,0,0,0.0,0.0,0,0,0.0,0.0,0.0,11173.1843575419,179.0,0.0,179,179,179,179.0,0.0,179,179,0,0.0,0.0,0,0,0,0,0,0,40,0,11173.1843575419,0.0,0,0,0.0,0.0,0.0,0,0,0,0,1,0,0,0,0,0.0,0.0,0.0,0,0,0,0,0,0,2,0,0,0,253,-1,0,20,0.0,0.0,0,0,0.0,0.0,0,0,Benign
80,6,15/02/2018 01:16:20,1016,3,4,161,488,161,0,53.6666666667,92.9533933395,488,0,122.0,244.0,638779.527559055,6889.7637795276,169.3333333333,124.7231601054,362,32,439,219.5,132.2289680819,313,126,761,253.6666666667,191.9852424884,367,32,0,0,0,0,72,92,2952.7559055118,3937.0078740158,0,488,81.125,173.7875858627,30202.125,0,0,0,1,0,0,0,0,1,92.7142857143,53.6666666667,122.0,0,0,0,0,0,0,3,161,4,488,8192,149,1,20,0.0,0.0,0,0,0.0,0.0,0,0,Benign
53,17,15/02/2018 10:26:39,24634,2,2,72,284,36,36,36.0,0.0,142,142,142.0,0.0,14451.5709994317,162.3772022408,8211.3333333333,12656.681015706,22814,397,24237,24237.0,0.0,24237,24237,1820,1820.0,0.0,1820,1820,0,0,0,0,16,16,81.1886011204,81.1886011204,36,142,78.4,58.0585910955,3370.8,0,0,0,0,0,0,0,0,1,98.0,36.0,142.0,0,0,0,0,0,0,2,72,2,284,-1,-1,1,8,0.0,0.0,0,0,0.0,0.0,0,0,Benign
51415,6,15/02/2018 11:50:47,564,3,1,38,0,38,0,12.6666666667,21.9393102292,0,0,0.0,0.0,67375.8865248227,7092.1985815603,188.0,291.4807026203,524,3,564,282.0,394.5655839021,561,3,0,0.0,0.0,0,0,0,0,0,0,60,20,5319.1489361702,1773.0496453901,0,38,7.6,16.994116629,288.8,0,0,0,0,1,0,0,0,0,9.5,12.6666666667,0.0,0,0,0,0,0,0,3,38,1,0,176,0,1,20,0.0,0.0,0,0,0.0,0.0,0,0,Benign
80,6,15/02/2018 11:46:11,5645478,4,4,97,232,97,0,24.25,48.5,232,0,58.0,116.0,58.2767305089,1.4170633558,806496.857142857,2106572.47551739,5583474,40,62004,20668.0,35533.9214413495,61699,104,5645317,1881772.33333333,3258898.33941845,5644824,200,0,0,0,0,92,92,0.7085316779,0.7085316779,0,232,36.5555555556,80.0048609634,6400.7777777778,0,0,0,1,0,0,0,0,1,41.125,24.25,58.0,0,0,0,0,0,0,4,97,4,232,8192,141,1,20,0.0,0.0,0,0,0.0,0.0,0,0,Benign
445,6,15/02/2018 08:46:14,985198,6,5,455,338,140,0,75.8333333333,62.9362110924,145,0,67.6,69.7588704037,804.9143420916,11.1652683014,98519.8,127030.754620726,247289,3,985091,197018.2,110149.310477642,247354,3,985133,246283.25,2114.6210653448,247522,243119,0,0,0,0,132,112,6.0901463462,5.0751219552,0,145,66.0833333333,63.40269328,4019.9015151515,0,0,0,1,0,0,0,0,0,72.0909090909,75.8333333333,67.6,0,0,0,0,0,0,6,455,5,338,8192,0,4,20,0.0,0.0,0,0,0.0,0.0,0,0,Benign
53,17,15/02/2018 10:16:11,31141,2,2,166,330,83,83,83.0,0.0,165,165,165.0,0.0,15927.5553129315,128.4480267172,10380.3333333333,16543.5565805341,29478,446,30695,30695.0,0.0,30695,30695,29924,29924.0,0.0,29924,29924,0,0,0,0,16,16,64.2240133586,64.2240133586,83,165,115.8,44.9132497154,2017.2,0,0,0,0,0,0,0,0,1,144.75,83.0,165.0,0,0,0,0,0,0,2,166,2,330,-1,-1,1,8,0.0,0.0,0,0,0.0,0.0,0,0,Benign
53,17,15/02/2018 10:22:07,20396,1,1,45,86,45,45,45.0,0.0,86,86,86.0,0.0,6422.8280054913,98.0584428319,20396.0,0.0,20396,20396,0,0.0,0.0,0,0,0,0.0,0.0,0,0,0,0,0,0,8,8,49.029221416,49.029221416,45,86,58.6666666667,23.6713610368,560.3333333333,0,0,0,0,0,0,0,0,1,88.0,45.0,86.0,0,0,0,0,0,0,1,45,1,86,-1,-1,0,8,0.0,0.0,0,0,0.0,0.0,0,0,Benign
443,6,15/02/2018 12:22:17,20684492,12,14,1088,10244,405,0,90.6666666667,156.3657328964,1460,0,731.7142857143,669.4820533668,547.8500511398,1.2569803503,827379.68,2756257.04880016,10004098,0,20672697,1879336.09090909,4010232.97813487,10015266,32,20673269,1590251.46153846,3742647.47131429,10015893,0,0,0,0,0,252,304,0.5801447771,0.6768355732,0,1460,419.7037037037,586.1831437893,343610.678062678,0,0,0,1,0,0,0,0,1,435.8461538462,90.6666666667,731.7142857143,0,0,0,0,0,0,12,1088,14,10244,8192,0,6,20,357910.0,490367.239044372,704652,11168,9978438.5,36288.0129037124,10004098,9952779,Benign
443,6,15/02/2018 12:31:22,35015505,6,4,35,0,31,0,5.8333333333,12.33558538,0,0,0.0,0.0,0.9995571962,0.2855877703,3890611.66666667,4839848.2884675,10013008,34,35015505,7003101.0,4523503.20604087,10062356,34,30187027,10062342.3333333,123.6621742221,10062476,10062232,0,0,0,0,120,128,0.1713526622,0.1142351081,0,31,3.2727272727,9.2096787033,84.8181818182,0,0,0,0,1,0,0,0,0,3.6,5.8333333333,0.0,0,0,0,0,0,0,6,35,4,0,254,1047,4,20,49409.6666666667,60.0694043031,49468,49348,10012912.6666667,94.5110222849,10013008,10012819,Benign
80,6,15/02/2018 09:59:03,23875,4,5,434,2337,434,0,108.5,217.0,1460,0,467.4,672.3866447216,116062.827225131,376.9633507853,2984.375,5312.8884513444,11589,10,23858,7952.6666666667,6766.6554022895,12094,144,12287,3071.75,5799.5398308831,11765,15,0,0,0,0,92,112,167.5392670157,209.4240837696,0,1460,277.1,507.8539706998,257915.655555556,0,0,0,1,0,0,0,0,1,307.8888888889,108.5,467.4,0,0,0,0,0,0,4,434,5,2337,8192,237,1,20,0.0,0.0,0,0,0.0,0.0,0,0,Benign
52002,6,15/02/2018 03:58:38,16,1,1,0,0,0,0,0.0,0.0,0,0,0.0,0.0,0.0,125000.0,16.0,0.0,16,16,0,0.0,0.0,0,0,0,0.0,0.0,0,0,0,0,0,0,20,20,62500.0,62500.0,0,0,0.0,0.0,0.0,0,0,0,0,1,1,0,0,1,0.0,0.0,0.0,0,0,0,0,0,0,1,0,1,0,111,258,0,20,0.0,0.0,0,0,0.0,0.0,0,0,Benign
53,17,15/02/2018 09:48:18,1403,1,1,42,142,42,42,42.0,0.0,142,142,142.0,0.0,131147.540983607,1425.5167498218,1403.0,0.0,1403,1403,0,0.0,0.0,0,0,0,0.0,0.0,0,0,0,0,0,0,8,8,712.7583749109,712.7583749109,42,142,75.3333333333,57.735026919,3333.3333333333,0,0,0,0,0,0,0,0,1,113.0,42.0,142.0,0,0,0,0,0,0,1,42,1,142,-1,-1,0,8,0.0,0.0,0,0,0.0,0.0,0,0,Benign
445,6,15/02/2018 02:41:40,219969,3,1,0,0,0,0,0.0,0.0,0,0,0.0,0.0,0.0,18.1843805263,73323.0,126922.958411786,219881,1,219969,109984.5,155540.157337261,219968,1,0,0.0,0.0,0,0,0,0,0,0,72,32,13.6382853948,4.5460951316,0,0,0.0,0.0,0.0,0,0,0,1,0,0,0,0,0,0.0,0.0,0.0,0,0,0,0,0,0,3,0,1,0,8192,8192,0,20,0.0,0.0,0,0,0.0,0.0,0,0,Benign
80,6,15/02/2018 02:04:47,16534721,7,31,985,39728,984,0,140.7142857143,371.8542341141,1460,0,1281.5483870968,473.8040972603,2462.2731765477,2.298194206,446884.351351351,1904052.85557769,10031051,0,16534721,2755786.83333333,4308853.80670714,10031051,37759,10396032,346534.4,1837498.50304302,10071541,0,0,0,0,0,152,644,0.4233515643,1.8748426417,0,1460,1043.9230769231,651.2150742071,424081.072874494,0,0,0,1,0,0,0,0,4,1071.3947368421,140.7142857143,1281.5483870968,0,0,0,0,0,0,7,985,31,39728,8192,31,2,20,201614.0,227966.983613856,362811,40417,8065746.5,2779360.27809287,10031051,6100442,Benign
53,17,15/02/2018 10:44:27,2149,1,1,35,83,35,35,35.0,0.0,83,83,83.0,0.0,54909.2601209865,930.6654257794,2149.0,0.0,2149,2149,0,0.0,0.0,0,0,0,0.0,0.0,0,0,0,0,0,0,8,8,465.3327128897,465.3327128897,35,83,51.0,27.7128129211,768.0,0,0,0,0,0,0,0,0,1,76.5,35.0,83.0,0,0,0,0,0,0,1,35,1,83,-1,-1,0,8,0.0,0.0,0,0,0.0,0.0,0,0,Benign
443,6,15/02/2018 03:56:48,79061286,18,14,6876,5238,1061,0,382.0,406.044332555,1460,0,374.1428571429,518.683371201,153.2229060883,0.4047492979,2550364.06451613,10798582.7195411,59955931,0,79061286,4650663.88235294,14431866.6299447,59955931,420,18969095,1459161.15384615,2589800.08575478,6813155,0,0,0,0,0,372,292,0.2276714801,0.1770778178,0,1460,367.0909090909,448.598467705,201240.585227273,0,0,0,1,0,0,0,0,0,378.5625,382.0,374.1428571429,0,0,0,0,0,0,18,6876,14,5238,8192,513,10,20,3048081.5,3848211.57482596,5769178,326985,6411806.5,456698.349658174,6734741,6088872,Benign
443,6,15/02/2018 11:59:36,119476383,15,13,1824,841,600,0,121.6,201.2279446655,225,0,64.6923076923,72.9867392241,22.3056635385,0.2343559396,4425051.22222222,15681518.8016987,58827370,14,119476383,8534027.35714286,21308668.7703899,58827370,46,119398607,9949883.91666667,22855744.3695855,58905186,87,0,0,0,0,312,272,0.1255478248,0.1088081148,0,600,91.8965517241,153.7765876727,23647.2389162562,0,0,0,1,0,0,0,0,0,95.1785714286,121.6,64.6923076923,0,0,0,0,0,0,15,1824,13,841,8192,128,8,20,877449.5,1130691.32028176,1676969,77930,58821835.0,7827.6720677351,58827370,58816300,Benign
80,6,15/02/2018 12:41:47,1265,3,4,148,243,148,0,49.3333333333,85.4478398401,243,0,60.75,121.5,309090.909090909,5533.5968379447,210.8333333333,134.5472655488,353,30,752,376.0,65.0538238692,422,330,912,304.0,293.6596669616,614,30,0,0,0,0,72,92,2371.5415019763,3162.0553359684,0,243,48.875,93.9930658537,8834.6964285714,0,0,0,1,0,0,0,0,1,55.8571428571,49.3333333333,60.75,0,0,0,0,0,0,3,148,4,243,8192,149,1,20,0.0,0.0,0,0,0.0,0.0,0,0,Benign
80,6,15/02/2018 10:04:05,33638,3,4,437,860,437,0,145.6666666667,252.3020676359,860,0,215.0,430.0,38557.583685118,208.0979844224,5606.3333333333,8488.4835551862,16568,0,16840,8420.0,11527.2547469031,16571,269,17078,5692.6666666667,9661.4864970838,16848,0,0,0,0,0,72,92,89.1848504667,118.9131339556,0,860,162.125,320.7787121099,102898.982142857,0,0,1,1,0,0,0,1,1,185.2857142857,145.6666666667,215.0,0,0,0,0,0,0,3,437,4,860,8192,31,1,20,0.0,0.0,0,0,0.0,0.0,0,0,Benign
445,6,15/02/2018 01:25:16,186019,3,1,0,0,0,0,0.0,0.0,0,0,0.0,0.0,0.0,21.5031797827,62006.3333333333,106913.380155775,185459,56,186019,93009.5,130822.532694104,185515,504,0,0.0,0.0,0,0,0,0,0,0,72,32,16.127384837,5.3757949457,0,0,0.0,0.0,0.0,0,0,0,1,0,0,0,0,0,0.0,0.0,0.0,0,0,0,0,0,0,3,0,1,0,8192,8192,0,20,0.0,0.0,0,0,0.0,0.0,0,0,Benign
3389,6,15/02/2018 04:56:16,1780524,8,7,1144,1581,677,0,143.0,227.9699228282,1173,0,225.8571428571,430.0986044197,1530.4483399269,8.4244862748,127180.285714286,245484.553957593,953146,3,1780524,254360.571428571,388630.194655046,1128486,3,1662123,277020.5,332001.350686259,953146,120491,0,0,0,0,172,152,4.4930593466,3.9314269283,0,1173,170.3125,319.402717323,102018.095833333,0,0,1,1,0,0,0,1,0,181.6666666667,143.0,225.8571428571,0,0,0,0,0,0,8,1144,7,1581,8192,62856,5,20,0.0,0.0,0,0,0.0,0.0,0,0,Benign
443,6,15/02/2018 02:15:02,115893137,29,56,3061,56251,590,0,105.5517241379,203.6892917809,1460,0,1004.4821428572,654.374565828,511.7818150008,0.7334342844,1379680.20238095,3404315.01150911,10015773,0,115893137,4139040.60714286,4901440.86501179,10046522,12,111220061,2022182.92727273,4044296.64642294,10046460,0,0,0,0,0,592,1264,0.2502305206,0.4832037638,0,1460,689.6744186047,691.4033885445,478038.645690834,0,0,1,1,0,0,0,1,1,697.7882352941,105.5517241379,1004.4821428572,0,0,0,0,0,0,29,3061,56,56251,8192,1117,19,20,110537.272727273,263310.444301053,904439,30614,10000395.1818182,14906.6221044082,10015773,9960036,Benign
53,17,15/02/2018 10:59:07,449,1,1,50,66,50,50,50.0,0.0,66,66,66.0,0.0,258351.893095768,4454.3429844098,449.0,0.0,449,449,0,0.0,0.0,0,0,0,0.0,0.0,0,0,0,0,0,0,8,8,2227.1714922049,2227.1714922049,50,66,55.3333333333,9.237604307,85.3333333333,0,0,0,0,0,0,0,0,1,83.0,50.0,66.0,0,0,0,0,0,0,1,50,1,66,-1,-1,0,8,0.0,0.0,0,0,0.0,0.0,0,0,Benign
80,6,15/02/2018 11:43:07,58,2,0,0,0,0,0,0.0,0.0,0,0,0.0,0.0,0.0,34482.7586206897,58.0,0.0,58,58,58,58.0,0.0,58,58,0,0.0,0.0,0,0,0,0,0,0,40,0,34482.7586206897,0.0,0,0,0.0,0.0,0.0,0,0,0,0,1,0,0,0,0,0.0,0.0,0.0,0,0,0,0,0,0,2,0,0,0,278,-1,0,20,0.0,0.0,0,0,0.0,0.0,0,0,Benign
53,17,15/02/2018 03:50:27,18907,1,1,40,56,40,40,40.0,0.0,56,56,56.0,0.0,5077.4845295393,105.7809276987,18907.0,0.0,18907,18907,0,0.0,0.0,0,0,0,0.0,0.0,0,0,0,0,0,0,8,8,52.8904638494,52.8904638494,40,56,45.3333333333,9.237604307,85.3333333333,0,0,0,0,0,0,0,0,1,68.0,40.0,56.0,0,0,0,0,0,0,1,40,1,56,-1,-1,0,8,0.0,0.0,0,0,0.0,0.0,0,0,Benign
80,6,15/02/2018 01:22:56,5745920,4,4,97,232,97,0,24.25,48.5,232,0,58.0,116.0,57.2580196035,1.39229227,820845.714285714,2144571.82854781,5684005,40,61915,20638.3333333333,35430.5800733397,61550,131,5745726,1915242.0,3316741.33138823,5745085,244,0,0,0,0,92,92,0.696146135,0.696146135,0,232,36.5555555556,80.0048609634,6400.7777777778,0,0,0,1,0,0,0,0,1,41.125,24.25,58.0,0,0,0,0,0,0,4,97,4,232,8192,141,1,20,0.0,0.0,0,0,0.0,0.0,0,0,Benign
80,6,15/02/2018 04:03:15,6146992,4,4,97,232,97,0,24.25,48.5,232,0,58.0,116.0,53.5221129294,1.3014495545,878141.714285714,2296074.66401645,6084891,40,62101,20700.3333333333,35617.6228338351,61828,100,6146859,2048953.0,3548502.71967023,6146411,152,0,0,0,0,92,92,0.6507247773,0.6507247773,0,232,36.5555555556,80.0048609634,6400.7777777778,0,0,0,1,0,0,0,0,1,41.125,24.25,58.0,0,0,0,0,0,0,4,97,4,232,8192,141,1,20,0.0,0.0,0,0,0.0,0.0,0,0,Benign
53,17,15/02/2018 01:05:08,1511,1,1,77,155,77,77,77.0,0.0,155,155,155.0,0.0,153540.701522171,1323.6267372601,1511.0,0.0,1511,1511,0,0.0,0.0,0,0,0,0.0,0.0,0,0,0,0,0,0,8,8,661.81336863,661.81336863,77,155,103.0,45.0333209968,2028.0,0,0,0,0,0,0,0,0,1,154.5,77.0,155.0,0,0,0,0,0,0,1,77,1,155,-1,-1,0,8,0.0,0.0,0,0,0.0,0.0,0,0,Benign
80,6,15/02/2018 02:50:10,810,3,4,161,488,161,0,53.6666666667,92.9533933395,488,0,122.0,244.0,801234.567901235,8641.975308642,135.0,80.7242218916,243,29,481,240.5,78.4888527117,296,185,567,189.0,181.3532464556,386,29,0,0,0,0,72,92,3703.7037037037,4938.2716049383,0,488,81.125,173.7875858627,30202.125,0,0,0,1,0,0,0,0,1,92.7142857143,53.6666666667,122.0,0,0,0,0,0,0,3,161,4,488,8192,149,1,20,0.0,0.0,0,0,0.0,0.0,0,0,Benign
80,6,15/02/2018 08:50:14,115922651,16,15,442,1807,431,0,27.625,107.5675756598,1460,0,120.4666666667,381.1941512568,19.4008675664,0.2674196952,3864088.36666667,4873161.25704423,10134922,1,115922651,7728176.73333333,4238509.15825127,10198077,527,111474590,7962470.71428572,4307956.03804088,10202002,1,0,0,0,0,332,444,0.1380230685,0.1293966267,0,1460,70.28125,271.1813147021,73539.3054435484,0,0,0,1,0,0,0,0,0,72.5483870968,27.625,120.4666666667,0,0,0,0,0,0,16,442,15,1807,8192,946,12,20,52743.8181818182,19483.2265644999,85259,39857,10077663.1818182,28911.5784446929,10134922,10048665,Benign
51600,6,15/02/2018 01:34:58,0,2,0,0,0,0,0,0.0,0.0,0,0,0.0,0.0,,inf,0.0,0.0,0,0,0,0.0,0.0,0,0,0,0.0,0.0,0,0,0,0,0,0,40,0,0.0,0.0,0,0,0.0,0.0,0.0,0,0,0,0,1,0,0,0,0,0.0,0.0,0.0,0,0,0,0,0,0,2,0,0,0,189,-1,0,20,0.0,0.0,0,0,0.0,0.0,0,0,Benign
39635,6,15/02/2018 12:10:36,87649439,2,0,0,0,0,0,0.0,0.0,0,0,0.0,0.0,0.0,0.0228181723,87649439.0,0.0,87649439,87649439,87649439,87649439.0,0.0,87649439,87649439,0,0.0,0.0,0,0,0,0,0,0,40,0,0.0228181723,0.0,0,0,0.0,0.0,0.0,0,0,0,0,1,0,0,0,0,0.0,0.0,0.0,0,0,0,0,0,0,2,0,0,0,62618,-1,0,20,0.0,0.0,0,0,87649439.0,0.0,87649439,87649439,Benign
80,6,15/02/2018 10:07:25,5834011,4,4,97,232,97,0,24.25,48.5,232,0,58.0,116.0,56.3934486925,1.3712692691,833430.142857143,2177868.43511895,5772101,38,61910,20636.6666666667,35521.1997310526,61653,98,5833890,1944630.0,3367763.21736238,5833388,215,0,0,0,0,92,92,0.6856346346,0.6856346346,0,232,36.5555555556,80.0048609634,6400.7777777778,0,0,0,1,0,0,0,0,1,41.125,24.25,58.0,0,0,0,0,0,0,4,97,4,232,8192,141,1,20,0.0,0.0,0,0,0.0,0.0,0,0,Benign
3389,6,15/02/2018 03:38:23,2200754,8,7,1144,1581,677,0,143.0,227.9699228282,1173,0,225.8571428571,430.0986044197,1238.2119946164,6.8158458419,157196.714285714,244180.213201526,937740,78,2200754,314393.428571429,398183.07550165,1201278,170,2002058,333676.333333333,297111.25832231,937740,185478,0,0,0,0,172,152,3.6351177824,3.1807280596,0,1173,170.3125,319.402717323,102018.095833333,0,0,0,1,0,0,0,0,0,181.6666666667,143.0,225.8571428571,0,0,0,0,0,0,8,1144,7,1581,8192,62856,5,20,0.0,0.0,0,0,0.0,0.0,0,0,Benign
53,17,15/02/2018 10:39:41,1060,1,1,41,69,41,41,41.0,0.0,69,69,69.0,0.0,103773.58490566,1886.7924528302,1060.0,0.0,1060,1060,0,0.0,0.0,0,0,0,0.0,0.0,0,0,0,0,0,0,8,8,943.3962264151,943.3962264151,41,69,50.3333333333,16.1658075373,261.3333333333,0,0,0,0,0,0,0,0,1,75.5,41.0,69.0,0,0,0,0,0,0,1,41,1,69,-1,-1,0,8,0.0,0.0,0,0,0.0,0.0,0,0,Benign
53,17,15/02/2018 11:56:26,287922,2,2,96,128,48,48,48.0,0.0,64,64,64.0,0.0,777.9884829919,13.892651482,95974.0,165267.094813214,286808,526,287334,287334.0,0.0,287334,287334,287396,287396.0,0.0,287396,287396,0,0,0,0,16,16,6.946325741,6.946325741,48,64,54.4,8.7635609201,76.8,0,0,0,0,0,0,0,0,1,68.0,48.0,64.0,0,0,0,0,0,0,2,96,2,128,-1,-1,1,8,0.0,0.0,0,0,0.0,0.0,0,0,Benign
123,17,15/02/2018 05:08:35,44432,1,1,48,48,48,48,48.0,0.0,48,48,48.0,0.0,2160.6049693914,45.012603529,44432.0,0.0,44432,44432,0,0.0,0.0,0,0,0,0.0,0.0,0,0,0,0,0,0,8,8,22.5063017645,22.5063017645,48,48,48.0,0.0,0.0,0,0,0,0,0,0,0,0,1,72.0,48.0,48.0,0,0,0,0,0,0,1,48,1,48,-1,-1,0,8,0.0,0.0,0,0,0.0,0.0,0,0,Benign
445,6,15/02/2018 04:12:10,180583,5,4,286,170,103,0,57.2,52.4852360193,131,0,42.5,61.7980582219,2525.1546380335,49.8385783822,22572.875,30954.5443441439,60384,4,180506,45126.5,30082.5221737363,60453,4,180514,60171.3333333333,569.4825136326,60790,59669,0,0,0,0,112,92,27.6880991012,22.150479281,0,131,45.6,52.9846938066,2807.3777777778,0,0,0,1,0,0,0,0,0,50.6666666667,57.2,42.5,0,0,0,0,0,0,5,286,4,170,8192,0,3,20,0.0,0.0,0,0,0.0,0.0,0,0,Benign
80,6,15/02/2018 10:56:27,365,2,0,0,0,0,0,0.0,0.0,0,0,0.0,0.0,0.0,5479.4520547945,365.0,0.0,365,365,365,365.0,0.0,365,365,0,0.0,0.0,0,0,0,0,0,0,40,0,5479.4520547945,0.0,0,0,0.0,0.0,0.0,0,0,0,0,1,0,0,0,0,0.0,0.0,0.0,0,0,0,0,0,0,2,0,0,0,253,-1,0,20,0.0,0.0,0,0,0.0,0.0,0,0,Benign
15488,6,15/02/2018 04:55:02,144,2,0,0,0,0,0,0.0,0.0,0,0,0.0,0.0,0.0,13888.8888888889,144.0,0.0,144,144,144,144.0,0.0,144,144,0,0.0,0.0,0,0,0,0,0,0,40,0,13888.8888888889,0.0,0,0,0.0,0.0,0.0,0,0,0,0,1,0,0,0,0,0.0,0.0,0.0,0,0,0,0,0,0,2,0,0,0,65064,-1,0,20,0.0,0.0,0,0,0.0,0.0,0,0,Benign
3389,6,15/02/2018 03:36:15,2639749,9,9,1262,1640,661,0,140.2222222222,208.2581197563,1173,0,182.2222222222,382.6920360348,1099.3469454861,6.8188301236,155279.352941176,242314.549425159,962339,3,2639749,329968.625,384767.541424295,1217756,3,2440975,305121.875,290277.14374293,962339,44769,0,0,0,0,192,204,3.4094150618,3.4094150618,0,1173,152.7368421053,293.5567032307,86175.5380116959,0,0,0,1,0,0,0,0,1,161.2222222222,140.2222222222,182.2222222222,0,0,0,0,0,0,9,1262,9,1640,8192,62872,6,20,0.0,0.0,0,0,0.0,0.0,0,0,Benign
53,17,15/02/2018 11:50:51,68804,1,1,37,115,37,37,37.0,0.0,115,115,115.0,0.0,2209.1738852392,29.0680774374,68804.0,0.0,68804,68804,0,0.0,0.0,0,0,0,0.0,0.0,0,0,0,0,0,0,8,8,14.5340387187,14.5340387187,37,115,63.0,45.0333209968,2028.0,0,0,0,0,0,0,0,0,1,94.5,37.0,115.0,0,0,0,0,0,0,1,37,1,115,-1,-1,0,8,0.0,0.0,0,0,0.0,0.0,0,0,Benign
55544,6,15/02/2018 09:21:32,42,2,0,0,0,0,0,0.0,0.0,0,0,0.0,0.0,0.0,47619.0476190476,42.0,0.0,42,42,42,42.0,0.0,42,42,0,0.0,0.0,0,0,0,0,0,0,40,0,47619.0476190476,0.0,0,0,0.0,0.0,0.0,0,0,0,0,1,0,0,0,0,0.0,0.0,0.0,0,0,0,0,0,0,2,0,0,0,256,-1,0,20,0.0,0.0,0,0,0.0,0.0,0,0,Benign
443,6,15/02/2018 04:37:34,9018869,3,0,0,0,0,0,0.0,0.0,0,0,0.0,0.0,0.0,0.3326359436,4509434.5,2129951.99603759,6015538,3003331,9018869,4509434.5,2129951.99603759,6015538,3003331,0,0.0,0.0,0,0,0,0,0,0,92,0,0.3326359436,0.0,0,0,0.0,0.0,0.0,0,0,1,1,0,0,0,1,0,0.0,0.0,0.0,0,0,0,0,0,0,3,0,0,0,8192,-1,0,28,3003331.0,0.0,3003331,3003331,6015538.0,0.0,6015538,6015538,Benign
49785,6,15/02/2018 09:02:52,37,1,1,0,0,0,0,0.0,0.0,0,0,0.0,0.0,0.0,54054.0540540541,37.0,0.0,37,37,0,0.0,0.0,0,0,0,0.0,0.0,0,0,0,0,0,0,20,20,27027.027027027,27027.027027027,0,0,0.0,0.0,0.0,0,0,0,0,1,1,0,0,1,0.0,0.0,0.0,0,0,0,0,0,0,1,0,1,0,123,256,0,20,0.0,0.0,0,0,0.0,0.0,0,0,Benign
80,6,15/02/2018 10:29:47,5303224,4,4,97,232,97,0,24.25,48.5,232,0,58.0,116.0,62.0377340275,1.5085163289,757603.428571429,1979463.77259271,5246356,50,56868,18956.0,32533.1813845495,56522,105,5303033,1767677.66666667,3061231.21696979,5302483,202,0,0,0,0,92,92,0.7542581645,0.7542581645,0,232,36.5555555556,80.0048609634,6400.7777777778,0,0,0,1,0,0,0,0,1,41.125,24.25,58.0,0,0,0,0,0,0,4,97,4,232,8192,141,1,20,0.0,0.0,0,0,0.0,0.0,0,0,Benign
443,6,15/02/2018 03:06:55,678,3,0,77,0,46,0,25.6666666667,23.4591844132,0,0,0.0,0.0,113569.321533923,4424.778761062,339.0,452.5483399594,659,19,678,339.0,452.5483399594,659,19,0,0.0,0.0,0,0,1,0,0,0,60,0,4424.778761062,0.0,0,46,30.75,21.6852484422,470.25,0,1,0,0,1,0,0,0,0,41.0,25.6666666667,0.0,0,0,0,0,0,0,3,77,0,0,253,-1,1,20,0.0,0.0,0,0,0.0,0.0,0,0,Benign
3389,6,15/02/2018 03:05:00,2337514,8,7,1144,1581,677,0,143.0,227.9699228282,1173,0,225.8571428571,430.0986044197,1165.7684189271,6.4170738657,166965.285714286,250087.05415651,953098,66,2337514,333930.571428571,393500.889747345,1205164,66,2146519,357753.166666667,293075.084954976,953098,208715,0,0,0,0,172,152,3.422439395,2.9946344706,0,1173,170.3125,319.402717323,102018.095833333,0,0,1,1,0,0,0,1,0,181.6666666667,143.0,225.8571428571,0,0,0,0,0,0,8,1144,7,1581,8192,62856,5,20,0.0,0.0,0,0,0.0,0.0,0,0,Benign
80,6,15/02/2018 09:15:00,744,3,4,148,243,148,0,49.3333333333,85.4478398401,243,0,60.75,121.5,525537.634408602,9408.6021505376,124.0,71.2825364307,190,28,398,199.0,43.8406204336,230,168,554,184.6666666667,162.8137995789,353,28,0,0,0,0,72,92,4032.2580645161,5376.3440860215,0,243,48.875,93.9930658537,8834.6964285714,0,0,0,1,0,0,0,0,1,55.8571428571,49.3333333333,60.75,0,0,0,0,0,0,3,148,4,243,8192,149,1,20,0.0,0.0,0,0,0.0,0.0,0,0,Benign
80,6,15/02/2018 01:58:28,115193473,16,14,456,971,445,0,28.5,111.0675470153,971,0,69.3571428571,259.510665897,12.3878546487,0.2604314222,3972188.72413793,4876657.92728895,10008751,13,115193473,7679564.86666667,4170362.77934179,10030889,226,110411933,8493225.61538462,3754156.32018339,10034542,22283,0,0,0,0,332,424,0.1388967585,0.1215346637,0,971,46.0322580645,189.3135818109,35839.6322580645,0,0,1,1,0,0,0,1,0,47.5666666667,28.5,69.3571428571,0,0,0,0,0,0,16,456,14,971,8192,119,12,20,33830.4545454545,38628.253878123,150299,22121,10003603.0,16845.1630386885,10008751,9952813,Benign
80,6,15/02/2018 03:02:55,367,2,0,0,0,0,0,0.0,0.0,0,0,0.0,0.0,0.0,5449.591280654,367.0,0.0,367,367,367,367.0,0.0,367,367,0,0.0,0.0,0,0,0,0,0,0,40,0,5449.591280654,0.0,0,0,0.0,0.0,0.0,0,0,0,0,1,0,0,0,0,0.0,0.0,0.0,0,0,0,0,0,0,2,0,0,0,253,-1,0,20,0.0,0.0,0,0,0.0,0.0,0,0,Benign
443,6,15/02/2018 09:06:09,60280157,4,2,146,250,73,0,36.5,42.1465696508,125,125,125.0,0.0,6.5693259558,0.0995352418,12056031.4,26757660.9606438,59921418,37135,60280157,20093385.6666667,34492194.7233976,59921418,93479,60172040,60172040.0,0.0,60172040,60172040,1,0,0,0,80,40,0.0663568278,0.0331784139,0,125,67.0,51.3387443036,2635.6666666667,0,1,0,0,1,0,0,0,0,78.1666666667,36.5,125.0,0,0,0,0,0,0,4,146,2,250,255,7462,1,20,93479.0,0.0,93479,93479,59921418.0,0.0,59921418,59921418,Benign
51399,6,15/02/2018 11:46:58,26,1,1,0,0,0,0,0.0,0.0,0,0,0.0,0.0,0.0,76923.0769230769,26.0,0.0,26,26,0,0.0,0.0,0,0,0,0.0,0.0,0,0,0,0,0,0,20,20,38461.5384615385,38461.5384615385,0,0,0.0,0.0,0.0,0,0,0,0,1,1,0,0,1,0.0,0.0,0.0,0,0,0,0,0,0,1,0,1,0,980,253,0,20,0.0,0.0,0,0,0.0,0.0,0,0,Benign
80,6,15/02/2018 03:03:54,5760235,4,4,97,232,97,0,24.25,48.5,232,0,58.0,116.0,57.1157253133,1.3888322265,822890.714285714,2149921.39547346,5698179,43,62056,20685.3333333333,35527.5617279505,61709,132,5760063,1920021.0,3325168.62552969,5759595,124,0,0,0,0,92,92,0.6944161132,0.6944161132,0,232,36.5555555556,80.0048609634,6400.7777777778,0,0,0,1,0,0,0,0,1,41.125,24.25,58.0,0,0,0,0,0,0,4,97,4,232,8192,141,1,20,0.0,0.0,0,0,0.0,0.0,0,0,Benign
3389,6,15/02/2018 10:11:28,3618855,10,7,1138,1581,677,0,113.8,209.617535314,1173,0,225.8571428571,430.0986044197,751.3426208013,4.6976184456,226178.4375,400878.621620555,1523724,3,3618855,402095.0,535459.227541883,1523724,3,3562407,593734.5,676182.820895577,1867188,79340,0,0,0,0,212,152,2.763304968,1.9343134776,0,1173,151.0555555556,304.9810933816,93013.4673202615,0,0,0,1,0,0,0,0,0,159.9411764706,113.8,225.8571428571,0,0,0,0,0,0,10,1138,7,1581,8192,62862,5,20,0.0,0.0,0,0,0.0,0.0,0,0,Benign
52416,6,15/02/2018 03:53:39,1344,3,0,0,0,0,0,0.0,0.0,0,0,0.0,0.0,0.0,2232.1428571429,672.0,948.9373003523,1343,1,1344,672.0,948.9373003523,1343,1,0,0.0,0.0,0,0,0,0,0,0,60,0,2232.1428571429,0.0,0,0,0.0,0.0,0.0,1,0,0,0,0,0,0,0,0,0.0,0.0,0.0,0,0,0,0,0,0,3,0,0,0,0,-1,0,20,0.0,0.0,0,0,0.0,0.0,0,0,Benign
3389,6,15/02/2018 08:38:13,5822649,11,11,1994,2754,661,0,181.2727272727,249.6926474324,1173,0,250.3636363636,464.0491941006,815.4364104723,3.7783489954,277269.0,652404.146075115,3013710,24,5822649,582264.9,937730.746187536,3144550,317,5638832,563883.2,879211.224777174,3013710,95741,0,0,0,0,244,268,1.8891744977,1.8891744977,0,1173,206.4347826087,359.7781925382,129440.347826087,0,0,1,1,0,0,0,1,1,215.8181818182,181.2727272727,250.3636363636,0,0,0,0,0,0,11,1994,11,2754,8192,62872,7,20,0.0,0.0,0,0,0.0,0.0,0,0,Benign
80,6,15/02/2018 02:42:21,55750684,232,546,23385,755511,780,0,100.7974137931,252.558676723,1460,0,1383.7197802198,292.3097644572,13971.0572878353,13.9549857361,71751.2020592021,787623.683362132,10014041,0,49859741,215843.034632035,1384965.61383153,10030966,100,55733798,102263.849541284,943074.949697421,10032117,0,0,0,0,0,4652,10980,4.1613839213,9.7936018148,0,1460,999.8664955071,651.5580615751,424527.907603512,0,0,0,1,0,0,0,0,2,1001.1516709512,100.7974137931,1383.7197802198,0,0,0,0,0,0,232,23385,546,755511,8192,77,36,20,556199.0,1159736.67125581,2629810,16925,9415749.2,1294983.81454797,10014041,7099969,Benign
80,6,15/02/2018 11:22:28,45379,3,4,371,355,371,0,123.6666666667,214.1969498694,355,0,88.75,177.5,15998.5896560083,154.2563740937,7563.1666666667,11400.1072348758,22310,18,22441,11220.5,15634.8380388158,22276,165,23133,7711.0,12815.3986672284,22505,18,0,0,0,0,72,92,66.1098746116,88.1464994821,0,371,90.75,168.0907492993,28254.5,0,0,0,1,0,0,0,0,1,103.7142857143,123.6666666667,88.75,0,0,0,0,0,0,3,371,4,355,8192,946,1,20,0.0,0.0,0,0,0.0,0.0,0,0,Benign
58719,6,15/02/2018 10:42:57,38,2,0,0,0,0,0,0.0,0.0,0,0,0.0,0.0,0.0,52631.5789473684,38.0,0.0,38,38,38,38.0,0.0,38,38,0,0.0,0.0,0,0,0,0,0,0,40,0,52631.5789473684,0.0,0,0,0.0,0.0,0.0,0,0,0,0,1,0,0,0,0,0.0,0.0,0.0,0,0,0,0,0,0,2,0,0,0,260,-1,0,20,0.0,0.0,0,0,0.0,0.0,0,0,Benign
3389,6,15/02/2018 12:19:11,2031777,8,7,1144,1581,677,0,143.0,227.9699228282,1173,0,225.8571428571,430.0986044197,1341.190494823,7.3826999715,145126.928571429,246251.015210235,953080,3,2031777,290253.857142857,397666.752478516,1180403,3,1864973,310828.833333333,315781.01339594,953080,160250,0,0,0,0,172,152,3.9374399848,3.4452599867,0,1173,170.3125,319.402717323,102018.095833333,0,0,1,1,0,0,0,1,0,181.6666666667,143.0,225.8571428571,0,0,0,0,0,0,8,1144,7,1581,8192,62856,5,20,0.0,0.0,0,0,0.0,0.0,0,0,Benign
53,17,15/02/2018 01:09:43,1438,1,1,32,128,32,32,32.0,0.0,128,128,128.0,0.0,111265.646731572,1390.8205841447,1438.0,0.0,1438,1438,0,0.0,0.0,0,0,0,0.0,0.0,0,0,0,0,0,0,8,8,695.4102920723,695.4102920723,32,128,64.0,55.4256258422,3072.0,0,0,0,0,0,0,0,0,1,96.0,32.0,128.0,0,0,0,0,0,0,1,32,1,128,-1,-1,0,8,0.0,0.0,0,0,0.0,0.0,0,0,Benign
53,17,15/02/2018 04:57:46,355,1,1,36,68,36,36,36.0,0.0,68,68,68.0,0.0,292957.746478873,5633.8028169014,355.0,0.0,355,355,0,0.0,0.0,0,0,0,0.0,0.0,0,0,0,0,0,0,8,8,2816.9014084507,2816.9014084507,36,68,46.6666666667,18.4752086141,341.3333333333,0,0,0,0,0,0,0,0,1,70.0,36.0,68.0,0,0,0,0,0,0,1,36,1,68,-1,-1,0,8,0.0,0.0,0,0,0.0,0.0,0,0,Benign
52201,6,15/02/2018 01:37:17,199,2,1,38,0,38,0,19.0,26.8700576851,0,0,0.0,0.0,190954.773869347,15075.3768844221,99.5,108.1873375215,176,23,199,199.0,0.0,199,199,0,0.0,0.0,0,0,1,0,0,0,40,20,10050.2512562814,5025.1256281407,0,38,19.0,21.9393102292,481.3333333333,0,1,0,0,1,0,0,0,0,25.3333333333,19.0,0.0,0,0,0,0,0,0,2,38,1,0,123,0,0,20,0.0,0.0,0,0,0.0,0.0,0,0,Benign
3389,6,15/02/2018 08:52:07,1423342,8,7,1138,1581,677,0,142.25,227.7465696778,1173,0,225.8571428571,430.0986044197,1910.2928178892,10.5385775169,101667.285714286,237739.325690144,916180,4,1423342,203334.571428571,385950.333659595,1074265,4,1378693,229782.166666667,338602.303090464,916180,41916,0,0,0,0,172,152,5.6205746757,4.9180028412,0,1173,169.9375,319.3627965705,101992.595833333,0,0,0,1,0,0,0,0,0,181.2666666667,142.25,225.8571428571,0,0,0,0,0,0,8,1138,7,1581,8192,62862,5,20,0.0,0.0,0,0,0.0,0.0,0,0,Benign
30303,6,15/02/2018 12:50:26,30649620,3,0,0,0,0,0,0.0,0.0,0,0,0.0,0.0,0.0,0.0978804957,15324810.0,17432377.0156972,27651362,2998258,30649620,15324810.0,17432377.0156972,27651362,2998258,0,0.0,0.0,0,0,0,0,0,0,84,0,0.0978804957,0.0,0,0,0.0,0.0,0.0,0,0,0,1,0,0,0,0,0,0.0,0.0,0.0,0,0,0,0,0,0,3,0,0,0,64240,-1,0,20,2998258.0,0.0,2998258,2998258,27651362.0,0.0,27651362,27651362,Benign
53,17,15/02/2018 01:55:41,244,1,1,46,62,46,46,46.0,0.0,62,62,62.0,0.0,442622.950819672,8196.7213114754,244.0,0.0,244,244,0,0.0,0.0,0,0,0,0.0,0.0,0,0,0,0,0,0,8,8,4098.3606557377,4098.3606557377,46,62,51.3333333333,9.237604307,85.3333333333,0,0,0,0,0,0,0,0,1,77.0,46.0,62.0,0,0,0,0,0,0,1,46,1,62,-1,-1,0,8,0.0,0.0,0,0,0.0,0.0,0,0,Benign
51155,6,15/02/2018 12:27:23,17,1,1,0,0,0,0,0.0,0.0,0,0,0.0,0.0,0.0,117647.058823529,17.0,0.0,17,17,0,0.0,0.0,0,0,0,0.0,0.0,0,0,0,0,0,0,20,20,58823.5294117647,58823.5294117647,0,0,0.0,0.0,0.0,0,0,0,0,1,1,0,0,1,0.0,0.0,0.0,0,0,0,0,0,0,1,0,1,0,119,255,0,20,0.0,0.0,0,0,0.0,0.0,0,0,Benign
53,17,15/02/2018 01:45:11,23351,2,2,72,264,36,36,36.0,0.0,132,132,132.0,0.0,14389.1053916321,171.2988737099,7783.6666666667,9810.7374510448,18811,23,18811,18811.0,0.0,18811,18811,23,23.0,0.0,23,23,0,0,0,0,16,16,85.649436855,85.649436855,36,132,74.4,52.5813655205,2764.8,0,0,0,0,0,0,0,0,1,93.0,36.0,132.0,0,0,0,0,0,0,2,72,2,264,-1,-1,1,8,0.0,0.0,0,0,0.0,0.0,0,0,Benign
0,0,15/02/2018 08:35:49,7287700,2,0,0,0,0,0,0.0,0.0,0,0,0.0,0.0,0.0,0.2744350069,7287700.0,0.0,7287700,7287700,7287700,7287700.0,0.0,7287700,7287700,0,0.0,0.0,0,0,0,0,0,0,0,0,0.2744350069,0.0,0,0,0.0,0.0,0.0,0,0,0,0,0,0,0,0,0,0.0,0.0,0.0,0,0,0,0,0,0,2,0,0,0,-1,-1,0,0,0.0,0.0,0,0,7287700.0,0.0,7287700,7287700,Benign
53,17,15/02/2018 02:31:19,816,1,1,44,72,44,44,44.0,0.0,72,72,72.0,0.0,142156.862745098,2450.9803921569,816.0,0.0,816,816,0,0.0,0.0,0,0,0,0.0,0.0,0,0,0,0,0,0,8,8,1225.4901960784,1225.4901960784,44,72,53.3333333333,16.1658075373,261.3333333333,0,0,0,0,0,0,0,0,1,80.0,44.0,72.0,0,0,0,0,0,0,1,44,1,72,-1,-1,0,8,0.0,0.0,0,0,0.0,0.0,0,0,Benign
443,6,15/02/2018 08:46:36,53311368,5,1,123,46,46,0,24.6,23.2765976895,46,46,46.0,0.0,3.1700555874,0.1125463522,10662273.6,23705237.5988777,53067320,22,53311368,13327842.0,26493234.4452979,53067320,22,0,0.0,0.0,0,0,1,0,0,0,100,20,0.0937886268,0.0187577254,0,46,30.7142857143,21.6849739506,470.2380952381,0,1,0,0,1,0,0,0,0,35.8333333333,24.6,46.0,0,0,0,0,0,0,5,123,1,46,258,189,2,20,243827.0,0.0,243827,243827,53067320.0,0.0,53067320,53067320,Benign
51999,6,15/02/2018 02:59:11,4,3,0,31,0,31,0,10.3333333333,17.8978583449,0,0,0.0,0.0,7750000.0,750000.0,2.0,2.8284271247,4,0,4,2.0,2.8284271247,4,0,0,0.0,0.0,0,0,0,0,0,0,60,0,750000.0,0.0,0,31,7.75,15.5,240.25,0,0,0,0,1,0,0,0,0,10.3333333333,10.3333333333,0.0,0,0,0,0,0,0,3,31,0,0,946,-1,1,20,0.0,0.0,0,0,0.0,0.0,0,0,Benign
50621,6,15/02/2018 11:33:18,1,2,0,0,0,0,0,0.0,0.0,0,0,0.0,0.0,0.0,2000000.0,1.0,0.0,1,1,1,1.0,0.0,1,1,0,0.0,0.0,0,0,0,0,0,0,40,0,2000000.0,0.0,0,0,0.0,0.0,0.0,1,0,0,0,0,0,0,0,0,0.0,0.0,0.0,0,0,0,0,0,0,2,0,0,0,0,-1,0,20,0.0,0.0,0,0,0.0,0.0,0,0,Benign
445,6,15/02/2018 11:34:03,47828,6,5,455,338,140,0,75.8333333333,62.9362110924,145,0,67.6,69.7588704037,16580.2458810738,229.990800368,4782.8,6045.9904215751,11940,3,47792,9558.4,5342.38077078,12052,3,47748,11937.0,207.1826891096,12247,11814,0,0,0,0,132,112,125.4495274734,104.5412728945,0,145,66.0833333333,63.40269328,4019.9015151515,0,0,0,1,0,0,0,0,0,72.0909090909,75.8333333333,67.6,0,0,0,0,0,0,6,455,5,338,8192,0,4,20,0.0,0.0,0,0,0.0,0.0,0,0,Benign
53,17,15/02/2018 09:54:21,80386,1,1,30,160,30,30,30.0,0.0,160,160,160.0,0.0,2363.595650984,24.8799542209,80386.0,0.0,80386,80386,0,0.0,0.0,0,0,0,0.0,0.0,0,0,0,0,0,0,8,8,12.4399771104,12.4399771104,30,160,73.3333333333,75.0555349947,5633.3333333333,0,0,0,0,0,0,0,0,1,110.0,30.0,160.0,0,0,0,0,0,0,1,30,1,160,-1,-1,0,8,0.0,0.0,0,0,0.0,0.0,0,0,Benign
53,17,15/02/2018 03:06:43,17395,1,1,26,108,26,26,26.0,0.0,108,108,108.0,0.0,7703.363035355,114.9755676919,17395.0,0.0,17395,17395,0,0.0,0.0,0,0,0,0.0,0.0,0,0,0,0,0,0,8,8,57.4877838459,57.4877838459,26,108,53.3333333333,47.3427220735,2241.3333333333,0,0,0,0,0,0,0,0,1,80.0,26.0,108.0,0,0,0,0,0,0,1,26,1,108,-1,-1,0,8,0.0,0.0,0,0,0.0,0.0,0,0,Benign
443,6,15/02/2018 01:17:15,413,3,0,77,0,46,0,25.6666666667,23.4591844132,0,0,0.0,0.0,186440.677966102,7263.9225181598,206.5,265.165042945,394,19,413,206.5,265.165042945,394,19,0,0.0,0.0,0,0,1,0,0,0,60,0,7263.9225181598,0.0,0,46,30.75,21.6852484422,470.25,0,1,0,0,1,0,0,0,0,41.0,25.6666666667,0.0,0,0,0,0,0,0,3,77,0,0,256,-1,1,20,0.0,0.0,0,0,0.0,0.0,0,0,Benign
80,6,15/02/2018 08:52:11,48747778,27,88,5314,115872,773,0,196.8148148148,338.703414286,1460,0,1316.7272727273,406.6081376934,2485.9799763591,2.3590818847,427612.087719298,1934033.92377867,10212755,0,43303250,1665509.61538462,3712994.41834315,10212755,68,48707933,559861.298850575,2210041.7172886,10255509,0,0,0,0,0,552,1820,0.553871399,1.8052104857,0,1460,1044.7068965517,621.2210419074,385915.582908546,0,0,0,1,0,0,0,0,3,1053.7913043478,196.8148148148,1316.7272727273,0,0,0,0,0,0,27,5314,88,115872,8192,43,11,20,687938.0,1294831.33387197,2630185,40487,10137874.5,58717.4653999983,10212755,10071761,Benign
443,6,15/02/2018 04:22:09,812,3,0,77,0,46,0,25.6666666667,23.4591844132,0,0,0.0,0.0,94827.5862068966,3694.5812807882,406.0,548.7148622008,794,18,812,406.0,548.7148622008,794,18,0,0.0,0.0,0,0,1,0,0,0,60,0,3694.5812807882,0.0,0,46,30.75,21.6852484422,470.25,0,1,0,0,1,0,0,0,0,41.0,25.6666666667,0.0,0,0,0,0,0,0,3,77,0,0,258,-1,1,20,0.0,0.0,0,0,0.0,0.0,0,0,Benign
138,17,15/02/2018 08:26:33,26221059,2,0,417,0,216,201,208.5,10.6066017178,0,0,0.0,0.0,15.9032478437,0.07627457,26221059.0,0.0,26221059,26221059,26221059,26221059.0,0.0,26221059,26221059,0,0.0,0.0,0,0,0,0,0,0,16,0,0.07627457,0.0,201,216,211.0,8.6602540378,75.0,0,0,0,0,0,0,0,0,0,316.5,208.5,0.0,0,0,0,0,0,0,2,417,0,0,-1,-1,1,8,0.0,0.0,0,0,26221059.0,0.0,26221059,26221059,Benign
53,17,15/02/2018 09:54:48,37968,1,1,30,122,30,30,30.0,0.0,122,122,122.0,0.0,4003.3712600084,52.6759376317,37968.0,0.0,37968,37968,0,0.0,0.0,0,0,0,0.0,0.0,0,0,0,0,0,0,8,8,26.3379688158,26.3379688158,30,122,60.6666666667,53.1162247654,2821.3333333333,0,0,0,0,0,0,0,0,1,91.0,30.0,122.0,0,0,0,0,0,0,1,30,1,122,-1,-1,0,8,0.0,0.0,0,0,0.0,0.0,0,0,Benign
443,6,15/02/2018 05:04:12,361902,10,7,512,4471,194,0,51.2,80.7379850022,1430,0,638.7142857143,695.4721931383,13768.9208680803,46.9740426966,22618.875,35291.0957851505,94478,9,361902,40211.3333333333,39336.3342185059,94746,25,267092,44515.3333333333,73028.0116548894,171958,13,0,0,0,0,212,152,27.6317898216,19.3422528751,0,1430,276.8333333333,512.3878643463,262541.323529412,0,0,0,1,0,0,0,0,0,293.1176470588,51.2,638.7142857143,0,0,0,0,0,0,10,512,7,4471,8192,172,4,20,0.0,0.0,0,0,0.0,0.0,0,0,Benign
53,17,15/02/2018 12:25:46,2017,1,1,37,77,37,37,37.0,0.0,77,77,77.0,0.0,56519.5835399108,991.5716410511,2017.0,0.0,2017,2017,0,0.0,0.0,0,0,0,0.0,0.0,0,0,0,0,0,0,8,8,495.7858205255,495.7858205255,37,77,50.3333333333,23.0940107676,533.3333333333,0,0,0,0,0,0,0,0,1,75.5,37.0,77.0,0,0,0,0,0,0,1,37,1,77,-1,-1,0,8,0.0,0.0,0,0,0.0,0.0,0,0,Benign
53,17,15/02/2018 09:41:26,855,1,1,52,108,52,52,52.0,0.0,108,108,108.0,0.0,187134.502923977,2339.1812865497,855.0,0.0,855,855,0,0.0,0.0,0,0,0,0.0,0.0,0,0,0,0,0,0,8,8,1169.5906432749,1169.5906432749,52,108,70.6666666667,32.3316150746,1045.3333333333,0,0,0,0,0,0,0,0,1,106.0,52.0,108.0,0,0,0,0,0,0,1,52,1,108,-1,-1,0,8,0.0,0.0,0,0,0.0,0.0,0,0,Benign
53,17,15/02/2018 12:43:39,131276,2,2,88,200,44,44,44.0,0.0,100,100,100.0,0.0,2193.8511228252,30.4701544837,43758.6666666667,42200.4357481452,84770,462,130814,130814.0,0.0,130814,130814,85232,85232.0,0.0,85232,85232,0,0,0,0,16,16,15.2350772418,15.2350772418,44,100,66.4,30.6724632203,940.8,0,0,0,0,0,0,0,0,1,83.0,44.0,100.0,0,0,0,0,0,0,2,88,2,200,-1,-1,1,8,0.0,0.0,0,0,0.0,0.0,0,0,Benign
51151,6,15/02/2018 12:31:17,1021609,2,0,0,0,0,0,0.0,0.0,0,0,0.0,0.0,0.0,1.957696144,1021609.0,0.0,1021609,1021609,1021609,1021609.0,0.0,1021609,1021609,0,0.0,0.0,0,0,0,0,0,0,40,0,1.957696144,0.0,0,0,0.0,0.0,0.0,0,0,0,0,1,0,0,0,0,0.0,0.0,0.0,0,0,0,0,0,0,2,0,0,0,5250,-1,0,20,0.0,0.0,0,0,0.0,0.0,0,0,Benign
3389,6,15/02/2018 08:30:31,2206186,8,7,1138,1581,677,0,142.25,227.7465696778,1173,0,225.8571428571,430.0986044197,1232.4436833522,6.7990640862,157584.714285714,223576.267328461,860001,3,2206186,315169.428571429,477799.794870842,1383390,3,1922547,320424.5,279890.129913686,860001,120403,0,0,0,0,172,152,3.6261675126,3.1728965735,0,1173,169.9375,319.3627965705,101992.595833333,0,0,0,1,0,0,0,0,0,181.2666666667,142.25,225.8571428571,0,0,0,0,0,0,8,1138,7,1581,8192,62862,5,20,0.0,0.0,0,0,0.0,0.0,0,0,Benign
49815,6,15/02/2018 10:09:28,1,2,0,53,0,53,0,26.5,37.4766594029,0,0,0.0,0.0,53000000.0,2000000.0,1.0,0.0,1,1,1,1.0,0.0,1,1,0,0.0,0.0,0,0,1,0,0,0,40,0,2000000.0,0.0,0,53,35.3333333333,30.5995642671,936.3333333333,0,1,0,0,1,0,0,0,0,53.0,26.5,0.0,0,0,0,0,0,0,2,53,0,0,66,-1,0,20,0.0,0.0,0,0,0.0,0.0,0,0,Benign
53,17,15/02/2018 04:46:40,988,1,1,37,95,37,37,37.0,0.0,95,95,95.0,0.0,133603.238866397,2024.2914979757,988.0,0.0,988,988,0,0.0,0.0,0,0,0,0.0,0.0,0,0,0,0,0,0,8,8,1012.1457489879,1012.1457489879,37,95,56.3333333333,33.486315613,1121.3333333333,0,0,0,0,0,0,0,0,1,84.5,37.0,95.0,0,0,0,0,0,0,1,37,1,95,-1,-1,0,8,0.0,0.0,0,0,0.0,0.0,0,0,Benign
51869,6,15/02/2018 01:47:02,19,1,1,0,0,0,0,0.0,0.0,0,0,0.0,0.0,0.0,105263.157894737,19.0,0.0,19,19,0,0.0,0.0,0,0,0,0.0,0.0,0,0,0,0,0,0,20,20,52631.5789473684,52631.5789473684,0,0,0.0,0.0,0.0,0,0,0,0,1,1,0,0,1,0.0,0.0,0.0,0,0,0,0,0,0,1,0,1,0,980,253,0,20,0.0,0.0,0,0,0.0,0.0,0,0,Benign
53028,6,15/02/2018 08:25:13,105,2,0,0,0,0,0,0.0,0.0,0,0,0.0,0.0,0.0,19047.619047619,105.0,0.0,105,105,105,105.0,0.0,105,105,0,0.0,0.0,0,0,0,0,0,0,40,0,19047.619047619,0.0,0,0,0.0,0.0,0.0,0,0,0,0,1,0,0,0,0,0.0,0.0,0.0,0,0,0,0,0,0,2,0,0,0,258,-1,0,20,0.0,0.0,0,0,0.0,0.0,0,0,Benign
80,6,15/02/2018 10:09:31,115990293,16,14,459,913,448,0,28.6875,111.8175411105,913,0,65.2142857143,244.009513866,11.8285760344,0.2586423331,3999665.27586207,4907109.09760923,10091941,9,115990293,7732686.2,4191756.24546426,10114901,214,111239596,8556892.0,3792630.95655958,10204617,599,0,0,0,0,332,424,0.1379425777,0.1206997555,0,913,44.2580645161,180.1445656025,32452.064516129,0,0,1,1,0,0,0,1,0,45.7333333333,28.6875,65.2142857143,0,0,0,0,0,0,16,459,14,913,8192,946,12,20,41528.7272727273,63141.5828659544,231907,22346,10071501.2727273,25008.3111148711,10091941,9999637,Benign
445,6,15/02/2018 09:01:45,715336,7,5,364,582,103,0,52.0,49.2172056636,409,0,116.4,167.0353256051,1322.4554614894,16.7753335495,65030.5454545455,74664.1805022511,158425,4,715336,119222.666666667,59768.86242741,158506,4,556778,139194.5,14563.7833568983,153116,125931,0,0,0,0,152,112,9.7856112372,6.9897223123,0,409,72.7692307692,109.5332170669,11997.5256410256,0,0,0,1,0,0,0,0,0,78.8333333333,52.0,116.4,0,0,0,0,0,0,7,364,5,582,8192,255,4,20,0.0,0.0,0,0,0.0,0.0,0,0,Benign
53,17,15/02/2018 11:33:38,103265,2,2,62,306,31,31,31.0,0.0,153,153,153.0,0.0,3563.6469278071,38.7352926936,34421.6666666667,37033.0163547791,73914,473,102792,102792.0,0.0,102792,102792,74387,74387.0,0.0,74387,74387,0,0,0,0,16,16,19.3676463468,19.3676463468,31,153,79.8,66.8221520156,4465.2,0,0,0,0,0,0,0,0,1,99.75,31.0,153.0,0,0,0,0,0,0,2,62,2,306,-1,-1,1,8,0.0,0.0,0,0,0.0,0.0,0,0,Benign
80,6,15/02/2018 11:51:16,62,2,0,0,0,0,0,0.0,0.0,0,0,0.0,0.0,0.0,32258.064516129,62.0,0.0,62,62,62,62.0,0.0,62,62,0,0.0,0.0,0,0,0,0,0,0,40,0,32258.064516129,0.0,0,0,0.0,0.0,0.0,0,0,0,0,1,0,0,0,0,0.0,0.0,0.0,0,0,0,0,0,0,2,0,0,0,255,-1,0,20,0.0,0.0,0,0,0.0,0.0,0,0,Benign
443,6,15/02/2018 05:00:17,117661184,172,341,911,473445,278,0,5.2965116279,31.0950136003,1460,0,1388.4017595308,285.6452960813,4031.5419569465,4.3599765238,229807.0,3662857.24500855,58982627,0,117661184,688077.099415205,6325451.40329089,58982627,18,117584845,345837.779411765,4496252.58572735,58998907,0,0,0,0,0,3452,6832,1.4618244875,2.8981520363,0,1460,922.8715953307,694.5542241069,482405.57022474,0,0,0,1,0,0,0,0,1,924.6705653021,5.2965116279,1388.4017595308,0,0,0,0,0,0,172,911,341,473445,8192,127,7,20,128839.5,72774.7228129383,180299,77380,58662888.5,452178.52311283,58982627,58343150,Benign
53,17,15/02/2018 09:44:31,31197,2,2,60,320,30,30,30.0,0.0,160,160,160.0,0.0,12180.6583966407,128.2174568067,10399.0,16878.9300312549,29886,354,30843,30843.0,0.0,30843,30843,30240,30240.0,0.0,30240,30240,0,0,0,0,16,16,64.1087284034,64.1087284034,30,160,82.0,71.2039324757,5070.0,0,0,0,0,0,0,0,0,1,102.5,30.0,160.0,0,0,0,0,0,0,2,60,2,320,-1,-1,1,8,0.0,0.0,0,0,0.0,0.0,0,0,Benign
53,17,15/02/2018 10:48:00,1030,1,1,36,52,36,36,36.0,0.0,52,52,52.0,0.0,85436.8932038835,1941.7475728155,1030.0,0.0,1030,1030,0,0.0,0.0,0,0,0,0.0,0.0,0,0,0,0,0,0,8,8,970.8737864078,970.8737864078,36,52,41.3333333333,9.237604307,85.3333333333,0,0,0,0,0,0,0,0,1,62.0,36.0,52.0,0,0,0,0,0,0,1,36,1,52,-1,-1,0,8,0.0,0.0,0,0,0.0,0.0,0,0,Benign
443,6,15/02/2018 12:24:00,115738436,21,21,732,6792,359,0,34.8571428571,90.0662454609,1460,0,323.4285714286,580.1020230467,65.0086545147,0.3628872262,2822888.68292683,4485129.72182885,10015861,0,115738436,5786921.8,4946423.15913823,10031012,18,110331830,5516591.5,5114833.76653647,10031565,0,0,0,0,0,432,564,0.1814436131,0.1814436131,0,1460,174.976744186,430.8994738789,185674.356589147,0,0,0,1,0,0,0,0,1,179.1428571429,34.8571428571,323.4285714286,0,0,0,0,0,0,21,732,21,6792,8192,123,15,20,19344.75,13277.7285100413,61500,15107,9625523.41666667,1333496.80949964,10015861,5391159,Benign
80,6,15/02/2018 08:31:52,54471002,2,0,0,0,0,0,0.0,0.0,0,0,0.0,0.0,0.0,0.0367167837,54471002.0,0.0,54471002,54471002,54471002,54471002.0,0.0,54471002,54471002,0,0.0,0.0,0,0,0,0,0,0,40,0,0.0367167837,0.0,0,0,0.0,0.0,0.0,0,0,0,0,1,0,0,0,0,0.0,0.0,0.0,0,0,0,0,0,0,2,0,0,0,279,-1,0,20,0.0,0.0,0,0,0.0,0.0,0,0,Benign
50070,6,15/02/2018 09:18:59,2,2,0,0,0,0,0,0.0,0.0,0,0,0.0,0.0,0.0,1000000.0,2.0,0.0,2,2,2,2.0,0.0,2,2,0,0.0,0.0,0,0,0,0,0,0,40,0,1000000.0,0.0,0,0,0.0,0.0,0.0,0,0,0,0,1,0,0,0,0,0.0,0.0,0.0,0,0,0,0,0,0,2,0,0,0,4581,-1,0,20,0.0,0.0,0,0,0.0,0.0,0,0,Benign
80,6,15/02/2018 10:59:28,757,3,4,161,488,161,0,53.6666666667,92.9533933395,488,0,122.0,244.0,857331.571994716,9247.0277410832,126.1666666667,80.6955182564,213,0,406,203.0,107.4802307404,279,127,544,181.3333333333,175.790595122,351,0,0,0,0,0,72,92,3963.0118890357,5284.0158520476,0,488,81.125,173.7875858627,30202.125,0,0,0,1,0,0,0,0,1,92.7142857143,53.6666666667,122.0,0,0,0,0,0,0,3,161,4,488,8192,149,1,20,0.0,0.0,0,0,0.0,0.0,0,0,Benign
53,17,15/02/2018 09:32:26,46808,1,1,41,138,41,41,41.0,0.0,138,138,138.0,0.0,3824.1326269014,42.7277388481,46808.0,0.0,46808,46808,0,0.0,0.0,0,0,0,0.0,0.0,0,0,0,0,0,0,8,8,21.363869424,21.363869424,41,138,73.3333333333,56.0029761114,3136.3333333333,0,0,0,0,0,0,0,0,1,110.0,41.0,138.0,0,0,0,0,0,0,1,41,1,138,-1,-1,0,8,0.0,0.0,0,0,0.0,0.0,0,0,Benign
443,6,15/02/2018 01:15:09,61882316,13,14,845,5769,520,0,65.0,149.7197381777,1460,0,412.0714285714,592.2293558159,106.8802919399,0.4363120475,2380089.07692308,4258825.81350266,10143346,1,61882316,5156859.66666667,5162175.7342208,10265283,117980,61764076,4751082.76923077,5188171.33411265,10265150,1,0,0,0,0,272,352,0.210076171,0.2262358765,0,1460,236.2142857143,459.4037486055,211051.804232804,0,0,0,1,0,0,0,0,1,244.962962963,65.0,412.0714285714,0,0,0,0,0,0,13,845,14,5769,8192,114,8,20,312217.5,484551.745958159,1300858,85372,10001437.5,187062.458082588,10143346,9661614,Benign
443,6,15/02/2018 03:06:16,117221993,14,12,589,4924,189,0,42.0714285714,65.9807247911,1460,0,410.3333333333,636.6737902188,47.0304237192,0.2218013816,4688879.72,16167165.8904948,58842541,1,117221993,9017076.38461538,21919747.6069616,58842541,62,117144000,10649454.5454545,23647578.875748,58909380,1,0,0,0,0,292,252,0.1194315132,0.1023698684,0,1460,204.1851851852,457.2102728704,209041.233618234,0,0,1,1,0,0,0,1,0,212.0384615385,42.0714285714,410.3333333333,0,0,0,0,0,0,14,589,12,4924,8192,31,6,20,166986.0,125921.5755937,256026,77946,58405014.0,618756.617304413,58842541,57967487,Benign
138,17,15/02/2018 08:26:11,119217700,2,0,417,0,216,201,208.5,10.6066017178,0,0,0.0,0.0,3.4978027592,0.0167760324,119217700.0,0.0,119217700,119217700,119217700,119217700.0,0.0,119217700,119217700,0,0.0,0.0,0,0,0,0,0,0,16,0,0.0167760324,0.0,201,216,211.0,8.6602540378,75.0,0,0,0,0,0,0,0,0,0,316.5,208.5,0.0,0,0,0,0,0,0,2,417,0,0,-1,-1,1,8,0.0,0.0,0,0,119217700.0,0.0,119217700,119217700,Benign
443,6,15/02/2018 11:47:12,5488803,8,6,585,3563,342,0,73.125,127.1078703869,1460,0,593.8333333333,703.6505998482,755.7203273646,2.5506471994,422215.615384615,1423063.75440916,5156675,1,5488803,784114.714285714,1928980.26653089,5156675,35,186628,37325.6,49882.8085095457,93523,1,0,0,0,0,172,132,1.4575126854,1.093134514,0,1460,276.5333333333,507.1109862554,257161.552380952,0,0,0,1,0,0,0,0,0,296.2857142857,73.125,593.8333333333,0,0,0,0,0,0,8,585,6,3563,8192,4912,3,20,332093.0,0.0,332093,332093,5156675.0,0.0,5156675,5156675,Benign
80,6,15/02/2018 12:25:49,110169425,17,16,1789,632,445,0,105.2352941176,194.268348365,158,0,39.5,70.659748089,21.9752440389,0.2995386424,3442794.53125,4806578.85566432,10002795,873,110169425,6885589.0625,4753558.24915079,10015407,11809,110097381,7339825.4,4579781.11612573,10023728,1405,0,0,0,0,340,320,0.1543077855,0.1452308569,0,445,71.2352941176,147.65173168,21801.0338680927,0,0,0,0,1,0,0,0,0,73.3939393939,105.2352941176,39.5,0,0,0,0,0,0,17,1789,16,632,62976,10037,12,20,29255.6363636364,28353.7152319506,74333,12602,9979386.36363636,21879.1745514895,10002795,9952888,Benign
53,17,15/02/2018 01:30:13,87289,2,2,64,96,32,32,32.0,0.0,48,48,48.0,0.0,1832.9915567827,45.8247889196,29096.3333333333,31812.9602573123,63064,0,24225,24225.0,0.0,24225,24225,0,0.0,0.0,0,0,0,0,0,0,16,16,22.9123944598,22.9123944598,32,48,38.4,8.7635609201,76.8,0,0,0,0,0,0,0,0,1,48.0,32.0,48.0,0,0,0,0,0,0,2,64,2,96,-1,-1,1,8,0.0,0.0,0,0,0.0,0.0,0,0,Benign
443,6,15/02/2018 01:22:10,87397,10,8,551,5081,200,0,55.1,84.4017509034,1460,0,635.125,694.4402550667,64441.5712209801,205.9567262034,5141.0,9365.1405355179,34251,0,87397,9710.7777777778,11366.7907605641,34251,18,41333,5904.7142857143,10791.1658578408,28350,0,0,0,0,0,212,172,114.4204034463,91.5363227571,0,1460,296.4210526316,528.5110443279,279323.923976608,0,0,1,1,0,0,0,1,0,312.8888888889,55.1,635.125,0,0,0,0,0,0,10,551,8,5081,8192,30,4,20,0.0,0.0,0,0,0.0,0.0,0,0,Benign
53,17,15/02/2018 01:09:42,293,1,1,45,61,45,45,45.0,0.0,61,61,61.0,0.0,361774.744027304,6825.9385665529,293.0,0.0,293,293,0,0.0,0.0,0,0,0,0.0,0.0,0,0,0,0,0,0,8,8,3412.9692832765,3412.9692832765,45,61,50.3333333333,9.237604307,85.3333333333,0,0,0,0,0,0,0,0,1,75.5,45.0,61.0,0,0,0,0,0,0,1,45,1,61,-1,-1,0,8,0.0,0.0,0,0,0.0,0.0,0,0,Benign
53,17,15/02/2018 08:58:48,484,1,1,36,52,36,36,36.0,0.0,52,52,52.0,0.0,181818.181818182,4132.2314049587,484.0,0.0,484,484,0,0.0,0.0,0,0,0,0.0,0.0,0,0,0,0,0,0,8,8,2066.1157024793,2066.1157024793,36,52,41.3333333333,9.237604307,85.3333333333,0,0,0,0,0,0,0,0,1,62.0,36.0,52.0,0,0,0,0,0,0,1,36,1,52,-1,-1,0,8,0.0,0.0,0,0,0.0,0.0,0,0,Benign
445,6,15/02/2018 10:52:52,158777,3,1,0,0,0,0,0.0,0.0,0,0,0.0,0.0,0.0,25.1925656739,52925.6666666667,91609.3282222577,158707,1,158777,79388.5,112270.879182894,158776,1,0,0.0,0.0,0,0,0,0,0,0,72,32,18.8944242554,6.2981414185,0,0,0.0,0.0,0.0,0,0,0,1,0,0,0,0,0,0.0,0.0,0.0,0,0,0,0,0,0,3,0,1,0,8192,8192,0,20,0.0,0.0,0,0,0.0,0.0,0,0,Benign
53,17,15/02/2018 09:21:33,39613,1,1,32,121,32,32,32.0,0.0,121,121,121.0,0.0,3862.3684144094,50.4884760054,39613.0,0.0,39613,39613,0,0.0,0.0,0,0,0,0.0,0.0,0,0,0,0,0,0,8,8,25.2442380027,25.2442380027,32,121,61.6666666667,51.3841739579,2640.3333333333,0,0,0,0,0,0,0,0,1,92.5,32.0,121.0,0,0,0,0,0,0,1,32,1,121,-1,-1,0,8,0.0,0.0,0,0,0.0,0.0,0,0,Benign
51275,6,15/02/2018 01:18:08,16,1,1,0,0,0,0,0.0,0.0,0,0,0.0,0.0,0.0,125000.0,16.0,0.0,16,16,0,0.0,0.0,0,0,0,0.0,0.0,0,0,0,0,0,0,20,20,62500.0,62500.0,0,0,0.0,0.0,0.0,0,0,0,0,1,1,0,0,1,0.0,0.0,0.0,0,0,0,0,0,0,1,0,1,0,127,256,0,20,0.0,0.0,0,0,0.0,0.0,0,0,Benign
51433,6,15/02/2018 01:04:05,46,1,1,0,0,0,0,0.0,0.0,0,0,0.0,0.0,0.0,43478.2608695652,46.0,0.0,46,46,0,0.0,0.0,0,0,0,0.0,0.0,0,0,0,0,0,0,20,20,21739.1304347826,21739.1304347826,0,0,0.0,0.0,0.0,0,0,0,0,1,1,0,0,1,0.0,0.0,0.0,0,0,0,0,0,0,1,0,1,0,180,253,0,20,0.0,0.0,0,0,0.0,0.0,0,0,Benign
80,6,15/02/2018 08:32:29,67058193,7,9,249,9395,249,0,35.5714285714,94.1131537793,1460,0,1043.8888888889,650.5275636828,143.8153873308,0.2385987347,4470546.2,17282303.205288,66942318,0,67058193,11176365.5,27319634.0828718,66942318,29,30414,3801.75,10078.2427004201,28707,0,0,0,0,0,152,192,0.1043869464,0.1342117883,0,1460,567.2941176471,697.4884196804,486490.095588235,0,0,0,1,0,0,0,0,1,602.75,35.5714285714,1043.8888888889,0,0,0,0,0,0,7,249,9,9395,8192,237,1,20,0.0,0.0,0,0,0.0,0.0,0,0,Benign
445,6,15/02/2018 08:29:10,156492,3,1,0,0,0,0,0.0,0.0,0,0,0.0,0.0,0.0,25.5604120338,52164.0,88289.1950410694,154103,49,156492,78246.0,107347.294665492,154152,2340,0,0.0,0.0,0,0,0,0,0,0,72,32,19.1703090254,6.3901030085,0,0,0.0,0.0,0.0,0,0,0,1,0,0,0,0,0,0.0,0.0,0.0,0,0,0,0,0,0,3,0,1,0,8192,8192,0,20,0.0,0.0,0,0,0.0,0.0,0,0,Benign
53,17,15/02/2018 09:25:49,20463,1,1,48,121,48,48,48.0,0.0,121,121,121.0,0.0,8258.8085813419,97.7373796609,20463.0,0.0,20463,20463,0,0.0,0.0,0,0,0,0.0,0.0,0,0,0,0,0,0,8,8,48.8686898304,48.8686898304,48,121,72.3333333333,42.1465696508,1776.3333333333,0,0,0,0,0,0,0,0,1,108.5,48.0,121.0,0,0,0,0,0,0,1,48,1,121,-1,-1,0,8,0.0,0.0,0,0,0.0,0.0,0,0,Benign
443,6,15/02/2018 11:58:04,12547743,14,20,2534,14080,561,0,181.0,250.8833624186,1460,0,704.0,662.9154903669,1324.0628214971,2.7096506519,380234.636363636,1751351.20594937,10000623,1,2547119,195932.230769231,451763.133826632,1684667,45,12456228,655590.947368421,2299720.54794561,10000674,1,0,0,0,0,292,412,1.1157385037,1.5939121482,0,1460,474.6857142857,585.4229125637,342719.986554622,0,0,0,1,0,0,0,0,1,488.6470588235,181.0,704.0,0,0,0,0,0,0,14,2534,20,14080,8192,315,6,20,2547119.0,0.0,2547119,2547119,10000623.0,0.0,10000623,10000623,Benign
443,6,15/02/2018 01:45:10,22,1,1,0,0,0,0,0.0,0.0,0,0,0.0,0.0,0.0,90909.0909090909,22.0,0.0,22,22,0,0.0,0.0,0,0,0,0.0,0.0,0,0,0,0,0,0,20,20,45454.5454545455,45454.5454545455,0,0,0.0,0.0,0.0,0,0,0,0,1,0,0,0,1,0.0,0.0,0.0,0,0,0,0,0,0,1,0,1,0,256,250,0,20,0.0,0.0,0,0,0.0,0.0,0,0,Benign
50662,6,15/02/2018 09:15:36,44,2,0,0,0,0,0,0.0,0.0,0,0,0.0,0.0,0.0,45454.5454545455,44.0,0.0,44,44,44,44.0,0.0,44,44,0,0.0,0.0,0,0,0,0,0,0,40,0,45454.5454545455,0.0,0,0,0.0,0.0,0.0,0,0,0,0,1,0,0,0,0,0.0,0.0,0.0,0,0,0,0,0,0,2,0,0,0,256,-1,0,20,0.0,0.0,0,0,0.0,0.0,0,0,Benign
3389,6,15/02/2018 09:14:14,1407102,8,7,1138,1581,677,0,142.25,227.7465696778,1173,0,225.8571428571,430.0986044197,1932.340370492,10.660208002,100507.285714286,246187.404428611,948604,4,1407102,201014.571428571,384127.717444714,1070146,4,1338194,223032.333333333,356335.645364124,948604,54976,0,0,0,0,172,152,5.6854442677,4.9747637343,0,1173,169.9375,319.3627965705,101992.595833333,0,0,1,1,0,0,0,1,0,181.2666666667,142.25,225.8571428571,0,0,0,0,0,0,8,1138,7,1581,8192,62862,5,20,0.0,0.0,0,0,0.0,0.0,0,0,Benign
443,6,15/02/2018 08:52:03,10146382,7,11,747,6504,429,0,106.7142857143,161.7948436402,1420,0,591.2727272727,667.3613849945,714.638971803,1.7740313739,596846.0,2393154.51723212,9882969,0,263412,43902.0,55629.6970115783,148751,261,10122745,1012274.5,3158029.97333725,9999962,0,0,0,0,0,152,232,0.6899010899,1.0841302841,0,1420,381.6315789474,566.1232895292,320495.578947368,0,0,0,1,0,0,0,0,1,402.8333333333,106.7142857143,591.2727272727,0,0,0,0,0,0,7,747,11,6504,8192,239,3,20,263412.0,0.0,263412,263412,9882969.0,0.0,9882969,9882969,Benign
445,6,15/02/2018 08:46:32,1029055,6,5,455,338,140,0,75.8333333333,62.9362110924,145,0,67.6,69.7588704037,770.6099285267,10.6894189329,102905.5,133109.847815212,284571,4,1028955,205791.0,116132.476560177,284772,4,1028991,257247.75,18287.0430883909,284671,247523,0,0,0,0,132,112,5.8305921452,4.8588267877,0,145,66.0833333333,63.40269328,4019.9015151515,0,0,0,1,0,0,0,0,0,72.0909090909,75.8333333333,67.6,0,0,0,0,0,0,6,455,5,338,8192,0,4,20,0.0,0.0,0,0,0.0,0.0,0,0,Benign
445,6,15/02/2018 08:56:05,101929981,2,1,1,0,1,0,0.5,0.7071067812,0,0,0.0,0.0,0.0098106562,0.0294319686,50964990.5,71672894.177251,101645380,284601,284601,284601.0,0.0,284601,284601,0,0.0,0.0,0,0,0,0,0,0,52,20,0.0196213124,0.0098106562,0,1,0.5,0.5773502692,0.3333333333,0,0,0,0,1,0,0,0,0,0.6666666667,0.5,0.0,0,0,0,0,0,0,2,1,1,0,62924,0,0,20,284601.0,0.0,284601,284601,101645380.0,0.0,101645380,101645380,Benign
80,6,15/02/2018 02:07:52,79,2,0,0,0,0,0,0.0,0.0,0,0,0.0,0.0,0.0,25316.4556962025,79.0,0.0,79,79,79,79.0,0.0,79,79,0,0.0,0.0,0,0,0,0,0,0,40,0,25316.4556962025,0.0,0,0,0.0,0.0,0.0,0,0,0,0,1,0,0,0,0,0.0,0.0,0.0,0,0,0,0,0,0,2,0,0,0,278,-1,0,20,0.0,0.0,0,0,0.0,0.0,0,0,Benign
53,17,15/02/2018 01:01:45,135019,2,2,70,102,35,35,35.0,0.0,51,51,51.0,0.0,1273.8947851784,29.6254601204,45006.3333333333,76599.4966976503,133454,292,134727,134727.0,0.0,134727,134727,133746,133746.0,0.0,133746,133746,0,0,0,0,16,16,14.8127300602,14.8127300602,35,51,41.4,8.7635609201,76.8,0,0,0,0,0,0,0,0,1,51.75,35.0,51.0,0,0,0,0,0,0,2,70,2,102,-1,-1,1,8,0.0,0.0,0,0,0.0,0.0,0,0,Benign
80,6,15/02/2018 08:24:46,118278025,20,20,1747,2824,434,0,87.35,177.8282065721,706,0,141.2,289.7362866288,38.6462320452,0.3381862354,3032769.87179487,4495572.58604255,10014961,52,118181120,6220058.94736842,4778241.5178484,10110475,180,118182572,6220135.36842105,4813478.59810017,10110496,94187,0,0,0,0,412,544,0.1690931177,0.1690931177,0,706,111.487804878,236.5147058801,55939.206097561,0,0,0,1,0,0,0,0,1,114.275,87.35,141.2,0,0,0,0,0,0,20,1747,20,2824,8192,184,15,20,738323.454545455,2131714.34544614,7165684,95454,10005414.7272727,27422.1850044483,10014961,9922747,Benign
53,17,15/02/2018 12:05:12,25445,1,1,36,92,36,36,36.0,0.0,92,92,92.0,0.0,5030.4578502653,78.6009039104,25445.0,0.0,25445,25445,0,0.0,0.0,0,0,0,0.0,0.0,0,0,0,0,0,0,8,8,39.3004519552,39.3004519552,36,92,54.6666666667,32.3316150746,1045.3333333333,0,0,0,0,0,0,0,0,1,82.0,36.0,92.0,0,0,0,0,0,0,1,36,1,92,-1,-1,0,8,0.0,0.0,0,0,0.0,0.0,0,0,Benign
80,6,15/02/2018 11:02:47,636,2,0,0,0,0,0,0.0,0.0,0,0,0.0,0.0,0.0,3144.6540880503,636.0,0.0,636,636,636,636.0,0.0,636,636,0,0.0,0.0,0,0,0,0,0,0,40,0,3144.6540880503,0.0,0,0,0.0,0.0,0.0,0,0,0,0,1,0,0,0,0,0.0,0.0,0.0,0,0,0,0,0,0,2,0,0,0,251,-1,0,20,0.0,0.0,0,0,0.0,0.0,0,0,Benign
3389,6,15/02/2018 09:02:12,6405169,9,10,1128,1581,661,0,125.3333333333,213.4830204021,1173,0,158.1,367.7307136721,422.9396601401,2.9663542055,355842.722222222,730964.870879805,3119051,0,6405169,800646.125,1027004.89282955,3119137,0,6202648,689183.111111111,969867.274143535,3160117,1807,0,0,0,0,204,224,1.40511515,1.5612390555,0,1173,135.45,290.7368995103,84527.9447368421,0,0,1,1,0,0,0,1,1,142.5789473684,125.3333333333,158.1,0,0,0,0,0,0,9,1128,10,1581,8192,62872,5,20,0.0,0.0,0,0,0.0,0.0,0,0,Benign
50597,6,15/02/2018 11:31:04,13,1,1,0,0,0,0,0.0,0.0,0,0,0.0,0.0,0.0,153846.153846154,13.0,0.0,13,13,0,0.0,0.0,0,0,0,0.0,0.0,0,0,0,0,0,0,20,20,76923.0769230769,76923.0769230769,0,0,0.0,0.0,0.0,0,0,0,0,1,1,0,0,1,0.0,0.0,0.0,0,0,0,0,0,0,1,0,1,0,48180,63957,0,20,0.0,0.0,0,0,0.0,0.0,0,0,Benign
3389,6,15/02/2018 08:47:12,2699050,8,7,1128,1581,661,0,141.0,222.62332056,1173,0,225.8571428571,430.0986044197,1003.6864822808,5.5575109761,192789.285714286,250030.686786313,949915,3,2699050,385578.571428571,409462.818647333,1282134,3,2439848,406641.333333333,268312.211045764,949915,256530,0,0,0,0,172,152,2.9640058539,2.5935051222,0,1173,169.3125,317.7312740352,100953.1625,0,0,0,1,0,0,0,0,0,180.6,141.0,225.8571428571,0,0,0,0,0,0,8,1128,7,1581,8192,62872,5,20,0.0,0.0,0,0,0.0,0.0,0,0,Benign
80,6,15/02/2018 08:39:31,728,3,4,161,488,161,0,53.6666666667,92.9533933395,488,0,122.0,244.0,891483.516483516,9615.3846153846,121.3333333333,105.645949599,285,0,411,205.5,142.1284630185,306,105,443,147.6666666667,133.5527361507,260,0,0,0,0,0,72,92,4120.8791208791,5494.5054945055,0,488,81.125,173.7875858627,30202.125,0,0,1,1,0,0,0,1,1,92.7142857143,53.6666666667,122.0,0,0,0,0,0,0,3,161,4,488,8192,149,1,20,0.0,0.0,0,0,0.0,0.0,0,0,Benign
53,17,15/02/2018 08:33:46,1594,1,1,42,138,42,42,42.0,0.0,138,138,138.0,0.0,112923.462986198,1254.7051442911,1594.0,0.0,1594,1594,0,0.0,0.0,0,0,0,0.0,0.0,0,0,0,0,0,0,8,8,627.3525721455,627.3525721455,42,138,74.0,55.4256258422,3072.0,0,0,0,0,0,0,0,0,1,111.0,42.0,138.0,0,0,0,0,0,0,1,42,1,138,-1,-1,0,8,0.0,0.0,0,0,0.0,0.0,0,0,Benign
80,6,15/02/2018 10:09:37,27025,4,5,427,2266,427,0,106.75,213.5,1460,0,453.2,662.2470837988,99648.4736355227,333.0249768733,3378.125,6004.291832574,14371,5,27013,9004.3333333333,7477.342732103,14410,471,12654,3163.5,6029.4173018626,12203,11,0,0,0,0,92,112,148.0111008326,185.0138760407,0,1460,269.3,498.702772757,248704.455555556,0,0,1,1,0,0,0,1,1,299.2222222222,106.75,453.2,0,0,0,0,0,0,4,427,5,2266,8192,237,1,20,0.0,0.0,0,0,0.0,0.0,0,0,Benign
3389,6,15/02/2018 02:56:56,2989810,8,8,1128,1581,661,0,141.0,222.62332056,1173,0,197.625,406.1217050168,906.0776437299,5.3515106311,199320.666666667,235683.218117839,940683,4,2989810,427115.714285714,410753.424011582,1311967,4,2740068,391438.285714286,279981.623659312,940683,979,0,0,0,0,172,172,2.6757553156,2.6757553156,0,1173,159.3529411765,310.3705328266,96329.8676470588,0,0,0,1,0,0,0,0,1,169.3125,141.0,197.625,0,0,0,0,0,0,8,1128,8,1581,64240,62872,5,20,0.0,0.0,0,0,0.0,0.0,0,0,Benign
80,6,15/02/2018 10:42:17,708,3,4,161,488,161,0,53.6666666667,92.9533933395,488,0,122.0,244.0,916666.666666667,9887.0056497175,118.0,77.6041236018,201,0,376,188.0,89.0954544295,251,125,507,169.0,169.0,338,0,0,0,0,0,72,92,4237.2881355932,5649.7175141243,0,488,81.125,173.7875858627,30202.125,0,0,0,1,0,0,0,0,1,92.7142857143,53.6666666667,122.0,0,0,0,0,0,0,3,161,4,488,8192,149,1,20,0.0,0.0,0,0,0.0,0.0,0,0,Benign
80,6,15/02/2018 05:22:29,90,2,0,0,0,0,0,0.0,0.0,0,0,0.0,0.0,0.0,22222.2222222222,90.0,0.0,90,90,90,90.0,0.0,90,90,0,0.0,0.0,0,0,0,0,0,0,40,0,22222.2222222222,0.0,0,0,0.0,0.0,0.0,0,0,0,0,1,0,0,0,0,0.0,0.0,0.0,0,0,0,0,0,0,2,0,0,0,278,-1,0,20,0.0,0.0,0,0,0.0,0.0,0,0,Benign
80,6,15/02/2018 09:52:24,57787567,2,0,0,0,0,0,0.0,0.0,0,0,0.0,0.0,0.0,0.0346095208,57787567.0,0.0,57787567,57787567,57787567,57787567.0,0.0,57787567,57787567,0,0.0,0.0,0,0,0,0,0,0,64,0,0.0346095208,0.0,0,0,0.0,0.0,0.0,0,0,0,0,1,0,0,0,0,0.0,0.0,0.0,0,0,0,0,0,0,2,0,0,0,226,-1,0,32,0.0,0.0,0,0,57787567.0,0.0,57787567,57787567,DoS attacks-GoldenEye
80,6,15/02/2018 09:50:19,6930247,5,3,466,972,466,0,93.2,208.401535503,972,0,324.0,561.1844616523,207.4962118955,1.1543600105,990035.285714286,2598091.4937558,6881817,7,6930247,1732561.75,3433119.76564479,6882133,285,6882393,3441196.5,4865772.1740789,6881817,576,0,0,0,0,168,104,0.7214750066,0.432885004,0,972,159.7777777778,341.3538405298,116522.444444444,0,0,0,1,0,0,0,0,0,179.75,93.2,324.0,0,0,0,0,0,0,5,466,3,972,26883,219,1,32,583.0,0.0,583,583,6881817.0,0.0,6881817,6881817,DoS attacks-GoldenEye
80,6,15/02/2018 09:29:47,5001593,4,4,537,972,537,0,134.25,268.5,972,0,243.0,486.0,301.7038771447,1.5994904024,714513.285714286,1890079.63669909,5000811,5,782,260.6666666667,241.504313281,503,20,5001588,1667196.0,2887223.04120967,5001074,234,0,0,0,0,136,136,0.7997452012,0.7997452012,0,972,167.6666666667,350.0257133412,122518.0,0,0,0,1,0,0,0,0,1,188.625,134.25,243.0,0,0,0,0,0,0,4,537,4,972,26883,219,1,32,0.0,0.0,0,0,0.0,0.0,0,0,DoS attacks-GoldenEye
80,6,15/02/2018 09:54:08,1479831,2,0,0,0,0,0,0.0,0.0,0,0,0.0,0.0,0.0,1.3515056787,1479831.0,0.0,1479831,1479831,1479831,1479831.0,0.0,1479831,1479831,0,0.0,0.0,0,0,0,0,0,0,64,0,1.3515056787,0.0,0,0,0.0,0.0,0.0,0,0,0,0,1,0,0,0,0,0.0,0.0,0.0,0,0,0,0,0,0,2,0,0,0,226,-1,0,32,0.0,0.0,0,0,0.0,0.0,0,0,DoS attacks-GoldenEye
80,6,15/02/2018 09:50:24,1876380,2,0,0,0,0,0,0.0,0.0,0,0,0.0,0.0,0.0,1.0658821774,1876380.0,0.0,1876380,1876380,1876380,1876380.0,0.0,1876380,1876380,0,0.0,0.0,0,0,0,0,0,0,64,0,1.0658821774,0.0,0,0,0.0,0.0,0.0,0,0,0,0,1,0,0,0,0,0.0,0.0,0.0,0,0,0,0,0,0,2,0,0,0,226,-1,0,32,0.0,0.0,0,0,0.0,0.0,0,0,DoS attacks-GoldenEye
80,6,15/02/2018 09:27:54,11966042,4,4,523,662,523,0,130.75,261.5,662,0,165.5,331.0,99.0302390715,0.668558576,1709434.57142857,2973041.09852111,6960924,3,6962589,2320863.0,4018704.30066222,6961263,294,11966039,3988679.66666667,3589126.81538342,6960924,1327,0,0,0,0,136,136,0.334279288,0.334279288,0,662,131.6666666667,263.568776603,69468.5,0,0,0,1,0,0,0,0,1,148.125,130.75,165.5,0,0,0,0,0,0,4,523,4,662,26883,219,1,32,1330.0,0.0,1330,1330,6960924.0,0.0,6960924,6960924,DoS attacks-GoldenEye
80,6,15/02/2018 09:56:35,12631636,2,0,0,0,0,0,0.0,0.0,0,0,0.0,0.0,0.0,0.1583326182,12631636.0,0.0,12631636,12631636,12631636,12631636.0,0.0,12631636,12631636,0,0.0,0.0,0,0,0,0,0,0,64,0,0.1583326182,0.0,0,0,0.0,0.0,0.0,0,0,0,0,1,0,0,0,0,0.0,0.0,0.0,0,0,0,0,0,0,2,0,0,0,226,-1,0,32,0.0,0.0,0,0,12631636.0,0.0,12631636,12631636,DoS attacks-GoldenEye
80,6,15/02/2018 09:54:59,11409511,4,4,345,972,345,0,86.25,172.5,972,0,243.0,486.0,115.4300127324,0.7011694016,1629930.14285714,2812590.38617413,6404416,4,6405098,2135032.66666667,3697684.54593849,6404751,44,11409507,3803169.0,3366877.15838565,6404416,347,0,0,0,0,136,136,0.3505847008,0.3505847008,0,972,146.3333333333,329.978787197,108886.0,0,0,0,1,0,0,0,0,1,164.625,86.25,243.0,0,0,0,0,0,0,4,345,4,972,26883,219,1,32,351.0,0.0,351,351,6404416.0,0.0,6404416,6404416,DoS attacks-GoldenEye
80,6,15/02/2018 09:30:41,1888427,2,0,0,0,0,0,0.0,0.0,0,0,0.0,0.0,0.0,1.0590825062,1888427.0,0.0,1888427,1888427,1888427,1888427.0,0.0,1888427,1888427,0,0.0,0.0,0,0,0,0,0,0,64,0,1.0590825062,0.0,0,0,0.0,0.0,0.0,0,0,0,0,1,0,0,0,0,0.0,0.0,0.0,0,0,0,0,0,0,2,0,0,0,221,-1,0,32,0.0,0.0,0,0,0.0,0.0,0,0,DoS attacks-GoldenEye
80,6,15/02/2018 09:54:03,5000905,4,4,475,972,475,0,118.75,237.5,972,0,243.0,486.0,289.3476280793,1.5997104524,714415.0,1889783.88041649,5000042,6,863,287.6666666667,252.2644115474,533,29,5000899,1666966.33333333,2886800.13263862,5000356,213,0,0,0,0,136,136,0.7998552262,0.7998552262,0,972,160.7777777778,342.3747135003,117220.444444444,0,0,0,1,0,0,0,0,1,180.875,118.75,243.0,0,0,0,0,0,0,4,475,4,972,26883,219,1,32,0.0,0.0,0,0,0.0,0.0,0,0,DoS attacks-GoldenEye
80,6,15/02/2018 09:27:53,949655,2,0,0,0,0,0,0.0,0.0,0,0,0.0,0.0,0.0,2.1060279786,949655.0,0.0,949655,949655,949655,949655.0,0.0,949655,949655,0,0.0,0.0,0,0,0,0,0,0,64,0,2.1060279786,0.0,0,0,0.0,0.0,0.0,0,0,0,0,1,0,0,0,0,0.0,0.0,0.0,0,0,0,0,0,0,2,0,0,0,226,-1,0,32,0.0,0.0,0,0,0.0,0.0,0,0,DoS attacks-GoldenEye
80,6,15/02/2018 09:55:46,94506537,2,1,579,0,579,0,289.5,409.414826307,0,0,0.0,0.0,6.1265603246,0.0317438359,47253268.5,66826210.3507302,94506535,2,94506535,94506535.0,0.0,94506535,94506535,0,0.0,0.0,0,0,0,0,0,0,64,20,0.0211625573,0.0105812786,0,579,144.75,289.5,83810.25,0,0,0,0,1,0,0,0,0,193.0,289.5,0.0,0,0,0,0,0,0,2,579,1,0,226,0,1,32,0.0,0.0,0,0,94506535.0,0.0,94506535,94506535,DoS attacks-GoldenEye
80,6,15/02/2018 09:49:37,7035236,5,3,299,972,299,0,59.8,133.7168650545,972,0,324.0,561.1844616523,180.6620275425,1.1371331395,1005033.71428571,2624764.69913506,6957089,6,7035236,1758809.0,3465899.90470883,6957379,278,6958139,3479069.5,4918662.34709809,6957089,1050,0,0,0,0,168,104,0.7107082122,0.4264249273,0,972,141.2222222222,326.8584471058,106836.444444444,0,0,0,1,0,0,0,0,0,158.875,59.8,324.0,0,0,0,0,0,0,5,299,3,972,26883,219,1,32,1056.0,0.0,1056,1056,6957089.0,0.0,6957089,6957089,DoS attacks-GoldenEye
80,6,15/02/2018 09:54:52,5053565,4,4,433,662,433,0,108.25,216.5,662,0,165.5,331.0,216.6787208634,1.583040883,721937.857142857,1888359.78403229,5004138,8,49427,16475.6666666667,28274.6107370788,49124,16,5053557,1684519.0,2875275.29251166,5004483,303,0,0,0,0,136,136,0.7915204415,0.7915204415,0,662,121.6666666667,248.1199306787,61563.5,0,0,0,1,0,0,0,0,1,136.875,108.25,165.5,0,0,0,0,0,0,4,433,4,662,26883,219,1,32,0.0,0.0,0,0,0.0,0.0,0,0,DoS attacks-GoldenEye
80,6,15/02/2018 09:39:49,1786732,2,0,0,0,0,0,0.0,0.0,0,0,0.0,0.0,0.0,1.1193620532,1786732.0,0.0,1786732,1786732,1786732,1786732.0,0.0,1786732,1786732,0,0.0,0.0,0,0,0,0,0,0,64,0,1.1193620532,0.0,0,0,0.0,0.0,0.0,0,0,0,0,1,0,0,0,0,0.0,0.0,0.0,0,0,0,0,0,0,2,0,0,0,221,-1,0,32,0.0,0.0,0,0,0.0,0.0,0,0,DoS attacks-GoldenEye
80,6,15/02/2018 09:39:37,11764111,4,4,434,972,434,0,108.5,217.0,972,0,243.0,486.0,119.5160433287,0.6800343859,1680587.28571429,2914014.88740299,6758757,4,6760241,2253413.66666667,3902212.90164252,6759301,285,11764107,3921369.0,3506670.92792181,6758757,943,0,0,0,0,136,136,0.340017193,0.340017193,0,972,156.2222222222,337.9148479195,114186.444444444,0,0,0,1,0,0,0,0,1,175.75,108.5,243.0,0,0,0,0,0,0,4,434,4,972,26883,219,1,32,947.0,0.0,947,947,6758757.0,0.0,6758757,6758757,DoS attacks-GoldenEye
80,6,15/02/2018 09:53:46,23018082,2,0,0,0,0,0,0.0,0.0,0,0,0.0,0.0,0.0,0.0868882125,23018082.0,0.0,23018082,23018082,23018082,23018082.0,0.0,23018082,23018082,0,0.0,0.0,0,0,0,0,0,0,64,0,0.0868882125,0.0,0,0,0.0,0.0,0.0,0,0,0,0,1,0,0,0,0,0.0,0.0,0.0,0,0,0,0,0,0,2,0,0,0,226,-1,0,32,0.0,0.0,0,0,23018082.0,0.0,23018082,23018082,DoS attacks-GoldenEye
80,6,15/02/2018 09:29:26,7012748,5,3,421,972,421,0,84.2,188.2769237055,972,0,324.0,561.1844616523,198.6382513674,1.1407796202,1001821.14285714,2617104.01417002,6936520,6,7012748,1753187.0,3455967.99917544,6936872,375,6937502,3468751.0,4904165.95097699,6936520,982,0,0,0,0,168,104,0.7129872626,0.4277923576,0,972,154.7777777778,336.6042846496,113302.444444444,0,0,0,1,0,0,0,0,0,174.125,84.2,324.0,0,0,0,0,0,0,5,421,3,972,26883,219,1,32,988.0,0.0,988,988,6936520.0,0.0,6936520,6936520,DoS attacks-GoldenEye
80,6,15/02/2018 09:56:00,1977103,2,0,0,0,0,0,0.0,0.0,0,0,0.0,0.0,0.0,1.0115810861,1977103.0,0.0,1977103,1977103,1977103,1977103.0,0.0,1977103,1977103,0,0.0,0.0,0,0,0,0,0,0,64,0,1.0115810861,0.0,0,0,0.0,0.0,0.0,0,0,0,0,1,0,0,0,0,0.0,0.0,0.0,0,0,0,0,0,0,2,0,0,0,226,-1,0,32,0.0,0.0,0,0,0.0,0.0,0,0,DoS attacks-GoldenEye
80,6,15/02/2018 09:55:48,11709044,4,4,519,972,519,0,129.75,259.5,972,0,243.0,486.0,127.3374666625,0.6832325508,1672720.57142857,2898712.08930189,6707981,3,6708630,2236210.0,3872915.83641215,6708268,84,11709041,3903013.66666667,3485931.2003666,6707981,363,0,0,0,0,136,136,0.3416162754,0.3416162754,0,972,165.6666666667,347.6952688778,120892.0,0,0,0,1,0,0,0,0,1,186.375,129.75,243.0,0,0,0,0,0,0,4,519,4,972,26883,219,1,32,366.0,0.0,366,366,6707981.0,0.0,6707981,6707981,DoS attacks-GoldenEye
80,6,15/02/2018 09:52:48,5013360,4,4,452,662,452,0,113.0,226.0,662,0,165.5,331.0,222.2062648603,1.5957361929,716194.285714286,1891134.67251469,5004880,10,8480,2826.6666666667,4140.8657709872,7604,266,5013342,1671114.0,2887346.7289697,5005132,348,0,0,0,0,136,136,0.7978680964,0.7978680964,0,662,123.7777777778,251.1621875292,63082.4444444444,0,0,0,1,0,0,0,0,1,139.25,113.0,165.5,0,0,0,0,0,0,4,452,4,662,26883,219,1,32,0.0,0.0,0,0,0.0,0.0,0,0,DoS attacks-GoldenEye
80,6,15/02/2018 09:52:48,6667020,5,3,605,972,605,0,121.0,270.5642252775,972,0,324.0,561.1844616523,236.5374635144,1.1999364034,952431.428571429,2490475.82406508,6600114,4,6667020,1666755.0,3289184.85940463,6600402,311,6611279,3305639.5,4659090.51879232,6600114,11165,0,0,0,0,168,104,0.7499602521,0.4499761513,0,972,175.2222222222,359.5976146256,129310.444444444,0,0,0,1,0,0,0,0,0,197.125,121.0,324.0,0,0,0,0,0,0,5,605,3,972,26883,220,1,32,11169.0,0.0,11169,11169,6600114.0,0.0,6600114,6600114,DoS attacks-GoldenEye
80,6,15/02/2018 09:54:43,53153067,2,0,0,0,0,0,0.0,0.0,0,0,0.0,0.0,0.0,0.0376271796,53153067.0,0.0,53153067,53153067,53153067,53153067.0,0.0,53153067,53153067,0,0.0,0.0,0,0,0,0,0,0,64,0,0.0376271796,0.0,0,0,0.0,0.0,0.0,0,0,0,0,1,0,0,0,0,0.0,0.0,0.0,0,0,0,0,0,0,2,0,0,0,226,-1,0,32,0.0,0.0,0,0,53153067.0,0.0,53153067,53153067,DoS attacks-GoldenEye
80,6,15/02/2018 09:54:17,5006108,4,4,296,662,296,0,74.0,148.0,662,0,165.5,331.0,191.3662270171,1.5980478248,715158.285714286,1891533.48356219,5004753,7,1355,451.6666666667,375.2390349275,879,176,5006090,1668696.66666667,2889350.28890481,5005031,465,0,0,0,0,136,136,0.7990239124,0.7990239124,0,662,106.4444444444,230.1863978991,52985.7777777778,0,0,0,1,0,0,0,0,1,119.75,74.0,165.5,0,0,0,0,0,0,4,296,4,662,26883,219,1,32,0.0,0.0,0,0,0.0,0.0,0,0,DoS attacks-GoldenEye
80,6,15/02/2018 09:51:42,1967694,2,0,0,0,0,0,0.0,0.0,0,0,0.0,0.0,0.0,1.0164182032,1967694.0,0.0,1967694,1967694,1967694,1967694.0,0.0,1967694,1967694,0,0.0,0.0,0,0,0,0,0,0,64,0,1.0164182032,0.0,0,0,0.0,0.0,0.0,0,0,0,0,1,0,0,0,0,0.0,0.0,0.0,0,0,0,0,0,0,2,0,0,0,226,-1,0,32,0.0,0.0,0,0,0.0,0.0,0,0,DoS attacks-GoldenEye
80,6,15/02/2018 09:55:11,1943441,2,0,0,0,0,0,0.0,0.0,0,0,0.0,0.0,0.0,1.0291025043,1943441.0,0.0,1943441,1943441,1943441,1943441.0,0.0,1943441,1943441,0,0.0,0.0,0,0,0,0,0,0,64,0,1.0291025043,0.0,0,0,0.0,0.0,0.0,0,0,0,0,1,0,0,0,0,0.0,0.0,0.0,0,0,0,0,0,0,2,0,0,0,226,-1,0,32,0.0,0.0,0,0,0.0,0.0,0,0,DoS attacks-GoldenEye
80,6,15/02/2018 09:50:19,6907703,5,3,373,972,373,0,74.6,166.8106711215,972,0,324.0,561.1844616523,194.7101663172,1.1581273833,986814.714285714,2594852.43871495,6871310,1,6907703,1726925.75,3429857.82448344,6871651,1,6871632,3435816.0,4858522.20825139,6871310,322,0,0,0,0,168,104,0.7238296146,0.4342977687,0,972,149.4444444444,332.2104420059,110363.777777778,0,0,0,1,0,0,0,0,0,168.125,74.6,324.0,0,0,0,0,0,0,5,373,3,972,26883,219,1,32,325.0,0.0,325,325,6871310.0,0.0,6871310,6871310,DoS attacks-GoldenEye
80,6,15/02/2018 09:27:54,6998661,5,3,351,972,351,0,70.2,156.9719720205,972,0,324.0,561.1844616523,189.0361599169,1.1430757969,999808.714285714,2630735.61701258,6965701,2,6998661,1749665.25,3477614.41712499,6966044,346,6967518,3483759.0,4924209.5997965,6965701,1817,0,0,0,0,168,104,0.7144223731,0.4286534238,0,972,147.0,330.4360755123,109188.0,0,0,0,1,0,0,0,0,0,165.375,70.2,324.0,0,0,0,0,0,0,5,351,3,972,26883,219,1,32,1819.0,0.0,1819,1819,6965701.0,0.0,6965701,6965701,DoS attacks-GoldenEye
80,6,15/02/2018 09:30:08,5080247,4,4,375,662,375,0,93.75,187.5,662,0,165.5,331.0,204.1239333442,1.5747265832,725749.571428571,1886262.79774478,5002901,3,77346,25782.0,44377.1550124611,77024,3,5080240,1693413.33333333,2866575.17460686,5003155,322,0,0,0,0,136,136,0.7873632916,0.7873632916,0,662,115.2222222222,239.6308503604,57422.9444444444,0,0,0,1,0,0,0,0,1,129.625,93.75,165.5,0,0,0,0,0,0,4,375,4,662,26883,219,1,32,0.0,0.0,0,0,0.0,0.0,0,0,DoS attacks-GoldenEye
80,6,15/02/2018 09:40:19,6975303,5,3,356,972,356,0,71.2,159.208039998,972,0,324.0,561.1844616523,190.3859947016,1.1469035825,996471.857142857,2483877.34612007,6621469,4,6975303,1743825.75,3256191.18344714,6621732,132,6621881,3310940.5,4681794.30332266,6621469,412,0,0,0,0,168,104,0.7168147391,0.4300888435,0,972,147.5555555556,330.8259025194,109445.777777778,0,0,0,1,0,0,0,0,0,166.0,71.2,324.0,0,0,0,0,0,0,5,356,3,972,26883,219,1,32,416.0,0.0,416,416,6621469.0,0.0,6621469,6621469,DoS attacks-GoldenEye
80,6,15/02/2018 09:55:53,1959933,2,0,0,0,0,0,0.0,0.0,0,0,0.0,0.0,0.0,1.0204430458,1959933.0,0.0,1959933,1959933,1959933,1959933.0,0.0,1959933,1959933,0,0.0,0.0,0,0,0,0,0,0,64,0,1.0204430458,0.0,0,0,0.0,0.0,0.0,0,0,0,0,1,0,0,0,0,0.0,0.0,0.0,0,0,0,0,0,0,2,0,0,0,226,-1,0,32,0.0,0.0,0,0,0.0,0.0,0,0,DoS attacks-GoldenEye
80,6,15/02/2018 09:28:08,11965946,4,4,508,662,508,0,127.0,254.0,662,0,165.5,331.0,97.7774761812,0.6685639397,1709420.85714286,2972723.47934647,6960662,3,6963294,2321098.0,4018209.88255629,6960927,290,11965943,3988647.66666667,3588316.38410137,6960662,2368,0,0,0,0,136,136,0.3342819699,0.3342819699,0,662,130.0,260.817944168,68026.0,0,0,0,1,0,0,0,0,1,146.25,127.0,165.5,0,0,0,0,0,0,4,508,4,662,26883,219,1,32,2371.0,0.0,2371,2371,6960662.0,0.0,6960662,6960662,DoS attacks-GoldenEye
80,6,15/02/2018 09:49:44,11959742,4,4,499,972,499,0,124.75,249.5,972,0,243.0,486.0,122.9959642942,0.6689107508,1708534.57142857,2971601.56659558,6957293,4,6958522,2319507.33333333,4016793.54436475,6957701,306,11959738,3986579.33333333,3587598.42069766,6957293,821,0,0,0,0,136,136,0.3344553754,0.3344553754,0,972,163.4444444444,345.2097590999,119169.777777778,0,0,0,1,0,0,0,0,1,183.875,124.75,243.0,0,0,0,0,0,0,4,499,4,972,26883,219,1,32,825.0,0.0,825,825,6957293.0,0.0,6957293,6957293,DoS attacks-GoldenEye
80,6,15/02/2018 09:54:14,23060175,2,0,0,0,0,0,0.0,0.0,0,0,0.0,0.0,0.0,0.0867296107,23060175.0,0.0,23060175,23060175,23060175,23060175.0,0.0,23060175,23060175,0,0.0,0.0,0,0,0,0,0,0,64,0,0.0867296107,0.0,0,0,0.0,0.0,0.0,0,0,0,0,1,0,0,0,0,0.0,0.0,0.0,0,0,0,0,0,0,2,0,0,0,226,-1,0,32,0.0,0.0,0,0,23060175.0,0.0,23060175,23060175,DoS attacks-GoldenEye
80,6,15/02/2018 09:55:53,1857241,2,0,0,0,0,0,0.0,0.0,0,0,0.0,0.0,0.0,1.0768661687,1857241.0,0.0,1857241,1857241,1857241,1857241.0,0.0,1857241,1857241,0,0.0,0.0,0,0,0,0,0,0,64,0,1.0768661687,0.0,0,0,0.0,0.0,0.0,0,0,0,0,1,0,0,0,0,0.0,0.0,0.0,0,0,0,0,0,0,2,0,0,0,226,-1,0,32,0.0,0.0,0,0,0.0,0.0,0,0,DoS attacks-GoldenEye
80,6,15/02/2018 09:28:44,11778200,4,4,476,662,476,0,119.0,238.0,662,0,165.5,331.0,96.6191778031,0.6792209336,1682600.0,2917895.94122757,6772768,4,6774970,2258323.33333333,3909876.70508641,6773060,268,11778196,3926065.33333333,3511666.65546637,6772768,1911,0,0,0,0,136,136,0.3396104668,0.3396104668,0,662,126.4444444444,255.1779335636,65115.7777777778,0,0,0,1,0,0,0,0,1,142.25,119.0,165.5,0,0,0,0,0,0,4,476,4,662,26883,219,1,32,1915.0,0.0,1915,1915,6772768.0,0.0,6772768,6772768,DoS attacks-GoldenEye
80,6,15/02/2018 09:50:33,169154,5,3,395,972,395,0,79.0,176.6493702225,972,0,324.0,561.1844616523,8081.3932865909,47.2941816333,24164.8571428571,45241.6876211479,117384,3,169154,42288.5,55519.7798356586,117384,264,51455,25727.5,35576.6634818388,50884,571,0,0,0,0,168,104,29.5588635208,17.7353181125,0,972,151.8888888889,334.136366041,111647.111111111,0,0,0,1,0,0,0,0,0,170.875,79.0,324.0,0,0,0,0,0,0,5,395,3,972,26883,219,1,32,0.0,0.0,0,0,0.0,0.0,0,0,DoS attacks-GoldenEye
80,6,15/02/2018 09:28:16,6778768,5,3,443,662,443,0,88.6,198.1156228065,662,0,220.6666666667,382.2058782035,163.0089715417,1.1801554501,968395.428571428,2549731.65827824,6750598,3,6778768,1694692.0,3370880.70508277,6750977,230,6751133,3375566.5,4773015.32073641,6750598,535,0,0,0,0,168,104,0.7375971563,0.4425582938,0,662,122.7777777778,249.7057156824,62352.9444444444,0,0,0,1,0,0,0,0,0,138.125,88.6,220.6666666667,0,0,0,0,0,0,5,443,3,662,26883,219,1,32,538.0,0.0,538,538,6750598.0,0.0,6750598,6750598,DoS attacks-GoldenEye
80,6,15/02/2018 09:54:03,280341,5,3,474,972,474,0,94.8,211.979244267,972,0,324.0,561.1844616523,5158.0040022687,28.536674978,40048.7142857143,105525.571050677,279358,6,280341,70085.25,139515.349990303,279358,51,670,335.0,70.7106781187,385,285,0,0,0,0,168,104,17.8354218612,10.7012531167,0,972,160.6666666667,342.2601349851,117142.0,0,0,0,1,0,0,0,0,0,180.75,94.8,324.0,0,0,0,0,0,0,5,474,3,972,26883,219,1,32,0.0,0.0,0,0,0.0,0.0,0,0,DoS attacks-GoldenEye
80,6,15/02/2018 09:56:07,40732207,2,0,0,0,0,0,0.0,0.0,0,0,0.0,0.0,0.0,0.0491011941,40732207.0,0.0,40732207,40732207,40732207,40732207.0,0.0,40732207,40732207,0,0.0,0.0,0,0,0,0,0,0,64,0,0.0491011941,0.0,0,0,0.0,0.0,0.0,0,0,0,0,1,0,0,0,0,0.0,0.0,0.0,0,0,0,0,0,0,2,0,0,0,226,-1,0,32,0.0,0.0,0,0,40732207.0,0.0,40732207,40732207,DoS attacks-GoldenEye
80,6,15/02/2018 09:29:19,5010078,4,4,596,972,596,0,149.0,298.0,972,0,243.0,486.0,312.9691793222,1.5967815272,715725.428571429,1890654.77815076,5003326,8,6752,2250.6666666667,2209.8127371643,4734,501,5010070,1670023.33333333,2886987.43940744,5003629,2029,0,0,0,0,136,136,0.7983907636,0.7983907636,0,972,174.2222222222,358.2630938911,128352.444444444,0,0,0,1,0,0,0,0,1,196.0,149.0,243.0,0,0,0,0,0,0,4,596,4,972,26883,220,1,32,0.0,0.0,0,0,0.0,0.0,0,0,DoS attacks-GoldenEye
80,6,15/02/2018 09:57:03,5460672,5,3,367,662,367,0,73.4,164.1273895485,662,0,220.6666666667,382.2058782035,188.4383460497,1.4650211549,780096.0,1974668.89132626,5254912,5,5460672,1365168.0,2595125.77855885,5255199,295,5256300,2628150.0,3714802.44552628,5254912,1388,0,0,0,0,168,104,0.9156382218,0.5493829331,0,662,114.3333333333,238.5592169672,56910.5,0,0,0,1,0,0,0,0,0,128.625,73.4,220.6666666667,0,0,0,0,0,0,5,367,3,662,26883,219,1,32,1394.0,0.0,1394,1394,5254912.0,0.0,5254912,5254912,DoS attacks-GoldenEye
80,6,15/02/2018 09:56:15,1407793,2,0,0,0,0,0,0.0,0.0,0,0,0.0,0.0,0.0,1.4206634072,1407793.0,0.0,1407793,1407793,1407793,1407793.0,0.0,1407793,1407793,0,0.0,0.0,0,0,0,0,0,0,64,0,1.4206634072,0.0,0,0,0.0,0.0,0.0,0,0,0,0,1,0,0,0,0,0.0,0.0,0.0,0,0,0,0,0,0,2,0,0,0,226,-1,0,32,0.0,0.0,0,0,0.0,0.0,0,0,DoS attacks-GoldenEye
80,6,15/02/2018 09:55:04,1946519,2,0,0,0,0,0,0.0,0.0,0,0,0.0,0.0,0.0,1.0274752006,1946519.0,0.0,1946519,1946519,1946519,1946519.0,0.0,1946519,1946519,0,0.0,0.0,0,0,0,0,0,0,64,0,1.0274752006,0.0,0,0,0.0,0.0,0.0,0,0,0,0,1,0,0,0,0,0.0,0.0,0.0,0,0,0,0,0,0,2,0,0,0,226,-1,0,32,0.0,0.0,0,0,0.0,0.0,0,0,DoS attacks-GoldenEye
80,6,15/02/2018 09:54:03,256479,5,3,265,662,265,0,53.0,118.5116028075,662,0,220.6666666667,382.2058782035,3614.3309978595,31.191637522,36639.8571428571,96495.5891417298,255471,7,256479,64119.75,127567.762773032,255471,24,695,347.5,4.9497474683,351,344,0,0,0,0,168,104,19.4947734512,11.6968640707,0,662,103.0,227.2080544347,51623.5,0,0,0,1,0,0,0,0,0,115.875,53.0,220.6666666667,0,0,0,0,0,0,5,265,3,662,26883,219,1,32,0.0,0.0,0,0,0.0,0.0,0,0,DoS attacks-GoldenEye
80,6,15/02/2018 09:55:04,30246474,2,0,0,0,0,0,0.0,0.0,0,0,0.0,0.0,0.0,0.06612341,30246474.0,0.0,30246474,30246474,30246474,30246474.0,0.0,30246474,30246474,0,0.0,0.0,0,0,0,0,0,0,64,0,0.06612341,0.0,0,0,0.0,0.0,0.0,0,0,0,0,1,0,0,0,0,0.0,0.0,0.0,0,0,0,0,0,0,2,0,0,0,226,-1,0,32,0.0,0.0,0,0,30246474.0,0.0,30246474,30246474,DoS attacks-GoldenEye
80,6,15/02/2018 09:56:09,5082191,4,4,385,972,385,0,96.25,192.5,972,0,243.0,486.0,267.0108226944,1.5741242311,726027.285714286,1886911.88822793,5004659,4,77532,25844.0,43944.9298440673,76587,339,5082187,1694062.33333333,2867585.22195459,5004979,946,0,0,0,0,136,136,0.7870621155,0.7870621155,0,972,150.7777777778,333.2423209084,111050.444444444,0,0,0,1,0,0,0,0,1,169.625,96.25,243.0,0,0,0,0,0,0,4,385,4,972,26883,219,1,32,0.0,0.0,0,0,0.0,0.0,0,0,DoS attacks-GoldenEye
80,6,15/02/2018 09:51:09,5004832,4,4,353,662,353,0,88.25,176.5,662,0,165.5,331.0,202.8040102045,1.5984552528,714976.0,1891241.24900676,5003908,7,924,308.0,293.1774206858,612,27,5004825,1668275.0,2888976.74258361,5004178,312,0,0,0,0,136,136,0.7992276264,0.7992276264,0,662,112.7777777778,236.744470779,56047.9444444444,0,0,0,1,0,0,0,0,1,126.875,88.25,165.5,0,0,0,0,0,0,4,353,4,662,26883,219,1,32,0.0,0.0,0,0,0.0,0.0,0,0,DoS attacks-GoldenEye
80,6,15/02/2018 09:31:10,2159468,2,0,0,0,0,0,0.0,0.0,0,0,0.0,0.0,0.0,0.9261540342,2159468.0,0.0,2159468,2159468,2159468,2159468.0,0.0,2159468,2159468,0,0.0,0.0,0,0,0,0,0,0,64,0,0.9261540342,0.0,0,0,0.0,0.0,0.0,0,0,0,0,1,0,0,0,0,0.0,0.0,0.0,0,0,0,0,0,0,2,0,0,0,221,-1,0,32,0.0,0.0,0,0,0.0,0.0,0,0,DoS attacks-GoldenEye
80,6,15/02/2018 09:40:34,10880237,4,4,336,972,336,0,84.0,168.0,972,0,243.0,486.0,120.2179695167,0.735278101,1554319.57142857,2665498.46114267,5875087,5,5877837,1959279.0,3391506.28799697,5875453,296,10880226,3626742.0,3168950.76735834,5875087,2378,0,0,0,0,136,136,0.3676390505,0.3676390505,0,972,145.3333333333,329.314439404,108448.0,0,0,0,1,0,0,0,0,1,163.5,84.0,243.0,0,0,0,0,0,0,4,336,4,972,26883,219,1,32,2389.0,0.0,2389,2389,5875087.0,0.0,5875087,5875087,DoS attacks-GoldenEye
80,6,15/02/2018 09:55:13,6985154,5,3,472,972,472,0,94.4,211.084817076,972,0,324.0,561.1844616523,206.7241466688,1.1452861311,997879.142857143,2631252.81653331,6964977,4,6985154,1746288.5,3479327.03281477,6965261,37,6965299,3482649.5,4924754.77912479,6964977,322,0,0,0,0,168,104,0.715803832,0.4294822992,0,972,160.4444444444,342.0318373745,116985.777777778,0,0,0,1,0,0,0,0,0,180.5,94.4,324.0,0,0,0,0,0,0,5,472,3,972,26883,219,1,32,326.0,0.0,326,326,6964977.0,0.0,6964977,6964977,DoS attacks-GoldenEye
80,6,15/02/2018 09:55:18,1947496,2,0,0,0,0,0,0.0,0.0,0,0,0.0,0.0,0.0,1.0269597473,1947496.0,0.0,1947496,1947496,1947496,1947496.0,0.0,1947496,1947496,0,0.0,0.0,0,0,0,0,0,0,64,0,1.0269597473,0.0,0,0,0.0,0.0,0.0,0,0,0,0,1,0,0,0,0,0.0,0.0,0.0,0,0,0,0,0,0,2,0,0,0,221,-1,0,32,0.0,0.0,0,0,0.0,0.0,0,0,DoS attacks-GoldenEye
80,6,15/02/2018 09:38:16,22728429,12,4,3608,662,451,0,300.6666666667,222.0570497267,662,0,165.5,331.0,187.8704419034,0.7039641851,1515228.6,2110006.72065561,6655757,4,17728203,1611654.81818182,2078391.61696235,6655757,328,21705180,7235060.0,5323587.81938394,13311728,3392881,0,0,0,0,400,136,0.5279731388,0.1759910463,0,662,251.1764705882,249.1144905696,62058.0294117647,0,0,0,1,0,0,0,0,0,266.875,300.6666666667,165.5,0,0,0,0,0,0,12,3608,4,662,26883,219,8,32,7679188.0,0.0,7679188,7679188,6655757.0,0.0,6655757,6655757,DoS attacks-GoldenEye
80,6,15/02/2018 09:39:02,5003571,4,4,431,972,431,0,107.75,215.5,972,0,243.0,486.0,280.3997385068,1.5988580955,714795.857142857,1890442.74360862,5001917,6,1654,551.3333333333,141.8038551427,643,388,5003565,1667855.0,2887632.69301707,5002206,324,0,0,0,0,136,136,0.7994290478,0.7994290478,0,972,155.8888888889,337.6079251308,113979.111111111,0,0,0,1,0,0,0,0,1,175.375,107.75,243.0,0,0,0,0,0,0,4,431,4,972,26883,219,1,32,0.0,0.0,0,0,0.0,0.0,0,0,DoS attacks-GoldenEye
80,6,15/02/2018 09:50:34,136006,5,3,583,972,583,0,116.6,260.7255261765,972,0,324.0,561.1844616523,11433.3191182742,58.8209343705,19429.4285714286,34269.2867538711,85964,3,136006,34001.5,41862.2336917975,87086,276,86961,43480.5,60080.7418770774,85964,997,0,0,0,0,168,104,36.7630839816,22.057850389,0,972,172.7777777778,356.3712171942,127000.444444444,0,0,0,1,0,0,0,0,0,194.375,116.6,324.0,0,0,0,0,0,0,5,583,3,972,26883,219,1,32,0.0,0.0,0,0,0.0,0.0,0,0,DoS attacks-GoldenEye
80,6,15/02/2018 09:55:46,94600268,2,1,275,0,275,0,137.5,194.4543648263,0,0,0.0,0.0,2.9069685088,0.0317123837,47300134.0,66892481.1053698,94600261,7,94600261,94600261.0,0.0,94600261,94600261,0,0.0,0.0,0,0,0,0,0,0,64,20,0.0211415892,0.0105707946,0,275,68.75,137.5,18906.25,0,0,0,0,1,0,0,0,0,91.6666666667,137.5,0.0,0,0,0,0,0,0,2,275,1,0,226,0,1,32,0.0,0.0,0,0,94600261.0,0.0,94600261,94600261,DoS attacks-GoldenEye
80,6,15/02/2018 09:39:44,11594032,4,4,409,972,409,0,102.25,204.5,972,0,243.0,486.0,119.1130057257,0.6900101707,1656290.28571429,2865190.36764097,6590138,3,6591127,2197042.33333333,3804759.34749313,6590400,320,11594029,3864676.33333333,3439068.90809974,6590138,728,0,0,0,0,136,136,0.3450050854,0.3450050854,0,972,153.4444444444,335.4396782997,112519.777777778,0,0,0,1,0,0,0,0,1,172.625,102.25,243.0,0,0,0,0,0,0,4,409,4,972,26883,219,1,32,731.0,0.0,731,731,6590138.0,0.0,6590138,6590138,DoS attacks-GoldenEye
80,6,15/02/2018 09:29:33,5009263,4,4,481,972,481,0,120.25,240.5,972,0,243.0,486.0,290.0626299717,1.5970413212,715609.0,1890768.85753856,5003468,4,5795,1931.6666666667,2711.6917843541,5062,303,5009259,1669753.0,2887351.04334388,5003778,735,0,0,0,0,136,136,0.7985206606,0.7985206606,0,972,161.4444444444,343.0681824037,117695.777777778,0,0,0,1,0,0,0,0,1,181.625,120.25,243.0,0,0,0,0,0,0,4,481,4,972,26883,219,1,32,0.0,0.0,0,0,0.0,0.0,0,0,DoS attacks-GoldenEye
80,6,15/02/2018 09:55:48,5026846,4,4,572,662,572,0,143.0,286.0,662,0,165.5,331.0,245.4819582697,1.591455159,718120.857142857,1890256.42020542,5004782,7,22064,7354.6666666667,12459.6561081489,21741,27,5026839,1675613.0,2883494.91587604,5005164,324,0,0,0,0,136,136,0.7957275795,0.7957275795,0,662,137.1111111111,273.0002035001,74529.1111111111,0,0,0,1,0,0,0,0,1,154.25,143.0,165.5,0,0,0,0,0,0,4,572,4,662,26883,219,1,32,0.0,0.0,0,0,0.0,0.0,0,0,DoS attacks-GoldenEye
80,6,15/02/2018 09:56:40,7151941,5,3,349,972,349,0,69.8,156.0775448295,972,0,324.0,561.1844616523,184.7051031321,1.1185774603,1021705.85714286,2554347.49798107,6807161,3,7151941,1787985.25,3350230.44167645,6807482,284,6808277,3404138.5,4812600.5725608,6807161,1116,0,0,0,0,168,104,0.6991109127,0.4194665476,0,972,146.7777777778,330.2823707745,109086.444444444,0,0,0,1,0,0,0,0,0,165.125,69.8,324.0,0,0,0,0,0,0,5,349,3,972,26883,219,1,32,1119.0,0.0,1119,1119,6807161.0,0.0,6807161,6807161,DoS attacks-GoldenEye
80,6,15/02/2018 09:29:31,1970905,2,0,0,0,0,0,0.0,0.0,0,0,0.0,0.0,0.0,1.0147622539,1970905.0,0.0,1970905,1970905,1970905,1970905.0,0.0,1970905,1970905,0,0.0,0.0,0,0,0,0,0,0,64,0,1.0147622539,0.0,0,0,0.0,0.0,0.0,0,0,0,0,1,0,0,0,0,0.0,0.0,0.0,0,0,0,0,0,0,2,0,0,0,226,-1,0,32,0.0,0.0,0,0,0.0,0.0,0,0,DoS attacks-GoldenEye
80,6,15/02/2018 09:50:05,11859898,4,4,381,972,381,0,95.25,190.5,972,0,243.0,486.0,114.0819254938,0.6745420576,1694271.14285714,2942043.82413754,6854896,3,6856098,2285366.0,3957626.97770722,6855240,316,11859895,3953298.33333333,3545793.55749377,6854896,860,0,0,0,0,136,136,0.3372710288,0.3372710288,0,972,150.3333333333,332.8933763234,110818.0,0,0,0,1,0,0,0,0,1,169.125,95.25,243.0,0,0,0,0,0,0,4,381,4,972,26883,219,1,32,863.0,0.0,863,863,6854896.0,0.0,6854896,6854896,DoS attacks-GoldenEye
80,6,15/02/2018 09:30:43,5007101,4,4,423,972,423,0,105.75,211.5,972,0,243.0,486.0,278.604326136,1.5977309026,715300.142857143,1891520.80602914,5004866,7,2235,745.0,553.9286957723,1378,349,5007094,1669031.33333333,2889135.89758501,5005118,247,0,0,0,0,136,136,0.7988654513,0.7988654513,0,972,155.0,336.8026128165,113436.0,0,0,0,1,0,0,0,0,1,174.375,105.75,243.0,0,0,0,0,0,0,4,423,4,972,26883,219,1,32,0.0,0.0,0,0,0.0,0.0,0,0,DoS attacks-GoldenEye
80,6,15/02/2018 09:28:06,1934870,2,0,0,0,0,0,0.0,0.0,0,0,0.0,0.0,0.0,1.0336611762,1934870.0,0.0,1934870,1934870,1934870,1934870.0,0.0,1934870,1934870,0,0.0,0.0,0,0,0,0,0,0,64,0,1.0336611762,0.0,0,0,0.0,0.0,0.0,0,0,0,0,1,0,0,0,0,0.0,0.0,0.0,0,0,0,0,0,0,2,0,0,0,226,-1,0,32,0.0,0.0,0,0,0.0,0.0,0,0,DoS attacks-GoldenEye
80,6,15/02/2018 09:37:44,4254740,5,3,468,972,468,0,93.6,209.295962694,972,0,324.0,561.1844616523,338.4460625091,1.8802559028,607820.0,1607637.87514384,4253600,4,4254740,1063685.0,2126610.00162559,4253600,289,848,424.0,322.4406922211,652,196,0,0,0,0,168,104,1.1751599393,0.7050959636,0,972,160.0,341.5786878598,116676.0,0,0,0,1,0,0,0,0,0,180.0,93.6,324.0,0,0,0,0,0,0,5,468,3,972,26883,219,1,32,0.0,0.0,0,0,0.0,0.0,0,0,DoS attacks-GoldenEye
80,6,15/02/2018 09:37:59,6006239,5,3,420,972,420,0,84.0,187.82971011,972,0,324.0,561.1844616523,231.7590092569,1.3319483291,858034.142857143,2216189.68520111,5882842,4,6006239,1501559.75,2921944.06430016,5883646,278,5884163,2942081.5,4158863.38279108,5882842,1321,0,0,0,0,168,104,0.8324677057,0.4994806234,0,972,154.6666666667,336.5055720192,113236.0,0,0,0,1,0,0,0,0,0,174.0,84.0,324.0,0,0,0,0,0,0,5,420,3,972,26883,219,1,32,1326.0,0.0,1326,1326,5882842.0,0.0,5882842,5882842,DoS attacks-GoldenEye
80,6,15/02/2018 09:56:45,2116900,2,0,0,0,0,0,0.0,0.0,0,0,0.0,0.0,0.0,0.944777741,2116900.0,0.0,2116900,2116900,2116900,2116900.0,0.0,2116900,2116900,0,0.0,0.0,0,0,0,0,0,0,64,0,0.944777741,0.0,0,0,0.0,0.0,0.0,0,0,0,0,1,0,0,0,0,0.0,0.0,0.0,0,0,0,0,0,0,2,0,0,0,226,-1,0,32,0.0,0.0,0,0,0.0,0.0,0,0,DoS attacks-GoldenEye
80,6,15/02/2018 09:31:05,11410901,4,4,400,972,400,0,100.0,200.0,972,0,243.0,486.0,120.2359042463,0.7010839898,1630128.71428571,2811616.22967406,6404194,4,6409038,2136346.0,3696344.17050564,6404516,295,11410897,3803632.33333333,3363976.75477586,6404194,4522,0,0,0,0,136,136,0.3505419949,0.3505419949,0,972,152.4444444444,334.5949458342,111953.777777778,0,0,0,1,0,0,0,0,1,171.5,100.0,243.0,0,0,0,0,0,0,4,400,4,972,26883,219,1,32,4526.0,0.0,4526,4526,6404194.0,0.0,6404194,6404194,DoS attacks-GoldenEye
80,6,15/02/2018 09:39:58,11748309,4,4,425,972,425,0,106.25,212.5,972,0,243.0,486.0,118.9107300463,0.6809490625,1678329.85714286,2909474.39460895,6741799,3,6742719,2247573.0,3892387.5504013,6742115,288,11748306,3916102.0,3500238.87276411,6741799,605,0,0,0,0,136,136,0.3404745313,0.3404745313,0,972,155.2222222222,337.0021430858,113570.444444444,0,0,0,1,0,0,0,0,1,174.625,106.25,243.0,0,0,0,0,0,0,4,425,4,972,26883,219,1,32,608.0,0.0,608,608,6741799.0,0.0,6741799,6741799,DoS attacks-GoldenEye
80,6,15/02/2018 09:50:19,61710,5,3,348,662,348,0,69.6,155.630331234,662,0,220.6666666667,382.2058782035,16366.8773294442,129.6386323124,8815.7142857143,16190.7324079166,41808,7,61710,15427.5,19807.5410639483,41808,59,19597,9798.5,13299.9714473378,19203,394,0,0,0,0,168,104,81.0241451953,48.6144871172,0,662,112.2222222222,236.1153202239,55750.4444444445,0,0,0,1,0,0,0,0,0,126.25,69.6,220.6666666667,0,0,0,0,0,0,5,348,3,662,26883,219,1,32,0.0,0.0,0,0,0.0,0.0,0,0,DoS attacks-GoldenEye
80,6,15/02/2018 09:55:25,1654960,2,0,0,0,0,0,0.0,0.0,0,0,0.0,0.0,0.0,1.2084884227,1654960.0,0.0,1654960,1654960,1654960,1654960.0,0.0,1654960,1654960,0,0.0,0.0,0,0,0,0,0,0,64,0,1.2084884227,0.0,0,0,0.0,0.0,0.0,0,0,0,0,1,0,0,0,0,0.0,0.0,0.0,0,0,0,0,0,0,2,0,0,0,226,-1,0,32,0.0,0.0,0,0,0.0,0.0,0,0,DoS attacks-GoldenEye
80,6,15/02/2018 09:54:03,267250,5,3,389,972,389,0,77.8,173.9660886495,972,0,324.0,561.1844616523,5092.6099158092,29.9345182413,38178.5714285714,100618.643866925,266360,8,267250,66812.5,133031.855529669,266360,25,553,276.5,64.346717088,322,231,0,0,0,0,168,104,18.7090739008,11.2254443405,0,972,151.2222222222,333.5962296616,111286.444444444,0,0,0,1,0,0,0,0,0,170.125,77.8,324.0,0,0,0,0,0,0,5,389,3,972,26883,219,1,32,0.0,0.0,0,0,0.0,0.0,0,0,DoS attacks-GoldenEye
80,6,15/02/2018 09:29:54,7025571,5,3,400,972,400,0,80.0,178.8854382,972,0,324.0,561.1844616523,195.2866179845,1.138697481,1003653.0,2626008.39251908,6958618,4,7025571,1756392.75,3468553.55159298,6959013,23,6958910,3479455.0,4920279.50030666,6958618,292,0,0,0,0,168,104,0.7116859256,0.4270115554,0,972,152.4444444444,334.5949458342,111953.777777778,0,0,0,1,0,0,0,0,0,171.5,80.0,324.0,0,0,0,0,0,0,5,400,3,972,26883,219,1,32,296.0,0.0,296,296,6958618.0,0.0,6958618,6958618,DoS attacks-GoldenEye
80,6,15/02/2018 09:56:09,267240,5,3,284,972,284,0,56.8,127.008661122,972,0,324.0,561.1844616523,4699.8952252657,29.9356383775,38177.1428571429,69273.8352901694,174952,4,267240,66810.0,84051.7630511103,174952,124,92000,46000.0,64462.6826000904,91582,418,0,0,0,0,168,104,18.7097739859,11.2258643916,0,972,139.5555555556,325.9904565747,106269.777777778,0,0,0,1,0,0,0,0,0,157.0,56.8,324.0,0,0,0,0,0,0,5,284,3,972,26883,219,1,32,0.0,0.0,0,0,0.0,0.0,0,0,DoS attacks-GoldenEye
80,6,15/02/2018 09:28:51,6972660,5,3,349,972,349,0,69.8,156.0775448295,972,0,324.0,561.1844616523,189.4542398453,1.1473383185,996094.285714286,2627339.62614985,6954322,5,6972660,1743165.0,3474340.51378503,6954661,25,6954625,3477312.5,4917233.99140009,6954322,303,0,0,0,0,168,104,0.7170864491,0.4302518694,0,972,146.7777777778,330.2823707745,109086.444444444,0,0,0,1,0,0,0,0,0,165.125,69.8,324.0,0,0,0,0,0,0,5,349,3,972,26883,219,1,32,308.0,0.0,308,308,6954322.0,0.0,6954322,6954322,DoS attacks-GoldenEye
80,6,15/02/2018 09:52:03,45016956,2,0,0,0,0,0,0.0,0.0,0,0,0.0,0.0,0.0,0.0444277041,45016956.0,0.0,45016956,45016956,45016956,45016956.0,0.0,45016956,45016956,0,0.0,0.0,0,0,0,0,0,0,64,0,0.0444277041,0.0,0,0,0.0,0.0,0.0,0,0,0,0,1,0,0,0,0,0.0,0.0,0.0,0,0,0,0,0,0,2,0,0,0,226,-1,0,32,0.0,0.0,0,0,45016956.0,0.0,45016956,45016956,DoS attacks-GoldenEye
80,6,15/02/2018 09:28:49,1961700,2,0,0,0,0,0,0.0,0.0,0,0,0.0,0.0,0.0,1.0195238823,1961700.0,0.0,1961700,1961700,1961700,1961700.0,0.0,1961700,1961700,0,0.0,0.0,0,0,0,0,0,0,64,0,1.0195238823,0.0,0,0,0.0,0.0,0.0,0,0,0,0,1,0,0,0,0,0.0,0.0,0.0,0,0,0,0,0,0,2,0,0,0,226,-1,0,32,0.0,0.0,0,0,0.0,0.0,0,0,DoS attacks-GoldenEye
80,6,15/02/2018 09:30:48,2064089,2,0,0,0,0,0,0.0,0.0,0,0,0.0,0.0,0.0,0.9689504668,2064089.0,0.0,2064089,2064089,2064089,2064089.0,0.0,2064089,2064089,0,0.0,0.0,0,0,0,0,0,0,64,0,0.9689504668,0.0,0,0,0.0,0.0,0.0,0,0,0,0,1,0,0,0,0,0.0,0.0,0.0,0,0,0,0,0,0,2,0,0,0,226,-1,0,32,0.0,0.0,0,0,0.0,0.0,0,0,DoS attacks-GoldenEye
80,6,15/02/2018 09:56:35,12630758,2,0,0,0,0,0,0.0,0.0,0,0,0.0,0.0,0.0,0.1583436243,12630758.0,0.0,12630758,12630758,12630758,12630758.0,0.0,12630758,12630758,0,0.0,0.0,0,0,0,0,0,0,64,0,0.1583436243,0.0,0,0,0.0,0.0,0.0,0,0,0,0,1,0,0,0,0,0.0,0.0,0.0,0,0,0,0,0,0,2,0,0,0,226,-1,0,32,0.0,0.0,0,0,12630758.0,0.0,12630758,12630758,DoS attacks-GoldenEye
80,6,15/02/2018 09:30:08,5076154,4,4,426,972,426,0,106.5,213.0,972,0,243.0,486.0,275.4053561023,1.5759963153,725164.857142857,1886450.99816688,5002793,7,73361,24453.6666666667,42076.3527094891,73039,25,5076147,1692049.0,2867646.66114586,5003058,324,0,0,0,0,136,136,0.7879981577,0.7879981577,0,972,155.3333333333,337.1023583424,113638.0,0,0,0,1,0,0,0,0,1,174.75,106.5,243.0,0,0,0,0,0,0,4,426,4,972,26883,219,1,32,0.0,0.0,0,0,0.0,0.0,0,0,DoS attacks-GoldenEye
80,6,15/02/2018 09:54:03,5002810,4,4,419,972,419,0,104.75,209.5,972,0,243.0,486.0,278.0437394184,1.5991013051,714687.142857143,1890507.4300892,5001955,6,855,285.0,243.7601279947,522,35,5002804,1667601.33333333,2887893.05669797,5002253,217,0,0,0,0,136,136,0.7995506525,0.7995506525,0,972,154.5555555556,336.4071607112,113169.777777778,0,0,0,1,0,0,0,0,1,173.875,104.75,243.0,0,0,0,0,0,0,4,419,4,972,26883,219,1,32,0.0,0.0,0,0,0.0,0.0,0,0,DoS attacks-GoldenEye
80,6,15/02/2018 09:28:51,11380909,4,4,352,662,352,0,88.0,176.0,662,0,165.5,331.0,89.0965739204,0.7029315497,1625844.14285714,2804474.67315244,6375712,4,6376476,2125492.0,3681096.40707385,6376056,70,11380905,3793635.0,3355767.93285367,6375712,430,0,0,0,0,136,136,0.3514657748,0.3514657748,0,662,112.6666666667,236.6178353379,55988.0,0,0,0,1,0,0,0,0,1,126.75,88.0,165.5,0,0,0,0,0,0,4,352,4,662,26883,219,1,32,434.0,0.0,434,434,6375712.0,0.0,6375712,6375712,DoS attacks-GoldenEye
80,6,15/02/2018 09:49:42,16326023,2,0,0,0,0,0,0.0,0.0,0,0,0.0,0.0,0.0,0.1225038088,16326023.0,0.0,16326023,16326023,16326023,16326023.0,0.0,16326023,16326023,0,0.0,0.0,0,0,0,0,0,0,64,0,0.1225038088,0.0,0,0,0.0,0.0,0.0,0,0,0,0,1,0,0,0,0,0.0,0.0,0.0,0,0,0,0,0,0,2,0,0,0,226,-1,0,32,0.0,0.0,0,0,16326023.0,0.0,16326023,16326023,DoS attacks-GoldenEye
80,6,15/02/2018 09:52:24,57772883,2,0,0,0,0,0,0.0,0.0,0,0,0.0,0.0,0.0,0.0346183174,57772883.0,0.0,57772883,57772883,57772883,57772883.0,0.0,57772883,57772883,0,0.0,0.0,0,0,0,0,0,0,64,0,0.0346183174,0.0,0,0,0.0,0.0,0.0,0,0,0,0,1,0,0,0,0,0.0,0.0,0.0,0,0,0,0,0,0,2,0,0,0,221,-1,0,32,0.0,0.0,0,0,57772883.0,0.0,57772883,57772883,DoS attacks-GoldenEye
80,6,15/02/2018 09:57:03,5431934,5,3,428,972,428,0,85.6,191.407418874,972,0,324.0,561.1844616523,257.7350903012,1.4727719446,775990.571428572,1965913.04732329,5231102,4,5431934,1357983.5,2583963.55209724,5231395,301,5232690,2616345.0,3697824.81170999,5231102,1588,0,0,0,0,168,104,0.9204824654,0.5522894792,0,972,155.5555555556,337.3036877619,113773.777777778,0,0,0,1,0,0,0,0,0,175.0,85.6,324.0,0,0,0,0,0,0,5,428,3,972,26883,219,1,32,1592.0,0.0,1592,1592,5231102.0,0.0,5231102,5231102,DoS attacks-GoldenEye
80,6,15/02/2018 09:56:24,10963203,4,4,481,972,481,0,120.25,240.5,972,0,243.0,486.0,132.5342602887,0.7297137524,1566171.85714286,2688549.78582199,5960488,4,5961939,1987313.0,3441147.62449811,5960808,270,10963199,3654399.66666667,3199946.10911689,5960488,1131,0,0,0,0,136,136,0.3648568762,0.3648568762,0,972,161.4444444444,343.0681824037,117695.777777778,0,0,0,1,0,0,0,0,1,181.625,120.25,243.0,0,0,0,0,0,0,4,481,4,972,26883,219,1,32,1135.0,0.0,1135,1135,5960488.0,0.0,5960488,5960488,DoS attacks-GoldenEye
80,6,15/02/2018 09:52:26,6839141,5,3,362,972,362,0,72.4,161.891321571,972,0,324.0,561.1844616523,195.0537355495,1.1697375445,977020.142857143,2512730.8999403,6673686,4,6839141,1709785.25,3310341.00711355,6673960,261,6675187,3337593.5,4717947.25883117,6673686,1501,0,0,0,0,168,104,0.7310859653,0.4386515792,0,972,148.2222222222,331.3041569984,109762.444444444,0,0,0,1,0,0,0,0,0,166.75,72.4,324.0,0,0,0,0,0,0,5,362,3,972,26883,219,1,32,1505.0,0.0,1505,1505,6673686.0,0.0,6673686,6673686,DoS attacks-GoldenEye
80,6,15/02/2018 09:38:05,5066875,4,4,456,972,456,0,114.0,228.0,972,0,243.0,486.0,281.8305168373,1.5788824473,723839.285714286,1887672.4842794,5004381,3,62494,20831.3333333333,34471.8705081887,60631,384,5066872,1688957.33333333,2871817.58524411,5004876,1864,0,0,0,0,136,136,0.7894412236,0.7894412236,0,972,158.6666666667,340.2469691268,115768.0,0,0,0,1,0,0,0,0,1,178.5,114.0,243.0,0,0,0,0,0,0,4,456,4,972,26883,219,1,32,0.0,0.0,0,0,0.0,0.0,0,0,DoS attacks-GoldenEye
80,6,15/02/2018 09:29:05,11962522,4,4,478,972,478,0,119.5,239.0,972,0,243.0,486.0,121.2118982937,0.6687553009,1708931.71428571,2972226.01020249,6956963,6,6957668,2319222.66666667,4016706.65429993,6957316,34,11962516,3987505.33333333,3588228.32313474,6956963,353,0,0,0,0,136,136,0.3343776505,0.3343776505,0,972,161.1111111111,342.7201644361,117457.111111111,0,0,0,1,0,0,0,0,1,181.25,119.5,243.0,0,0,0,0,0,0,4,478,4,972,26883,219,1,32,359.0,0.0,359,359,6956963.0,0.0,6956963,6956963,DoS attacks-GoldenEye
80,6,15/02/2018 09:29:26,5004096,4,4,459,972,459,0,114.75,229.5,972,0,243.0,486.0,285.9657368684,1.5986903529,714870.857142857,1890593.5661657,5002334,5,1762,587.3333333333,579.8701003961,1254,200,5004091,1668030.33333333,2887831.57722353,5002611,513,0,0,0,0,136,136,0.7993451764,0.7993451764,0,972,159.0,340.5759827116,115992.0,0,0,0,1,0,0,0,0,1,178.875,114.75,243.0,0,0,0,0,0,0,4,459,4,972,26883,219,1,32,0.0,0.0,0,0,0.0,0.0,0,0,DoS attacks-GoldenEye
80,6,15/02/2018 09:50:19,56222,5,3,467,972,467,0,93.4,208.8487490985,972,0,324.0,561.1844616523,25594.96282594,142.2930525417,8031.7142857143,14942.1933431729,38958,6,56222,14055.5,18368.4045669006,38958,90,16926,8463.0,11408.4608076638,16530,396,0,0,0,0,168,104,88.9331578386,53.3598947031,0,972,159.8888888889,341.4661200048,116599.111111111,0,0,0,1,0,0,0,0,0,179.875,93.4,324.0,0,0,0,0,0,0,5,467,3,972,26883,219,1,32,0.0,0.0,0,0,0.0,0.0,0,0,DoS attacks-GoldenEye
80,6,15/02/2018 09:39:37,11746090,4,4,503,662,503,0,125.75,251.5,662,0,165.5,331.0,99.1819405436,0.6810777033,1678012.85714286,2909114.10245762,6741863,3,6742587,2247529.0,3892527.84849858,6742233,52,11746087,3915362.33333333,3500088.22760932,6741863,355,0,0,0,0,136,136,0.3405388517,0.3405388517,0,662,129.4444444444,259.9159052035,67556.2777777778,0,0,0,1,0,0,0,0,1,145.625,125.75,165.5,0,0,0,0,0,0,4,503,4,662,26883,219,1,32,358.0,0.0,358,358,6741863.0,0.0,6741863,6741863,DoS attacks-GoldenEye
80,6,15/02/2018 09:49:56,1903824,2,0,0,0,0,0,0.0,0.0,0,0,0.0,0.0,0.0,1.0505172747,1903824.0,0.0,1903824,1903824,1903824,1903824.0,0.0,1903824,1903824,0,0.0,0.0,0,0,0,0,0,0,64,0,1.0505172747,0.0,0,0,0.0,0.0,0.0,0,0,0,0,1,0,0,0,0,0.0,0.0,0.0,0,0,0,0,0,0,2,0,0,0,226,-1,0,32,0.0,0.0,0,0,0.0,0.0,0,0,DoS attacks-GoldenEye
80,6,15/02/2018 09:29:17,1856124,2,0,0,0,0,0,0.0,0.0,0,0,0.0,0.0,0.0,1.0775142178,1856124.0,0.0,1856124,1856124,1856124,1856124.0,0.0,1856124,1856124,0,0.0,0.0,0,0,0,0,0,0,64,0,1.0775142178,0.0,0,0,0.0,0.0,0.0,0,0,0,0,1,0,0,0,0,0.0,0.0,0.0,0,0,0,0,0,0,2,0,0,0,226,-1,0,32,0.0,0.0,0,0,0.0,0.0,0,0,DoS attacks-GoldenEye
80,6,15/02/2018 09:53:46,23072415,2,0,0,0,0,0,0.0,0.0,0,0,0.0,0.0,0.0,0.0866836003,23072415.0,0.0,23072415,23072415,23072415,23072415.0,0.0,23072415,23072415,0,0.0,0.0,0,0,0,0,0,0,64,0,0.0866836003,0.0,0,0,0.0,0.0,0.0,0,0,0,0,1,0,0,0,0,0.0,0.0,0.0,0,0,0,0,0,0,2,0,0,0,226,-1,0,32,0.0,0.0,0,0,23072415.0,0.0,23072415,23072415,DoS attacks-GoldenEye
80,6,15/02/2018 09:39:49,1962250,2,0,0,0,0,0,0.0,0.0,0,0,0.0,0.0,0.0,1.0192381195,1962250.0,0.0,1962250,1962250,1962250,1962250.0,0.0,1962250,1962250,0,0.0,0.0,0,0,0,0,0,0,64,0,1.0192381195,0.0,0,0,0.0,0.0,0.0,0,0,0,0,1,0,0,0,0,0.0,0.0,0.0,0,0,0,0,0,0,2,0,0,0,221,-1,0,32,0.0,0.0,0,0,0.0,0.0,0,0,DoS attacks-GoldenEye
80,6,15/02/2018 09:55:18,16120010,2,0,0,0,0,0,0.0,0.0,0,0,0.0,0.0,0.0,0.1240694019,16120010.0,0.0,16120010,16120010,16120010,16120010.0,0.0,16120010,16120010,0,0.0,0.0,0,0,0,0,0,0,64,0,0.1240694019,0.0,0,0,0.0,0.0,0.0,0,0,0,0,1,0,0,0,0,0.0,0.0,0.0,0,0,0,0,0,0,2,0,0,0,221,-1,0,32,0.0,0.0,0,0,16120010.0,0.0,16120010,16120010,DoS attacks-GoldenEye
80,6,15/02/2018 09:39:35,8924165,2,0,0,0,0,0,0.0,0.0,0,0,0.0,0.0,0.0,0.2241106031,8924165.0,0.0,8924165,8924165,8924165,8924165.0,0.0,8924165,8924165,0,0.0,0.0,0,0,0,0,0,0,64,0,0.2241106031,0.0,0,0,0.0,0.0,0.0,0,0,0,0,1,0,0,0,0,0.0,0.0,0.0,0,0,0,0,0,0,2,0,0,0,221,-1,0,32,0.0,0.0,0,0,8924165.0,0.0,8924165,8924165,DoS attacks-GoldenEye
80,6,15/02/2018 09:27:54,7003361,5,3,535,662,535,0,107.0,239.2592735925,662,0,220.6666666667,382.2058782035,170.9179349744,1.1423086715,1000480.14285714,2627651.54044681,6959334,3,7003361,1750840.25,3472601.33431307,6959665,293,6961740,3480870.0,4919290.96502657,6959334,2406,0,0,0,0,168,104,0.7139429197,0.4283657518,0,662,133.0,265.8166661442,70658.5,0,0,0,1,0,0,0,0,0,149.625,107.0,220.6666666667,0,0,0,0,0,0,5,535,3,662,26883,219,1,32,2409.0,0.0,2409,2409,6959334.0,0.0,6959334,6959334,DoS attacks-GoldenEye
80,6,15/02/2018 09:37:51,6020872,4,4,407,662,407,0,101.75,203.5,662,0,165.5,331.0,177.5490327647,1.32871119,860124.571428572,1865837.95607138,5003756,3,1017116,339038.666666667,585342.707364953,1014934,634,6020869,2006956.33333333,2644559.65832165,5004176,2183,0,0,0,0,136,136,0.664355595,0.664355595,0,662,118.7777777778,244.1617178111,59614.9444444444,0,0,0,1,0,0,0,0,1,133.625,101.75,165.5,0,0,0,0,0,0,4,407,4,662,26883,219,1,32,0.0,0.0,0,0,0.0,0.0,0,0,DoS attacks-GoldenEye
80,6,15/02/2018 09:29:05,5011828,4,4,380,972,380,0,95.0,190.0,972,0,243.0,486.0,269.7618513644,1.5962239726,715975.428571429,1890353.59107292,5002889,6,8939,2979.6666666667,4804.9841137441,8526,78,5011822,1670607.33333333,2886112.53808048,5003200,416,0,0,0,0,136,136,0.7981119863,0.7981119863,0,972,150.2222222222,332.8069176631,110760.444444444,0,0,0,1,0,0,0,0,1,169.0,95.0,243.0,0,0,0,0,0,0,4,380,4,972,26883,219,1,32,0.0,0.0,0,0,0.0,0.0,0,0,DoS attacks-GoldenEye
80,6,15/02/2018 09:30:27,30309267,2,0,0,0,0,0,0.0,0.0,0,0,0.0,0.0,0.0,0.0659864193,30309267.0,0.0,30309267,30309267,30309267,30309267.0,0.0,30309267,30309267,0,0.0,0.0,0,0,0,0,0,0,64,0,0.0659864193,0.0,0,0,0.0,0.0,0.0,0,0,0,0,1,0,0,0,0,0.0,0.0,0.0,0,0,0,0,0,0,2,0,0,0,226,-1,0,32,0.0,0.0,0,0,30309267.0,0.0,30309267,30309267,DoS attacks-GoldenEye
80,6,15/02/2018 09:29:05,6996310,5,3,364,662,364,0,72.8,162.785748762,662,0,220.6666666667,382.2058782035,146.6487334038,1.1434599096,999472.857142857,2629610.91898551,6962809,3,6996310,1749077.5,3476345.40699449,6963547,273,6963424,3481712.0,4923014.58933629,6962809,615,0,0,0,0,168,104,0.7146624435,0.4287974661,0,662,114.0,238.1638091734,56722.0,0,0,0,1,0,0,0,0,0,128.25,72.8,220.6666666667,0,0,0,0,0,0,5,364,3,662,26883,219,1,32,618.0,0.0,618,618,6962809.0,0.0,6962809,6962809,DoS attacks-GoldenEye
80,6,15/02/2018 09:55:55,7065408,5,3,410,662,410,0,82.0,183.357574155,662,0,220.6666666667,382.2058782035,151.7251374584,1.1322771452,1009344.0,2621380.22423602,6953339,3,7065408,1766352.0,3458815.74253626,6953985,58,6953817,3476908.5,4916415.16174748,6953339,478,0,0,0,0,168,104,0.7076732158,0.4246039295,0,662,119.1111111111,244.6060324504,59832.1111111111,0,0,0,1,0,0,0,0,0,134.0,82.0,220.6666666667,0,0,0,0,0,0,5,410,3,662,26883,219,1,32,481.0,0.0,481,481,6953339.0,0.0,6953339,6953339,DoS attacks-GoldenEye
80,6,15/02/2018 09:30:41,1927929,2,0,0,0,0,0,0.0,0.0,0,0,0.0,0.0,0.0,1.0373826007,1927929.0,0.0,1927929,1927929,1927929,1927929.0,0.0,1927929,1927929,0,0.0,0.0,0,0,0,0,0,0,64,0,1.0373826007,0.0,0,0,0.0,0.0,0.0,0,0,0,0,1,0,0,0,0,0.0,0.0,0.0,0,0,0,0,0,0,2,0,0,0,226,-1,0,32,0.0,0.0,0,0,0.0,0.0,0,0,DoS attacks-GoldenEye
80,6,15/02/2018 09:38:17,14651846,9,4,1835,972,367,0,203.8888888889,193.425983547,972,0,243.0,486.0,191.5799551811,0.8872602128,1220987.16666667,2288624.53594126,6964356,3,9651694,1206461.75,2356247.81174542,6964622,30,13628625,4542875.0,2679707.85070705,6964356,1663855,0,0,0,0,304,136,0.6142570704,0.2730031424,0,972,200.5,284.9325831194,81186.5769230769,0,0,0,1,0,0,0,0,0,215.9230769231,203.8888888889,243.0,0,0,0,0,0,0,9,1835,4,972,26883,219,5,32,2687076.0,0.0,2687076,2687076,6964356.0,0.0,6964356,6964356,DoS attacks-GoldenEye
80,6,15/02/2018 09:29:40,11980044,4,4,435,972,435,0,108.75,217.5,972,0,243.0,486.0,117.4453115531,0.6677771801,1711434.85714286,2977329.96123593,6976614,3,6978356,2326118.66666667,4027790.92760738,6977011,306,11980041,3993347.0,3595378.85764811,6976614,1346,0,0,0,0,136,136,0.3338885901,0.3338885901,0,972,156.3333333333,338.0177510132,114256.0,0,0,0,1,0,0,0,0,1,175.875,108.75,243.0,0,0,0,0,0,0,4,435,4,972,26883,219,1,32,1349.0,0.0,1349,1349,6976614.0,0.0,6976614,6976614,DoS attacks-GoldenEye
80,6,15/02/2018 09:28:13,9007761,2,0,0,0,0,0,0.0,0.0,0,0,0.0,0.0,0.0,0.2220307577,9007761.0,0.0,9007761,9007761,9007761,9007761.0,0.0,9007761,9007761,0,0.0,0.0,0,0,0,0,0,0,64,0,0.2220307577,0.0,0,0,0.0,0.0,0.0,0,0,0,0,1,0,0,0,0,0.0,0.0,0.0,0,0,0,0,0,0,2,0,0,0,226,-1,0,32,0.0,0.0,0,0,9007761.0,0.0,9007761,9007761,DoS attacks-GoldenEye
80,6,15/02/2018 09:56:09,305193,5,3,283,972,283,0,56.6,126.5614475265,972,0,324.0,561.1844616523,4112.151982516,26.2129210041,43599.0,76456.0109256733,184695,9,305193,76298.25,91593.4716792087,184695,322,120184,60092.0,83934.9891404056,119443,741,0,0,0,0,168,104,16.3830756276,9.8298453765,0,972,139.4444444444,325.9352355573,106233.777777778,0,0,0,1,0,0,0,0,0,156.875,56.6,324.0,0,0,0,0,0,0,5,283,3,972,26883,219,1,32,0.0,0.0,0,0,0.0,0.0,0,0,DoS attacks-GoldenEye
80,6,15/02/2018 09:51:56,2005005,2,0,0,0,0,0,0.0,0.0,0,0,0.0,0.0,0.0,0.9975037469,2005005.0,0.0,2005005,2005005,2005005,2005005.0,0.0,2005005,2005005,0,0.0,0.0,0,0,0,0,0,0,64,0,0.9975037469,0.0,0,0,0.0,0.0,0.0,0,0,0,0,1,0,0,0,0,0.0,0.0,0.0,0,0,0,0,0,0,2,0,0,0,226,-1,0,32,0.0,0.0,0,0,0.0,0.0,0,0,DoS attacks-GoldenEye
80,6,15/02/2018 09:49:37,5030526,4,4,500,662,500,0,125.0,250.0,662,0,165.5,331.0,230.9897613093,1.5902909557,718646.571428571,1889773.95450107,5004197,7,26329,8776.3333333333,14861.4592262447,25936,47,5030519,1676839.66666667,2881876.36237475,5004512,394,0,0,0,0,136,136,0.7951454778,0.7951454778,0,662,129.1111111111,259.3783165785,67277.1111111111,0,0,0,1,0,0,0,0,1,145.25,125.0,165.5,0,0,0,0,0,0,4,500,4,662,26883,219,1,32,0.0,0.0,0,0,0.0,0.0,0,0,DoS attacks-GoldenEye
80,6,15/02/2018 09:55:04,30074952,2,0,0,0,0,0,0.0,0.0,0,0,0.0,0.0,0.0,0.0665005218,30074952.0,0.0,30074952,30074952,30074952,30074952.0,0.0,30074952,30074952,0,0.0,0.0,0,0,0,0,0,0,64,0,0.0665005218,0.0,0,0,0.0,0.0,0.0,0,0,0,0,1,0,0,0,0,0.0,0.0,0.0,0,0,0,0,0,0,2,0,0,0,221,-1,0,32,0.0,0.0,0,0,30074952.0,0.0,30074952,30074952,DoS attacks-GoldenEye
80,6,15/02/2018 09:54:43,2053479,2,0,0,0,0,0,0.0,0.0,0,0,0.0,0.0,0.0,0.97395688,2053479.0,0.0,2053479,2053479,2053479,2053479.0,0.0,2053479,2053479,0,0.0,0.0,0,0,0,0,0,0,64,0,0.97395688,0.0,0,0,0.0,0.0,0.0,0,0,0,0,1,0,0,0,0,0.0,0.0,0.0,0,0,0,0,0,0,2,0,0,0,221,-1,0,32,0.0,0.0,0,0,0.0,0.0,0,0,DoS attacks-GoldenEye
80,6,15/02/2018 09:40:10,9008552,2,0,0,0,0,0,0.0,0.0,0,0,0.0,0.0,0.0,0.2220112622,9008552.0,0.0,9008552,9008552,9008552,9008552.0,0.0,9008552,9008552,0,0.0,0.0,0,0,0,0,0,0,64,0,0.2220112622,0.0,0,0,0.0,0.0,0.0,0,0,0,0,1,0,0,0,0,0.0,0.0,0.0,0,0,0,0,0,0,2,0,0,0,226,-1,0,32,0.0,0.0,0,0,9008552.0,0.0,9008552,9008552,DoS attacks-GoldenEye
80,6,15/02/2018 09:52:12,5003144,4,4,373,662,373,0,93.25,186.5,662,0,165.5,331.0,206.8699201942,1.5989945522,714734.857142857,1890470.07601561,5001918,6,1226,408.6666666667,273.1891896348,720,209,5003138,1667712.66666667,2887800.10347779,5002257,374,0,0,0,0,136,136,0.7994972761,0.7994972761,0,662,115.0,239.3606066169,57293.5,0,0,0,1,0,0,0,0,1,129.375,93.25,165.5,0,0,0,0,0,0,4,373,4,662,26883,219,1,32,0.0,0.0,0,0,0.0,0.0,0,0,DoS attacks-GoldenEye
80,6,15/02/2018 09:52:26,6843768,5,3,276,662,276,0,55.2,123.430952358,662,0,220.6666666667,382.2058782035,137.0590002466,1.1689466972,977681.142857143,2514239.83567913,6677730,6,6843768,1710942.0,3312289.09828646,6678002,37,6678101,3339050.5,4721605.82931702,6677730,371,0,0,0,0,168,104,0.7305916857,0.4383550114,0,662,104.2222222222,228.2157848275,52082.4444444444,0,0,0,1,0,0,0,0,0,117.25,55.2,220.6666666667,0,0,0,0,0,0,5,276,3,662,26883,219,1,32,377.0,0.0,377,377,6677730.0,0.0,6677730,6677730,DoS attacks-GoldenEye
80,6,15/02/2018 09:29:33,11731823,4,4,447,972,447,0,111.75,223.5,972,0,243.0,486.0,120.9530692715,0.6819059578,1675974.71428571,2904916.0563105,6727150,3,6727933,2242644.33333333,3883984.2175429,6727483,174,11731820,3910606.66666667,3494151.6566356,6727150,454,0,0,0,0,136,136,0.3409529789,0.3409529789,0,972,157.6666666667,339.2756991003,115108.0,0,0,0,1,0,0,0,0,1,177.375,111.75,243.0,0,0,0,0,0,0,4,447,4,972,26883,219,1,32,457.0,0.0,457,457,6727150.0,0.0,6727150,6727150,DoS attacks-GoldenEye
80,6,15/02/2018 09:53:27,11993732,4,4,403,972,403,0,100.75,201.5,972,0,243.0,486.0,114.6432153061,0.6670150709,1713390.28571429,2981486.351433,6988693,6,6989366,2329788.66666667,4034999.70736459,6989005,92,11993726,3997908.66666667,3601301.20071264,6988693,362,0,0,0,0,136,136,0.3335075354,0.3335075354,0,972,152.7777777778,334.8737738976,112140.444444444,0,0,0,1,0,0,0,0,1,171.875,100.75,243.0,0,0,0,0,0,0,4,403,4,972,26883,219,1,32,368.0,0.0,368,368,6988693.0,0.0,6988693,6988693,DoS attacks-GoldenEye
80,6,15/02/2018 09:51:51,7006881,5,3,445,972,445,0,89.0,199.0100499975,972,0,324.0,561.1844616523,202.2297795553,1.1417348175,1000983.0,2631213.02913504,6967926,3,7006881,1751720.25,3477701.62080565,6968203,70,6968292,3484146.0,4926808.92432414,6967926,366,0,0,0,0,168,104,0.713584261,0.4281505566,0,972,157.4444444444,339.0630881971,114963.777777778,0,0,0,1,0,0,0,0,0,177.125,89.0,324.0,0,0,0,0,0,0,5,445,3,972,26883,219,1,32,369.0,0.0,369,369,6967926.0,0.0,6967926,6967926,DoS attacks-GoldenEye
80,6,15/02/2018 09:29:26,6999680,5,3,370,972,370,0,74.0,165.469030335,972,0,324.0,561.1844616523,191.7230501966,1.1429093901,999954.285714286,2631372.25379723,6967288,4,6999680,1749920.0,3478491.07569417,6967611,315,6968097,3484048.5,4926044.54189368,6967288,809,0,0,0,0,168,104,0.7143183688,0.4285910213,0,972,149.1111111111,331.9595022154,110197.111111111,0,0,0,1,0,0,0,0,0,167.75,74.0,324.0,0,0,0,0,0,0,5,370,3,972,26883,219,1,32,814.0,0.0,814,814,6967288.0,0.0,6967288,6967288,DoS attacks-GoldenEye
80,6,15/02/2018 09:40:10,2660765,2,0,0,0,0,0,0.0,0.0,0,0,0.0,0.0,0.0,0.7516635253,2660765.0,0.0,2660765,2660765,2660765,2660765.0,0.0,2660765,2660765,0,0.0,0.0,0,0,0,0,0,0,64,0,0.7516635253,0.0,0,0,0.0,0.0,0.0,0,0,0,0,1,0,0,0,0,0.0,0.0,0.0,0,0,0,0,0,0,2,0,0,0,226,-1,0,32,0.0,0.0,0,0,0.0,0.0,0,0,DoS attacks-GoldenEye
80,6,15/02/2018 09:53:29,12028591,2,0,0,0,0,0,0.0,0.0,0,0,0.0,0.0,0.0,0.1662705133,12028591.0,0.0,12028591,12028591,12028591,12028591.0,0.0,12028591,12028591,0,0.0,0.0,0,0,0,0,0,0,64,0,0.1662705133,0.0,0,0,0.0,0.0,0.0,0,0,0,0,1,0,0,0,0,0.0,0.0,0.0,0,0,0,0,0,0,2,0,0,0,221,-1,0,32,0.0,0.0,0,0,12028591.0,0.0,12028591,12028591,DoS attacks-GoldenEye
80,6,15/02/2018 09:28:20,2017612,2,0,0,0,0,0,0.0,0.0,0,0,0.0,0.0,0.0,0.9912708687,2017612.0,0.0,2017612,2017612,2017612,2017612.0,0.0,2017612,2017612,0,0.0,0.0,0,0,0,0,0,0,64,0,0.9912708687,0.0,0,0,0.0,0.0,0.0,0,0,0,0,1,0,0,0,0,0.0,0.0,0.0,0,0,0,0,0,0,2,0,0,0,226,-1,0,32,0.0,0.0,0,0,0.0,0.0,0,0,DoS attacks-GoldenEye
80,6,15/02/2018 09:40:19,6881733,5,3,352,972,352,0,70.4,157.419185616,972,0,324.0,561.1844616523,192.3933985814,1.1624978766,983104.714285714,2452469.16501062,6537403,5,6881733,1720433.25,3215438.82794229,6537679,317,6541693,3270846.5,4619608.50455799,6537403,4290,0,0,0,0,168,104,0.7265611729,0.4359367037,0,972,147.1111111111,330.5134053425,109239.111111111,0,0,0,1,0,0,0,0,0,165.5,70.4,324.0,0,0,0,0,0,0,5,352,3,972,26883,219,1,32,4295.0,0.0,4295,4295,6537403.0,0.0,6537403,6537403,DoS attacks-GoldenEye
80,6,15/02/2018 09:52:03,45009234,2,0,0,0,0,0,0.0,0.0,0,0,0.0,0.0,0.0,0.0444353263,45009234.0,0.0,45009234,45009234,45009234,45009234.0,0.0,45009234,45009234,0,0.0,0.0,0,0,0,0,0,0,64,0,0.0444353263,0.0,0,0,0.0,0.0,0.0,0,0,0,0,1,0,0,0,0,0.0,0.0,0.0,0,0,0,0,0,0,2,0,0,0,226,-1,0,32,0.0,0.0,0,0,45009234.0,0.0,45009234,45009234,DoS attacks-GoldenEye
80,6,15/02/2018 09:50:19,5020560,4,4,473,972,473,0,118.25,236.5,972,0,243.0,486.0,287.8164985579,1.5934477429,717222.857142857,1889587.38900705,5002379,3,18181,6060.3333333333,10239.3643031847,17883,35,5020557,1673519.0,2883186.38918194,5002721,299,0,0,0,0,136,136,0.7967238714,0.7967238714,0,972,160.5555555556,342.1458428474,117063.777777778,0,0,0,1,0,0,0,0,1,180.625,118.25,243.0,0,0,0,0,0,0,4,473,4,972,26883,219,1,32,0.0,0.0,0,0,0.0,0.0,0,0,DoS attacks-GoldenEye
80,6,15/02/2018 09:30:58,11756706,4,4,445,662,445,0,111.25,222.5,662,0,165.5,331.0,94.1590271969,0.6804627078,1679529.42857143,2910449.5155176,6747448,4,6752512,2250837.33333333,3894466.27519129,6747779,292,11756702,3918900.66666667,3499985.00394064,6747448,4750,0,0,0,0,136,136,0.3402313539,0.3402313539,0,662,123.0,250.0269985422,62513.5,0,0,0,1,0,0,0,0,1,138.375,111.25,165.5,0,0,0,0,0,0,4,445,4,662,26883,219,1,32,4754.0,0.0,4754,4754,6747448.0,0.0,6747448,6747448,DoS attacks-GoldenEye
80,6,15/02/2018 09:29:03,2001045,2,0,0,0,0,0,0.0,0.0,0,0,0.0,0.0,0.0,0.9994777729,2001045.0,0.0,2001045,2001045,2001045,2001045.0,0.0,2001045,2001045,0,0.0,0.0,0,0,0,0,0,0,64,0,0.9994777729,0.0,0,0,0.0,0.0,0.0,0,0,0,0,1,0,0,0,0,0.0,0.0,0.0,0,0,0,0,0,0,2,0,0,0,226,-1,0,32,0.0,0.0,0,0,0.0,0.0,0,0,DoS attacks-GoldenEye
80,6,15/02/2018 09:38:46,16088166,2,0,0,0,0,0,0.0,0.0,0,0,0.0,0.0,0.0,0.1243149779,16088166.0,0.0,16088166,16088166,16088166,16088166.0,0.0,16088166,16088166,0,0.0,0.0,0,0,0,0,0,0,64,0,0.1243149779,0.0,0,0,0.0,0.0,0.0,0,0,0,0,1,0,0,0,0,0.0,0.0,0.0,0,0,0,0,0,0,2,0,0,0,221,-1,0,32,0.0,0.0,0,0,16088166.0,0.0,16088166,16088166,DoS attacks-GoldenEye
80,6,15/02/2018 09:53:31,7820118,4,4,506,972,506,0,126.5,253.0,972,0,243.0,486.0,188.999705631,1.0230024662,1117159.71428571,2008683.73967861,5000973,3,2819145,939715.0,1626070.19530431,2817339,298,7820115,2606705.0,2506379.0301397,5001315,1807,0,0,0,0,136,136,0.5115012331,0.5115012331,0,972,164.2222222222,346.0671097409,119762.444444444,0,0,0,1,0,0,0,0,1,184.75,126.5,243.0,0,0,0,0,0,0,4,506,4,972,26883,219,1,32,0.0,0.0,0,0,0.0,0.0,0,0,DoS attacks-GoldenEye
80,6,15/02/2018 09:55:34,6886736,5,3,376,662,376,0,75.2,168.152311908,662,0,220.6666666667,382.2058782035,150.7245231994,1.161653358,983819.428571429,2600553.23620154,6881319,3,6886736,1721684.0,3439967.69831956,6881635,272,6882511,3441255.5,4864984.45712466,6881319,1192,0,0,0,0,168,104,0.7260333487,0.4356200092,0,662,115.3333333333,239.7665531303,57488.0,0,0,0,1,0,0,0,0,0,129.75,75.2,220.6666666667,0,0,0,0,0,0,5,376,3,662,26883,219,1,32,1195.0,0.0,1195,1195,6881319.0,0.0,6881319,6881319,DoS attacks-GoldenEye
80,6,15/02/2018 09:52:34,11912856,4,4,333,972,333,0,83.25,166.5,972,0,243.0,486.0,109.5455195631,0.6715434149,1701836.57142857,2957344.28219373,6907496,3,6909303,2303101.0,3987808.85391451,6907826,279,11912853,3970951.0,3566998.2259554,6907496,1478,0,0,0,0,136,136,0.3357717075,0.3357717075,0,972,145.0,329.0987693687,108306.0,0,0,0,1,0,0,0,0,1,163.125,83.25,243.0,0,0,0,0,0,0,4,333,4,972,26883,219,1,32,1481.0,0.0,1481,1481,6907496.0,0.0,6907496,6907496,DoS attacks-GoldenEye
80,6,15/02/2018 09:39:58,11783561,10,4,4564,662,652,0,456.4,314.9459212839,662,0,165.5,331.0,443.4992104679,1.1880958566,906427.769230769,1570684.49010981,5004777,5,6778784,753198.222222222,1125389.88158124,3391886,364,11783556,3927852.0,3471347.42151747,6732826,45578,0,0,0,0,328,136,0.8486398976,0.339455959,0,662,348.4,337.3461130649,113802.4,0,0,0,1,0,0,0,0,0,373.2857142857,456.4,165.5,0,0,0,0,0,0,10,4564,4,662,26883,220,7,32,0.0,0.0,0,0,0.0,0.0,0,0,DoS attacks-GoldenEye
80,6,15/02/2018 09:52:24,2057732,2,0,0,0,0,0,0.0,0.0,0,0,0.0,0.0,0.0,0.9719438683,2057732.0,0.0,2057732,2057732,2057732,2057732.0,0.0,2057732,2057732,0,0.0,0.0,0,0,0,0,0,0,64,0,0.9719438683,0.0,0,0,0.0,0.0,0.0,0,0,0,0,1,0,0,0,0,0.0,0.0,0.0,0,0,0,0,0,0,2,0,0,0,221,-1,0,32,0.0,0.0,0,0,0.0,0.0,0,0,DoS attacks-GoldenEye
80,6,15/02/2018 09:51:51,7021645,5,3,290,972,290,0,58.0,129.691942695,972,0,324.0,561.1844616523,179.7299635627,1.1393341589,1003092.14285714,2628029.04526703,6962699,5,7021645,1755411.25,3471833.99335062,6963000,22,6963043,3481521.5,4923128.43352807,6962699,344,0,0,0,0,168,104,0.7120838493,0.4272503096,0,972,140.2222222222,326.3287367739,106490.444444444,0,0,0,1,0,0,0,0,0,157.75,58.0,324.0,0,0,0,0,0,0,5,290,3,972,26883,219,1,32,349.0,0.0,349,349,6962699.0,0.0,6962699,6962699,DoS attacks-GoldenEye
80,6,15/02/2018 09:39:35,23040783,2,0,0,0,0,0,0.0,0.0,0,0,0.0,0.0,0.0,0.0868026056,23040783.0,0.0,23040783,23040783,23040783,23040783.0,0.0,23040783,23040783,0,0.0,0.0,0,0,0,0,0,0,64,0,0.0868026056,0.0,0,0,0.0,0.0,0.0,0,0,0,0,1,0,0,0,0,0.0,0.0,0.0,0,0,0,0,0,0,2,0,0,0,226,-1,0,32,0.0,0.0,0,0,23040783.0,0.0,23040783,23040783,DoS attacks-GoldenEye
80,6,15/02/2018 09:40:34,10899965,4,4,595,972,595,0,148.75,297.5,972,0,243.0,486.0,143.7619295108,0.7339473108,1557137.85714286,2669197.26741427,5888483,6,5895351,1965117.0,3398016.51277609,5888807,304,10899959,3633319.66666667,3171795.53191206,5888483,6545,0,0,0,0,136,136,0.3669736554,0.3669736554,0,972,174.1111111111,358.1160581587,128247.111111111,0,0,0,1,0,0,0,0,1,195.875,148.75,243.0,0,0,0,0,0,0,4,595,4,972,26883,220,1,32,6551.0,0.0,6551,6551,5888483.0,0.0,5888483,5888483,DoS attacks-GoldenEye
80,6,15/02/2018 09:28:42,102730211,2,1,405,0,405,0,202.5,286.3782463806,0,0,0.0,0.0,3.942365114,0.0292027045,51365105.5,72641226.0023977,102730209,2,102730209,102730209.0,0.0,102730209,102730209,0,0.0,0.0,0,0,0,0,0,0,64,20,0.0194684697,0.0097342348,0,405,101.25,202.5,41006.25,0,0,0,0,1,0,0,0,0,135.0,202.5,0.0,0,0,0,0,0,0,2,405,1,0,226,0,1,32,0.0,0.0,0,0,102730209.0,0.0,102730209,102730209,DoS attacks-GoldenEye
80,6,15/02/2018 09:54:53,10544909,4,4,375,972,375,0,93.75,187.5,972,0,243.0,486.0,127.7393669305,0.7586599372,1506415.57142857,2576778.91129221,5539170,3,5540776,1846925.33333333,3197863.48031093,5539500,343,10544906,3514968.66666667,3054668.69065736,5539170,1277,0,0,0,0,136,136,0.3793299686,0.3793299686,0,972,149.6666666667,332.3793014013,110476.0,0,0,0,1,0,0,0,0,1,168.375,93.75,243.0,0,0,0,0,0,0,4,375,4,972,26883,219,1,32,1280.0,0.0,1280,1280,5539170.0,0.0,5539170,5539170,DoS attacks-GoldenEye
80,6,15/02/2018 09:28:06,1924481,2,0,0,0,0,0,0.0,0.0,0,0,0.0,0.0,0.0,1.0392412292,1924481.0,0.0,1924481,1924481,1924481,1924481.0,0.0,1924481,1924481,0,0.0,0.0,0,0,0,0,0,0,64,0,1.0392412292,0.0,0,0,0.0,0.0,0.0,0,0,0,0,1,0,0,0,0,0.0,0.0,0.0,0,0,0,0,0,0,2,0,0,0,226,-1,0,32,0.0,0.0,0,0,0.0,0.0,0,0,DoS attacks-GoldenEye
80,6,15/02/2018 09:52:46,36299224,2,0,0,0,0,0,0.0,0.0,0,0,0.0,0.0,0.0,0.0550975966,36299224.0,0.0,36299224,36299224,36299224,36299224.0,0.0,36299224,36299224,0,0.0,0.0,0,0,0,0,0,0,64,0,0.0550975966,0.0,0,0,0.0,0.0,0.0,0,0,0,0,1,0,0,0,0,0.0,0.0,0.0,0,0,0,0,0,0,2,0,0,0,226,-1,0,32,0.0,0.0,0,0,36299224.0,0.0,36299224,36299224,DoS attacks-GoldenEye
80,6,15/02/2018 09:55:34,5016040,4,4,411,972,411,0,102.75,205.5,972,0,243.0,486.0,275.715504661,1.5948836134,716577.142857143,1891171.57763245,5005343,7,10697,3565.6666666667,5887.4740197587,10362,27,5016033,1672011.0,2887039.17650644,5005672,337,0,0,0,0,136,136,0.7974418067,0.7974418067,0,972,153.6666666667,335.6307494852,112648.0,0,0,0,1,0,0,0,0,1,172.875,102.75,243.0,0,0,0,0,0,0,4,411,4,972,26883,219,1,32,0.0,0.0,0,0,0.0,0.0,0,0,DoS attacks-GoldenEye
80,6,15/02/2018 09:54:38,5052171,4,4,233,972,233,0,58.25,116.5,972,0,243.0,486.0,238.5113251313,1.5834776772,721738.714285714,1888570.79592644,5004440,3,47731,15910.3333333333,26550.7059102641,46566,247,5052168,1684056.0,2876031.65027021,5004910,1166,0,0,0,0,136,136,0.7917388386,0.7917388386,0,972,133.8888888889,323.6002334843,104717.111111111,0,0,0,1,0,0,0,0,1,150.625,58.25,243.0,0,0,0,0,0,0,4,233,4,972,26883,219,1,32,0.0,0.0,0,0,0.0,0.0,0,0,DoS attacks-GoldenEye
80,6,15/02/2018 09:39:30,11933970,4,4,428,972,428,0,107.0,214.0,972,0,243.0,486.0,117.3121769202,0.6703552967,1704852.85714286,2963818.93081361,6928678,3,6929530,2309843.33333333,4000291.42895431,6928982,262,11933967,3977989.0,3576367.02087062,6928678,550,0,0,0,0,136,136,0.3351776483,0.3351776483,0,972,155.5555555556,337.3036877619,113773.777777778,0,0,0,1,0,0,0,0,1,175.0,107.0,243.0,0,0,0,0,0,0,4,428,4,972,26883,219,1,32,553.0,0.0,553,553,6928678.0,0.0,6928678,6928678,DoS attacks-GoldenEye
80,6,15/02/2018 09:55:27,7144160,5,3,411,662,411,0,82.2,183.8047877505,662,0,220.6666666667,382.2058782035,150.1926048689,1.1197957493,1020594.28571429,2619635.18067597,6959329,3,7144160,1786040.0,3450133.52507996,6959602,26,6959608,3479804.0,4920791.44561624,6959329,279,0,0,0,0,168,104,0.6998723433,0.419923406,0,662,119.2222222222,244.7548660281,59904.9444444445,0,0,0,1,0,0,0,0,0,134.125,82.2,220.6666666667,0,0,0,0,0,0,5,411,3,662,26883,219,1,32,282.0,0.0,282,282,6959329.0,0.0,6959329,6959329,DoS attacks-GoldenEye
80,6,15/02/2018 09:54:50,44204227,2,0,0,0,0,0,0.0,0.0,0,0,0.0,0.0,0.0,0.0452445419,44204227.0,0.0,44204227,44204227,44204227,44204227.0,0.0,44204227,44204227,0,0.0,0.0,0,0,0,0,0,0,64,0,0.0452445419,0.0,0,0,0.0,0.0,0.0,0,0,0,0,1,0,0,0,0,0.0,0.0,0.0,0,0,0,0,0,0,2,0,0,0,226,-1,0,32,0.0,0.0,0,0,44204227.0,0.0,44204227,44204227,DoS attacks-GoldenEye
80,6,15/02/2018 09:54:36,2092884,2,0,0,0,0,0,0.0,0.0,0,0,0.0,0.0,0.0,0.9556191361,2092884.0,0.0,2092884,2092884,2092884,2092884.0,0.0,2092884,2092884,0,0.0,0.0,0,0,0,0,0,0,64,0,0.9556191361,0.0,0,0,0.0,0.0,0.0,0,0,0,0,1,0,0,0,0,0.0,0.0,0.0,0,0,0,0,0,0,2,0,0,0,226,-1,0,32,0.0,0.0,0,0,0.0,0.0,0,0,DoS attacks-GoldenEye
80,6,15/02/2018 09:53:49,11741337,4,4,360,972,360,0,90.0,180.0,972,0,243.0,486.0,113.4453427237,0.6813534098,1677333.85714286,2907242.19468809,6734872,4,6736541,2245513.66666667,3888163.38497501,6735178,309,11741333,3913777.66666667,3496890.17462035,6734872,1369,0,0,0,0,136,136,0.3406767049,0.3406767049,0,972,148.0,331.1434734371,109656.0,0,0,0,1,0,0,0,0,1,166.5,90.0,243.0,0,0,0,0,0,0,4,360,4,972,26883,219,1,32,1373.0,0.0,1373,1373,6734872.0,0.0,6734872,6734872,DoS attacks-GoldenEye
80,6,15/02/2018 09:51:35,34281112,2,0,0,0,0,0,0.0,0.0,0,0,0.0,0.0,0.0,0.0583411647,34281112.0,0.0,34281112,34281112,34281112,34281112.0,0.0,34281112,34281112,0,0.0,0.0,0,0,0,0,0,0,64,0,0.0583411647,0.0,0,0,0.0,0.0,0.0,0,0,0,0,1,0,0,0,0,0.0,0.0,0.0,0,0,0,0,0,0,2,0,0,0,226,-1,0,32,0.0,0.0,0,0,34281112.0,0.0,34281112,34281112,DoS attacks-GoldenEye
80,6,15/02/2018 09:30:37,13298402,11,3,2674,972,382,0,243.0909090909,192.7285420198,972,0,324.0,561.1844616523,274.1682797678,1.0527580682,1022954.0,1888974.14795818,6347695,5,13298402,1329840.2,2074751.09806501,6347990,115,13206520,6603260.0,361423.48906788,6858825,6347695,0,0,0,0,360,104,0.8271670536,0.2255910146,0,972,243.0666666667,277.7500075008,77145.0666666667,0,0,0,1,0,0,0,0,0,260.4285714286,243.0909090909,324.0,0,0,0,0,0,0,11,2674,3,972,26883,219,7,32,6858830.0,0.0,6858830,6858830,6347695.0,0.0,6347695,6347695,DoS attacks-GoldenEye
80,6,15/02/2018 09:29:05,11973454,4,4,410,662,410,0,102.5,205.0,662,0,165.5,331.0,89.5313916937,0.6681447141,1710493.42857143,2975538.80232163,6969213,3,6970098,2323366.0,4023678.73428483,6969510,222,11973451,3991150.33333333,3592950.77559453,6969213,589,0,0,0,0,136,136,0.3340723571,0.3340723571,0,662,119.1111111111,244.6060324504,59832.1111111111,0,0,0,1,0,0,0,0,1,134.0,102.5,165.5,0,0,0,0,0,0,4,410,4,662,26883,219,1,32,592.0,0.0,592,592,6969213.0,0.0,6969213,6969213,DoS attacks-GoldenEye
80,6,15/02/2018 09:52:33,319423,5,3,348,972,348,0,69.6,155.630331234,972,0,324.0,561.1844616523,4132.4513262977,25.0451595533,45631.8571428572,95043.5362652796,254345,7,319423,79855.75,120142.654144632,254345,273,64807,32403.5,44547.0201079713,63903,904,0,0,0,0,168,104,15.6532247208,9.3919348325,0,972,146.6666666667,330.2059963114,109036.0,0,0,0,1,0,0,0,0,0,165.0,69.6,324.0,0,0,0,0,0,0,5,348,3,972,26883,219,1,32,0.0,0.0,0,0,0.0,0.0,0,0,DoS attacks-GoldenEye
80,6,15/02/2018 09:28:58,5005794,4,4,604,972,604,0,151.0,302.0,972,0,243.0,486.0,314.8351690062,1.598148066,715113.428571429,1889537.95136579,5000181,2,5613,1871.0,2761.5714729118,5043,2,5005783,1668594.33333333,2885531.27805961,5000518,567,0,0,0,0,136,136,0.799074033,0.799074033,0,972,175.1111111111,359.4483427575,129203.111111111,0,0,0,1,0,0,0,0,1,197.0,151.0,243.0,0,0,0,0,0,0,4,604,4,972,26883,220,1,32,0.0,0.0,0,0,0.0,0.0,0,0,DoS attacks-GoldenEye
80,6,15/02/2018 09:52:33,5146300,4,4,512,662,512,0,128.0,256.0,662,0,165.5,331.0,228.1250607232,1.5545148942,735185.714285714,1882098.66204987,5001672,9,144628,48209.3333333333,82573.1412405592,143556,247,5146290,1715430.0,2847071.25524652,5001919,1071,0,0,0,0,136,136,0.7772574471,0.7772574471,0,662,130.4444444444,261.5449823219,68405.7777777778,0,0,0,1,0,0,0,0,1,146.75,128.0,165.5,0,0,0,0,0,0,4,512,4,662,26883,219,1,32,0.0,0.0,0,0,0.0,0.0,0,0,DoS attacks-GoldenEye
80,6,15/02/2018 09:27:48,6005596,5,3,458,662,458,0,91.6,204.823826739,662,0,220.6666666667,382.2058782035,186.4927311128,1.3320909365,857942.285714286,2265669.35200158,5995992,4,6005596,1501399.0,2996578.18448343,5996262,49,5996370,2998185.0,4239539.316777,5995992,378,0,0,0,0,168,104,0.8325568353,0.4995341012,0,662,124.4444444444,252.1483249553,63578.7777777778,0,0,0,1,0,0,0,0,0,140.0,91.6,220.6666666667,0,0,0,0,0,0,5,458,3,662,26883,219,1,32,383.0,0.0,383,383,5995992.0,0.0,5995992,5995992,DoS attacks-GoldenEye
80,6,15/02/2018 09:53:31,9858864,5,3,520,972,520,0,104.0,232.55106966,972,0,324.0,561.1844616523,151.3358942775,0.8114525162,1408409.14285714,2622227.08669491,6740397,3,9858864,2464716.0,3206623.52704783,6740756,271,6742617,3371308.5,4764610.64953523,6740397,2220,0,0,0,0,168,104,0.5071578226,0.3042946936,0,972,165.7777777778,347.822432348,120980.444444444,0,0,0,1,0,0,0,0,0,186.5,104.0,324.0,0,0,0,0,0,0,5,520,3,972,26883,219,1,32,2223.0,0.0,2223,2223,6740397.0,0.0,6740397,6740397,DoS attacks-GoldenEye
80,6,15/02/2018 09:38:05,7024544,5,3,315,662,315,0,63.0,140.8722825825,662,0,220.6666666667,382.2058782035,139.0837611666,1.1388639604,1003506.28571429,2637490.26278485,6984682,7,7024544,1756136.0,3485945.09398728,6984982,142,6985254,3492627.0,4938511.54155278,6984682,572,0,0,0,0,168,104,0.7117899753,0.4270739852,0,662,108.5555555556,232.2203216296,53926.2777777778,0,0,0,1,0,0,0,0,0,122.125,63.0,220.6666666667,0,0,0,0,0,0,5,315,3,662,26883,219,1,32,579.0,0.0,579,579,6984682.0,0.0,6984682,6984682,DoS attacks-GoldenEye
80,6,15/02/2018 09:51:42,1940964,2,0,0,0,0,0,0.0,0.0,0,0,0.0,0.0,0.0,1.030415814,1940964.0,0.0,1940964,1940964,1940964,1940964.0,0.0,1940964,1940964,0,0.0,0.0,0,0,0,0,0,0,64,0,1.030415814,0.0,0,0,0.0,0.0,0.0,0,0,0,0,1,0,0,0,0,0.0,0.0,0.0,0,0,0,0,0,0,2,0,0,0,226,-1,0,32,0.0,0.0,0,0,0.0,0.0,0,0,DoS attacks-GoldenEye
80,6,15/02/2018 09:52:38,43815965,2,0,0,0,0,0,0.0,0.0,0,0,0.0,0.0,0.0,0.0456454628,43815965.0,0.0,43815965,43815965,43815965,43815965.0,0.0,43815965,43815965,0,0.0,0.0,0,0,0,0,0,0,64,0,0.0456454628,0.0,0,0,0.0,0.0,0.0,0,0,0,0,1,0,0,0,0,0.0,0.0,0.0,0,0,0,0,0,0,2,0,0,0,226,-1,0,32,0.0,0.0,0,0,43815965.0,0.0,43815965,43815965,DoS attacks-GoldenEye
80,6,15/02/2018 09:50:19,45634,5,3,635,972,635,0,127.0,283.9806331425,972,0,324.0,561.1844616523,35214.9712933339,175.3078844721,6519.1428571429,10936.3444140562,23401,5,45634,11408.5,12985.6105362821,23401,23,21971,10985.5,15036.6257019319,21618,353,0,0,0,0,168,104,109.5674277951,65.740456677,0,972,178.5555555556,364.1892060149,132633.777777778,0,0,0,1,0,0,0,0,0,200.875,127.0,324.0,0,0,0,0,0,0,5,635,3,972,26883,220,1,32,0.0,0.0,0,0,0.0,0.0,0,0,DoS attacks-GoldenEye
80,6,15/02/2018 09:50:05,11867719,4,4,587,972,587,0,146.75,293.5,972,0,243.0,486.0,131.3647550974,0.6740975246,1695388.42857143,2943792.59394905,6861953,3,6864772,2288257.33333333,3961212.13358617,6862271,356,11867716,3955905.33333333,3547637.58362158,6861953,2502,0,0,0,0,136,136,0.3370487623,0.3370487623,0,972,173.2222222222,356.9487980712,127412.444444444,0,0,0,1,0,0,0,0,1,194.875,146.75,243.0,0,0,0,0,0,0,4,587,4,972,26883,219,1,32,2505.0,0.0,2505,2505,6861953.0,0.0,6861953,6861953,DoS attacks-GoldenEye
80,6,15/02/2018 09:30:50,11750169,4,4,461,972,461,0,115.25,230.5,972,0,243.0,486.0,121.9556927224,0.6808412713,1678595.57142857,2909478.77682687,6743198,6,6745825,2248608.33333333,3892757.14218243,6743577,298,11750163,3916721.0,3499699.72928664,6743198,2249,0,0,0,0,136,136,0.3404206357,0.3404206357,0,972,159.2222222222,340.7967788059,116142.444444444,0,0,0,1,0,0,0,0,1,179.125,115.25,243.0,0,0,0,0,0,0,4,461,4,972,26883,219,1,32,2255.0,0.0,2255,2255,6743198.0,0.0,6743198,6743198,DoS attacks-GoldenEye
80,6,15/02/2018 09:27:54,5015770,4,4,321,972,321,0,80.25,160.5,972,0,243.0,486.0,257.7869399913,1.5949694663,716538.571428572,1889233.66012517,5000906,2,14864,4954.6666666667,7632.4875586753,13751,84,5015768,1671922.66666667,2884226.25424867,5002334,1118,0,0,0,0,136,136,0.7974847332,0.7974847332,0,972,143.6666666667,328.2651367416,107758.0,0,0,0,1,0,0,0,0,1,161.625,80.25,243.0,0,0,0,0,0,0,4,321,4,972,26883,219,1,32,0.0,0.0,0,0,0.0,0.0,0,0,DoS attacks-GoldenEye
80,6,15/02/2018 09:28:37,91495,5,3,311,662,311,0,62.2,139.0834282005,662,0,220.6666666667,382.2058782035,10634.4608995027,87.4364719384,13070.7142857143,30682.5983347472,82321,3,91495,22873.75,39817.3269433882,82321,255,8905,4452.5,5311.0790334922,8208,697,0,0,0,0,168,104,54.6477949615,32.7886769769,0,662,108.1111111111,231.7792292487,53721.6111111111,0,0,0,1,0,0,0,0,0,121.625,62.2,220.6666666667,0,0,0,0,0,0,5,311,3,662,26883,219,1,32,0.0,0.0,0,0,0.0,0.0,0,0,DoS attacks-GoldenEye
80,6,15/02/2018 09:52:33,317672,5,3,425,662,425,0,85.0,190.0657780875,662,0,220.6666666667,382.2058782035,3421.7683648543,25.183207837,45381.7142857143,94736.4668835155,253635,7,317672,79418.0,119824.881158575,253635,253,63750,31875.0,43635.5594670219,62730,1020,0,0,0,0,168,104,15.7395048981,9.4437029389,0,662,120.7777777778,246.8763748204,60947.9444444444,0,0,0,1,0,0,0,0,0,135.875,85.0,220.6666666667,0,0,0,0,0,0,5,425,3,662,26883,219,1,32,0.0,0.0,0,0,0.0,0.0,0,0,DoS attacks-GoldenEye
80,6,15/02/2018 09:51:07,1985957,2,0,0,0,0,0,0.0,0.0,0,0,0.0,0.0,0.0,1.0070711501,1985957.0,0.0,1985957,1985957,1985957,1985957.0,0.0,1985957,1985957,0,0.0,0.0,0,0,0,0,0,0,64,0,1.0070711501,0.0,0,0,0.0,0.0,0.0,0,0,0,0,1,0,0,0,0,0.0,0.0,0.0,0,0,0,0,0,0,2,0,0,0,226,-1,0,32,0.0,0.0,0,0,0.0,0.0,0,0,DoS attacks-GoldenEye
80,6,15/02/2018 09:30:01,5023069,4,4,503,972,503,0,125.75,251.5,972,0,243.0,486.0,293.6451798691,1.592651823,717581.285714286,1888831.06507823,5001011,4,22058,7352.6666666667,12432.9057477861,21708,32,5023065,1674355.0,2881502.5848975,5001606,350,0,0,0,0,136,136,0.7963259115,0.7963259115,0,972,163.8888888889,345.698005651,119507.111111111,0,0,0,1,0,0,0,0,1,184.375,125.75,243.0,0,0,0,0,0,0,4,503,4,972,26883,219,1,32,0.0,0.0,0,0,0.0,0.0,0,0,DoS attacks-GoldenEye
80,6,15/02/2018 09:39:23,401821,5,3,462,972,462,0,92.4,206.612681121,972,0,324.0,561.1844616523,3568.7532508256,19.9093626266,57403.0,151460.508039775,400883,7,401821,100455.25,200285.293454737,400883,38,609,304.5,64.346717088,350,259,0,0,0,0,168,104,12.4433516417,7.466010985,0,972,159.3333333333,340.907612118,116218.0,0,0,0,1,0,0,0,0,0,179.25,92.4,324.0,0,0,0,0,0,0,5,462,3,972,26883,219,1,32,0.0,0.0,0,0,0.0,0.0,0,0,DoS attacks-GoldenEye
80,6,15/02/2018 09:54:03,5002178,4,4,423,972,423,0,105.75,211.5,972,0,243.0,486.0,278.8785205165,1.5993033435,714596.857142857,1890244.30449121,5001268,5,910,303.3333333333,265.6921777797,563,32,5002173,1667391.0,2887490.64342709,5001578,246,0,0,0,0,136,136,0.7996516717,0.7996516717,0,972,155.0,336.8026128165,113436.0,0,0,0,1,0,0,0,0,1,174.375,105.75,243.0,0,0,0,0,0,0,4,423,4,972,26883,219,1,32,0.0,0.0,0,0,0.0,0.0,0,0,DoS attacks-GoldenEye
80,6,15/02/2018 09:30:43,5003559,4,4,470,972,470,0,117.5,235.0,972,0,243.0,486.0,288.1948628966,1.5988619301,714794.142857143,1890210.71467076,5001389,8,2170,723.3333333333,546.1184242757,1338,294,5003550,1667850.0,2887171.16204478,5001668,251,0,0,0,0,136,136,0.799430965,0.799430965,0,972,160.2222222222,341.8046875694,116830.444444444,0,0,0,1,0,0,0,0,1,180.25,117.5,243.0,0,0,0,0,0,0,4,470,4,972,26883,219,1,32,0.0,0.0,0,0,0.0,0.0,0,0,DoS attacks-GoldenEye
80,6,15/02/2018 09:28:37,84909,5,3,492,972,492,0,98.4,220.029088986,972,0,324.0,561.1844616523,17241.9884817864,94.2185162939,12129.8571428571,28875.6969233562,77447,7,84909,21227.25,37568.8122993439,77447,311,7130,3565.0,3139.5541084683,5785,1345,0,0,0,0,168,104,58.8865726837,35.3319436102,0,972,162.6666666667,344.3660842766,118588.0,0,0,0,1,0,0,0,0,0,183.0,98.4,324.0,0,0,0,0,0,0,5,492,3,972,26883,219,1,32,0.0,0.0,0,0,0.0,0.0,0,0,DoS attacks-GoldenEye
80,6,15/02/2018 09:53:41,11974238,4,4,379,972,379,0,94.75,189.5,972,0,243.0,486.0,112.825550987,0.6681009681,1710605.42857143,2975199.20164381,6968882,2,6971365,2323788.33333333,4023049.78798975,6969206,290,11974236,3991412.0,3591876.385252,6968882,2161,0,0,0,0,136,136,0.334050484,0.334050484,0,972,150.1111111111,332.7207704835,110703.111111111,0,0,0,1,0,0,0,0,1,168.875,94.75,243.0,0,0,0,0,0,0,4,379,4,972,26883,219,1,32,2163.0,0.0,2163,2163,6968882.0,0.0,6968882,6968882,DoS attacks-GoldenEye
80,6,15/02/2018 09:29:19,5003769,4,4,330,972,330,0,82.5,165.0,972,0,243.0,486.0,260.2038583316,1.5987948285,714824.142857143,1889879.14391639,5000667,6,3102,1034.0,816.0569833045,1911,297,5003763,1667921.0,2886513.77320653,5000980,1192,0,0,0,0,136,136,0.7993974142,0.7993974142,0,972,144.6666666667,328.8859984858,108166.0,0,0,0,1,0,0,0,0,1,162.75,82.5,243.0,0,0,0,0,0,0,4,330,4,972,26883,219,1,32,0.0,0.0,0,0,0.0,0.0,0,0,DoS attacks-GoldenEye
80,6,15/02/2018 09:29:03,7138117,4,4,418,972,418,0,104.5,209.0,972,0,243.0,486.0,194.7292262091,1.120743748,1019731.0,1928170.21687056,5003415,3,2134702,711567.333333333,1231692.22339606,2133803,329,7138114,2379371.33333333,2510450.164894,5003709,901,0,0,0,0,136,136,0.560371874,0.560371874,0,972,154.4444444444,336.30905099,113103.777777778,0,0,0,1,0,0,0,0,1,173.75,104.5,243.0,0,0,0,0,0,0,4,418,4,972,26883,219,1,32,0.0,0.0,0,0,0.0,0.0,0,0,DoS attacks-GoldenEye
80,6,15/02/2018 09:29:59,1946646,2,0,0,0,0,0,0.0,0.0,0,0,0.0,0.0,0.0,1.0274081677,1946646.0,0.0,1946646,1946646,1946646,1946646.0,0.0,1946646,1946646,0,0.0,0.0,0,0,0,0,0,0,64,0,1.0274081677,0.0,0,0,0.0,0.0,0.0,0,0,0,0,1,0,0,0,0,0.0,0.0,0.0,0,0,0,0,0,0,2,0,0,0,226,-1,0,32,0.0,0.0,0,0,0.0,0.0,0,0,DoS attacks-GoldenEye
80,6,15/02/2018 09:52:33,5106904,4,4,430,972,430,0,107.5,215.0,972,0,243.0,486.0,274.5303220895,1.5665068308,729557.714285714,1885541.05067279,5004717,4,102187,34062.3333333333,58119.9777213768,101173,282,5106900,1702300.0,2860655.40729096,5004997,1014,0,0,0,0,136,136,0.7832534154,0.7832534154,0,972,155.7777777778,337.5062139346,113910.444444444,0,0,0,1,0,0,0,0,1,175.25,107.5,243.0,0,0,0,0,0,0,4,430,4,972,26883,219,1,32,0.0,0.0,0,0,0.0,0.0,0,0,DoS attacks-GoldenEye
80,6,15/02/2018 09:51:07,62363039,2,0,0,0,0,0,0.0,0.0,0,0,0.0,0.0,0.0,0.032070278,62363039.0,0.0,62363039,62363039,62363039,62363039.0,0.0,62363039,62363039,0,0.0,0.0,0,0,0,0,0,0,64,0,0.032070278,0.0,0,0,0.0,0.0,0.0,0,0,0,0,1,0,0,0,0,0.0,0.0,0.0,0,0,0,0,0,0,2,0,0,0,226,-1,0,32,0.0,0.0,0,0,62363039.0,0.0,62363039,62363039,DoS attacks-GoldenEye
80,6,15/02/2018 09:54:02,48383,5,3,472,662,472,0,94.4,211.084817076,662,0,220.6666666667,382.2058782035,23437.9844160139,165.3473327408,6911.8571428571,17862.5882636361,47419,7,48383,12095.75,23550.2542431428,47419,26,642,321.0,18.3847763109,334,308,0,0,0,0,168,104,103.342082963,62.0052497778,0,662,126.0,254.4955795294,64768.0,0,0,0,1,0,0,0,0,0,141.75,94.4,220.6666666667,0,0,0,0,0,0,5,472,3,662,26883,219,1,32,0.0,0.0,0,0,0.0,0.0,0,0,DoS attacks-GoldenEye
80,6,15/02/2018 09:49:37,5012107,4,4,436,662,436,0,109.0,218.0,662,0,165.5,331.0,219.0695450037,1.5961351184,716015.285714286,1889096.92553812,5000076,5,12031,4010.3333333333,5805.7898974501,10706,374,5012102,1670700.66666667,2883624.19642094,5000419,1328,0,0,0,0,136,136,0.7980675592,0.7980675592,0,662,122.0,248.5920352706,61798.0,0,0,0,1,0,0,0,0,1,137.25,109.0,165.5,0,0,0,0,0,0,4,436,4,662,26883,219,1,32,0.0,0.0,0,0,0.0,0.0,0,0,DoS attacks-GoldenEye
80,6,15/02/2018 09:40:34,10960439,4,4,482,972,482,0,120.5,241.0,972,0,243.0,486.0,132.6589199575,0.7298977714,1565777.0,2687838.57641935,5955402,6,5956276,1985425.33333333,3438394.22939056,5955741,184,10960433,3653477.66666667,3199066.75982955,5955402,539,0,0,0,0,136,136,0.3649488857,0.3649488857,0,972,161.5555555556,343.1847574963,117775.777777778,0,0,0,1,0,0,0,0,1,181.75,120.5,243.0,0,0,0,0,0,0,4,482,4,972,26883,219,1,32,545.0,0.0,545,545,5955402.0,0.0,5955402,5955402,DoS attacks-GoldenEye
80,6,15/02/2018 09:31:03,1935454,2,0,0,0,0,0,0.0,0.0,0,0,0.0,0.0,0.0,1.0333492814,1935454.0,0.0,1935454,1935454,1935454,1935454.0,0.0,1935454,1935454,0,0.0,0.0,0,0,0,0,0,0,64,0,1.0333492814,0.0,0,0,0.0,0.0,0.0,0,0,0,0,1,0,0,0,0,0.0,0.0,0.0,0,0,0,0,0,0,2,0,0,0,226,-1,0,32,0.0,0.0,0,0,0.0,0.0,0,0,DoS attacks-GoldenEye
80,6,15/02/2018 09:29:59,37997466,2,0,0,0,0,0,0.0,0.0,0,0,0.0,0.0,0.0,0.0526350889,37997466.0,0.0,37997466,37997466,37997466,37997466.0,0.0,37997466,37997466,0,0.0,0.0,0,0,0,0,0,0,64,0,0.0526350889,0.0,0,0,0.0,0.0,0.0,0,0,0,0,1,0,0,0,0,0.0,0.0,0.0,0,0,0,0,0,0,2,0,0,0,226,-1,0,32,0.0,0.0,0,0,37997466.0,0.0,37997466,37997466,DoS attacks-GoldenEye
80,6,15/02/2018 09:53:53,16086968,2,0,0,0,0,0,0.0,0.0,0,0,0.0,0.0,0.0,0.1243242356,16086968.0,0.0,16086968,16086968,16086968,16086968.0,0.0,16086968,16086968,0,0.0,0.0,0,0,0,0,0,0,64,0,0.1243242356,0.0,0,0,0.0,0.0,0.0,0,0,0,0,1,0,0,0,0,0.0,0.0,0.0,0,0,0,0,0,0,2,0,0,0,221,-1,0,32,0.0,0.0,0,0,16086968.0,0.0,16086968,16086968,DoS attacks-GoldenEye
80,6,15/02/2018 09:40:03,9614946,2,0,0,0,0,0,0.0,0.0,0,0,0.0,0.0,0.0,0.2080094886,9614946.0,0.0,9614946,9614946,9614946,9614946.0,0.0,9614946,9614946,0,0.0,0.0,0,0,0,0,0,0,64,0,0.2080094886,0.0,0,0,0.0,0.0,0.0,0,0,0,0,1,0,0,0,0,0.0,0.0,0.0,0,0,0,0,0,0,2,0,0,0,221,-1,0,32,0.0,0.0,0,0,9614946.0,0.0,9614946,9614946,DoS attacks-GoldenEye
80,6,15/02/2018 09:30:01,6854125,5,3,327,662,327,0,65.4,146.2388457285,662,0,220.6666666667,382.2058782035,144.2926704722,1.1671803476,979160.714285714,2556385.32308549,6776131,3,6854125,1713531.25,3375494.9176496,6776480,28,6776487,3388243.5,4791196.45029428,6776131,356,0,0,0,0,168,104,0.7294877173,0.4376926304,0,662,109.8888888889,233.5842698281,54561.6111111111,0,0,0,1,0,0,0,0,0,123.625,65.4,220.6666666667,0,0,0,0,0,0,5,327,3,662,26883,219,1,32,359.0,0.0,359,359,6776131.0,0.0,6776131,6776131,DoS attacks-GoldenEye
80,6,15/02/2018 09:50:53,102961222,2,1,445,0,445,0,222.5,314.662517628,0,0,0.0,0.0,4.3220155254,0.0291371833,51480611.0,72804575.4470264,102961220,2,102961220,102961220.0,0.0,102961220,102961220,0,0.0,0.0,0,0,0,0,0,0,64,20,0.0194247889,0.0097123944,0,445,111.25,222.5,49506.25,0,0,0,0,1,0,0,0,0,148.3333333333,222.5,0.0,0,0,0,0,0,0,2,445,1,0,226,0,1,32,0.0,0.0,0,0,102961220.0,0.0,102961220,102961220,DoS attacks-GoldenEye
80,6,15/02/2018 09:55:34,11886295,4,4,403,972,403,0,100.75,201.5,972,0,243.0,486.0,115.6794442675,0.6730440394,1698042.14285714,2949539.8902103,6880456,4,6882150,2294050.0,3972268.01806525,6880830,298,11886291,3962097.0,3556065.16932311,6880456,1321,0,0,0,0,136,136,0.3365220197,0.3365220197,0,972,152.7777777778,334.8737738976,112140.444444444,0,0,0,1,0,0,0,0,1,171.875,100.75,243.0,0,0,0,0,0,0,4,403,4,972,26883,219,1,32,1325.0,0.0,1325,1325,6880456.0,0.0,6880456,6880456,DoS attacks-GoldenEye
80,6,15/02/2018 09:56:48,11796278,4,4,399,972,399,0,99.75,199.5,972,0,243.0,486.0,116.2231002016,0.6781800158,1685182.57142857,2918284.19714843,6777018,3,6791379,2263793.0,3908816.73102692,6777299,263,11796275,3932091.66666667,3506843.55569796,6777018,14083,0,0,0,0,136,136,0.3390900079,0.3390900079,0,972,152.3333333333,334.5026158343,111892.0,0,0,0,1,0,0,0,0,1,171.375,99.75,243.0,0,0,0,0,0,0,4,399,4,972,26883,219,1,32,14086.0,0.0,14086,14086,6777018.0,0.0,6777018,6777018,DoS attacks-GoldenEye
80,6,15/02/2018 09:49:58,5014040,4,4,445,972,445,0,111.25,222.5,972,0,243.0,486.0,282.6064411134,1.5955197805,716291.428571429,1890922.29746817,5004496,6,9544,3181.3333333333,3915.1001690038,7634,278,5014034,1671344.66666667,2886858.27022134,5004800,1910,0,0,0,0,136,136,0.7977598902,0.7977598902,0,972,157.4444444444,339.0630881971,114963.777777778,0,0,0,1,0,0,0,0,1,177.125,111.25,243.0,0,0,0,0,0,0,4,445,4,972,26883,219,1,32,0.0,0.0,0,0,0.0,0.0,0,0,DoS attacks-GoldenEye
80,6,15/02/2018 09:52:31,1670964,2,0,0,0,0,0,0.0,0.0,0,0,0.0,0.0,0.0,1.1969138773,1670964.0,0.0,1670964,1670964,1670964,1670964.0,0.0,1670964,1670964,0,0.0,0.0,0,0,0,0,0,0,64,0,1.1969138773,0.0,0,0,0.0,0.0,0.0,0,0,0,0,1,0,0,0,0,0.0,0.0,0.0,0,0,0,0,0,0,2,0,0,0,226,-1,0,32,0.0,0.0,0,0,0.0,0.0,0,0,DoS attacks-GoldenEye
80,6,15/02/2018 09:50:26,7069083,5,3,472,662,472,0,94.4,211.084817076,662,0,220.6666666667,382.2058782035,160.4168461454,1.131688509,1009869.0,2619225.08157572,6948854,3,7069083,1767270.75,3455030.07274769,6949127,24,6949160,3474580.0,4913365.41020022,6948854,306,0,0,0,0,168,104,0.7073053181,0.4243831909,0,662,126.0,254.4955795294,64768.0,0,0,0,1,0,0,0,0,0,141.75,94.4,220.6666666667,0,0,0,0,0,0,5,472,3,662,26883,219,1,32,310.0,0.0,310,310,6948854.0,0.0,6948854,6948854,DoS attacks-GoldenEye
80,6,15/02/2018 09:49:44,209830,5,3,334,972,334,0,66.8,149.369340897,972,0,324.0,561.1844616523,6224.0861649907,38.1261020826,29975.7142857143,68917.5075814419,185119,6,209830,52457.5,89060.6387337676,185119,321,24380,12190.0,14901.5683067253,22727,1653,0,0,0,0,168,104,23.8288138016,14.297288281,0,972,145.1111111111,329.1703375323,108353.111111111,0,0,0,1,0,0,0,0,0,163.25,66.8,324.0,0,0,0,0,0,0,5,334,3,972,26883,219,1,32,0.0,0.0,0,0,0.0,0.0,0,0,DoS attacks-GoldenEye
80,6,15/02/2018 09:53:36,5050845,2,0,0,0,0,0,0.0,0.0,0,0,0.0,0.0,0.0,0.395973347,5050845.0,0.0,5050845,5050845,5050845,5050845.0,0.0,5050845,5050845,0,0.0,0.0,0,0,0,0,0,0,64,0,0.395973347,0.0,0,0,0.0,0.0,0.0,0,0,0,0,1,0,0,0,0,0.0,0.0,0.0,0,0,0,0,0,0,2,0,0,0,226,-1,0,32,0.0,0.0,0,0,5050845.0,0.0,5050845,5050845,DoS attacks-GoldenEye
80,6,15/02/2018 09:55:53,1963789,2,0,0,0,0,0,0.0,0.0,0,0,0.0,0.0,0.0,1.0184393537,1963789.0,0.0,1963789,1963789,1963789,1963789.0,0.0,1963789,1963789,0,0.0,0.0,0,0,0,0,0,0,64,0,1.0184393537,0.0,0,0,0.0,0.0,0.0,0,0,0,0,1,0,0,0,0,0.0,0.0,0.0,0,0,0,0,0,0,2,0,0,0,226,-1,0,32,0.0,0.0,0,0,0.0,0.0,0,0,DoS attacks-GoldenEye
80,6,15/02/2018 09:52:34,11924277,4,4,467,662,467,0,116.75,233.5,662,0,165.5,331.0,94.6807928061,0.6709002147,1703468.14285714,2960565.70432017,6917374,3,6919054,2306351.33333333,3993518.26660281,6917669,270,11924274,3974758.0,3571352.11711699,6917374,1388,0,0,0,0,136,136,0.3354501074,0.3354501074,0,662,125.4444444444,253.6499118426,64338.2777777778,0,0,0,1,0,0,0,0,1,141.125,116.75,165.5,0,0,0,0,0,0,4,467,4,662,26883,219,1,32,1391.0,0.0,1391,1391,6917374.0,0.0,6917374,6917374,DoS attacks-GoldenEye
80,6,15/02/2018 09:50:17,36032649,2,0,0,0,0,0,0.0,0.0,0,0,0.0,0.0,0.0,0.0555052169,36032649.0,0.0,36032649,36032649,36032649,36032649.0,0.0,36032649,36032649,0,0.0,0.0,0,0,0,0,0,0,64,0,0.0555052169,0.0,0,0,0.0,0.0,0.0,0,0,0,0,1,0,0,0,0,0.0,0.0,0.0,0,0,0,0,0,0,2,0,0,0,226,-1,0,32,0.0,0.0,0,0,36032649.0,0.0,36032649,36032649,DoS attacks-GoldenEye
80,6,15/02/2018 09:55:34,5076830,4,4,530,972,530,0,132.5,265.0,972,0,243.0,486.0,295.8539088368,1.5757864652,725261.428571429,1886498.77162703,5003015,5,73815,24605.0,40982.0607217353,71921,294,5076825,1692275.0,2867632.57997481,5003287,1894,0,0,0,0,136,136,0.7878932326,0.7878932326,0,972,166.8888888889,349.1090246773,121877.111111111,0,0,0,1,0,0,0,0,1,187.75,132.5,243.0,0,0,0,0,0,0,4,530,4,972,26883,219,1,32,0.0,0.0,0,0,0.0,0.0,0,0,DoS attacks-GoldenEye
80,6,15/02/2018 09:53:24,8057462,4,4,367,662,367,0,91.75,183.5,662,0,165.5,331.0,127.7077074642,0.992868474,1151066.0,2044505.61179926,5002801,7,3054661,1018220.33333333,1763319.23603763,3054326,50,8057455,2685818.33333333,2521646.42734907,5003158,337,0,0,0,0,136,136,0.496434237,0.496434237,0,662,114.3333333333,238.5592169672,56910.5,0,0,0,1,0,0,0,0,1,128.625,91.75,165.5,0,0,0,0,0,0,4,367,4,662,26883,219,1,32,0.0,0.0,0,0,0.0,0.0,0,0,DoS attacks-GoldenEye
80,6,15/02/2018 09:39:23,5002388,4,4,284,662,284,0,71.0,142.0,662,0,165.5,331.0,189.1096812163,1.5992362048,714626.857142857,1890238.57473207,5001285,6,1103,367.6666666667,386.2671786903,794,41,5002382,1667460.66666667,2887494.39623098,5001652,312,0,0,0,0,136,136,0.7996181024,0.7996181024,0,662,105.1111111111,228.9827747039,52433.1111111111,0,0,0,1,0,0,0,0,1,118.25,71.0,165.5,0,0,0,0,0,0,4,284,4,662,26883,219,1,32,0.0,0.0,0,0,0.0,0.0,0,0,DoS attacks-GoldenEye
80,6,15/02/2018 09:51:09,6966206,5,3,444,972,444,0,88.8,198.562836402,972,0,324.0,561.1844616523,203.2670294275,1.1484012962,995172.285714286,2598761.10543086,6888247,3,6966206,1741551.5,3431526.01602421,6888551,28,6888547,3444273.5,4870514.03215354,6888247,300,0,0,0,0,168,104,0.7177508101,0.4306504861,0,972,157.3333333333,338.9572244399,114892.0,0,0,0,1,0,0,0,0,0,177.0,88.8,324.0,0,0,0,0,0,0,5,444,3,972,26883,219,1,32,303.0,0.0,303,303,6888247.0,0.0,6888247,6888247,DoS attacks-GoldenEye
80,6,15/02/2018 09:38:33,5033293,4,4,691,662,691,0,172.75,345.5,662,0,165.5,331.0,268.8101010611,1.5894167099,719041.857142857,1893893.20635452,5013960,8,19333,6444.3333333333,10708.115862902,18809,259,5033285,1677761.66666667,2889508.88400197,5014263,526,0,0,0,0,136,136,0.7947083549,0.7947083549,0,691,150.3333333333,298.3965482374,89040.5,0,0,0,1,0,0,0,0,1,169.125,172.75,165.5,0,0,0,0,0,0,4,691,4,662,26883,221,1,32,0.0,0.0,0,0,0.0,0.0,0,0,DoS attacks-GoldenEye
80,6,15/02/2018 09:29:33,7022557,5,3,392,662,392,0,78.4,175.307729436,662,0,220.6666666667,382.2058782035,150.0877814164,1.1391861967,1003222.42857143,2627686.15439901,6962042,5,7022557,1755639.25,3471275.04602361,6962382,165,6962512,3481256.0,4922574.7689184,6962042,470,0,0,0,0,168,104,0.7119913729,0.4271948238,0,662,117.1111111111,241.9898987791,58559.1111111111,0,0,0,1,0,0,0,0,0,131.75,78.4,220.6666666667,0,0,0,0,0,0,5,392,3,662,26883,219,1,32,475.0,0.0,475,475,6962042.0,0.0,6962042,6962042,DoS attacks-GoldenEye
80,6,15/02/2018 09:54:02,49844,5,3,297,662,297,0,59.4,132.8224378635,662,0,220.6666666667,382.2058782035,19240.0288901372,160.5007623786,7120.5714285714,18415.6538019257,48882,7,49844,12461.0,24281.96207064,48882,26,674,337.0,16.9705627485,349,325,0,0,0,0,168,104,100.3129764866,60.187785892,0,662,106.5555555556,230.2895520378,53033.2777777778,0,0,0,1,0,0,0,0,0,119.875,59.4,220.6666666667,0,0,0,0,0,0,5,297,3,662,26883,219,1,32,0.0,0.0,0,0,0.0,0.0,0,0,DoS attacks-GoldenEye
80,6,15/02/2018 09:29:12,98564,5,3,323,972,323,0,64.6,144.4499913465,972,0,324.0,561.1844616523,13138.6713201575,81.1655371129,14080.5714285714,36368.3288171505,96550,6,98564,24641.0,47944.0063059677,96550,125,1697,848.5,634.2747827243,1297,400,0,0,0,0,168,104,50.7284606956,30.4370764174,0,972,143.8888888889,328.4008390841,107847.111111111,0,0,0,1,0,0,0,0,0,161.875,64.6,324.0,0,0,0,0,0,0,5,323,3,972,26883,219,1,32,0.0,0.0,0,0,0.0,0.0,0,0,DoS attacks-GoldenEye
80,6,15/02/2018 09:49:37,7031807,5,3,321,972,321,0,64.2,143.5555641555,972,0,324.0,561.1844616523,183.878766866,1.1376876527,1004543.85714286,2621154.61773073,6948363,4,7031807,1757951.75,3460690.1427575,6948668,335,6949537,3474768.5,4912404.45208459,6948363,1174,0,0,0,0,168,104,0.7110547829,0.4266328698,0,972,143.6666666667,328.2651367416,107758.0,0,0,0,1,0,0,0,0,0,161.625,64.2,324.0,0,0,0,0,0,0,5,321,3,972,26883,219,1,32,1178.0,0.0,1178,1178,6948363.0,0.0,6948363,6948363,DoS attacks-GoldenEye
80,6,15/02/2018 09:56:23,11982388,4,4,481,972,481,0,120.25,240.5,972,0,243.0,486.0,121.2613045079,0.6676465493,1711769.71428571,2978034.96623964,6979467,8,6981360,2327120.0,4029326.97943999,6979786,311,11982380,3994126.66666667,3596331.49103532,6979467,1575,0,0,0,0,136,136,0.3338232746,0.3338232746,0,972,161.4444444444,343.0681824037,117695.777777778,0,0,0,1,0,0,0,0,1,181.625,120.25,243.0,0,0,0,0,0,0,4,481,4,972,26883,219,1,32,1583.0,0.0,1583,1583,6979467.0,0.0,6979467,6979467,DoS attacks-GoldenEye
80,6,15/02/2018 09:39:58,5005370,4,4,328,972,328,0,82.0,164.0,972,0,243.0,486.0,259.721059582,1.5982834436,715052.857142857,1891016.00877971,5003474,7,1896,632.0,384.5269821482,1043,281,5005363,1668454.33333333,2888475.94019412,5003779,260,0,0,0,0,136,136,0.7991417218,0.7991417218,0,972,144.4444444444,328.7457646537,108073.777777778,0,0,0,1,0,0,0,0,1,162.5,82.0,243.0,0,0,0,0,0,0,4,328,4,972,26883,219,1,32,0.0,0.0,0,0,0.0,0.0,0,0,DoS attacks-GoldenEye
80,6,15/02/2018 09:30:01,6842151,5,3,347,662,347,0,69.4,155.1831176385,662,0,220.6666666667,382.2058782035,147.4682450007,1.1692229534,977450.142857143,2554197.65508724,6769508,5,6842151,1710537.75,3373028.47502492,6769826,19,6769889,3384944.5,4786495.60441295,6769508,381,0,0,0,0,168,104,0.7307643459,0.4384586075,0,662,112.1111111111,235.9907013234,55691.6111111111,0,0,0,1,0,0,0,0,0,126.125,69.4,220.6666666667,0,0,0,0,0,0,5,347,3,662,26883,219,1,32,386.0,0.0,386,386,6769508.0,0.0,6769508,6769508,DoS attacks-GoldenEye
80,6,15/02/2018 09:38:05,5076859,4,4,454,972,454,0,113.5,227.0,972,0,243.0,486.0,280.8823329543,1.575777464,725265.571428571,1886488.09005798,5002995,7,73864,24621.3333333333,41179.0473703962,72168,401,5076852,1692284.0,2867813.94215681,5003504,1697,0,0,0,0,136,136,0.787888732,0.787888732,0,972,158.4444444444,340.0290837234,115619.777777778,0,0,0,1,0,0,0,0,1,178.25,113.5,243.0,0,0,0,0,0,0,4,454,4,972,26883,219,1,32,0.0,0.0,0,0,0.0,0.0,0,0,DoS attacks-GoldenEye
80,6,15/02/2018 09:56:07,1668153,2,0,0,0,0,0,0.0,0.0,0,0,0.0,0.0,0.0,1.1989307935,1668153.0,0.0,1668153,1668153,1668153,1668153.0,0.0,1668153,1668153,0,0.0,0.0,0,0,0,0,0,0,64,0,1.1989307935,0.0,0,0,0.0,0.0,0.0,0,0,0,0,1,0,0,0,0,0.0,0.0,0.0,0,0,0,0,0,0,2,0,0,0,221,-1,0,32,0.0,0.0,0,0,0.0,0.0,0,0,DoS attacks-GoldenEye
80,6,15/02/2018 09:57:03,5386299,5,3,374,662,374,0,74.8,167.257884717,662,0,220.6666666667,382.2058782035,192.3398608209,1.4852498905,769471.285714286,1958506.29055034,5208467,5,5386299,1346574.75,2576116.15708368,5208764,335,5210067,2605033.5,3681810.96443646,5208467,1600,0,0,0,0,168,104,0.9282811816,0.5569687089,0,662,115.1111111111,239.4955346371,57358.1111111111,0,0,0,1,0,0,0,0,0,129.5,74.8,220.6666666667,0,0,0,0,0,0,5,374,3,662,26883,219,1,32,1605.0,0.0,1605,1605,5208467.0,0.0,5208467,5208467,DoS attacks-GoldenEye
80,6,15/02/2018 09:54:24,11494579,4,4,569,662,569,0,142.25,284.5,662,0,165.5,331.0,107.093961423,0.695980253,1642082.71428571,2836265.90595221,6488387,2,6490350,2163450.0,3745798.03133711,6488725,663,11494577,3831525.66666667,3398752.89783037,6488387,1628,0,0,0,0,136,136,0.3479901265,0.3479901265,0,662,136.7777777778,272.4040095969,74203.9444444444,0,0,0,1,0,0,0,0,1,153.875,142.25,165.5,0,0,0,0,0,0,4,569,4,662,26883,219,1,32,1630.0,0.0,1630,1630,6488387.0,0.0,6488387,6488387,DoS attacks-GoldenEye
80,6,15/02/2018 09:54:29,9113321,2,0,0,0,0,0,0.0,0.0,0,0,0.0,0.0,0.0,0.2194589656,9113321.0,0.0,9113321,9113321,9113321,9113321.0,0.0,9113321,9113321,0,0.0,0.0,0,0,0,0,0,0,64,0,0.2194589656,0.0,0,0,0.0,0.0,0.0,0,0,0,0,1,0,0,0,0,0.0,0.0,0.0,0,0,0,0,0,0,2,0,0,0,226,-1,0,32,0.0,0.0,0,0,9113321.0,0.0,9113321,9113321,DoS attacks-GoldenEye
80,6,15/02/2018 09:40:05,11388555,4,4,355,972,355,0,88.75,177.5,972,0,243.0,486.0,116.5204892104,0.7024596185,1626936.42857143,2806725.4615074,6385405,3,6386425,2128808.33333333,3686597.97569973,6385725,285,11388552,3796184.0,3358922.04171413,6385405,712,0,0,0,0,136,136,0.3512298092,0.3512298092,0,972,147.4444444444,330.7473019962,109393.777777778,0,0,0,1,0,0,0,0,1,165.875,88.75,243.0,0,0,0,0,0,0,4,355,4,972,26883,219,1,32,715.0,0.0,715,715,6385405.0,0.0,6385405,6385405,DoS attacks-GoldenEye
80,6,15/02/2018 09:39:21,9027322,2,0,0,0,0,0,0.0,0.0,0,0,0.0,0.0,0.0,0.2215496467,9027322.0,0.0,9027322,9027322,9027322,9027322.0,0.0,9027322,9027322,0,0.0,0.0,0,0,0,0,0,0,64,0,0.2215496467,0.0,0,0,0.0,0.0,0.0,0,0,0,0,1,0,0,0,0,0.0,0.0,0.0,0,0,0,0,0,0,2,0,0,0,221,-1,0,32,0.0,0.0,0,0,9027322.0,0.0,9027322,9027322,DoS attacks-GoldenEye
80,6,15/02/2018 09:51:14,53213862,2,0,0,0,0,0,0.0,0.0,0,0,0.0,0.0,0.0,0.0375841919,53213862.0,0.0,53213862,53213862,53213862,53213862.0,0.0,53213862,53213862,0,0.0,0.0,0,0,0,0,0,0,64,0,0.0375841919,0.0,0,0,0.0,0.0,0.0,0,0,0,0,1,0,0,0,0,0.0,0.0,0.0,0,0,0,0,0,0,2,0,0,0,226,-1,0,32,0.0,0.0,0,0,53213862.0,0.0,53213862,53213862,DoS attacks-GoldenEye
80,6,15/02/2018 09:51:10,11125380,4,4,351,972,351,0,87.75,175.5,972,0,243.0,486.0,118.9172864208,0.7190765619,1589340.0,2733254.21356241,6122367,3,6123110,2041036.66666667,3534799.88800446,6122672,169,11125377,3708459.0,3259684.03508269,6122367,440,0,0,0,0,136,136,0.3595382809,0.3595382809,0,972,147.0,330.4360755123,109188.0,0,0,0,1,0,0,0,0,1,165.375,87.75,243.0,0,0,0,0,0,0,4,351,4,972,26883,219,1,32,443.0,0.0,443,443,6122367.0,0.0,6122367,6122367,DoS attacks-GoldenEye
80,6,15/02/2018 09:38:41,11691843,4,4,408,972,408,0,102.0,204.0,972,0,243.0,486.0,118.0310067455,0.6842377203,1670263.28571429,2893716.49384903,6690842,3,6691577,2230525.66666667,3863102.32600307,6691252,38,11691840,3897280.0,3479058.99856082,6690842,327,0,0,0,0,136,136,0.3421188601,0.3421188601,0,972,153.3333333333,335.344598883,112456.0,0,0,0,1,0,0,0,0,1,172.5,102.0,243.0,0,0,0,0,0,0,4,408,4,972,26883,219,1,32,330.0,0.0,330,330,6690842.0,0.0,6690842,6690842,DoS attacks-GoldenEye
80,6,15/02/2018 09:38:48,5033712,4,4,446,972,446,0,111.5,223.0,972,0,243.0,486.0,281.7006614602,1.5892844088,719101.714285714,1889692.12459647,5004453,7,29259,9753.0,16607.4277358054,28929,33,5033705,1677901.66666667,2881176.80944546,5004758,331,0,0,0,0,136,136,0.7946422044,0.7946422044,0,972,157.5555555556,339.1692465094,115035.777777778,0,0,0,1,0,0,0,0,1,177.25,111.5,243.0,0,0,0,0,0,0,4,446,4,972,26883,219,1,32,0.0,0.0,0,0,0.0,0.0,0,0,DoS attacks-GoldenEye
80,6,15/02/2018 09:31:05,5011720,4,4,497,972,497,0,124.25,248.5,972,0,243.0,486.0,293.112943261,1.5962583704,715960.0,1891181.64137751,5004754,7,6966,2322.0,3199.630134875,6013,335,5011713,1670571.0,2887799.6936983,5005113,249,0,0,0,0,136,136,0.7981291852,0.7981291852,0,972,163.2222222222,344.9673092402,119002.444444444,0,0,0,1,0,0,0,0,1,183.625,124.25,243.0,0,0,0,0,0,0,4,497,4,972,26883,219,1,32,0.0,0.0,0,0,0.0,0.0,0,0,DoS attacks-GoldenEye
80,6,15/02/2018 09:40:19,11394560,4,4,580,972,580,0,145.0,290.0,972,0,243.0,486.0,136.205347113,0.7020894181,1627794.28571429,2805638.00990961,6382344,3,6390236,2130078.66666667,3682820.90745903,6382632,274,11394557,3798185.66666667,3354235.45331993,6382344,7609,0,0,0,0,136,136,0.3510447091,0.3510447091,0,972,172.4444444444,355.9406941862,126693.777777778,0,0,0,1,0,0,0,0,1,194.0,145.0,243.0,0,0,0,0,0,0,4,580,4,972,26883,219,1,32,7612.0,0.0,7612,7612,6382344.0,0.0,6382344,6382344,DoS attacks-GoldenEye
80,6,15/02/2018 09:49:37,7011521,5,3,403,972,403,0,80.6,180.2270789865,972,0,324.0,561.1844616523,196.1058092816,1.140979254,1001645.85714286,2626182.93417223,6957098,5,7011521,1752880.25,3469877.68603778,6957560,76,6957498,3478749.0,4919128.33046689,6957098,400,0,0,0,0,168,104,0.7131120338,0.4278672203,0,972,152.7777777778,334.8737738976,112140.444444444,0,0,0,1,0,0,0,0,0,171.875,80.6,324.0,0,0,0,0,0,0,5,403,3,972,26883,219,1,32,405.0,0.0,405,405,6957098.0,0.0,6957098,6957098,DoS attacks-GoldenEye
80,6,15/02/2018 09:38:53,1944424,2,0,0,0,0,0,0.0,0.0,0,0,0.0,0.0,0.0,1.0285822434,1944424.0,0.0,1944424,1944424,1944424,1944424.0,0.0,1944424,1944424,0,0.0,0.0,0,0,0,0,0,0,64,0,1.0285822434,0.0,0,0,0.0,0.0,0.0,0,0,0,0,1,0,0,0,0,0.0,0.0,0.0,0,0,0,0,0,0,2,0,0,0,226,-1,0,32,0.0,0.0,0,0,0.0,0.0,0,0,DoS attacks-GoldenEye
80,6,15/02/2018 09:30:41,1967054,2,0,0,0,0,0,0.0,0.0,0,0,0.0,0.0,0.0,1.0167489047,1967054.0,0.0,1967054,1967054,1967054,1967054.0,0.0,1967054,1967054,0,0.0,0.0,0,0,0,0,0,0,64,0,1.0167489047,0.0,0,0,0.0,0.0,0.0,0,0,0,0,1,0,0,0,0,0.0,0.0,0.0,0,0,0,0,0,0,2,0,0,0,221,-1,0,32,0.0,0.0,0,0,0.0,0.0,0,0,DoS attacks-GoldenEye
80,6,15/02/2018 09:56:40,279461,5,3,359,972,359,0,71.8,160.5496807845,972,0,324.0,561.1844616523,4762.7397024987,28.6265346506,39923.0,104932.130551133,277886,7,279461,69865.25,138680.656647746,277886,263,1287,643.5,556.4930367938,1037,250,0,0,0,0,168,104,17.8915841566,10.734950494,0,972,147.8888888889,331.063605839,109603.111111111,0,0,0,1,0,0,0,0,0,166.375,71.8,324.0,0,0,0,0,0,0,5,359,3,972,26883,219,1,32,0.0,0.0,0,0,0.0,0.0,0,0,DoS attacks-GoldenEye
80,6,15/02/2018 09:50:31,1922511,2,0,0,0,0,0,0.0,0.0,0,0,0.0,0.0,0.0,1.0403061413,1922511.0,0.0,1922511,1922511,1922511,1922511.0,0.0,1922511,1922511,0,0.0,0.0,0,0,0,0,0,0,64,0,1.0403061413,0.0,0,0,0.0,0.0,0.0,0,0,0,0,1,0,0,0,0,0.0,0.0,0.0,0,0,0,0,0,0,2,0,0,0,226,-1,0,32,0.0,0.0,0,0,0.0,0.0,0,0,DoS attacks-GoldenEye
80,6,15/02/2018 09:50:39,8920304,2,0,0,0,0,0,0.0,0.0,0,0,0.0,0.0,0.0,0.2242076055,8920304.0,0.0,8920304,8920304,8920304,8920304.0,0.0,8920304,8920304,0,0.0,0.0,0,0,0,0,0,0,64,0,0.2242076055,0.0,0,0,0.0,0.0,0.0,0,0,0,0,1,0,0,0,0,0.0,0.0,0.0,0,0,0,0,0,0,2,0,0,0,226,-1,0,32,0.0,0.0,0,0,8920304.0,0.0,8920304,8920304,DoS attacks-GoldenEye
80,6,15/02/2018 09:53:24,3185314,5,3,280,972,280,0,56.0,125.21980674,972,0,324.0,561.1844616523,393.053871612,2.5115263362,455044.857142857,1188608.32309266,3150431,5,3185314,796328.5,1569464.85852015,3150431,249,34611,17305.5,19654.0329830801,31203,3408,0,0,0,0,168,104,1.5697039601,0.9418223761,0,972,139.1111111111,325.7715627723,106127.111111111,0,0,0,1,0,0,0,0,0,156.5,56.0,324.0,0,0,0,0,0,0,5,280,3,972,26883,219,1,32,0.0,0.0,0,0,0.0,0.0,0,0,DoS attacks-GoldenEye
80,6,15/02/2018 09:51:28,1877834,2,0,0,0,0,0,0.0,0.0,0,0,0.0,0.0,0.0,1.0650568687,1877834.0,0.0,1877834,1877834,1877834,1877834.0,0.0,1877834,1877834,0,0.0,0.0,0,0,0,0,0,0,64,0,1.0650568687,0.0,0,0,0.0,0.0,0.0,0,0,0,0,1,0,0,0,0,0.0,0.0,0.0,0,0,0,0,0,0,2,0,0,0,226,-1,0,32,0.0,0.0,0,0,0.0,0.0,0,0,DoS attacks-GoldenEye
80,6,15/02/2018 09:49:24,4458344,5,3,515,662,515,0,103.0,230.3150016825,662,0,220.6666666667,382.2058782035,263.9993683753,1.7943882302,636906.285714286,1669473.37052604,4422802,2,4458344,1114586.0,2205746.7518409,4423115,2,4423138,2211569.0,3127155.69816695,4422802,336,0,0,0,0,168,104,1.1214926439,0.6728955863,0,662,130.7777777778,262.0933887843,68692.9444444444,0,0,0,1,0,0,0,0,0,147.125,103.0,220.6666666667,0,0,0,0,0,0,5,515,3,662,26883,219,1,32,0.0,0.0,0,0,0.0,0.0,0,0,DoS attacks-GoldenEye
80,6,15/02/2018 09:50:48,5018477,4,4,346,972,346,0,86.5,173.0,972,0,243.0,486.0,262.6294790232,1.5941091291,716925.285714286,1895148.25781509,5014717,6,3760,1253.3333333333,1622.4291458592,3126,271,5018471,1672823.66666667,2894468.69443501,5015068,636,0,0,0,0,136,136,0.7970545646,0.7970545646,0,972,146.4444444444,330.0542043025,108935.777777778,0,0,0,1,0,0,0,0,1,164.75,86.5,243.0,0,0,0,0,0,0,4,346,4,972,26883,219,1,32,0.0,0.0,0,0,0.0,0.0,0,0,DoS attacks-GoldenEye
80,6,15/02/2018 09:49:31,10906681,4,4,255,972,255,0,63.75,127.5,972,0,243.0,486.0,112.4998521548,0.7334953686,1558097.28571429,2672884.1874649,5901675,3,5903706,1967902.0,3408148.58087217,5903293,122,10906678,3635559.33333333,3179916.97905407,5901675,420,0,0,0,0,136,136,0.3667476843,0.3667476843,0,972,136.3333333333,324.5242671974,105316.0,0,0,0,1,0,0,0,0,1,153.375,63.75,243.0,0,0,0,0,0,0,4,255,4,972,26883,219,1,32,423.0,0.0,423,423,5901675.0,0.0,5901675,5901675,DoS attacks-GoldenEye
80,6,15/02/2018 09:39:51,11439842,4,4,428,662,428,0,107.0,214.0,662,0,165.5,331.0,95.2810362241,0.6993103576,1634263.14285714,2821176.81769762,6435242,3,6436083,2145361.0,3715392.74252979,6435527,254,11439839,3813279.66666667,3378567.80121464,6435242,558,0,0,0,0,136,136,0.3496551788,0.3496551788,0,662,121.1111111111,247.340071786,61177.1111111111,0,0,0,1,0,0,0,0,1,136.25,107.0,165.5,0,0,0,0,0,0,4,428,4,662,26883,219,1,32,561.0,0.0,561,561,6435242.0,0.0,6435242,6435242,DoS attacks-GoldenEye
80,6,15/02/2018 09:38:05,168519,5,3,579,972,579,0,115.8,258.9366717945,972,0,324.0,561.1844616523,9203.7099674221,47.4723918371,24074.1428571429,43171.9570339689,110010,3,168519,42129.75,52352.2295060105,110383,262,112168,56084.0,76262.8805645315,110010,2158,0,0,0,0,168,104,29.6702448982,17.8021469389,0,972,172.3333333333,355.797695327,126592.0,0,0,0,1,0,0,0,0,0,193.875,115.8,324.0,0,0,0,0,0,0,5,579,3,972,26883,219,1,32,0.0,0.0,0,0,0.0,0.0,0,0,DoS attacks-GoldenEye
80,6,15/02/2018 09:51:02,7011575,5,3,388,662,388,0,77.6,173.518875054,662,0,220.6666666667,382.2058782035,149.7523737534,1.1409704667,1001653.57142857,2639738.54592419,6987987,3,7011575,1752893.75,3490280.57202382,6988290,76,6988378,3494189.0,4940976.515792,6987987,391,0,0,0,0,168,104,0.7131065417,0.427863925,0,662,116.6666666667,241.4249365745,58286.0,0,0,0,1,0,0,0,0,0,131.25,77.6,220.6666666667,0,0,0,0,0,0,5,388,3,662,26883,219,1,32,394.0,0.0,394,394,6987987.0,0.0,6987987,6987987,DoS attacks-GoldenEye
80,6,15/02/2018 09:30:01,5031256,4,4,383,972,383,0,95.75,191.5,972,0,243.0,486.0,269.3164490139,1.5900602156,718750.857142857,1889149.8185762,5002877,4,28379,9459.6666666667,16046.8920459176,27988,27,5031252,1677084.0,2880560.85009795,5003232,393,0,0,0,0,136,136,0.7950301078,0.7950301078,0,972,150.5555555556,333.0672271146,110933.777777778,0,0,0,1,0,0,0,0,1,169.375,95.75,243.0,0,0,0,0,0,0,4,383,4,972,26883,219,1,32,0.0,0.0,0,0,0.0,0.0,0,0,DoS attacks-GoldenEye
80,6,15/02/2018 09:53:46,23042507,2,0,0,0,0,0,0.0,0.0,0,0,0.0,0.0,0.0,0.0867961112,23042507.0,0.0,23042507,23042507,23042507,23042507.0,0.0,23042507,23042507,0,0.0,0.0,0,0,0,0,0,0,64,0,0.0867961112,0.0,0,0,0.0,0.0,0.0,0,0,0,0,1,0,0,0,0,0.0,0.0,0.0,0,0,0,0,0,0,2,0,0,0,226,-1,0,32,0.0,0.0,0,0,23042507.0,0.0,23042507,23042507,DoS attacks-GoldenEye
80,6,15/02/2018 09:50:48,11986597,4,4,409,662,409,0,102.25,204.5,662,0,165.5,331.0,89.3497962766,0.6674121104,1712371.0,2979346.79658685,6982007,3,6982986,2327662.0,4031105.76752136,6982382,290,11986594,3995531.33333333,3598286.11860512,6982007,617,0,0,0,0,136,136,0.3337060552,0.3337060552,0,662,119.0,244.4575627793,59759.5,0,0,0,1,0,0,0,0,1,133.875,102.25,165.5,0,0,0,0,0,0,4,409,4,662,26883,219,1,32,620.0,0.0,620,620,6982007.0,0.0,6982007,6982007,DoS attacks-GoldenEye
80,6,15/02/2018 09:50:19,69398,5,3,365,972,365,0,73.0,163.2329623575,972,0,324.0,561.1844616523,19265.6848900545,115.2770973227,9914.0,17011.2306825031,39919,7,69398,17349.5,20318.3572580725,39919,38,29165,14582.5,20134.8655942869,28820,345,0,0,0,0,168,104,72.0481858267,43.228911496,0,972,148.5555555556,331.5475497991,109923.777777778,0,0,0,1,0,0,0,0,0,167.125,73.0,324.0,0,0,0,0,0,0,5,365,3,972,26883,219,1,32,0.0,0.0,0,0,0.0,0.0,0,0,DoS attacks-GoldenEye
80,6,15/02/2018 09:53:32,9048772,2,0,0,0,0,0,0.0,0.0,0,0,0.0,0.0,0.0,0.2210244661,9048772.0,0.0,9048772,9048772,9048772,9048772.0,0.0,9048772,9048772,0,0.0,0.0,0,0,0,0,0,0,64,0,0.2210244661,0.0,0,0,0.0,0.0,0.0,0,0,0,0,1,0,0,0,0,0.0,0.0,0.0,0,0,0,0,0,0,2,0,0,0,226,-1,0,32,0.0,0.0,0,0,9048772.0,0.0,9048772,9048772,DoS attacks-GoldenEye
80,6,15/02/2018 09:39:23,415297,5,3,389,972,389,0,77.8,173.9660886495,972,0,324.0,561.1844616523,3277.1727221723,19.2633223934,59328.1428571429,156599.36001937,414462,6,415297,103824.25,207091.937834987,414462,36,567,283.5,12.0208152802,292,275,0,0,0,0,168,104,12.0395764959,7.2237458975,0,972,151.2222222222,333.5962296616,111286.444444444,0,0,0,1,0,0,0,0,0,170.125,77.8,324.0,0,0,0,0,0,0,5,389,3,972,26883,219,1,32,0.0,0.0,0,0,0.0,0.0,0,0,DoS attacks-GoldenEye
80,6,15/02/2018 09:52:12,11932617,4,4,318,662,318,0,79.5,159.0,662,0,165.5,331.0,82.1278349921,0.6704313061,1704659.57142857,2963969.68036274,6931962,3,6932652,2310884.0,4002252.40159176,6932287,42,11932614,3977538.0,3577186.86685949,6931962,366,0,0,0,0,136,136,0.335215653,0.335215653,0,662,108.8888888889,232.5556086426,54082.1111111111,0,0,0,1,0,0,0,0,1,122.5,79.5,165.5,0,0,0,0,0,0,4,318,4,662,26883,219,1,32,369.0,0.0,369,369,6931962.0,0.0,6931962,6931962,DoS attacks-GoldenEye
80,6,15/02/2018 09:29:45,1962903,2,0,0,0,0,0,0.0,0.0,0,0,0.0,0.0,0.0,1.018899049,1962903.0,0.0,1962903,1962903,1962903,1962903.0,0.0,1962903,1962903,0,0.0,0.0,0,0,0,0,0,0,64,0,1.018899049,0.0,0,0,0.0,0.0,0.0,0,0,0,0,1,0,0,0,0,0.0,0.0,0.0,0,0,0,0,0,0,2,0,0,0,221,-1,0,32,0.0,0.0,0,0,0.0,0.0,0,0,DoS attacks-GoldenEye
80,6,15/02/2018 09:54:59,5031612,4,4,388,972,388,0,97.0,194.0,972,0,243.0,486.0,270.2911114768,1.5899477146,718801.714285714,1889461.06821361,5003635,6,27977,9325.6666666667,15826.6605553204,27600,48,5031606,1677202.0,2881037.35009684,5003901,379,0,0,0,0,136,136,0.7949738573,0.7949738573,0,972,151.1111111111,333.507287943,111227.111111111,0,0,0,1,0,0,0,0,1,170.0,97.0,243.0,0,0,0,0,0,0,4,388,4,972,26883,219,1,32,0.0,0.0,0,0,0.0,0.0,0,0,DoS attacks-GoldenEye
80,6,15/02/2018 09:51:58,7004209,5,3,365,972,365,0,73.0,163.2329623575,972,0,324.0,561.1844616523,190.8852234421,1.1421703721,1000601.28571429,2598705.93832082,6893182,4,7004209,1751052.25,3428980.83203755,6893937,25,6893468,3446734.0,4874013.50361363,6893182,286,0,0,0,0,168,104,0.7138564826,0.4283138895,0,972,148.5555555556,331.5475497991,109923.777777778,0,0,0,1,0,0,0,0,0,167.125,73.0,324.0,0,0,0,0,0,0,5,365,3,972,26883,219,1,32,290.0,0.0,290,290,6893182.0,0.0,6893182,6893182,DoS attacks-GoldenEye
80,6,15/02/2018 09:55:20,93446,5,3,393,972,393,0,78.6,175.7549430315,972,0,324.0,561.1844616523,14607.3668214798,85.6109410783,13349.4285714286,34914.7392364941,92528,6,93446,23361.5,46111.5448342386,92528,34,610,305.0,45.2548339959,337,273,0,0,0,0,168,104,53.5068381739,32.1041029044,0,972,151.6666666667,333.9550868006,111526.0,0,0,0,1,0,0,0,0,0,170.625,78.6,324.0,0,0,0,0,0,0,5,393,3,972,26883,219,1,32,0.0,0.0,0,0,0.0,0.0,0,0,DoS attacks-GoldenEye
80,6,15/02/2018 09:27:46,1017066,5,3,421,972,421,0,84.2,188.2769237055,972,0,324.0,561.1844616523,1369.6259633102,7.8657628905,145295.142857143,373391.309827652,991898,4,1017066,254266.5,492040.759719829,992209,314,996177,498088.5,698352.092128677,991898,4279,0,0,0,0,168,104,4.9161018066,2.9496610839,0,972,154.7777777778,336.6042846496,113302.444444444,0,0,0,1,0,0,0,0,0,174.125,84.2,324.0,0,0,0,0,0,0,5,421,3,972,26883,219,1,32,0.0,0.0,0,0,0.0,0.0,0,0,DoS attacks-GoldenEye
80,6,15/02/2018 09:55:06,5008851,4,4,342,662,342,0,85.5,171.0,662,0,165.5,331.0,200.4451719566,1.5971726849,715550.142857143,1890330.0041002,5002413,7,6438,2146.0,3442.4619097384,6118,26,5008844,1669614.66666667,2886593.27784264,5002764,321,0,0,0,0,136,136,0.7985863425,0.7985863425,0,662,111.5555555556,235.3736981436,55400.7777777778,0,0,0,1,0,0,0,0,1,125.5,85.5,165.5,0,0,0,0,0,0,4,342,4,662,26883,219,1,32,0.0,0.0,0,0,0.0,0.0,0,0,DoS attacks-GoldenEye
80,6,15/02/2018 09:39:02,11962650,4,4,423,972,423,0,105.75,211.5,972,0,243.0,486.0,116.6129578313,0.6687481453,1708950.0,2972139.16876689,6958561,4,6960284,2320094.66666667,4017282.5746796,6958853,357,11962646,3987548.66666667,3587928.87124373,6958561,1433,0,0,0,0,136,136,0.3343740726,0.3343740726,0,972,155.0,336.8026128165,113436.0,0,0,0,1,0,0,0,0,1,174.375,105.75,243.0,0,0,0,0,0,0,4,423,4,972,26883,219,1,32,1437.0,0.0,1437,1437,6958561.0,0.0,6958561,6958561,DoS attacks-GoldenEye
80,6,15/02/2018 09:27:46,1046214,5,3,609,972,609,0,121.8,272.3530796595,972,0,324.0,561.1844616523,1511.1631081213,7.6466191429,149459.142857143,361581.510490801,966806,7,1046214,261553.5,471598.876511596,966806,284,79128,39564.0,54491.0627717977,78095,1033,0,0,0,0,168,104,4.7791369643,2.8674821786,0,972,175.6666666667,360.1971682287,129742.0,0,0,0,1,0,0,0,0,0,197.625,121.8,324.0,0,0,0,0,0,0,5,609,3,972,26883,220,1,32,0.0,0.0,0,0,0.0,0.0,0,0,DoS attacks-GoldenEye
80,6,15/02/2018 09:52:10,2024697,2,0,0,0,0,0,0.0,0.0,0,0,0.0,0.0,0.0,0.9878021255,2024697.0,0.0,2024697,2024697,2024697,2024697.0,0.0,2024697,2024697,0,0.0,0.0,0,0,0,0,0,0,64,0,0.9878021255,0.0,0,0,0.0,0.0,0.0,0,0,0,0,1,0,0,0,0,0.0,0.0,0.0,0,0,0,0,0,0,2,0,0,0,226,-1,0,32,0.0,0.0,0,0,0.0,0.0,0,0,DoS attacks-GoldenEye
80,6,15/02/2018 09:30:48,2063588,2,0,0,0,0,0,0.0,0.0,0,0,0.0,0.0,0.0,0.9691857096,2063588.0,0.0,2063588,2063588,2063588,2063588.0,0.0,2063588,2063588,0,0.0,0.0,0,0,0,0,0,0,64,0,0.9691857096,0.0,0,0,0.0,0.0,0.0,0,0,0,0,1,0,0,0,0,0.0,0.0,0.0,0,0,0,0,0,0,2,0,0,0,226,-1,0,32,0.0,0.0,0,0,0.0,0.0,0,0,DoS attacks-GoldenEye
80,6,15/02/2018 09:28:20,2005791,2,0,0,0,0,0,0.0,0.0,0,0,0.0,0.0,0.0,0.9971128597,2005791.0,0.0,2005791,2005791,2005791,2005791.0,0.0,2005791,2005791,0,0.0,0.0,0,0,0,0,0,0,64,0,0.9971128597,0.0,0,0,0.0,0.0,0.0,0,0,0,0,1,0,0,0,0,0.0,0.0,0.0,0,0,0,0,0,0,2,0,0,0,226,-1,0,32,0.0,0.0,0,0,0.0,0.0,0,0,DoS attacks-GoldenEye
80,6,15/02/2018 09:30:41,16298888,2,0,0,0,0,0,0.0,0.0,0,0,0.0,0.0,0.0,0.1227077577,16298888.0,0.0,16298888,16298888,16298888,16298888.0,0.0,16298888,16298888,0,0.0,0.0,0,0,0,0,0,0,64,0,0.1227077577,0.0,0,0,0.0,0.0,0.0,0,0,0,0,1,0,0,0,0,0.0,0.0,0.0,0,0,0,0,0,0,2,0,0,0,221,-1,0,32,0.0,0.0,0,0,16298888.0,0.0,16298888,16298888,DoS attacks-GoldenEye
80,6,15/02/2018 09:51:42,8967331,2,0,0,0,0,0,0.0,0.0,0,0,0.0,0.0,0.0,0.2230318029,8967331.0,0.0,8967331,8967331,8967331,8967331.0,0.0,8967331,8967331,0,0.0,0.0,0,0,0,0,0,0,64,0,0.2230318029,0.0,0,0,0.0,0.0,0.0,0,0,0,0,1,0,0,0,0,0.0,0.0,0.0,0,0,0,0,0,0,2,0,0,0,226,-1,0,32,0.0,0.0,0,0,8967331.0,0.0,8967331,8967331,DoS attacks-GoldenEye
80,6,15/02/2018 09:30:41,1931531,2,0,0,0,0,0,0.0,0.0,0,0,0.0,0.0,0.0,1.0354480461,1931531.0,0.0,1931531,1931531,1931531,1931531.0,0.0,1931531,1931531,0,0.0,0.0,0,0,0,0,0,0,64,0,1.0354480461,0.0,0,0,0.0,0.0,0.0,0,0,0,0,1,0,0,0,0,0.0,0.0,0.0,0,0,0,0,0,0,2,0,0,0,226,-1,0,32,0.0,0.0,0,0,0.0,0.0,0,0,DoS attacks-GoldenEye
80,6,15/02/2018 09:30:01,92925,5,3,419,972,419,0,83.8,187.3824965145,972,0,324.0,561.1844616523,14969.061070756,86.0909335486,13275.0,23203.6697456818,56477,3,92925,23231.25,27962.6008610906,56835,29,56875,28437.5,39653.8411821604,56477,398,0,0,0,0,168,104,53.8068334679,32.2841000807,0,972,154.5555555556,336.4071607112,113169.777777778,0,0,0,1,0,0,0,0,0,173.875,83.8,324.0,0,0,0,0,0,0,5,419,3,972,26883,219,1,32,0.0,0.0,0,0,0.0,0.0,0,0,DoS attacks-GoldenEye
80,6,15/02/2018 09:49:44,5093455,4,4,456,662,456,0,114.0,228.0,662,0,165.5,331.0,219.4973745719,1.5706431096,727636.428571429,1884809.6385912,5001293,3,92162,30720.6666666667,52525.6725452738,91372,305,5093452,1697817.33333333,2861499.39712912,5001581,791,0,0,0,0,136,136,0.7853215548,0.7853215548,0,662,124.2222222222,251.8182766291,63412.4444444444,0,0,0,1,0,0,0,0,1,139.75,114.0,165.5,0,0,0,0,0,0,4,456,4,662,26883,219,1,32,0.0,0.0,0,0,0.0,0.0,0,0,DoS attacks-GoldenEye
80,6,15/02/2018 09:50:48,5014159,4,4,416,972,416,0,104.0,208.0,972,0,243.0,486.0,276.8161121337,1.5954819143,716308.428571429,1890682.37258491,5003966,6,10193,3397.6666666667,5453.9697774496,9695,190,5014153,1671384.33333333,2886399.09006193,5004307,498,0,0,0,0,136,136,0.7977409572,0.7977409572,0,972,154.2222222222,336.1137373635,112972.444444444,0,0,0,1,0,0,0,0,1,173.5,104.0,243.0,0,0,0,0,0,0,4,416,4,972,26883,219,1,32,0.0,0.0,0,0,0.0,0.0,0,0,DoS attacks-GoldenEye
80,6,15/02/2018 09:28:37,108792,5,3,563,662,563,0,112.6,251.7812542665,662,0,220.6666666667,382.2058782035,11260.0191190529,73.5348187367,15541.7142857143,40344.9458656814,107033,5,108792,27198.0,53223.9746292339,107033,250,1481,740.5,562.1498910433,1138,343,0,0,0,0,168,104,45.9592617104,27.5755570263,0,662,136.1111111111,271.2187514003,73559.6111111111,0,0,0,1,0,0,0,0,0,153.125,112.6,220.6666666667,0,0,0,0,0,0,5,563,3,662,26883,219,1,32,0.0,0.0,0,0,0.0,0.0,0,0,DoS attacks-GoldenEye
80,6,15/02/2018 09:50:39,8934392,2,0,0,0,0,0,0.0,0.0,0,0,0.0,0.0,0.0,0.2238540686,8934392.0,0.0,8934392,8934392,8934392,8934392.0,0.0,8934392,8934392,0,0.0,0.0,0,0,0,0,0,0,64,0,0.2238540686,0.0,0,0,0.0,0.0,0.0,0,0,0,0,1,0,0,0,0,0.0,0.0,0.0,0,0,0,0,0,0,2,0,0,0,226,-1,0,32,0.0,0.0,0,0,8934392.0,0.0,8934392,8934392,DoS attacks-GoldenEye
80,6,15/02/2018 09:53:41,11978976,4,4,246,972,246,0,61.5,123.0,972,0,243.0,486.0,101.6781401015,0.6678367166,1711282.28571429,2976555.35410367,6973085,3,6975499,2325166.33333333,4025471.19556162,6973380,267,11978973,3992991.0,3593716.16169836,6973085,2129,0,0,0,0,136,136,0.3339183583,0.3339183583,0,972,135.3333333333,324.1265185078,105058.0,0,0,0,1,0,0,0,0,1,152.25,61.5,243.0,0,0,0,0,0,0,4,246,4,972,26883,219,1,32,2132.0,0.0,2132,2132,6973085.0,0.0,6973085,6973085,DoS attacks-GoldenEye
80,6,15/02/2018 09:53:46,22968929,2,0,0,0,0,0,0.0,0.0,0,0,0.0,0.0,0.0,0.0870741513,22968929.0,0.0,22968929,22968929,22968929,22968929.0,0.0,22968929,22968929,0,0.0,0.0,0,0,0,0,0,0,64,0,0.0870741513,0.0,0,0,0.0,0.0,0.0,0,0,0,0,1,0,0,0,0,0.0,0.0,0.0,0,0,0,0,0,0,2,0,0,0,226,-1,0,32,0.0,0.0,0,0,22968929.0,0.0,22968929,22968929,DoS attacks-GoldenEye
80,6,15/02/2018 09:29:10,9008752,2,0,0,0,0,0,0.0,0.0,0,0,0.0,0.0,0.0,0.2220063334,9008752.0,0.0,9008752,9008752,9008752,9008752.0,0.0,9008752,9008752,0,0.0,0.0,0,0,0,0,0,0,64,0,0.2220063334,0.0,0,0,0.0,0.0,0.0,0,0,0,0,1,0,0,0,0,0.0,0.0,0.0,0,0,0,0,0,0,2,0,0,0,221,-1,0,32,0.0,0.0,0,0,9008752.0,0.0,9008752,9008752,DoS attacks-GoldenEye
80,6,15/02/2018 09:40:31,2660955,2,0,0,0,0,0,0.0,0.0,0,0,0.0,0.0,0.0,0.7516098544,2660955.0,0.0,2660955,2660955,2660955,2660955.0,0.0,2660955,2660955,0,0.0,0.0,0,0,0,0,0,0,64,0,0.7516098544,0.0,0,0,0.0,0.0,0.0,0,0,0,0,1,0,0,0,0,0.0,0.0,0.0,0,0,0,0,0,0,2,0,0,0,226,-1,0,32,0.0,0.0,0,0,0.0,0.0,0,0,DoS attacks-GoldenEye
80,6,15/02/2018 09:38:53,9065947,2,0,0,0,0,0,0.0,0.0,0,0,0.0,0.0,0.0,0.2206057459,9065947.0,0.0,9065947,9065947,9065947,9065947.0,0.0,9065947,9065947,0,0.0,0.0,0,0,0,0,0,0,64,0,0.2206057459,0.0,0,0,0.0,0.0,0.0,0,0,0,0,1,0,0,0,0,0.0,0.0,0.0,0,0,0,0,0,0,2,0,0,0,226,-1,0,32,0.0,0.0,0,0,9065947.0,0.0,9065947,9065947,DoS attacks-GoldenEye
80,6,15/02/2018 09:28:06,1960105,2,0,0,0,0,0,0.0,0.0,0,0,0.0,0.0,0.0,1.0203535015,1960105.0,0.0,1960105,1960105,1960105,1960105.0,0.0,1960105,1960105,0,0.0,0.0,0,0,0,0,0,0,64,0,1.0203535015,0.0,0,0,0.0,0.0,0.0,0,0,0,0,1,0,0,0,0,0.0,0.0,0.0,0,0,0,0,0,0,2,0,0,0,226,-1,0,32,0.0,0.0,0,0,0.0,0.0,0,0,DoS attacks-GoldenEye
80,6,15/02/2018 09:29:54,5020681,4,4,507,662,507,0,126.75,253.5,662,0,165.5,331.0,232.8369398494,1.5934093403,717240.142857143,1889046.26296688,5001165,6,19516,6505.3333333333,10992.1164628716,19197,26,5020675,1673558.33333333,2882058.88837934,5001456,321,0,0,0,0,136,136,0.7967046701,0.7967046701,0,662,129.8888888889,260.6369335131,67931.6111111111,0,0,0,1,0,0,0,0,1,146.125,126.75,165.5,0,0,0,0,0,0,4,507,4,662,26883,219,1,32,0.0,0.0,0,0,0.0,0.0,0,0,DoS attacks-GoldenEye
80,6,15/02/2018 09:56:47,5126086,4,4,451,972,451,0,112.75,225.5,972,0,243.0,486.0,277.5997125292,1.5606449053,732298.0,1884451.08280705,5004642,5,121444,40481.3333333333,68812.8858015222,119938,315,5126070,1708690.0,2855239.62989291,5004931,1495,0,0,0,0,136,136,0.7803224526,0.7803224526,0,972,158.1111111111,339.7044467049,115399.111111111,0,0,0,1,0,0,0,0,1,177.875,112.75,243.0,0,0,0,0,0,0,4,451,4,972,26883,219,1,32,0.0,0.0,0,0,0.0,0.0,0,0,DoS attacks-GoldenEye
80,6,15/02/2018 09:56:40,337989,5,3,525,662,525,0,105.0,234.7871376375,662,0,220.6666666667,382.2058782035,3511.9486137123,23.6694093595,48284.1428571429,126783.185578673,335800,8,337989,84497.25,167535.544947682,335800,312,1883,941.5,788.424061023,1499,384,0,0,0,0,168,104,14.7933808497,8.8760285098,0,662,131.8888888889,263.9405446518,69664.6111111111,0,0,0,1,0,0,0,0,0,148.375,105.0,220.6666666667,0,0,0,0,0,0,5,525,3,662,26883,219,1,32,0.0,0.0,0,0,0.0,0.0,0,0,DoS attacks-GoldenEye
80,6,15/02/2018 09:53:24,3137116,5,3,333,972,333,0,66.6,148.9221273015,972,0,324.0,561.1844616523,415.9871678319,2.5501129062,448159.428571429,1174861.94305272,3112438,6,3137116,784279.0,1552135.09256916,3112438,267,24385,12192.5,12862.9794565645,21288,3097,0,0,0,0,168,104,1.5938205664,0.9562923398,0,972,145.0,329.0987693687,108306.0,0,0,0,1,0,0,0,0,0,163.125,66.6,324.0,0,0,0,0,0,0,5,333,3,972,26883,219,1,32,0.0,0.0,0,0,0.0,0.0,0,0,DoS attacks-GoldenEye
80,6,15/02/2018 09:50:19,5012234,4,4,495,972,495,0,123.75,247.5,972,0,243.0,486.0,292.6838611286,1.5960946755,716033.428571429,1890650.22736464,5003620,8,8614,2871.3333333333,4715.2799846174,8314,20,5012226,1670742.0,2886640.14611919,5003944,313,0,0,0,0,136,136,0.7980473378,0.7980473378,0,972,163.0,344.7259781334,118836.0,0,0,0,1,0,0,0,0,1,183.375,123.75,243.0,0,0,0,0,0,0,4,495,4,972,26883,219,1,32,0.0,0.0,0,0,0.0,0.0,0,0,DoS attacks-GoldenEye
80,6,15/02/2018 09:53:24,192983,5,3,364,972,364,0,72.8,162.785748762,972,0,324.0,561.1844616523,6922.8895809476,41.4544286284,27569.0,53358.5574111595,140985,3,192983,48245.75,66137.7590154318,140985,280,51708,25854.0,34498.3256405293,50248,1460,0,0,0,0,168,104,25.9090178928,15.5454107357,0,972,148.4444444444,331.4661035125,109869.777777778,0,0,0,1,0,0,0,0,0,167.0,72.8,324.0,0,0,0,0,0,0,5,364,3,972,26883,219,1,32,0.0,0.0,0,0,0.0,0.0,0,0,DoS attacks-GoldenEye
80,6,15/02/2018 09:52:19,6840315,5,3,365,972,365,0,73.0,163.2329623575,972,0,324.0,561.1844616523,195.4588348636,1.169536783,977187.857142857,2555177.3532919,6771503,3,6840315,1710078.75,3374639.81336363,6771813,241,6772130,3386065.0,4787732.33417325,6771503,627,0,0,0,0,168,104,0.7309604894,0.4385762936,0,972,148.5555555556,331.5475497991,109923.777777778,0,0,0,1,0,0,0,0,0,167.125,73.0,324.0,0,0,0,0,0,0,5,365,3,972,26883,219,1,32,630.0,0.0,630,630,6771503.0,0.0,6771503,6771503,DoS attacks-GoldenEye
80,6,15/02/2018 09:53:00,1789773,2,0,0,0,0,0,0.0,0.0,0,0,0.0,0.0,0.0,1.1174601472,1789773.0,0.0,1789773,1789773,1789773,1789773.0,0.0,1789773,1789773,0,0.0,0.0,0,0,0,0,0,0,64,0,1.1174601472,0.0,0,0,0.0,0.0,0.0,0,0,0,0,1,0,0,0,0,0.0,0.0,0.0,0,0,0,0,0,0,2,0,0,0,226,-1,0,32,0.0,0.0,0,0,0.0,0.0,0,0,DoS attacks-GoldenEye
80,6,15/02/2018 09:51:59,11162858,4,4,446,972,446,0,111.5,223.0,972,0,243.0,486.0,127.0284007913,0.7166623458,1594694.0,2743352.80833436,6157858,2,6159056,2053018.66666667,3555174.02803538,6158180,2,11162854,3720951.33333333,3272918.91244151,6157858,876,0,0,0,0,136,136,0.3583311729,0.3583311729,0,972,157.5555555556,339.1692465094,115035.777777778,0,0,0,1,0,0,0,0,1,177.25,111.5,243.0,0,0,0,0,0,0,4,446,4,972,26883,219,1,32,880.0,0.0,880,880,6157858.0,0.0,6157858,6157858,DoS attacks-GoldenEye
80,6,15/02/2018 09:28:51,11379717,4,4,596,662,596,0,149.0,298.0,662,0,165.5,331.0,110.5475645835,0.7030051802,1625673.85714286,2804249.93753906,6375424,4,6376060,2125353.33333333,3680890.86879173,6375680,101,11379711,3793237.0,3355532.4308099,6375424,378,0,0,0,0,136,136,0.3515025901,0.3515025901,0,662,139.7777777778,277.8532786282,77202.4444444444,0,0,0,1,0,0,0,0,1,157.25,149.0,165.5,0,0,0,0,0,0,4,596,4,662,26883,220,1,32,384.0,0.0,384,384,6375424.0,0.0,6375424,6375424,DoS attacks-GoldenEye
80,6,15/02/2018 09:57:10,5003399,4,4,413,972,413,0,103.25,206.5,972,0,243.0,486.0,276.8118233225,1.5989130589,714771.285714286,1890122.90419351,5001167,7,2232,744.0,564.6919514213,1377,292,5003392,1667797.33333333,2887037.50896318,5001461,261,0,0,0,0,136,136,0.7994565295,0.7994565295,0,972,153.8888888889,335.8230354087,112777.111111111,0,0,0,1,0,0,0,0,1,173.125,103.25,243.0,0,0,0,0,0,0,4,413,4,972,26883,219,1,32,0.0,0.0,0,0,0.0,0.0,0,0,DoS attacks-GoldenEye
80,6,15/02/2018 09:29:40,5005115,4,4,520,662,520,0,130.0,260.0,662,0,165.5,331.0,236.1584099466,1.5983648727,715016.428571429,1890183.29079165,5001549,5,3566,1188.6666666667,742.2037007004,1671,334,5005110,1668370.0,2887551.36621446,5002627,476,0,0,0,0,136,136,0.7991824364,0.7991824364,0,662,131.3333333333,263.0133076481,69176.0,0,0,0,1,0,0,0,0,1,147.75,130.0,165.5,0,0,0,0,0,0,4,520,4,662,26883,219,1,32,0.0,0.0,0,0,0.0,0.0,0,0,DoS attacks-GoldenEye
80,6,15/02/2018 09:53:07,14660156,2,0,0,0,0,0,0.0,0.0,0,0,0.0,0.0,0.0,0.1364241963,14660156.0,0.0,14660156,14660156,14660156,14660156.0,0.0,14660156,14660156,0,0.0,0.0,0,0,0,0,0,0,64,0,0.1364241963,0.0,0,0,0.0,0.0,0.0,0,0,0,0,1,0,0,0,0,0.0,0.0,0.0,0,0,0,0,0,0,2,0,0,0,226,-1,0,32,0.0,0.0,0,0,14660156.0,0.0,14660156,14660156,DoS attacks-GoldenEye
80,6,15/02/2018 09:49:44,113547,5,3,390,972,390,0,78.0,174.413302245,972,0,324.0,561.1844616523,11995.0328938677,70.4554061314,16221.0,35013.7679967943,94197,4,113547,28386.75,44827.34617303,94484,288,95266,47633.0,65851.4403183408,94197,1069,0,0,0,0,168,104,44.0346288321,26.4207772993,0,972,151.3333333333,333.6854806551,111346.0,0,0,0,1,0,0,0,0,0,170.25,78.0,324.0,0,0,0,0,0,0,5,390,3,972,26883,219,1,32,0.0,0.0,0,0,0.0,0.0,0,0,DoS attacks-GoldenEye
80,6,15/02/2018 09:51:23,11814861,4,4,393,662,393,0,98.25,196.5,662,0,165.5,331.0,89.2943217868,0.6771133406,1687837.28571429,2929109.8746132,6811310,2,6812289,2270763.0,3932473.26923693,6811592,260,11814859,3938286.33333333,3527900.56560163,6811310,698,0,0,0,0,136,136,0.3385566703,0.3385566703,0,662,117.2222222222,242.1320805768,58627.9444444444,0,0,0,1,0,0,0,0,1,131.875,98.25,165.5,0,0,0,0,0,0,4,393,4,662,26883,219,1,32,700.0,0.0,700,700,6811310.0,0.0,6811310,6811310,DoS attacks-GoldenEye
80,6,15/02/2018 09:40:13,11225071,4,4,307,972,307,0,76.75,153.5,972,0,243.0,486.0,113.941372843,0.7126903696,1603581.57142857,2760007.63173473,6217663,5,6220390,2073463.33333333,3589268.96226047,6217994,277,11225066,3741688.66666667,3294588.11541357,6217663,2407,0,0,0,0,136,136,0.3563451848,0.3563451848,0,972,142.1111111111,327.351662759,107159.111111111,0,0,0,1,0,0,0,0,1,159.875,76.75,243.0,0,0,0,0,0,0,4,307,4,972,26883,219,1,32,2412.0,0.0,2412,2412,6217663.0,0.0,6217663,6217663,DoS attacks-GoldenEye
80,6,15/02/2018 09:53:07,14655642,2,0,0,0,0,0,0.0,0.0,0,0,0.0,0.0,0.0,0.1364662155,14655642.0,0.0,14655642,14655642,14655642,14655642.0,0.0,14655642,14655642,0,0.0,0.0,0,0,0,0,0,0,64,0,0.1364662155,0.0,0,0,0.0,0.0,0.0,0,0,0,0,1,0,0,0,0,0.0,0.0,0.0,0,0,0,0,0,0,2,0,0,0,226,-1,0,32,0.0,0.0,0,0,14655642.0,0.0,14655642,14655642,DoS attacks-GoldenEye
80,6,15/02/2018 09:51:02,7004067,5,3,421,972,421,0,84.2,188.2769237055,972,0,324.0,561.1844616523,198.8844481356,1.1421935284,1000581.0,2639742.73546458,6986939,3,7004067,1751016.75,3490837.22545346,6987260,40,6987321,3493660.5,4940241.83184634,6986939,382,0,0,0,0,168,104,0.7138709553,0.4283225732,0,972,154.7777777778,336.6042846496,113302.444444444,0,0,0,1,0,0,0,0,0,174.125,84.2,324.0,0,0,0,0,0,0,5,421,3,972,26883,219,1,32,385.0,0.0,385,385,6986939.0,0.0,6986939,6986939,DoS attacks-GoldenEye
80,6,15/02/2018 09:30:27,2021188,2,0,0,0,0,0,0.0,0.0,0,0,0.0,0.0,0.0,0.9895170563,2021188.0,0.0,2021188,2021188,2021188,2021188.0,0.0,2021188,2021188,0,0.0,0.0,0,0,0,0,0,0,64,0,0.9895170563,0.0,0,0,0.0,0.0,0.0,0,0,0,0,1,0,0,0,0,0.0,0.0,0.0,0,0,0,0,0,0,2,0,0,0,226,-1,0,32,0.0,0.0,0,0,0.0,0.0,0,0,DoS attacks-GoldenEye
80,6,15/02/2018 09:27:48,6001978,5,3,320,662,320,0,64.0,143.10835056,662,0,220.6666666667,382.2058782035,163.6127290037,1.3328939226,857425.428571429,2254812.19931822,5970796,4,6001978,1500494.5,2980418.19156636,5971072,294,5971508,2985754.0,4221486.88065331,5970796,712,0,0,0,0,168,104,0.8330587016,0.499835221,0,662,109.1111111111,232.7812516315,54187.1111111111,0,0,0,1,0,0,0,0,0,122.75,64.0,220.6666666667,0,0,0,0,0,0,5,320,3,662,26883,219,1,32,716.0,0.0,716,716,5970796.0,0.0,5970796,5970796,DoS attacks-GoldenEye
80,6,15/02/2018 09:37:50,7029417,4,4,361,972,361,0,90.25,180.5,972,0,243.0,486.0,189.6316579312,1.1380744662,1004202.42857143,1917987.31348071,5003226,3,2026191,675397.0,1168654.58277927,2024843,282,7029414,2343138.0,2516263.61292135,5003530,1350,0,0,0,0,136,136,0.5690372331,0.5690372331,0,972,148.1111111111,331.2236572335,109709.111111111,0,0,0,1,0,0,0,0,1,166.625,90.25,243.0,0,0,0,0,0,0,4,361,4,972,26883,219,1,32,0.0,0.0,0,0,0.0,0.0,0,0,DoS attacks-GoldenEye
80,6,15/02/2018 09:53:24,154401,5,3,652,972,652,0,130.4,291.583264266,972,0,324.0,561.1844616523,10518.0665928329,51.8131359253,22057.2857142857,42478.7984203661,114436,3,154401,38600.25,52571.6488510363,114436,342,39685,19842.5,18802.6764185315,33138,6547,0,0,0,0,168,104,32.3832099533,19.429925972,0,972,180.4444444444,366.8866007062,134605.777777778,0,0,0,1,0,0,0,0,0,203.0,130.4,324.0,0,0,0,0,0,0,5,652,3,972,26883,220,1,32,0.0,0.0,0,0,0.0,0.0,0,0,DoS attacks-GoldenEye
80,6,15/02/2018 09:28:58,5014391,4,4,436,972,436,0,109.0,218.0,972,0,243.0,486.0,280.7918249694,1.5954080964,716341.571428571,1890666.63535562,5003963,5,10428,3476.0,5708.5878288768,10066,51,5014386,1671462.0,2886406.63089299,5004393,365,0,0,0,0,136,136,0.7977040482,0.7977040482,0,972,156.4444444444,338.1209514032,114325.777777778,0,0,0,1,0,0,0,0,1,176.0,109.0,243.0,0,0,0,0,0,0,4,436,4,972,26883,219,1,32,0.0,0.0,0,0,0.0,0.0,0,0,DoS attacks-GoldenEye
80,6,15/02/2018 09:38:11,105348187,2,1,445,0,445,0,222.5,314.662517628,0,0,0.0,0.0,4.2240878811,0.028476997,52674093.5,74492407.5139136,105348180,7,105348180,105348180.0,0.0,105348180,105348180,0,0.0,0.0,0,0,0,0,0,0,64,20,0.0189846646,0.0094923323,0,445,111.25,222.5,49506.25,0,0,0,0,1,0,0,0,0,148.3333333333,222.5,0.0,0,0,0,0,0,0,2,445,1,0,226,0,1,32,0.0,0.0,0,0,105348180.0,0.0,105348180,105348180,DoS attacks-GoldenEye
80,6,15/02/2018 09:57:10,5003499,4,4,427,972,427,0,106.75,213.5,972,0,243.0,486.0,279.6043328878,1.598881103,714785.571428571,1890141.74569782,5001224,7,2275,758.3333333333,607.6037634292,1442,280,5003492,1667830.66666667,2887078.8004487,5001542,227,0,0,0,0,136,136,0.7994405515,0.7994405515,0,972,155.4444444444,337.2028733237,113705.777777778,0,0,0,1,0,0,0,0,1,174.875,106.75,243.0,0,0,0,0,0,0,4,427,4,972,26883,219,1,32,0.0,0.0,0,0,0.0,0.0,0,0,DoS attacks-GoldenEye
80,6,15/02/2018 09:51:56,2012589,2,0,0,0,0,0,0.0,0.0,0,0,0.0,0.0,0.0,0.9937448729,2012589.0,0.0,2012589,2012589,2012589,2012589.0,0.0,2012589,2012589,0,0.0,0.0,0,0,0,0,0,0,64,0,0.9937448729,0.0,0,0,0.0,0.0,0.0,0,0,0,0,1,0,0,0,0,0.0,0.0,0.0,0,0,0,0,0,0,2,0,0,0,226,-1,0,32,0.0,0.0,0,0,0.0,0.0,0,0,DoS attacks-GoldenEye
80,6,15/02/2018 09:30:13,8941687,2,0,0,0,0,0,0.0,0.0,0,0,0.0,0.0,0.0,0.2236714392,8941687.0,0.0,8941687,8941687,8941687,8941687.0,0.0,8941687,8941687,0,0.0,0.0,0,0,0,0,0,0,64,0,0.2236714392,0.0,0,0,0.0,0.0,0.0,0,0,0,0,1,0,0,0,0,0.0,0.0,0.0,0,0,0,0,0,0,2,0,0,0,221,-1,0,32,0.0,0.0,0,0,8941687.0,0.0,8941687,8941687,DoS attacks-GoldenEye
80,6,15/02/2018 09:30:08,5070924,4,4,421,972,421,0,105.25,210.5,972,0,243.0,486.0,274.7033873905,1.577621751,724417.714285714,1885933.85058965,5000913,7,70011,23337.0,40123.1740892966,69667,40,5070917,1690305.66666667,2867509.97246484,5001181,345,0,0,0,0,136,136,0.7888108755,0.7888108755,0,972,154.7777777778,336.6042846496,113302.444444444,0,0,0,1,0,0,0,0,1,174.125,105.25,243.0,0,0,0,0,0,0,4,421,4,972,26883,219,1,32,0.0,0.0,0,0,0.0,0.0,0,0,DoS attacks-GoldenEye
80,6,15/02/2018 09:40:03,9571399,2,0,0,0,0,0,0.0,0.0,0,0,0.0,0.0,0.0,0.2089558695,9571399.0,0.0,9571399,9571399,9571399,9571399.0,0.0,9571399,9571399,0,0.0,0.0,0,0,0,0,0,0,64,0,0.2089558695,0.0,0,0,0.0,0.0,0.0,0,0,0,0,1,0,0,0,0,0.0,0.0,0.0,0,0,0,0,0,0,2,0,0,0,226,-1,0,32,0.0,0.0,0,0,9571399.0,0.0,9571399,9571399,DoS attacks-GoldenEye
80,6,15/02/2018 09:54:50,46161253,2,0,0,0,0,0,0.0,0.0,0,0,0.0,0.0,0.0,0.0433263802,46161253.0,0.0,46161253,46161253,46161253,46161253.0,0.0,46161253,46161253,0,0.0,0.0,0,0,0,0,0,0,64,0,0.0433263802,0.0,0,0,0.0,0.0,0.0,0,0,0,0,1,0,0,0,0,0.0,0.0,0.0,0,0,0,0,0,0,2,0,0,0,226,-1,0,32,0.0,0.0,0,0,46161253.0,0.0,46161253,46161253,DoS attacks-GoldenEye
80,6,15/02/2018 09:52:33,5137021,4,4,429,972,429,0,107.25,214.5,972,0,243.0,486.0,272.7261578257,1.5573228141,733860.142857143,1881958.42564135,5000196,4,136825,45608.3333333333,78535.2269069959,136293,249,5137017,1712339.0,2848407.95540404,5000467,536,0,0,0,0,136,136,0.7786614071,0.7786614071,0,972,155.6666666667,337.4048013885,113842.0,0,0,0,1,0,0,0,0,1,175.125,107.25,243.0,0,0,0,0,0,0,4,429,4,972,26883,219,1,32,0.0,0.0,0,0,0.0,0.0,0,0,DoS attacks-GoldenEye
80,6,15/02/2018 09:28:09,11950540,4,4,528,972,528,0,132.0,264.0,972,0,243.0,486.0,125.517340639,0.6694258167,1707220.0,2968892.49086092,6946686,3,6947372,2315790.66666667,4010777.84428424,6947038,28,11950537,3983512.33333333,3583748.54918845,6946686,335,0,0,0,0,136,136,0.3347129084,0.3347129084,0,972,166.6666666667,348.8495377666,121696.0,0,0,0,1,0,0,0,0,1,187.5,132.0,243.0,0,0,0,0,0,0,4,528,4,972,26883,219,1,32,338.0,0.0,338,338,6946686.0,0.0,6946686,6946686,DoS attacks-GoldenEye
80,6,15/02/2018 09:51:02,11259991,4,4,380,972,380,0,95.0,190.0,972,0,243.0,486.0,120.071143929,0.7104801416,1608570.14285714,2770739.84105698,6257608,3,6258309,2086103.0,3612896.90763133,6257917,31,11259988,3753329.33333333,3310217.41942389,6257608,394,0,0,0,0,136,136,0.3552400708,0.3552400708,0,972,150.2222222222,332.8069176631,110760.444444444,0,0,0,1,0,0,0,0,1,169.0,95.0,243.0,0,0,0,0,0,0,4,380,4,972,26883,219,1,32,397.0,0.0,397,397,6257608.0,0.0,6257608,6257608,DoS attacks-GoldenEye
80,6,15/02/2018 09:50:12,5046013,4,4,530,972,530,0,132.5,265.0,972,0,243.0,486.0,297.6607472077,1.585410105,720859.0,1888146.3552127,5002621,5,43392,14464.0,24758.1967033142,43052,56,5046008,1682002.66666667,2876082.97550581,5002927,340,0,0,0,0,136,136,0.7927050525,0.7927050525,0,972,166.8888888889,349.1090246773,121877.111111111,0,0,0,1,0,0,0,0,1,187.75,132.5,243.0,0,0,0,0,0,0,4,530,4,972,26883,219,1,32,0.0,0.0,0,0,0.0,0.0,0,0,DoS attacks-GoldenEye
80,6,15/02/2018 09:51:42,1967826,2,0,0,0,0,0,0.0,0.0,0,0,0.0,0.0,0.0,1.0163500228,1967826.0,0.0,1967826,1967826,1967826,1967826.0,0.0,1967826,1967826,0,0.0,0.0,0,0,0,0,0,0,64,0,1.0163500228,0.0,0,0,0.0,0.0,0.0,0,0,0,0,1,0,0,0,0,0.0,0.0,0.0,0,0,0,0,0,0,2,0,0,0,226,-1,0,32,0.0,0.0,0,0,0.0,0.0,0,0,DoS attacks-GoldenEye
80,6,15/02/2018 09:37:52,12000885,10,4,2912,972,416,0,291.2,200.9470908805,972,0,243.0,486.0,323.6427980103,1.1665806313,923145.0,1582907.26392489,5001927,3,6998958,777662.0,1155622.12024725,3519989,252,12000882,4000294.0,3453728.36309241,6842299,156381,0,0,0,0,328,136,0.8332718795,0.3333087518,0,972,258.9333333333,286.6654263539,82177.0666666667,0,0,0,1,0,0,0,0,0,277.4285714286,291.2,243.0,0,0,0,0,0,0,10,2912,4,972,26883,219,7,32,0.0,0.0,0,0,0.0,0.0,0,0,DoS attacks-GoldenEye
80,6,15/02/2018 09:49:44,11963561,4,4,556,662,556,0,139.0,278.0,662,0,165.5,331.0,101.8091519741,0.6686972215,1709080.14285714,2972900.90900506,6961214,3,6961859,2320619.66666667,4019148.8453107,6961533,40,11963558,3987852.66666667,3589552.05115434,6961214,327,0,0,0,0,136,136,0.3343486108,0.3343486108,0,662,135.3333333333,269.8481054223,72818.0,0,0,0,1,0,0,0,0,1,152.25,139.0,165.5,0,0,0,0,0,0,4,556,4,662,26883,219,1,32,330.0,0.0,330,330,6961214.0,0.0,6961214,6961214,DoS attacks-GoldenEye
80,6,15/02/2018 09:55:20,107445,5,3,388,662,388,0,77.6,173.518875054,662,0,220.6666666667,382.2058782035,9772.4417143655,74.4566987761,15349.2857142857,40175.0162983343,106457,5,107445,26861.25,53064.4570082775,106457,26,669,334.5,0.7071067812,335,334,0,0,0,0,168,104,46.5354367351,27.921262041,0,662,116.6666666667,241.4249365745,58286.0,0,0,0,1,0,0,0,0,0,131.25,77.6,220.6666666667,0,0,0,0,0,0,5,388,3,662,26883,219,1,32,0.0,0.0,0,0,0.0,0.0,0,0,DoS attacks-GoldenEye
80,6,15/02/2018 09:52:33,240549,5,3,490,972,490,0,98.0,219.134661795,972,0,324.0,561.1844616523,6077.7637820153,33.2572573571,34364.1428571429,62671.077782947,159728,6,240549,60137.25,76196.6936219457,159728,273,80503,40251.5,55490.2046536143,79489,1014,0,0,0,0,168,104,20.7857858482,12.4714715089,0,972,162.4444444444,344.1275603287,118423.777777778,0,0,0,1,0,0,0,0,0,182.75,98.0,324.0,0,0,0,0,0,0,5,490,3,972,26883,219,1,32,0.0,0.0,0,0,0.0,0.0,0,0,DoS attacks-GoldenEye
80,6,15/02/2018 09:39:49,1962106,2,0,0,0,0,0,0.0,0.0,0,0,0.0,0.0,0.0,1.0193129219,1962106.0,0.0,1962106,1962106,1962106,1962106.0,0.0,1962106,1962106,0,0.0,0.0,0,0,0,0,0,0,64,0,1.0193129219,0.0,0,0,0.0,0.0,0.0,0,0,0,0,1,0,0,0,0,0.0,0.0,0.0,0,0,0,0,0,0,2,0,0,0,221,-1,0,32,0.0,0.0,0,0,0.0,0.0,0,0,DoS attacks-GoldenEye
80,6,15/02/2018 09:50:03,50081275,2,0,0,0,0,0,0.0,0.0,0,0,0.0,0.0,0.0,0.0399350855,50081275.0,0.0,50081275,50081275,50081275,50081275.0,0.0,50081275,50081275,0,0.0,0.0,0,0,0,0,0,0,64,0,0.0399350855,0.0,0,0,0.0,0.0,0.0,0,0,0,0,1,0,0,0,0,0.0,0.0,0.0,0,0,0,0,0,0,2,0,0,0,221,-1,0,32,0.0,0.0,0,0,50081275.0,0.0,50081275,50081275,DoS attacks-GoldenEye
80,6,15/02/2018 09:56:14,1578371,2,0,0,0,0,0,0.0,0.0,0,0,0.0,0.0,0.0,1.2671292111,1578371.0,0.0,1578371,1578371,1578371,1578371.0,0.0,1578371,1578371,0,0.0,0.0,0,0,0,0,0,0,64,0,1.2671292111,0.0,0,0,0.0,0.0,0.0,0,0,0,0,1,0,0,0,0,0.0,0.0,0.0,0,0,0,0,0,0,2,0,0,0,226,-1,0,32,0.0,0.0,0,0,0.0,0.0,0,0,DoS attacks-GoldenEye
80,6,15/02/2018 09:52:17,64861468,2,0,0,0,0,0,0.0,0.0,0,0,0.0,0.0,0.0,0.0308349481,64861468.0,0.0,64861468,64861468,64861468,64861468.0,0.0,64861468,64861468,0,0.0,0.0,0,0,0,0,0,0,64,0,0.0308349481,0.0,0,0,0.0,0.0,0.0,0,0,0,0,1,0,0,0,0,0.0,0.0,0.0,0,0,0,0,0,0,2,0,0,0,226,-1,0,32,0.0,0.0,0,0,64861468.0,0.0,64861468,64861468,DoS attacks-GoldenEye
80,6,15/02/2018 09:56:48,11787002,4,4,286,972,286,0,71.5,143.0,972,0,243.0,486.0,106.7277328026,0.6787137221,1683857.42857143,2921058.57804089,6784690,3,6785891,2261963.66666667,3917066.96867188,6785003,274,11786999,3928999.66666667,3516753.19441247,6784690,889,0,0,0,0,136,136,0.3393568611,0.3393568611,0,972,139.7777777778,326.1018927336,106342.444444444,0,0,0,1,0,0,0,0,1,157.25,71.5,243.0,0,0,0,0,0,0,4,286,4,972,26883,219,1,32,892.0,0.0,892,892,6784690.0,0.0,6784690,6784690,DoS attacks-GoldenEye
80,6,15/02/2018 09:29:31,37189632,2,0,0,0,0,0,0.0,0.0,0,0,0.0,0.0,0.0,0.0537784294,37189632.0,0.0,37189632,37189632,37189632,37189632.0,0.0,37189632,37189632,0,0.0,0.0,0,0,0,0,0,0,64,0,0.0537784294,0.0,0,0,0.0,0.0,0.0,0,0,0,0,1,0,0,0,0,0.0,0.0,0.0,0,0,0,0,0,0,2,0,0,0,226,-1,0,32,0.0,0.0,0,0,37189632.0,0.0,37189632,37189632,DoS attacks-GoldenEye
80,6,15/02/2018 09:49:29,989701,5,3,400,972,400,0,80.0,178.8854382,972,0,324.0,561.1844616523,1386.2772695996,8.0832493854,141385.857142857,365074.5011955,969149,3,989701,247425.25,481436.566422739,969466,281,970551,485275.5,684300.466172938,969149,1402,0,0,0,0,168,104,5.0520308659,3.0312185195,0,972,152.4444444444,334.5949458342,111953.777777778,0,0,0,1,0,0,0,0,0,171.5,80.0,324.0,0,0,0,0,0,0,5,400,3,972,26883,219,1,32,0.0,0.0,0,0,0.0,0.0,0,0,DoS attacks-GoldenEye
80,6,15/02/2018 09:55:18,16215871,2,0,0,0,0,0,0.0,0.0,0,0,0.0,0.0,0.0,0.123335959,16215871.0,0.0,16215871,16215871,16215871,16215871.0,0.0,16215871,16215871,0,0.0,0.0,0,0,0,0,0,0,64,0,0.123335959,0.0,0,0,0.0,0.0,0.0,0,0,0,0,1,0,0,0,0,0.0,0.0,0.0,0,0,0,0,0,0,2,0,0,0,221,-1,0,32,0.0,0.0,0,0,16215871.0,0.0,16215871,16215871,DoS attacks-GoldenEye
80,6,15/02/2018 09:54:03,258530,5,3,488,972,488,0,97.6,218.240234604,972,0,324.0,561.1844616523,5647.3136579894,30.9441844273,36932.8571428571,97305.6132064137,257601,6,258530,64632.5,128645.87274245,257601,26,581,290.5,68.5893577751,339,242,0,0,0,0,168,104,19.3401152671,11.6040691603,0,972,162.2222222222,343.8901633435,118260.444444444,0,0,0,1,0,0,0,0,0,182.5,97.6,324.0,0,0,0,0,0,0,5,488,3,972,26883,219,1,32,0.0,0.0,0,0,0.0,0.0,0,0,DoS attacks-GoldenEye
80,6,15/02/2018 09:56:09,273738,5,3,357,972,357,0,71.4,159.6552535935,972,0,324.0,561.1844616523,4855.0073427876,29.2250253892,39105.4285714286,70474.787980897,176769,3,273738,68434.5,85317.2973884351,176769,124,96630,48315.0,67740.8296376713,96215,415,0,0,0,0,168,104,18.2656408683,10.959384521,0,972,147.6666666667,330.9048201523,109498.0,0,0,0,1,0,0,0,0,0,166.125,71.4,324.0,0,0,0,0,0,0,5,357,3,972,26883,219,1,32,0.0,0.0,0,0,0.0,0.0,0,0,DoS attacks-GoldenEye
80,6,15/02/2018 09:27:59,1945249,2,0,0,0,0,0,0.0,0.0,0,0,0.0,0.0,0.0,1.0281460111,1945249.0,0.0,1945249,1945249,1945249,1945249.0,0.0,1945249,1945249,0,0.0,0.0,0,0,0,0,0,0,64,0,1.0281460111,0.0,0,0,0.0,0.0,0.0,0,0,0,0,1,0,0,0,0,0.0,0.0,0.0,0,0,0,0,0,0,2,0,0,0,226,-1,0,32,0.0,0.0,0,0,0.0,0.0,0,0,DoS attacks-GoldenEye
80,6,15/02/2018 09:29:12,6871089,5,3,441,972,441,0,88.2,197.2211956155,972,0,324.0,561.1844616523,205.6442581372,1.1642987014,981584.142857143,2585057.2059546,6843901,4,6871089,1717772.25,3417661.36039479,6844231,194,6844388,3422194.0,4839024.44586696,6843901,487,0,0,0,0,168,104,0.7276866884,0.436612013,0,972,157.0,338.6414032572,114678.0,0,0,0,1,0,0,0,0,0,176.625,88.2,324.0,0,0,0,0,0,0,5,441,3,972,26883,219,1,32,491.0,0.0,491,491,6843901.0,0.0,6843901,6843901,DoS attacks-GoldenEye
80,6,15/02/2018 09:38:10,23073283,2,0,0,0,0,0,0.0,0.0,0,0,0.0,0.0,0.0,0.0866803393,23073283.0,0.0,23073283,23073283,23073283,23073283.0,0.0,23073283,23073283,0,0.0,0.0,0,0,0,0,0,0,64,0,0.0866803393,0.0,0,0,0.0,0.0,0.0,0,0,0,0,1,0,0,0,0,0.0,0.0,0.0,0,0,0,0,0,0,2,0,0,0,226,-1,0,32,0.0,0.0,0,0,23073283.0,0.0,23073283,23073283,DoS attacks-GoldenEye
80,6,15/02/2018 09:51:09,6996810,5,3,643,972,643,0,128.6,287.5583419065,972,0,324.0,561.1844616523,230.8194734458,1.1433781966,999544.285714286,2602756.58057925,6901505,7,6996810,1749202.5,3435418.5004511,6901901,282,6902073,3451036.5,4879699.34924115,6901505,568,0,0,0,0,168,104,0.7146113729,0.4287668237,0,972,179.4444444444,365.4501029933,133553.777777778,0,0,0,1,0,0,0,0,0,201.875,128.6,324.0,0,0,0,0,0,0,5,643,3,972,26883,220,1,32,575.0,0.0,575,575,6901505.0,0.0,6901505,6901505,DoS attacks-GoldenEye
80,6,15/02/2018 09:27:52,2001791,2,0,0,0,0,0,0.0,0.0,0,0,0.0,0.0,0.0,0.9991053012,2001791.0,0.0,2001791,2001791,2001791,2001791.0,0.0,2001791,2001791,0,0.0,0.0,0,0,0,0,0,0,64,0,0.9991053012,0.0,0,0,0.0,0.0,0.0,0,0,0,0,1,0,0,0,0,0.0,0.0,0.0,0,0,0,0,0,0,2,0,0,0,221,-1,0,32,0.0,0.0,0,0,0.0,0.0,0,0,DoS attacks-GoldenEye
80,6,15/02/2018 09:52:03,44993625,2,0,0,0,0,0,0.0,0.0,0,0,0.0,0.0,0.0,0.0444507416,44993625.0,0.0,44993625,44993625,44993625,44993625.0,0.0,44993625,44993625,0,0.0,0.0,0,0,0,0,0,0,64,0,0.0444507416,0.0,0,0,0.0,0.0,0.0,0,0,0,0,1,0,0,0,0,0.0,0.0,0.0,0,0,0,0,0,0,2,0,0,0,226,-1,0,32,0.0,0.0,0,0,44993625.0,0.0,44993625,44993625,DoS attacks-GoldenEye
80,6,15/02/2018 09:54:09,5008564,4,4,246,972,246,0,61.5,123.0,972,0,243.0,486.0,243.1834753434,1.5972642059,715509.142857143,1891296.92341793,5004567,5,3997,1332.3333333333,1029.9351112247,2336,278,5008559,1669519.66666667,2888486.09653263,5004856,1085,0,0,0,0,136,136,0.7986321029,0.7986321029,0,972,135.3333333333,324.1265185078,105058.0,0,0,0,1,0,0,0,0,1,152.25,61.5,243.0,0,0,0,0,0,0,4,246,4,972,26883,219,1,32,0.0,0.0,0,0,0.0,0.0,0,0,DoS attacks-GoldenEye
80,6,15/02/2018 09:56:40,304893,5,3,323,662,323,0,64.6,144.4499913465,662,0,220.6666666667,382.2058782035,3230.6415693374,26.2387132535,43556.1428571429,114492.839923768,303201,8,304893,76223.25,151318.640183279,303201,293,1410,705.0,284.256926037,906,504,0,0,0,0,168,104,16.3991957834,9.8395174701,0,662,109.4444444444,233.1228812832,54346.2777777778,0,0,0,1,0,0,0,0,0,123.125,64.6,220.6666666667,0,0,0,0,0,0,5,323,3,662,26883,219,1,32,0.0,0.0,0,0,0.0,0.0,0,0,DoS attacks-GoldenEye
80,6,15/02/2018 09:30:34,23357812,2,0,0,0,0,0,0.0,0.0,0,0,0.0,0.0,0.0,0.0856244583,23357812.0,0.0,23357812,23357812,23357812,23357812.0,0.0,23357812,23357812,0,0.0,0.0,0,0,0,0,0,0,64,0,0.0856244583,0.0,0,0,0.0,0.0,0.0,0,0,0,0,1,0,0,0,0,0.0,0.0,0.0,0,0,0,0,0,0,2,0,0,0,226,-1,0,32,0.0,0.0,0,0,23357812.0,0.0,23357812,23357812,DoS attacks-GoldenEye
80,6,15/02/2018 09:50:19,6897466,5,3,473,662,473,0,94.6,211.5320306715,662,0,220.6666666667,382.2058782035,164.5531851842,1.1598462392,985352.285714286,2601971.81450176,6886063,3,6897466,1724366.5,3441357.21405906,6886397,3,6886458,3443229.0,4868902.53579921,6886063,395,0,0,0,0,168,104,0.7249038995,0.4349423397,0,662,126.1111111111,254.6656849894,64854.6111111111,0,0,0,1,0,0,0,0,0,141.875,94.6,220.6666666667,0,0,0,0,0,0,5,473,3,662,26883,219,1,32,402.0,0.0,402,402,6886063.0,0.0,6886063,6886063,DoS attacks-GoldenEye
80,6,15/02/2018 09:29:24,1970402,2,0,0,0,0,0,0.0,0.0,0,0,0.0,0.0,0.0,1.0150213002,1970402.0,0.0,1970402,1970402,1970402,1970402.0,0.0,1970402,1970402,0,0.0,0.0,0,0,0,0,0,0,64,0,1.0150213002,0.0,0,0,0.0,0.0,0.0,0,0,0,0,1,0,0,0,0,0.0,0.0,0.0,0,0,0,0,0,0,2,0,0,0,226,-1,0,32,0.0,0.0,0,0,0.0,0.0,0,0,DoS attacks-GoldenEye
80,6,15/02/2018 09:55:27,5011220,4,4,367,972,367,0,91.75,183.5,972,0,243.0,486.0,267.2004022972,1.5964176388,715888.571428572,1890816.12834166,5003853,7,7367,2455.6666666667,3850.758410149,6902,202,5011210,1670403.33333333,2887087.56493154,5004123,462,0,0,0,0,136,136,0.7982088194,0.7982088194,0,972,148.7777777778,331.7113872698,110032.444444444,0,0,0,1,0,0,0,0,1,167.375,91.75,243.0,0,0,0,0,0,0,4,367,4,972,26883,219,1,32,0.0,0.0,0,0,0.0,0.0,0,0,DoS attacks-GoldenEye
80,6,15/02/2018 09:53:53,15988921,2,0,0,0,0,0,0.0,0.0,0,0,0.0,0.0,0.0,0.1250866147,15988921.0,0.0,15988921,15988921,15988921,15988921.0,0.0,15988921,15988921,0,0.0,0.0,0,0,0,0,0,0,64,0,0.1250866147,0.0,0,0,0.0,0.0,0.0,0,0,0,0,1,0,0,0,0,0.0,0.0,0.0,0,0,0,0,0,0,2,0,0,0,226,-1,0,32,0.0,0.0,0,0,15988921.0,0.0,15988921,15988921,DoS attacks-GoldenEye
80,6,15/02/2018 09:37:57,100148529,2,1,368,0,368,0,184.0,260.2152954766,0,0,0.0,0.0,3.6745422392,0.0299555074,50074264.5,70815698.3249034,100148525,4,100148525,100148525.0,0.0,100148525,100148525,0,0.0,0.0,0,0,0,0,0,0,64,20,0.0199703383,0.0099851691,0,368,92.0,184.0,33856.0,0,0,0,0,1,0,0,0,0,122.6666666667,184.0,0.0,0,0,0,0,0,0,2,368,1,0,226,0,1,32,0.0,0.0,0,0,100148525.0,0.0,100148525,100148525,DoS attacks-GoldenEye
80,6,15/02/2018 09:51:30,7021902,5,3,309,972,309,0,61.8,138.1890010095,972,0,324.0,561.1844616523,182.4292050786,1.1392924595,1003128.85714286,2639792.88877527,6989557,7,7021902,1755475.5,3489643.32318462,6989893,27,6989877,3494938.5,4942136.87801992,6989557,320,0,0,0,0,168,104,0.7120577872,0.4272346723,0,972,142.3333333333,327.4782435521,107242.0,0,0,0,1,0,0,0,0,0,160.125,61.8,324.0,0,0,0,0,0,0,5,309,3,972,26883,219,1,32,327.0,0.0,327,327,6989557.0,0.0,6989557,6989557,DoS attacks-GoldenEye
80,6,15/02/2018 09:53:07,14655585,2,0,0,0,0,0,0.0,0.0,0,0,0.0,0.0,0.0,0.1364667463,14655585.0,0.0,14655585,14655585,14655585,14655585.0,0.0,14655585,14655585,0,0.0,0.0,0,0,0,0,0,0,64,0,0.1364667463,0.0,0,0,0.0,0.0,0.0,0,0,0,0,1,0,0,0,0,0.0,0.0,0.0,0,0,0,0,0,0,2,0,0,0,226,-1,0,32,0.0,0.0,0,0,14655585.0,0.0,14655585,14655585,DoS attacks-GoldenEye
80,6,15/02/2018 09:55:32,1932855,2,0,0,0,0,0,0.0,0.0,0,0,0.0,0.0,0.0,1.0347387673,1932855.0,0.0,1932855,1932855,1932855,1932855.0,0.0,1932855,1932855,0,0.0,0.0,0,0,0,0,0,0,64,0,1.0347387673,0.0,0,0,0.0,0.0,0.0,0,0,0,0,1,0,0,0,0,0.0,0.0,0.0,0,0,0,0,0,0,2,0,0,0,226,-1,0,32,0.0,0.0,0,0,0.0,0.0,0,0,DoS attacks-GoldenEye
80,6,15/02/2018 09:50:13,11725943,4,4,693,972,693,0,173.25,346.5,972,0,243.0,486.0,141.9928444135,0.6822479011,1675134.71428571,2899111.8985791,6688080,3,6691938,2230646.0,3860506.9549655,6688375,29,11725940,3908646.66666667,3481523.13719,6688080,3564,0,0,0,0,136,136,0.3411239505,0.3411239505,0,972,185.0,373.6656259278,139626.0,0,0,0,1,0,0,0,0,1,208.125,173.25,243.0,0,0,0,0,0,0,4,693,4,972,26883,221,1,32,3567.0,0.0,3567,3567,6688080.0,0.0,6688080,6688080,DoS attacks-GoldenEye
80,6,15/02/2018 09:54:52,5029893,4,4,455,972,455,0,113.75,227.5,972,0,243.0,486.0,283.7038481733,1.59049109,718556.142857143,1889686.8089631,5003910,8,25983,8661.0,14710.8819246162,25647,38,5029885,1676628.33333333,2881789.59398242,5004201,337,0,0,0,0,136,136,0.795245545,0.795245545,0,972,158.5555555556,340.1378805393,115693.777777778,0,0,0,1,0,0,0,0,1,178.375,113.75,243.0,0,0,0,0,0,0,4,455,4,972,26883,219,1,32,0.0,0.0,0,0,0.0,0.0,0,0,DoS attacks-GoldenEye
80,6,15/02/2018 09:29:03,1990054,2,0,0,0,0,0,0.0,0.0,0,0,0.0,0.0,0.0,1.0049978543,1990054.0,0.0,1990054,1990054,1990054,1990054.0,0.0,1990054,1990054,0,0.0,0.0,0,0,0,0,0,0,64,0,1.0049978543,0.0,0,0,0.0,0.0,0.0,0,0,0,0,1,0,0,0,0,0.0,0.0,0.0,0,0,0,0,0,0,2,0,0,0,221,-1,0,32,0.0,0.0,0,0,0.0,0.0,0,0,DoS attacks-GoldenEye
80,6,15/02/2018 09:40:10,2609495,2,0,0,0,0,0,0.0,0.0,0,0,0.0,0.0,0.0,0.7664318192,2609495.0,0.0,2609495,2609495,2609495,2609495.0,0.0,2609495,2609495,0,0.0,0.0,0,0,0,0,0,0,64,0,0.7664318192,0.0,0,0,0.0,0.0,0.0,0,0,0,0,1,0,0,0,0,0.0,0.0,0.0,0,0,0,0,0,0,2,0,0,0,226,-1,0,32,0.0,0.0,0,0,0.0,0.0,0,0,DoS attacks-GoldenEye
80,6,15/02/2018 09:50:39,8917260,2,0,0,0,0,0,0.0,0.0,0,0,0.0,0.0,0.0,0.2242841411,8917260.0,0.0,8917260,8917260,8917260,8917260.0,0.0,8917260,8917260,0,0.0,0.0,0,0,0,0,0,0,64,0,0.2242841411,0.0,0,0,0.0,0.0,0.0,0,0,0,0,1,0,0,0,0,0.0,0.0,0.0,0,0,0,0,0,0,2,0,0,0,221,-1,0,32,0.0,0.0,0,0,8917260.0,0.0,8917260,8917260,DoS attacks-GoldenEye
80,6,15/02/2018 09:28:01,7013938,5,3,352,972,352,0,70.4,157.419185616,972,0,324.0,561.1844616523,188.7669950889,1.140586073,1001991.14285714,2612052.37846011,6925103,8,7013938,1753484.5,3448205.74013815,6925420,81,6925544,3462772.0,4896475.4576248,6925103,441,0,0,0,0,168,104,0.7128662957,0.4277197774,0,972,147.1111111111,330.5134053425,109239.111111111,0,0,0,1,0,0,0,0,0,165.5,70.4,324.0,0,0,0,0,0,0,5,352,3,972,26883,219,1,32,449.0,0.0,449,449,6925103.0,0.0,6925103,6925103,DoS attacks-GoldenEye
80,6,15/02/2018 09:49:31,6043584,5,3,499,972,499,0,99.8,223.1595841545,972,0,324.0,561.1844616523,243.3986190975,1.3237178469,863369.142857143,2254717.44404492,5976285,7,6043584,1510896.0,2977306.05123536,5976614,304,5977187,2988593.5,4225233.83948682,5976285,902,0,0,0,0,168,104,0.8273236543,0.4963941926,0,972,163.4444444444,345.2097590999,119169.777777778,0,0,0,1,0,0,0,0,0,183.875,99.8,324.0,0,0,0,0,0,0,5,499,3,972,26883,219,1,32,909.0,0.0,909,909,5976285.0,0.0,5976285,5976285,DoS attacks-GoldenEye
80,6,15/02/2018 09:38:10,105361934,2,1,511,0,511,0,255.5,361.3315651863,0,0,0.0,0.0,4.8499489389,0.0284732814,52680967.0,74502135.1819023,105361932,2,105361932,105361932.0,0.0,105361932,105361932,0,0.0,0.0,0,0,0,0,0,0,64,20,0.0189821876,0.0094910938,0,511,127.75,255.5,65280.25,0,0,0,0,1,0,0,0,0,170.3333333333,255.5,0.0,0,0,0,0,0,0,2,511,1,0,221,0,1,32,0.0,0.0,0,0,105361932.0,0.0,105361932,105361932,DoS attacks-GoldenEye
80,6,15/02/2018 09:49:44,11981942,4,4,441,662,441,0,110.25,220.5,662,0,165.5,331.0,92.0551943917,0.6676714008,1711706.0,2977370.48847715,6974556,3,6976591,2325530.33333333,4026479.20848057,6974908,293,11981939,3993979.66666667,3594845.33536039,6974556,1685,0,0,0,0,136,136,0.3338357004,0.3338357004,0,662,122.5555555556,249.3858010749,62193.2777777778,0,0,0,1,0,0,0,0,1,137.875,110.25,165.5,0,0,0,0,0,0,4,441,4,662,26883,219,1,32,1688.0,0.0,1688,1688,6974556.0,0.0,6974556,6974556,DoS attacks-GoldenEye
80,6,15/02/2018 09:38:53,1963654,2,0,0,0,0,0,0.0,0.0,0,0,0.0,0.0,0.0,1.0185093708,1963654.0,0.0,1963654,1963654,1963654,1963654.0,0.0,1963654,1963654,0,0.0,0.0,0,0,0,0,0,0,64,0,1.0185093708,0.0,0,0,0.0,0.0,0.0,0,0,0,0,1,0,0,0,0,0.0,0.0,0.0,0,0,0,0,0,0,2,0,0,0,226,-1,0,32,0.0,0.0,0,0,0.0,0.0,0,0,DoS attacks-GoldenEye
80,6,15/02/2018 09:49:30,6976166,5,3,545,972,545,0,109.0,243.7314095475,972,0,324.0,561.1844616523,217.4546878615,1.1467617026,996595.142857143,2628485.39600555,6957421,4,6976166,1744041.5,3475851.56900756,6957804,193,6957930,3478965.0,4919279.65131807,6957421,509,0,0,0,0,168,104,0.7167260641,0.4300356385,0,972,168.5555555556,351.0894156448,123263.777777778,0,0,0,1,0,0,0,0,0,189.625,109.0,324.0,0,0,0,0,0,0,5,545,3,972,26883,219,1,32,513.0,0.0,513,513,6957421.0,0.0,6957421,6957421,DoS attacks-GoldenEye
80,6,15/02/2018 09:39:30,5007565,4,4,376,972,376,0,94.0,188.0,972,0,243.0,486.0,269.1927114276,1.5975828571,715366.428571429,1891477.51811372,5004834,5,2731,910.3333333333,832.8963520951,1866,339,5007560,1669186.66666667,2889012.70841724,5005131,223,0,0,0,0,136,136,0.7987914286,0.7987914286,0,972,149.7777777778,332.4642002448,110532.444444444,0,0,0,1,0,0,0,0,1,168.5,94.0,243.0,0,0,0,0,0,0,4,376,4,972,26883,219,1,32,0.0,0.0,0,0,0.0,0.0,0,0,DoS attacks-GoldenEye
80,6,15/02/2018 09:55:41,11837962,4,4,336,972,336,0,84.0,168.0,972,0,243.0,486.0,110.4919917803,0.6757919987,1691137.42857143,2936135.43098576,6836624,3,6837408,2279136.0,3947142.00685344,6836903,202,11837959,3945986.33333333,3538028.70480814,6836624,506,0,0,0,0,136,136,0.3378959993,0.3378959993,0,972,145.3333333333,329.314439404,108448.0,0,0,0,1,0,0,0,0,1,163.5,84.0,243.0,0,0,0,0,0,0,4,336,4,972,26883,219,1,32,509.0,0.0,509,509,6836624.0,0.0,6836624,6836624,DoS attacks-GoldenEye
80,6,15/02/2018 09:52:56,11528270,4,4,580,972,580,0,145.0,290.0,972,0,243.0,486.0,134.6255769513,0.6939462729,1646895.71428571,2845596.29878149,6522381,4,6525380,2175126.66666667,3765112.56762468,6522704,268,11528266,3842755.33333333,3411248.72371604,6522381,2678,0,0,0,0,136,136,0.3469731365,0.3469731365,0,972,172.4444444444,355.9406941862,126693.777777778,0,0,0,1,0,0,0,0,1,194.0,145.0,243.0,0,0,0,0,0,0,4,580,4,972,26883,219,1,32,2682.0,0.0,2682,2682,6522381.0,0.0,6522381,6522381,DoS attacks-GoldenEye
80,6,15/02/2018 09:27:52,47657835,2,0,0,0,0,0,0.0,0.0,0,0,0.0,0.0,0.0,0.0419658174,47657835.0,0.0,47657835,47657835,47657835,47657835.0,0.0,47657835,47657835,0,0.0,0.0,0,0,0,0,0,0,64,0,0.0419658174,0.0,0,0,0.0,0.0,0.0,0,0,0,0,1,0,0,0,0,0.0,0.0,0.0,0,0,0,0,0,0,2,0,0,0,221,-1,0,32,0.0,0.0,0,0,47657835.0,0.0,47657835,47657835,DoS attacks-GoldenEye
80,6,15/02/2018 09:28:51,5067300,4,4,386,662,386,0,96.5,193.0,662,0,165.5,331.0,206.8162532315,1.5787500247,723900.0,1886178.97775282,5000993,8,66307,22102.3333333333,38037.4668232959,66024,22,5067292,1689097.33333333,2868660.53757103,5001326,284,0,0,0,0,136,136,0.7893750123,0.7893750123,0,662,116.4444444444,241.1447237195,58150.7777777778,0,0,0,1,0,0,0,0,1,131.0,96.5,165.5,0,0,0,0,0,0,4,386,4,662,26883,219,1,32,0.0,0.0,0,0,0.0,0.0,0,0,DoS attacks-GoldenEye
80,6,15/02/2018 09:50:03,1966366,2,0,0,0,0,0,0.0,0.0,0,0,0.0,0.0,0.0,1.0171046489,1966366.0,0.0,1966366,1966366,1966366,1966366.0,0.0,1966366,1966366,0,0.0,0.0,0,0,0,0,0,0,64,0,1.0171046489,0.0,0,0,0.0,0.0,0.0,0,0,0,0,1,0,0,0,0,0.0,0.0,0.0,0,0,0,0,0,0,2,0,0,0,226,-1,0,32,0.0,0.0,0,0,0.0,0.0,0,0,DoS attacks-GoldenEye
80,6,15/02/2018 09:56:47,803877,2,0,0,0,0,0,0.0,0.0,0,0,0.0,0.0,0.0,2.4879428072,803877.0,0.0,803877,803877,803877,803877.0,0.0,803877,803877,0,0.0,0.0,0,0,0,0,0,0,64,0,2.4879428072,0.0,0,0,0.0,0.0,0.0,0,0,0,0,1,0,0,0,0,0.0,0.0,0.0,0,0,0,0,0,0,2,0,0,0,226,-1,0,32,0.0,0.0,0,0,0.0,0.0,0,0,DoS attacks-GoldenEye
80,6,15/02/2018 09:54:03,282536,5,3,592,662,592,0,118.4,264.750448536,662,0,220.6666666667,382.2058782035,4438.3724551916,28.3149757907,40362.2857142857,106333.182382413,281503,6,282536,70634.0,140579.626572748,281503,28,706,353.0,55.1543289326,392,314,0,0,0,0,168,104,17.6968598692,10.6181159215,0,662,139.3333333333,277.034293906,76748.0,0,0,0,1,0,0,0,0,0,156.75,118.4,220.6666666667,0,0,0,0,0,0,5,592,3,662,26883,219,1,32,0.0,0.0,0,0,0.0,0.0,0,0,DoS attacks-GoldenEye
80,6,15/02/2018 09:50:26,5027615,4,4,657,662,657,0,164.25,328.5,662,0,165.5,331.0,262.3510352324,1.5912117376,718230.714285714,1890295.07102037,5004977,6,22638,7546.0,12784.8491191723,22308,43,5027608,1675869.33333333,2883347.78633455,5005249,329,0,0,0,0,136,136,0.7956058688,0.7956058688,0,662,146.5555555556,290.8148513707,84573.2777777778,0,0,0,1,0,0,0,0,1,164.875,164.25,165.5,0,0,0,0,0,0,4,657,4,662,26883,221,1,32,0.0,0.0,0,0,0.0,0.0,0,0,DoS attacks-GoldenEye
80,6,15/02/2018 09:49:44,11949924,4,4,510,662,510,0,127.5,255.0,662,0,165.5,331.0,98.0759375541,0.6694603246,1707132.0,2968278.79299429,6944076,6,6945528,2315176.0,4009116.52265022,6944505,289,11949918,3983306.0,3582472.30879514,6944076,1024,0,0,0,0,136,136,0.3347301623,0.3347301623,0,662,130.2222222222,261.1808653873,68215.4444444444,0,0,0,1,0,0,0,0,1,146.5,127.5,165.5,0,0,0,0,0,0,4,510,4,662,26883,219,1,32,1030.0,0.0,1030,1030,6944076.0,0.0,6944076,6944076,DoS attacks-GoldenEye
80,6,15/02/2018 09:54:38,56244279,15,4,3260,972,326,0,217.3333333333,159.0717118906,972,0,243.0,486.0,75.2432082915,0.3378121355,3124682.16666667,6016831.16735114,23062431,3,56244279,4017448.5,6593885.71085119,23062431,310,56062969,18687656.3333333,14985610.9593021,30998652,2001343,0,0,0,0,488,144,0.2666937912,0.0711183443,0,972,211.6,241.9278709385,58529.0947368421,0,0,0,1,0,0,0,0,0,222.7368421053,217.3333333333,243.0,0,0,0,0,0,0,15,3260,4,972,26883,219,10,32,5515606.5,1677571.94749212,6701829,4329384,14343470.3333333,8251666.7974467,23062431,6656108,DoS attacks-GoldenEye
80,6,15/02/2018 09:55:32,2098466,2,0,0,0,0,0,0.0,0.0,0,0,0.0,0.0,0.0,0.9530771525,2098466.0,0.0,2098466,2098466,2098466,2098466.0,0.0,2098466,2098466,0,0.0,0.0,0,0,0,0,0,0,64,0,0.9530771525,0.0,0,0,0.0,0.0,0.0,0,0,0,0,1,0,0,0,0,0.0,0.0,0.0,0,0,0,0,0,0,2,0,0,0,226,-1,0,32,0.0,0.0,0,0,0.0,0.0,0,0,DoS attacks-GoldenEye
80,6,15/02/2018 09:55:39,1969631,2,0,0,0,0,0,0.0,0.0,0,0,0.0,0.0,0.0,1.0154186241,1969631.0,0.0,1969631,1969631,1969631,1969631.0,0.0,1969631,1969631,0,0.0,0.0,0,0,0,0,0,0,64,0,1.0154186241,0.0,0,0,0.0,0.0,0.0,0,0,0,0,1,0,0,0,0,0.0,0.0,0.0,0,0,0,0,0,0,2,0,0,0,226,-1,0,32,0.0,0.0,0,0,0.0,0.0,0,0,DoS attacks-GoldenEye
80,6,15/02/2018 09:28:42,102813851,2,1,364,0,364,0,182.0,257.3868683519,0,0,0.0,0.0,3.5403790098,0.0291789479,51406925.5,72700368.4135762,102813849,2,102813849,102813849.0,0.0,102813849,102813849,0,0.0,0.0,0,0,0,0,0,0,64,20,0.0194526319,0.009726316,0,364,91.0,182.0,33124.0,0,0,0,0,1,0,0,0,0,121.3333333333,182.0,0.0,0,0,0,0,0,0,2,364,1,0,221,0,1,32,0.0,0.0,0,0,102813849.0,0.0,102813849,102813849,DoS attacks-GoldenEye
80,6,15/02/2018 09:56:09,5010488,4,4,732,972,732,0,183.0,366.0,972,0,243.0,486.0,340.0866342759,1.5966508651,715784.0,1889420.56815884,5000582,6,9906,3302.0,4505.9501772656,8481,280,5010482,1670160.66666667,2884543.18396212,5000942,1429,0,0,0,0,136,136,0.7983254326,0.7983254326,0,972,189.3333333333,380.4576191904,144748.0,0,0,0,1,0,0,0,0,1,213.0,183.0,243.0,0,0,0,0,0,0,4,732,4,972,26883,222,1,32,0.0,0.0,0,0,0.0,0.0,0,0,DoS attacks-GoldenEye
80,6,15/02/2018 09:30:50,5004077,4,4,407,662,407,0,101.75,203.5,662,0,165.5,331.0,213.6258095149,1.5986964229,714868.142857143,1890287.89310371,5001638,6,2439,813.0,599.6657402253,1468,291,5004071,1668023.66666667,2887280.57488952,5001968,341,0,0,0,0,136,136,0.7993482115,0.7993482115,0,662,118.7777777778,244.1617178111,59614.9444444444,0,0,0,1,0,0,0,0,1,133.625,101.75,165.5,0,0,0,0,0,0,4,407,4,662,26883,219,1,32,0.0,0.0,0,0,0.0,0.0,0,0,DoS attacks-GoldenEye
80,6,15/02/2018 09:40:26,11533342,4,4,401,972,401,0,100.25,200.5,972,0,243.0,486.0,119.0461533179,0.6936410973,1647620.28571429,2847003.29603624,6526070,4,6528790,2176263.33333333,3767357.54687849,6526433,290,11533335,3844445.0,3413169.87784537,6526070,2354,0,0,0,0,136,136,0.3468205486,0.3468205486,0,972,152.5555555556,334.6875823477,112015.777777778,0,0,0,1,0,0,0,0,1,171.625,100.25,243.0,0,0,0,0,0,0,4,401,4,972,26883,219,1,32,2361.0,0.0,2361,2361,6526070.0,0.0,6526070,6526070,DoS attacks-GoldenEye
80,6,15/02/2018 09:49:30,6028456,4,4,463,972,463,0,115.75,231.5,972,0,243.0,486.0,238.0377330447,1.3270396267,861208.0,1865598.70475584,5002506,7,1025950,341983.333333333,591279.508375974,1024734,288,6028449,2009483.0,2642298.42968182,5002810,1218,0,0,0,0,136,136,0.6635198134,0.6635198134,0,972,159.4444444444,341.0187352299,116293.777777778,0,0,0,1,0,0,0,0,1,179.375,115.75,243.0,0,0,0,0,0,0,4,463,4,972,26883,219,1,32,0.0,0.0,0,0,0.0,0.0,0,0,DoS attacks-GoldenEye
80,6,15/02/2018 09:38:20,11592510,4,4,618,662,618,0,154.5,309.0,662,0,165.5,331.0,110.416122134,0.6901007633,1656072.85714286,2864663.4906531,6588466,5,6589717,2196572.33333333,3803721.85290569,6588732,316,11592503,3864167.66666667,3438245.13800461,6588466,983,0,0,0,0,136,136,0.3450503817,0.3450503817,0,662,142.2222222222,282.4277685435,79765.4444444444,0,0,0,1,0,0,0,0,1,160.0,154.5,165.5,0,0,0,0,0,0,4,618,4,662,26883,220,1,32,990.0,0.0,990,990,6588466.0,0.0,6588466,6588466,DoS attacks-GoldenEye
80,6,15/02/2018 09:52:33,243273,5,3,258,662,258,0,51.6,115.381107639,662,0,220.6666666667,382.2058782035,3781.7595869661,32.8848659736,34753.2857142857,60842.0847596856,146870,3,243273,60818.25,72863.0346717959,146870,262,96103,48051.5,66907.1507426523,95362,741,0,0,0,0,168,104,20.5530412335,12.3318247401,0,662,102.2222222222,226.5953319123,51345.4444444445,0,0,0,1,0,0,0,0,0,115.0,51.6,220.6666666667,0,0,0,0,0,0,5,258,3,662,26883,219,1,32,0.0,0.0,0,0,0.0,0.0,0,0,DoS attacks-GoldenEye
80,6,15/02/2018 09:37:48,9043311,5,4,438,662,438,0,87.6,195.879554829,662,0,165.5,331.0,121.6368650818,0.9952107143,1130413.875,1891517.45388408,5003363,3,4039948,1009987.0,1432445.50972175,3038975,262,8042995,2680998.33333333,2520621.19160542,5003702,661,0,0,0,0,176,136,0.5528948413,0.442315873,0,662,110.0,237.8346764737,56565.3333333333,0,0,0,1,0,0,0,0,0,122.2222222222,87.6,165.5,0,0,0,0,0,0,5,438,4,662,26883,219,1,32,0.0,0.0,0,0,0.0,0.0,0,0,DoS attacks-GoldenEye
80,6,15/02/2018 09:30:58,11571586,4,4,510,972,510,0,127.5,255.0,972,0,243.0,486.0,128.0723316579,0.6913486189,1653083.71428571,2857051.90658744,6562661,5,6567914,2189304.66666667,3787781.23251124,6563057,293,11571581,3857193.66666667,3426026.16458257,6562661,4862,0,0,0,0,136,136,0.3456743095,0.3456743095,0,972,164.6666666667,346.563125563,120106.0,0,0,0,1,0,0,0,0,1,185.25,127.5,243.0,0,0,0,0,0,0,4,510,4,972,26883,219,1,32,4867.0,0.0,4867,4867,6562661.0,0.0,6562661,6562661,DoS attacks-GoldenEye
80,6,15/02/2018 09:52:15,37158636,13,4,4896,662,544,0,376.6153846154,261.3291470099,662,0,165.5,331.0,149.5749198114,0.4574979555,2322414.75,3581736.86645628,13055840,24,32155846,2679653.83333333,3902671.21745874,13055840,33,36135634,12045211.3333333,12320779.7453277,26271785,4860757,0,0,0,0,432,136,0.3498513778,0.1076465778,0,662,308.7777777778,285.4801024395,81498.8888888889,0,0,0,1,0,0,0,0,0,326.9411764706,376.6153846154,165.5,0,0,0,0,0,0,13,4896,4,662,26883,219,9,32,7582938.0,0.0,7582938,7582938,9855902.5,4525395.01124626,13055840,6655965,DoS attacks-GoldenEye
80,6,15/02/2018 09:53:24,5090063,4,4,445,972,445,0,111.25,222.5,972,0,243.0,486.0,278.3855523989,1.5716897807,727151.857142857,1886190.3426151,5004059,7,86004,28668.0,47534.3202644153,83545,282,5090056,1696685.33333333,2864849.33840339,5004400,2461,0,0,0,0,136,136,0.7858448903,0.7858448903,0,972,157.4444444444,339.0630881971,114963.777777778,0,0,0,1,0,0,0,0,1,177.125,111.25,243.0,0,0,0,0,0,0,4,445,4,972,26883,219,1,32,0.0,0.0,0,0,0.0,0.0,0,0,DoS attacks-GoldenEye
80,6,15/02/2018 09:52:56,11556958,4,4,368,972,368,0,92.0,184.0,972,0,243.0,486.0,115.9474664527,0.6922236803,1650994.0,2852558.35930252,6546358,4,6552143,2184047.66666667,3778165.09740037,6546696,245,11556954,3852318.0,3419447.1285452,6546358,5452,0,0,0,0,136,136,0.3461118402,0.3461118402,0,972,148.8888888889,331.7937779873,110087.111111111,0,0,0,1,0,0,0,0,1,167.5,92.0,243.0,0,0,0,0,0,0,4,368,4,972,26883,219,1,32,5456.0,0.0,5456,5456,6546358.0,0.0,6546358,6546358,DoS attacks-GoldenEye
80,6,15/02/2018 09:49:56,1958955,2,0,0,0,0,0,0.0,0.0,0,0,0.0,0.0,0.0,1.0209524976,1958955.0,0.0,1958955,1958955,1958955,1958955.0,0.0,1958955,1958955,0,0.0,0.0,0,0,0,0,0,0,64,0,1.0209524976,0.0,0,0,0.0,0.0,0.0,0,0,0,0,1,0,0,0,0,0.0,0.0,0.0,0,0,0,0,0,0,2,0,0,0,221,-1,0,32,0.0,0.0,0,0,0.0,0.0,0,0,DoS attacks-GoldenEye
80,6,15/02/2018 09:55:53,54799842,2,0,0,0,0,0,0.0,0.0,0,0,0.0,0.0,0.0,0.0364964556,54799842.0,0.0,54799842,54799842,54799842,54799842.0,0.0,54799842,54799842,0,0.0,0.0,0,0,0,0,0,0,64,0,0.0364964556,0.0,0,0,0.0,0.0,0.0,0,0,0,0,1,0,0,0,0,0.0,0.0,0.0,0,0,0,0,0,0,2,0,0,0,221,-1,0,32,0.0,0.0,0,0,54799842.0,0.0,54799842,54799842,DoS attacks-GoldenEye
80,6,15/02/2018 09:29:52,1913407,2,0,0,0,0,0,0.0,0.0,0,0,0.0,0.0,0.0,1.0452559231,1913407.0,0.0,1913407,1913407,1913407,1913407.0,0.0,1913407,1913407,0,0.0,0.0,0,0,0,0,0,0,64,0,1.0452559231,0.0,0,0,0.0,0.0,0.0,0,0,0,0,1,0,0,0,0,0.0,0.0,0.0,0,0,0,0,0,0,2,0,0,0,226,-1,0,32,0.0,0.0,0,0,0.0,0.0,0,0,DoS attacks-GoldenEye
80,6,15/02/2018 09:53:00,21473824,2,0,0,0,0,0,0.0,0.0,0,0,0.0,0.0,0.0,0.0931366486,21473824.0,0.0,21473824,21473824,21473824,21473824.0,0.0,21473824,21473824,0,0.0,0.0,0,0,0,0,0,0,64,0,0.0931366486,0.0,0,0,0.0,0.0,0.0,0,0,0,0,1,0,0,0,0,0.0,0.0,0.0,0,0,0,0,0,0,2,0,0,0,221,-1,0,32,0.0,0.0,0,0,21473824.0,0.0,21473824,21473824,DoS attacks-GoldenEye
80,6,15/02/2018 09:51:14,1937012,2,0,0,0,0,0,0.0,0.0,0,0,0.0,0.0,0.0,1.0325181259,1937012.0,0.0,1937012,1937012,1937012,1937012.0,0.0,1937012,1937012,0,0.0,0.0,0,0,0,0,0,0,64,0,1.0325181259,0.0,0,0,0.0,0.0,0.0,0,0,0,0,1,0,0,0,0,0.0,0.0,0.0,0,0,0,0,0,0,2,0,0,0,221,-1,0,32,0.0,0.0,0,0,0.0,0.0,0,0,DoS attacks-GoldenEye
80,6,15/02/2018 09:54:00,1951559,2,0,0,0,0,0,0.0,0.0,0,0,0.0,0.0,0.0,1.0248216938,1951559.0,0.0,1951559,1951559,1951559,1951559.0,0.0,1951559,1951559,0,0.0,0.0,0,0,0,0,0,0,64,0,1.0248216938,0.0,0,0,0.0,0.0,0.0,0,0,0,0,1,0,0,0,0,0.0,0.0,0.0,0,0,0,0,0,0,2,0,0,0,221,-1,0,32,0.0,0.0,0,0,0.0,0.0,0,0,DoS attacks-GoldenEye
80,6,15/02/2018 09:57:03,5462062,5,3,317,662,317,0,63.4,141.7667097735,662,0,220.6666666667,382.2058782035,179.2363396827,1.4646483324,780294.571428571,1975114.98476763,5256112,7,5462062,1365515.5,2595713.74161039,5256419,311,5257360,2628680.0,3715749.96861307,5256112,1248,0,0,0,0,168,104,0.9154052078,0.5492431247,0,662,108.7777777778,232.4434220288,54029.9444444444,0,0,0,1,0,0,0,0,0,122.375,63.4,220.6666666667,0,0,0,0,0,0,5,317,3,662,26883,219,1,32,1255.0,0.0,1255,1255,5256112.0,0.0,5256112,5256112,DoS attacks-GoldenEye
80,6,15/02/2018 09:50:10,43029996,2,0,0,0,0,0,0.0,0.0,0,0,0.0,0.0,0.0,0.0464792049,43029996.0,0.0,43029996,43029996,43029996,43029996.0,0.0,43029996,43029996,0,0.0,0.0,0,0,0,0,0,0,64,0,0.0464792049,0.0,0,0,0.0,0.0,0.0,0,0,0,0,1,0,0,0,0,0.0,0.0,0.0,0,0,0,0,0,0,2,0,0,0,226,-1,0,32,0.0,0.0,0,0,43029996.0,0.0,43029996,43029996,DoS attacks-GoldenEye
80,6,15/02/2018 09:38:46,16143934,2,0,0,0,0,0,0.0,0.0,0,0,0.0,0.0,0.0,0.1238855412,16143934.0,0.0,16143934,16143934,16143934,16143934.0,0.0,16143934,16143934,0,0.0,0.0,0,0,0,0,0,0,64,0,0.1238855412,0.0,0,0,0.0,0.0,0.0,0,0,0,0,1,0,0,0,0,0.0,0.0,0.0,0,0,0,0,0,0,2,0,0,0,221,-1,0,32,0.0,0.0,0,0,16143934.0,0.0,16143934,16143934,DoS attacks-GoldenEye
80,6,15/02/2018 09:28:08,11961027,4,4,504,972,504,0,126.0,252.0,972,0,243.0,486.0,123.4007748666,0.6688388882,1708718.14285714,2971209.29216593,6955113,3,6957735,2319245.0,4015040.21305653,6955414,345,11961024,3987008.0,3586139.7586158,6955113,2323,0,0,0,0,136,136,0.3344194441,0.3344194441,0,972,164.0,345.8207628237,119592.0,0,0,0,1,0,0,0,0,1,184.5,126.0,243.0,0,0,0,0,0,0,4,504,4,972,26883,219,1,32,2326.0,0.0,2326,2326,6955113.0,0.0,6955113,6955113,DoS attacks-GoldenEye
80,6,15/02/2018 09:50:03,50061406,2,0,0,0,0,0,0.0,0.0,0,0,0.0,0.0,0.0,0.0399509355,50061406.0,0.0,50061406,50061406,50061406,50061406.0,0.0,50061406,50061406,0,0.0,0.0,0,0,0,0,0,0,64,0,0.0399509355,0.0,0,0,0.0,0.0,0.0,0,0,0,0,1,0,0,0,0,0.0,0.0,0.0,0,0,0,0,0,0,2,0,0,0,226,-1,0,32,0.0,0.0,0,0,50061406.0,0.0,50061406,50061406,DoS attacks-GoldenEye
80,6,15/02/2018 09:38:13,11767369,4,4,267,972,267,0,66.75,133.5,972,0,243.0,486.0,105.2911657653,0.6798461066,1681052.71428571,2914835.71161319,6761483,3,6763219,2254406.33333333,3903609.24025732,6761906,248,11767366,3922455.33333333,3507591.58366967,6761483,1314,0,0,0,0,136,136,0.3399230533,0.3399230533,0,972,137.6666666667,325.0969086288,105688.0,0,0,0,1,0,0,0,0,1,154.875,66.75,243.0,0,0,0,0,0,0,4,267,4,972,26883,219,1,32,1317.0,0.0,1317,1317,6761483.0,0.0,6761483,6761483,DoS attacks-GoldenEye
80,6,15/02/2018 09:50:34,5086022,4,4,345,972,345,0,86.25,172.5,972,0,243.0,486.0,258.9450065297,1.5729385362,726574.571428571,1886816.91440539,5004937,3,81085,27028.3333333333,46367.5778570903,80569,252,5086019,1695339.66666667,2866702.43153808,5005202,517,0,0,0,0,136,136,0.7864692681,0.7864692681,0,972,146.3333333333,329.978787197,108886.0,0,0,0,1,0,0,0,0,1,164.625,86.25,243.0,0,0,0,0,0,0,4,345,4,972,26883,219,1,32,0.0,0.0,0,0,0.0,0.0,0,0,DoS attacks-GoldenEye
80,6,15/02/2018 09:51:21,48267537,2,0,0,0,0,0,0.0,0.0,0,0,0.0,0.0,0.0,0.0414357169,48267537.0,0.0,48267537,48267537,48267537,48267537.0,0.0,48267537,48267537,0,0.0,0.0,0,0,0,0,0,0,64,0,0.0414357169,0.0,0,0,0.0,0.0,0.0,0,0,0,0,1,0,0,0,0,0.0,0.0,0.0,0,0,0,0,0,0,2,0,0,0,221,-1,0,32,0.0,0.0,0,0,48267537.0,0.0,48267537,48267537,DoS attacks-GoldenEye
80,6,15/02/2018 09:50:20,11622146,4,4,500,662,500,0,125.0,250.0,662,0,165.5,331.0,99.9815352518,0.6883410344,1660306.57142857,2873209.51712551,6616424,3,6617023,2205674.33333333,3820072.41066322,6616714,24,11622143,3874047.66666667,3450103.61510728,6616424,312,0,0,0,0,136,136,0.3441705172,0.3441705172,0,662,129.1111111111,259.3783165785,67277.1111111111,0,0,0,1,0,0,0,0,1,145.25,125.0,165.5,0,0,0,0,0,0,4,500,4,662,26883,219,1,32,315.0,0.0,315,315,6616424.0,0.0,6616424,6616424,DoS attacks-GoldenEye
80,6,15/02/2018 09:31:03,1955314,2,0,0,0,0,0,0.0,0.0,0,0,0.0,0.0,0.0,1.0228536184,1955314.0,0.0,1955314,1955314,1955314,1955314.0,0.0,1955314,1955314,0,0.0,0.0,0,0,0,0,0,0,64,0,1.0228536184,0.0,0,0,0.0,0.0,0.0,0,0,0,0,1,0,0,0,0,0.0,0.0,0.0,0,0,0,0,0,0,2,0,0,0,226,-1,0,32,0.0,0.0,0,0,0.0,0.0,0,0,DoS attacks-GoldenEye
80,6,15/02/2018 09:49:58,5006729,4,4,367,972,367,0,91.75,183.5,972,0,243.0,486.0,267.4400791415,1.597849614,715247.0,1891307.8681468,5004330,6,2399,799.6666666667,537.0301046807,1377,315,5006723,1668907.66666667,2888804.69237474,5004612,1022,0,0,0,0,136,136,0.798924807,0.798924807,0,972,148.7777777778,331.7113872698,110032.444444444,0,0,0,1,0,0,0,0,1,167.375,91.75,243.0,0,0,0,0,0,0,4,367,4,972,26883,219,1,32,0.0,0.0,0,0,0.0,0.0,0,0,DoS attacks-GoldenEye
80,6,15/02/2018 09:55:18,16125378,2,0,0,0,0,0,0.0,0.0,0,0,0.0,0.0,0.0,0.1240281003,16125378.0,0.0,16125378,16125378,16125378,16125378.0,0.0,16125378,16125378,0,0.0,0.0,0,0,0,0,0,0,64,0,0.1240281003,0.0,0,0,0.0,0.0,0.0,0,0,0,0,1,0,0,0,0,0.0,0.0,0.0,0,0,0,0,0,0,2,0,0,0,226,-1,0,32,0.0,0.0,0,0,16125378.0,0.0,16125378,16125378,DoS attacks-GoldenEye
80,6,15/02/2018 09:38:05,7042930,5,3,307,972,307,0,61.4,137.2945738185,972,0,324.0,561.1844616523,181.6005554506,1.1358908863,1006132.85714286,2619082.09036273,6945090,6,7042930,1760732.5,3456784.58532806,6945459,208,6945653,3472826.5,4910522.13383307,6945090,563,0,0,0,0,168,104,0.709931804,0.4259590824,0,972,142.1111111111,327.351662759,107159.111111111,0,0,0,1,0,0,0,0,0,159.875,61.4,324.0,0,0,0,0,0,0,5,307,3,972,26883,219,1,32,569.0,0.0,569,569,6945090.0,0.0,6945090,6945090,DoS attacks-GoldenEye
80,6,15/02/2018 09:40:05,11360961,4,4,416,972,416,0,104.0,208.0,972,0,243.0,486.0,122.172763378,0.7041657832,1622994.42857143,2795308.60836449,6347818,4,6358323,2119441.0,3662190.72785662,6348171,294,11360957,3786985.66666667,3339231.50693634,6347818,10158,0,0,0,0,136,136,0.3520828916,0.3520828916,0,972,154.2222222222,336.1137373635,112972.444444444,0,0,0,1,0,0,0,0,1,173.5,104.0,243.0,0,0,0,0,0,0,4,416,4,972,26883,219,1,32,10162.0,0.0,10162,10162,6347818.0,0.0,6347818,6347818,DoS attacks-GoldenEye
80,6,15/02/2018 09:55:46,94542168,2,1,395,0,395,0,197.5,279.3071785687,0,0,0.0,0.0,4.1780298501,0.0317318723,47271084.0,66851406.6866643,94542167,1,94542167,94542167.0,0.0,94542167,94542167,0,0.0,0.0,0,0,0,0,0,0,64,20,0.0211545815,0.0105772908,0,395,98.75,197.5,39006.25,0,0,0,0,1,0,0,0,0,131.6666666667,197.5,0.0,0,0,0,0,0,0,2,395,1,0,221,0,1,32,0.0,0.0,0,0,94542167.0,0.0,94542167,94542167,DoS attacks-GoldenEye
80,6,15/02/2018 09:29:26,5011476,4,4,298,662,298,0,74.5,149.0,662,0,165.5,331.0,191.5603307289,1.5963360894,715925.142857143,1890740.48849698,5003720,7,7756,2585.3333333333,2018.7085805864,4042,281,5011466,1670488.66666667,2886986.9049662,5004094,3661,0,0,0,0,136,136,0.7981680447,0.7981680447,0,662,106.6666666667,230.3931422591,53081.0,0,0,0,1,0,0,0,0,1,120.0,74.5,165.5,0,0,0,0,0,0,4,298,4,662,26883,219,1,32,0.0,0.0,0,0,0.0,0.0,0,0,DoS attacks-GoldenEye
80,6,15/02/2018 09:52:12,5006263,4,4,445,972,445,0,111.25,222.5,972,0,243.0,486.0,283.0454572602,1.5979983473,715180.428571429,1891485.35908369,5004666,6,1597,532.3333333333,158.6579129238,666,357,5006257,1668752.33333333,2889251.00925765,5004972,260,0,0,0,0,136,136,0.7989991736,0.7989991736,0,972,157.4444444444,339.0630881971,114963.777777778,0,0,0,1,0,0,0,0,1,177.125,111.25,243.0,0,0,0,0,0,0,4,445,4,972,26883,219,1,32,0.0,0.0,0,0,0.0,0.0,0,0,DoS attacks-GoldenEye
80,6,15/02/2018 09:30:01,5020369,4,4,606,972,606,0,151.5,303.0,972,0,243.0,486.0,314.3195251186,1.5935083656,717195.571428571,1890226.62846239,5003806,6,16563,5521.0,9264.3044531147,16217,18,5020363,1673454.33333333,2884471.44375973,5004143,347,0,0,0,0,136,136,0.7967541828,0.7967541828,0,972,175.3333333333,359.7471334146,129418.0,0,0,0,1,0,0,0,0,1,197.25,151.5,243.0,0,0,0,0,0,0,4,606,4,972,26883,220,1,32,0.0,0.0,0,0,0.0,0.0,0,0,DoS attacks-GoldenEye
80,6,15/02/2018 09:49:35,23291125,2,0,0,0,0,0,0.0,0.0,0,0,0.0,0.0,0.0,0.0858696177,23291125.0,0.0,23291125,23291125,23291125,23291125.0,0.0,23291125,23291125,0,0.0,0.0,0,0,0,0,0,0,64,0,0.0858696177,0.0,0,0,0.0,0.0,0.0,0,0,0,0,1,0,0,0,0,0.0,0.0,0.0,0,0,0,0,0,0,2,0,0,0,226,-1,0,32,0.0,0.0,0,0,23291125.0,0.0,23291125,23291125,DoS attacks-GoldenEye
80,6,15/02/2018 09:52:12,5004144,4,4,333,662,333,0,83.25,166.5,662,0,165.5,331.0,198.8352053818,1.5986750181,714877.714285714,1890740.00876797,5002673,9,1471,490.3333333333,190.3820719851,661,285,5004132,1668044.0,2888133.24277759,5002973,352,0,0,0,0,136,136,0.7993375091,0.7993375091,0,662,110.5555555556,234.2888767692,54891.2777777778,0,0,0,1,0,0,0,0,1,124.375,83.25,165.5,0,0,0,0,0,0,4,333,4,662,26883,219,1,32,0.0,0.0,0,0,0.0,0.0,0,0,DoS attacks-GoldenEye
80,6,15/02/2018 09:50:24,28982235,2,0,0,0,0,0,0.0,0.0,0,0,0.0,0.0,0.0,0.0690077905,28982235.0,0.0,28982235,28982235,28982235,28982235.0,0.0,28982235,28982235,0,0.0,0.0,0,0,0,0,0,0,64,0,0.0690077905,0.0,0,0,0.0,0.0,0.0,0,0,0,0,1,0,0,0,0,0.0,0.0,0.0,0,0,0,0,0,0,2,0,0,0,226,-1,0,32,0.0,0.0,0,0,28982235.0,0.0,28982235,28982235,DoS attacks-GoldenEye
80,6,15/02/2018 09:54:17,11694603,4,4,335,972,335,0,83.75,167.5,972,0,243.0,486.0,111.760955032,0.6840762358,1670657.57142857,2893498.7125275,6687605,4,6689843,2229947.66666667,3860790.94804294,6688005,324,11694596,3898198.66666667,3477627.93101711,6687605,1835,0,0,0,0,136,136,0.3420381179,0.3420381179,0,972,145.2222222222,329.2422276143,108400.444444444,0,0,0,1,0,0,0,0,1,163.375,83.75,243.0,0,0,0,0,0,0,4,335,4,972,26883,219,1,32,1842.0,0.0,1842,1842,6687605.0,0.0,6687605,6687605,DoS attacks-GoldenEye
80,6,15/02/2018 09:50:10,43025194,2,0,0,0,0,0,0.0,0.0,0,0,0.0,0.0,0.0,0.0464843924,43025194.0,0.0,43025194,43025194,43025194,43025194.0,0.0,43025194,43025194,0,0.0,0.0,0,0,0,0,0,0,64,0,0.0464843924,0.0,0,0,0.0,0.0,0.0,0,0,0,0,1,0,0,0,0,0.0,0.0,0.0,0,0,0,0,0,0,2,0,0,0,221,-1,0,32,0.0,0.0,0,0,43025194.0,0.0,43025194,43025194,DoS attacks-GoldenEye
80,6,15/02/2018 09:55:46,61691568,2,0,0,0,0,0,0.0,0.0,0,0,0.0,0.0,0.0,0.0324193413,61691568.0,0.0,61691568,61691568,61691568,61691568.0,0.0,61691568,61691568,0,0.0,0.0,0,0,0,0,0,0,64,0,0.0324193413,0.0,0,0,0.0,0.0,0.0,0,0,0,0,1,0,0,0,0,0.0,0.0,0.0,0,0,0,0,0,0,2,0,0,0,226,-1,0,32,0.0,0.0,0,0,61691568.0,0.0,61691568,61691568,DoS attacks-GoldenEye
80,6,15/02/2018 09:50:26,5021068,4,4,293,972,293,0,73.25,146.5,972,0,243.0,486.0,251.938432222,1.5932865279,717295.428571429,1889323.36838305,5001855,5,19213,6404.3333333333,9451.1225435571,17271,99,5021063,1673687.66666667,2882515.91691448,5002119,1945,0,0,0,0,136,136,0.7966432639,0.7966432639,0,972,140.5555555556,326.5023396207,106603.777777778,0,0,0,1,0,0,0,0,1,158.125,73.25,243.0,0,0,0,0,0,0,4,293,4,972,26883,219,1,32,0.0,0.0,0,0,0.0,0.0,0,0,DoS attacks-GoldenEye
80,6,15/02/2018 09:38:32,1975162,2,0,0,0,0,0,0.0,0.0,0,0,0.0,0.0,0.0,1.012575171,1975162.0,0.0,1975162,1975162,1975162,1975162.0,0.0,1975162,1975162,0,0.0,0.0,0,0,0,0,0,0,64,0,1.012575171,0.0,0,0,0.0,0.0,0.0,0,0,0,0,1,0,0,0,0,0.0,0.0,0.0,0,0,0,0,0,0,2,0,0,0,226,-1,0,32,0.0,0.0,0,0,0.0,0.0,0,0,DoS attacks-GoldenEye
80,6,15/02/2018 09:56:00,1976912,2,0,0,0,0,0,0.0,0.0,0,0,0.0,0.0,0.0,1.0116788203,1976912.0,0.0,1976912,1976912,1976912,1976912.0,0.0,1976912,1976912,0,0.0,0.0,0,0,0,0,0,0,64,0,1.0116788203,0.0,0,0,0.0,0.0,0.0,0,0,0,0,1,0,0,0,0,0.0,0.0,0.0,0,0,0,0,0,0,2,0,0,0,221,-1,0,32,0.0,0.0,0,0,0.0,0.0,0,0,DoS attacks-GoldenEye
80,6,15/02/2018 09:53:49,11743954,4,4,547,972,547,0,136.75,273.5,972,0,243.0,486.0,129.3431496751,0.6812015783,1677707.71428571,2907207.64351572,6736804,4,6741003,2247001.0,3888555.7373939,6737118,294,11743950,3914650.0,3495975.54316145,6736804,3887,0,0,0,0,136,136,0.3406007891,0.3406007891,0,972,168.7777777778,351.3580003991,123452.444444444,0,0,0,1,0,0,0,0,1,189.875,136.75,243.0,0,0,0,0,0,0,4,547,4,972,26883,219,1,32,3891.0,0.0,3891,3891,6736804.0,0.0,6736804,6736804,DoS attacks-GoldenEye
80,6,15/02/2018 09:50:34,11991914,4,4,396,972,396,0,99.0,198.0,972,0,243.0,486.0,114.0768687968,0.6671161918,1713130.57142857,2981315.41512209,6990076,6,6990714,2330238.0,4035830.80413637,6990414,22,11991907,3997302.33333333,3601472.41347096,6990076,299,0,0,0,0,136,136,0.3335580959,0.3335580959,0,972,152.0,334.2274674529,111708.0,0,0,0,1,0,0,0,0,1,171.0,99.0,243.0,0,0,0,0,0,0,4,396,4,972,26883,219,1,32,306.0,0.0,306,306,6990076.0,0.0,6990076,6990076,DoS attacks-GoldenEye
80,6,15/02/2018 09:39:23,5003214,4,4,400,662,400,0,100.0,200.0,662,0,165.5,331.0,212.2635569856,1.5989721807,714744.857142857,1890612.50490887,5002251,6,963,321.0,290.4703082933,629,52,5003208,1667736.0,2888012.85628631,5002526,341,0,0,0,0,136,136,0.7994860903,0.7994860903,0,662,118.0,243.1378209987,59116.0,0,0,0,1,0,0,0,0,1,132.75,100.0,165.5,0,0,0,0,0,0,4,400,4,662,26883,219,1,32,0.0,0.0,0,0,0.0,0.0,0,0,DoS attacks-GoldenEye
80,6,15/02/2018 09:50:10,43056284,2,0,0,0,0,0,0.0,0.0,0,0,0.0,0.0,0.0,0.046450827,43056284.0,0.0,43056284,43056284,43056284,43056284.0,0.0,43056284,43056284,0,0.0,0.0,0,0,0,0,0,0,64,0,0.046450827,0.0,0,0,0.0,0.0,0.0,0,0,0,0,1,0,0,0,0,0.0,0.0,0.0,0,0,0,0,0,0,2,0,0,0,226,-1,0,32,0.0,0.0,0,0,43056284.0,0.0,43056284,43056284,DoS attacks-GoldenEye
80,6,15/02/2018 09:40:19,11344055,4,4,367,972,367,0,91.75,183.5,972,0,243.0,486.0,118.0353938693,0.7052151986,1620579.28571429,2791995.89127478,6333302,4,6339593,2113197.66666667,3654953.24871021,6333573,311,11344051,3781350.33333333,3336331.95286595,6333302,6021,0,0,0,0,136,136,0.3526075993,0.3526075993,0,972,148.7777777778,331.7113872698,110032.444444444,0,0,0,1,0,0,0,0,1,167.375,91.75,243.0,0,0,0,0,0,0,4,367,4,972,26883,219,1,32,6025.0,0.0,6025,6025,6333302.0,0.0,6333302,6333302,DoS attacks-GoldenEye
80,6,15/02/2018 09:38:13,11764307,4,4,445,662,445,0,111.25,222.5,662,0,165.5,331.0,94.0981903991,0.6800230562,1680615.28571429,2914173.76348401,6761472,3,6763485,2254495.0,3903425.9543095,6761783,264,11764304,3921434.66666667,3506839.62042953,6761472,1703,0,0,0,0,136,136,0.3400115281,0.3400115281,0,662,123.0,250.0269985422,62513.5,0,0,0,1,0,0,0,0,1,138.375,111.25,165.5,0,0,0,0,0,0,4,445,4,662,26883,219,1,32,1706.0,0.0,1706,1706,6761472.0,0.0,6761472,6761472,DoS attacks-GoldenEye
80,6,15/02/2018 09:56:23,5038847,4,4,272,972,272,0,68.0,136.0,972,0,243.0,486.0,246.881875953,1.5876647971,719835.285714286,1888873.59358532,5003297,5,35550,11850.0,20219.5558556562,35197,40,5038842,1679614.0,2878678.76123474,5003566,354,0,0,0,0,136,136,0.7938323986,0.7938323986,0,972,138.2222222222,325.3497263629,105852.444444444,0,0,0,1,0,0,0,0,1,155.5,68.0,243.0,0,0,0,0,0,0,4,272,4,972,26883,219,1,32,0.0,0.0,0,0,0.0,0.0,0,0,DoS attacks-GoldenEye
80,6,15/02/2018 09:55:53,1935485,2,0,0,0,0,0,0.0,0.0,0,0,0.0,0.0,0.0,1.0333327306,1935485.0,0.0,1935485,1935485,1935485,1935485.0,0.0,1935485,1935485,0,0.0,0.0,0,0,0,0,0,0,64,0,1.0333327306,0.0,0,0,0.0,0.0,0.0,0,0,0,0,1,0,0,0,0,0.0,0.0,0.0,0,0,0,0,0,0,2,0,0,0,221,-1,0,32,0.0,0.0,0,0,0.0,0.0,0,0,DoS attacks-GoldenEye
80,6,15/02/2018 09:51:37,11960796,4,4,449,972,449,0,112.25,224.5,972,0,243.0,486.0,118.8048019547,0.6688518055,1708685.14285714,2971804.77330961,6955829,3,6956456,2318818.66666667,4016046.74213652,6956150,36,11960793,3986931.0,3587707.65690684,6955829,307,0,0,0,0,136,136,0.3344259028,0.3344259028,0,972,157.8888888889,339.4894860097,115253.111111111,0,0,0,1,0,0,0,0,1,177.625,112.25,243.0,0,0,0,0,0,0,4,449,4,972,26883,219,1,32,310.0,0.0,310,310,6955829.0,0.0,6955829,6955829,DoS attacks-GoldenEye
80,6,15/02/2018 09:37:48,1021834,5,3,502,972,502,0,100.4,224.501224941,972,0,324.0,561.1844616523,1442.504359808,7.8290602975,145976.285714286,346615.646185952,928125,3,1021834,255458.5,450570.092308622,928125,237,93398,46699.0,65118.8776930315,92745,653,0,0,0,0,168,104,4.8931626859,2.9358976115,0,972,163.7777777778,345.5755263968,119422.444444444,0,0,0,1,0,0,0,0,0,184.25,100.4,324.0,0,0,0,0,0,0,5,502,3,972,26883,219,1,32,0.0,0.0,0,0,0.0,0.0,0,0,DoS attacks-GoldenEye
80,6,15/02/2018 09:39:09,11745704,4,4,441,972,441,0,110.25,220.5,972,0,243.0,486.0,120.2993026216,0.6811000856,1677957.71428571,2909012.46663833,6741293,4,6741917,2247305.66666667,3892185.19073262,6741614,39,11745700,3915233.33333333,3499923.71939309,6741293,303,0,0,0,0,136,136,0.3405500428,0.3405500428,0,972,157.0,338.6414032572,114678.0,0,0,0,1,0,0,0,0,1,176.625,110.25,243.0,0,0,0,0,0,0,4,441,4,972,26883,219,1,32,307.0,0.0,307,307,6741293.0,0.0,6741293,6741293,DoS attacks-GoldenEye
80,6,15/02/2018 09:51:30,7003063,5,3,353,662,353,0,70.6,157.8663992115,662,0,220.6666666667,382.2058782035,144.9365798937,1.14235728,1000437.57142857,2638905.16114473,6984894,7,7003063,1750765.75,3489627.0191261,6985192,60,6985283,3492641.5,4938790.84873135,6984894,389,0,0,0,0,168,104,0.7139733,0.42838398,0,662,112.7777777778,236.744470779,56047.9444444444,0,0,0,1,0,0,0,0,0,126.875,70.6,220.6666666667,0,0,0,0,0,0,5,353,3,662,26883,219,1,32,396.0,0.0,396,396,6984894.0,0.0,6984894,6984894,DoS attacks-GoldenEye
80,6,15/02/2018 09:51:03,38320774,13,4,3042,662,338,0,234.0,162.3699479584,662,0,165.5,331.0,96.6577553992,0.4436236074,2395048.375,3643196.50559538,13055918,24,33318021,2776501.75,3969687.42277965,13055918,418,37297878,12432626.0,12076753.3418396,26367445,5003063,0,0,0,0,432,136,0.3392415821,0.1043820253,0,662,205.7777777778,203.533363519,41425.8300653595,0,0,0,1,0,0,0,0,0,217.8823529412,234.0,165.5,0,0,0,0,0,0,13,3042,4,662,26883,219,9,32,3839251.5,5429439.51627463,7678445,58,8546402.66666667,3922307.06113141,13055918,5927370,DoS attacks-GoldenEye
80,6,15/02/2018 09:30:08,11990974,4,4,335,972,335,0,83.75,167.5,972,0,243.0,486.0,108.9986518193,0.6671684886,1712996.28571429,2980826.34939607,6987017,4,6987571,2329190.33333333,4034039.57443731,6987298,25,11990970,3996990.0,3600516.14320211,6987017,273,0,0,0,0,136,136,0.3335842443,0.3335842443,0,972,145.2222222222,329.2422276143,108400.444444444,0,0,0,1,0,0,0,0,1,163.375,83.75,243.0,0,0,0,0,0,0,4,335,4,972,26883,219,1,32,277.0,0.0,277,277,6987017.0,0.0,6987017,6987017,DoS attacks-GoldenEye
80,6,15/02/2018 09:56:02,6848320,5,3,377,972,377,0,75.4,168.5995255035,972,0,324.0,561.1844616523,196.9826176347,1.1681697117,978331.428571429,2510305.7523244,6669192,4,6848320,1712080.0,3306014.7098856,6669517,311,6670195,3335097.5,4715121.66013354,6669192,1003,0,0,0,0,168,104,0.7301060698,0.4380636419,0,972,149.8888888889,332.5494115333,110589.111111111,0,0,0,1,0,0,0,0,0,168.625,75.4,324.0,0,0,0,0,0,0,5,377,3,972,26883,219,1,32,1007.0,0.0,1007,1007,6669192.0,0.0,6669192,6669192,DoS attacks-GoldenEye
80,6,15/02/2018 09:51:37,11956896,4,4,422,972,422,0,105.5,211.0,972,0,243.0,486.0,116.5854415728,0.669069966,1708128.0,2970704.66504374,6952635,3,6953368,2317789.33333333,4014191.13746423,6952978,115,11956893,3985631.0,3586227.48478899,6952635,391,0,0,0,0,136,136,0.334534983,0.334534983,0,972,154.8888888889,336.7032983371,113369.111111111,0,0,0,1,0,0,0,0,1,174.25,105.5,243.0,0,0,0,0,0,0,4,422,4,972,26883,219,1,32,394.0,0.0,394,394,6952635.0,0.0,6952635,6952635,DoS attacks-GoldenEye
80,6,15/02/2018 09:52:31,1814634,2,0,0,0,0,0,0.0,0.0,0,0,0.0,0.0,0.0,1.1021506265,1814634.0,0.0,1814634,1814634,1814634,1814634.0,0.0,1814634,1814634,0,0.0,0.0,0,0,0,0,0,0,64,0,1.1021506265,0.0,0,0,0.0,0.0,0.0,0,0,0,0,1,0,0,0,0,0.0,0.0,0.0,0,0,0,0,0,0,2,0,0,0,221,-1,0,32,0.0,0.0,0,0,0.0,0.0,0,0,DoS attacks-GoldenEye
80,6,15/02/2018 09:39:23,5001314,4,4,369,662,369,0,92.25,184.5,662,0,165.5,331.0,206.1458248772,1.5995796305,714473.428571429,1889709.61976312,4999932,7,1382,460.6666666667,485.2384293657,988,33,5001307,1667102.33333333,2886630.3931817,5000296,395,0,0,0,0,136,136,0.7997898152,0.7997898152,0,662,114.5555555556,238.8247846807,57037.2777777778,0,0,0,1,0,0,0,0,1,128.875,92.25,165.5,0,0,0,0,0,0,4,369,4,662,26883,219,1,32,0.0,0.0,0,0,0.0,0.0,0,0,DoS attacks-GoldenEye
80,6,15/02/2018 09:28:08,5004353,4,4,334,972,334,0,83.5,167.0,972,0,243.0,486.0,260.9727970829,1.5986082517,714907.571428572,1890880.74449429,5003022,7,1331,443.6666666667,488.8704668246,988,42,5004346,1668115.33333333,2888356.38518126,5003302,344,0,0,0,0,136,136,0.7993041258,0.7993041258,0,972,145.1111111111,329.1703375323,108353.111111111,0,0,0,1,0,0,0,0,1,163.25,83.5,243.0,0,0,0,0,0,0,4,334,4,972,26883,219,1,32,0.0,0.0,0,0,0.0,0.0,0,0,DoS attacks-GoldenEye
80,6,15/02/2018 09:55:18,16116414,2,0,0,0,0,0,0.0,0.0,0,0,0.0,0.0,0.0,0.1240970851,16116414.0,0.0,16116414,16116414,16116414,16116414.0,0.0,16116414,16116414,0,0.0,0.0,0,0,0,0,0,0,64,0,0.1240970851,0.0,0,0,0.0,0.0,0.0,0,0,0,0,1,0,0,0,0,0.0,0.0,0.0,0,0,0,0,0,0,2,0,0,0,226,-1,0,32,0.0,0.0,0,0,16116414.0,0.0,16116414,16116414,DoS attacks-GoldenEye
80,6,15/02/2018 09:40:03,9531555,2,0,0,0,0,0,0.0,0.0,0,0,0.0,0.0,0.0,0.209829351,9531555.0,0.0,9531555,9531555,9531555,9531555.0,0.0,9531555,9531555,0,0.0,0.0,0,0,0,0,0,0,64,0,0.209829351,0.0,0,0,0.0,0.0,0.0,0,0,0,0,1,0,0,0,0,0.0,0.0,0.0,0,0,0,0,0,0,2,0,0,0,226,-1,0,32,0.0,0.0,0,0,9531555.0,0.0,9531555,9531555,DoS attacks-GoldenEye
80,6,15/02/2018 09:51:23,5004832,4,4,438,972,438,0,109.5,219.0,972,0,243.0,486.0,281.7277383137,1.5984552528,714976.0,1890807.36615729,5002924,5,1908,636.0,294.5097621472,940,352,5004827,1668275.66666667,2888144.82230451,5003218,315,0,0,0,0,136,136,0.7992276264,0.7992276264,0,972,156.6666666667,338.3282429831,114466.0,0,0,0,1,0,0,0,0,1,176.25,109.5,243.0,0,0,0,0,0,0,4,438,4,972,26883,219,1,32,0.0,0.0,0,0,0.0,0.0,0,0,DoS attacks-GoldenEye
80,6,15/02/2018 09:29:03,1939498,2,0,0,0,0,0,0.0,0.0,0,0,0.0,0.0,0.0,1.03119467,1939498.0,0.0,1939498,1939498,1939498,1939498.0,0.0,1939498,1939498,0,0.0,0.0,0,0,0,0,0,0,64,0,1.03119467,0.0,0,0,0.0,0.0,0.0,0,0,0,0,1,0,0,0,0,0.0,0.0,0.0,0,0,0,0,0,0,2,0,0,0,226,-1,0,32,0.0,0.0,0,0,0.0,0.0,0,0,DoS attacks-GoldenEye
80,6,15/02/2018 09:56:09,280654,5,3,346,662,346,0,69.2,154.735904043,662,0,220.6666666667,382.2058782035,3591.6110228253,28.5048493875,40093.4285714286,71666.2569667138,178180,4,280654,70163.5,86486.6367577481,178180,263,102165,51082.5,71426.9772879967,101589,576,0,0,0,0,168,104,17.8155308672,10.6893185203,0,662,112.0,235.8664876577,55633.0,0,0,0,1,0,0,0,0,0,126.0,69.2,220.6666666667,0,0,0,0,0,0,5,346,3,662,26883,219,1,32,0.0,0.0,0,0,0.0,0.0,0,0,DoS attacks-GoldenEye
80,6,15/02/2018 09:38:48,5033027,4,4,418,972,418,0,104.5,209.0,972,0,243.0,486.0,276.1757487095,1.589500712,719003.857142857,1888698.97464299,5002108,6,30919,10306.3333333333,17530.5140921005,30548,27,5033021,1677673.66666667,2881384.49248002,5004772,373,0,0,0,0,136,136,0.794750356,0.794750356,0,972,154.4444444444,336.30905099,113103.777777778,0,0,0,1,0,0,0,0,1,173.75,104.5,243.0,0,0,0,0,0,0,4,418,4,972,26883,219,1,32,0.0,0.0,0,0,0.0,0.0,0,0,DoS attacks-GoldenEye
80,6,15/02/2018 09:39:28,1379765,2,0,0,0,0,0,0.0,0.0,0,0,0.0,0.0,0.0,1.4495222012,1379765.0,0.0,1379765,1379765,1379765,1379765.0,0.0,1379765,1379765,0,0.0,0.0,0,0,0,0,0,0,64,0,1.4495222012,0.0,0,0,0.0,0.0,0.0,0,0,0,0,1,0,0,0,0,0.0,0.0,0.0,0,0,0,0,0,0,2,0,0,0,226,-1,0,32,0.0,0.0,0,0,0.0,0.0,0,0,DoS attacks-GoldenEye
80,6,15/02/2018 09:53:24,87931,5,3,506,972,506,0,101.2,226.290079323,972,0,324.0,561.1844616523,16808.6340426016,90.9804278355,12561.5714285714,32728.9171623359,86783,6,87931,21982.75,43200.8462060255,86783,136,776,388.0,67.8822509939,436,340,0,0,0,0,168,104,56.8627673972,34.1176604383,0,972,164.2222222222,346.0671097409,119762.444444444,0,0,0,1,0,0,0,0,0,184.75,101.2,324.0,0,0,0,0,0,0,5,506,3,972,26883,219,1,32,0.0,0.0,0,0,0.0,0.0,0,0,DoS attacks-GoldenEye
80,6,15/02/2018 09:54:02,287055,5,3,342,972,342,0,68.4,152.947049661,972,0,324.0,561.1844616523,4577.5199874589,27.8692236679,41007.8571428571,108093.208308738,286140,6,287055,71763.75,142917.689556787,286140,24,572,286.0,52.3259018078,323,249,0,0,0,0,168,104,17.4182647925,10.4509588755,0,972,146.0,329.7544541018,108738.0,0,0,0,1,0,0,0,0,0,164.25,68.4,324.0,0,0,0,0,0,0,5,342,3,972,26883,219,1,32,0.0,0.0,0,0,0.0,0.0,0,0,DoS attacks-GoldenEye
80,6,15/02/2018 09:38:04,888662,2,0,0,0,0,0,0.0,0.0,0,0,0.0,0.0,0.0,2.2505744591,888662.0,0.0,888662,888662,888662,888662.0,0.0,888662,888662,0,0.0,0.0,0,0,0,0,0,0,64,0,2.2505744591,0.0,0,0,0.0,0.0,0.0,0,0,0,0,1,0,0,0,0,0.0,0.0,0.0,0,0,0,0,0,0,2,0,0,0,221,-1,0,32,0.0,0.0,0,0,0.0,0.0,0,0,DoS attacks-GoldenEye
80,6,15/02/2018 09:29:33,7002505,5,3,438,972,438,0,87.6,195.879554829,972,0,324.0,561.1844616523,201.3565145616,1.1424483096,1000357.85714286,2633717.18217709,6973019,3,7002505,1750626.25,3481805.85350317,6973297,314,6973701,3486850.5,4930186.77341787,6973019,682,0,0,0,0,168,104,0.7140301935,0.4284181161,0,972,156.6666666667,338.3282429831,114466.0,0,0,0,1,0,0,0,0,0,176.25,87.6,324.0,0,0,0,0,0,0,5,438,3,972,26883,219,1,32,685.0,0.0,685,685,6973019.0,0.0,6973019,6973019,DoS attacks-GoldenEye
80,6,15/02/2018 09:28:42,102730842,2,1,464,0,464,0,232.0,328.0975464706,0,0,0.0,0.0,4.5166572274,0.0292025252,51365421.0,72641673.6009902,102730841,1,102730841,102730841.0,0.0,102730841,102730841,0,0.0,0.0,0,0,0,0,0,0,64,20,0.0194683501,0.0097341751,0,464,116.0,232.0,53824.0,0,0,0,0,1,0,0,0,0,154.6666666667,232.0,0.0,0,0,0,0,0,0,2,464,1,0,226,0,1,32,0.0,0.0,0,0,102730841.0,0.0,102730841,102730841,DoS attacks-GoldenEye
80,6,15/02/2018 09:29:10,9008325,2,0,0,0,0,0,0.0,0.0,0,0,0.0,0.0,0.0,0.2220168566,9008325.0,0.0,9008325,9008325,9008325,9008325.0,0.0,9008325,9008325,0,0.0,0.0,0,0,0,0,0,0,64,0,0.2220168566,0.0,0,0,0.0,0.0,0.0,0,0,0,0,1,0,0,0,0,0.0,0.0,0.0,0,0,0,0,0,0,2,0,0,0,226,-1,0,32,0.0,0.0,0,0,9008325.0,0.0,9008325,9008325,DoS attacks-GoldenEye
80,6,15/02/2018 09:56:10,18369741,10,4,2625,662,375,0,262.5,181.1422093274,662,0,165.5,331.0,178.9355658308,0.7621228846,1413057.0,2211261.25995976,6691682,9,13365433,1485048.11111111,2228954.11740902,6691958,351,18369725,6123241.66666667,968836.555246721,6691682,5004575,0,0,0,0,328,136,0.544373489,0.2177493956,0,662,219.1333333333,223.9782727558,50166.2666666667,0,0,0,1,0,0,0,0,0,234.7857142857,262.5,165.5,0,0,0,0,0,0,10,2625,4,662,26883,219,7,32,6673484.0,0.0,6673484,6673484,6691682.0,0.0,6691682,6691682,DoS attacks-GoldenEye
80,6,15/02/2018 09:55:18,1940711,2,0,0,0,0,0,0.0,0.0,0,0,0.0,0.0,0.0,1.0305501437,1940711.0,0.0,1940711,1940711,1940711,1940711.0,0.0,1940711,1940711,0,0.0,0.0,0,0,0,0,0,0,64,0,1.0305501437,0.0,0,0,0.0,0.0,0.0,0,0,0,0,1,0,0,0,0,0.0,0.0,0.0,0,0,0,0,0,0,2,0,0,0,226,-1,0,32,0.0,0.0,0,0,0.0,0.0,0,0,DoS attacks-GoldenEye
80,6,15/02/2018 09:38:19,5097746,4,4,387,662,387,0,96.75,193.5,662,0,165.5,331.0,205.7772199713,1.5693210293,728249.428571429,1885980.93159094,5004540,6,93206,31068.6666666667,53484.5385352939,92827,25,5097740,1699246.66666667,2863124.20047128,5004870,381,0,0,0,0,136,136,0.7846605147,0.7846605147,0,662,116.5555555556,241.2846405758,58218.2777777778,0,0,0,1,0,0,0,0,1,131.125,96.75,165.5,0,0,0,0,0,0,4,387,4,662,26883,219,1,32,0.0,0.0,0,0,0.0,0.0,0,0,DoS attacks-GoldenEye
80,6,15/02/2018 09:52:39,43312888,2,0,0,0,0,0,0.0,0.0,0,0,0.0,0.0,0.0,0.0461756325,43312888.0,0.0,43312888,43312888,43312888,43312888.0,0.0,43312888,43312888,0,0.0,0.0,0,0,0,0,0,0,64,0,0.0461756325,0.0,0,0,0.0,0.0,0.0,0,0,0,0,1,0,0,0,0,0.0,0.0,0.0,0,0,0,0,0,0,2,0,0,0,226,-1,0,32,0.0,0.0,0,0,43312888.0,0.0,43312888,43312888,DoS attacks-GoldenEye
80,6,15/02/2018 09:53:32,9002463,2,0,0,0,0,0,0.0,0.0,0,0,0.0,0.0,0.0,0.222161424,9002463.0,0.0,9002463,9002463,9002463,9002463.0,0.0,9002463,9002463,0,0.0,0.0,0,0,0,0,0,0,64,0,0.222161424,0.0,0,0,0.0,0.0,0.0,0,0,0,0,1,0,0,0,0,0.0,0.0,0.0,0,0,0,0,0,0,2,0,0,0,221,-1,0,32,0.0,0.0,0,0,9002463.0,0.0,9002463,9002463,DoS attacks-GoldenEye
80,6,15/02/2018 09:56:55,11598060,4,4,329,662,329,0,82.25,164.5,662,0,165.5,331.0,85.4453244767,0.6897705306,1656865.71428571,2866359.89084261,6595296,3,6596599,2198866.33333333,3807688.24925076,6595606,320,11598057,3866019.0,3440733.54917654,6595296,994,0,0,0,0,136,136,0.3448852653,0.3448852653,0,662,110.1111111111,233.8174739217,54670.6111111111,0,0,0,1,0,0,0,0,1,123.875,82.25,165.5,0,0,0,0,0,0,4,329,4,662,26883,219,1,32,997.0,0.0,997,997,6595296.0,0.0,6595296,6595296,DoS attacks-GoldenEye
80,6,15/02/2018 09:54:52,11580014,4,4,409,662,409,0,102.25,204.5,662,0,165.5,331.0,92.4869348172,0.6908454515,1654287.71428571,2861164.82772639,6574817,3,6575412,2191804.0,3796046.55654103,6575101,26,11580011,3860003.66666667,3433523.52442638,6574817,313,0,0,0,0,136,136,0.3454227257,0.3454227257,0,662,119.0,244.4575627793,59759.5,0,0,0,1,0,0,0,0,1,133.875,102.25,165.5,0,0,0,0,0,0,4,409,4,662,26883,219,1,32,316.0,0.0,316,316,6574817.0,0.0,6574817,6574817,DoS attacks-GoldenEye
80,6,15/02/2018 09:27:54,11961495,4,4,371,972,371,0,92.75,185.5,972,0,243.0,486.0,112.2769352828,0.6688127195,1708785.0,2972044.70375464,6959426,2,6961064,2320354.66666667,4017921.69869727,6959851,280,11961493,3987164.33333333,3588153.71664793,6959426,1215,0,0,0,0,136,136,0.3344063597,0.3344063597,0,972,149.2222222222,332.0428352554,110252.444444444,0,0,0,1,0,0,0,0,1,167.875,92.75,243.0,0,0,0,0,0,0,4,371,4,972,26883,219,1,32,1217.0,0.0,1217,1217,6959426.0,0.0,6959426,6959426,DoS attacks-GoldenEye
80,6,15/02/2018 09:54:57,39247549,2,0,0,0,0,0,0.0,0.0,0,0,0.0,0.0,0.0,0.0509585962,39247549.0,0.0,39247549,39247549,39247549,39247549.0,0.0,39247549,39247549,0,0.0,0.0,0,0,0,0,0,0,64,0,0.0509585962,0.0,0,0,0.0,0.0,0.0,0,0,0,0,1,0,0,0,0,0.0,0.0,0.0,0,0,0,0,0,0,2,0,0,0,226,-1,0,32,0.0,0.0,0,0,39247549.0,0.0,39247549,39247549,DoS attacks-GoldenEye
80,6,15/02/2018 09:50:34,117226,5,3,365,662,365,0,73.0,163.2329623575,662,0,220.6666666667,382.2058782035,8760.8551004044,68.244246157,16746.5714285714,30718.6558942995,78562,6,117226,29306.5,37552.1026530695,78823,23,78851,39425.5,55347.3690838146,78562,289,0,0,0,0,168,104,42.6526538481,25.5915923089,0,662,114.1111111111,238.2952183975,56784.6111111111,0,0,0,1,0,0,0,0,0,128.375,73.0,220.6666666667,0,0,0,0,0,0,5,365,3,662,26883,219,1,32,0.0,0.0,0,0,0.0,0.0,0,0,DoS attacks-GoldenEye
80,6,15/02/2018 09:38:13,11768638,4,4,502,972,502,0,125.5,251.0,972,0,243.0,486.0,125.2481383147,0.6797727995,1681234.0,2914757.77358863,6761624,3,6764525,2254841.66666667,3903266.12190065,6761945,253,11768635,3922878.33333333,3506918.31568207,6761624,2582,0,0,0,0,136,136,0.3398863998,0.3398863998,0,972,163.7777777778,345.5755263968,119422.444444444,0,0,0,1,0,0,0,0,1,184.25,125.5,243.0,0,0,0,0,0,0,4,502,4,972,26883,219,1,32,2585.0,0.0,2585,2585,6761624.0,0.0,6761624,6761624,DoS attacks-GoldenEye
80,6,15/02/2018 09:29:12,6850654,5,3,473,662,473,0,94.6,211.5320306715,662,0,220.6666666667,382.2058782035,165.6776126776,1.1677717193,978664.857142857,2584253.96845443,6839195,4,6850654,1712663.5,3417887.36669311,6839489,21,6839527,3419763.5,4835806.40290578,6839195,332,0,0,0,0,168,104,0.7298573246,0.4379143947,0,662,126.1111111111,254.6656849894,64854.6111111111,0,0,0,1,0,0,0,0,0,141.875,94.6,220.6666666667,0,0,0,0,0,0,5,473,3,662,26883,219,1,32,337.0,0.0,337,337,6839195.0,0.0,6839195,6839195,DoS attacks-GoldenEye
80,6,15/02/2018 09:28:44,25777402,12,4,2360,972,295,0,196.6666666667,145.2479593556,972,0,243.0,486.0,129.2605049958,0.6206987035,1718493.46666667,2430416.46855633,6655867,3,20772591,1888417.36363636,2504493.62042359,6655867,441,24759395,8253131.66666667,4414869.48068256,13279928,5005185,0,0,0,0,400,136,0.4655240276,0.1551746759,0,972,196.0,248.4844059493,61744.5,0,0,0,1,0,0,0,0,0,208.25,196.6666666667,243.0,0,0,0,0,0,0,12,2360,4,972,26883,219,8,32,3821034.0,5403729.82081747,7642048,20,6565074.5,128399.984861759,6655867,6474282,DoS attacks-GoldenEye
80,6,15/02/2018 09:54:03,5003475,4,4,514,662,514,0,128.5,257.0,662,0,165.5,331.0,235.0366495286,1.5988887723,714782.142857143,1890678.0832476,5002437,7,1038,346.0,342.7010358899,714,36,5003468,1667822.66666667,2888152.57513524,5002774,325,0,0,0,0,136,136,0.7994443862,0.7994443862,0,662,130.6666666667,261.9102899849,68597.0,0,0,0,1,0,0,0,0,1,147.0,128.5,165.5,0,0,0,0,0,0,4,514,4,662,26883,219,1,32,0.0,0.0,0,0,0.0,0.0,0,0,DoS attacks-GoldenEye
80,6,15/02/2018 09:40:17,2497866,2,0,0,0,0,0,0.0,0.0,0,0,0.0,0.0,0.0,0.8006834634,2497866.0,0.0,2497866,2497866,2497866,2497866.0,0.0,2497866,2497866,0,0.0,0.0,0,0,0,0,0,0,64,0,0.8006834634,0.0,0,0,0.0,0.0,0.0,0,0,0,0,1,0,0,0,0,0.0,0.0,0.0,0,0,0,0,0,0,2,0,0,0,221,-1,0,32,0.0,0.0,0,0,0.0,0.0,0,0,DoS attacks-GoldenEye
80,6,15/02/2018 09:53:35,6770555,5,3,376,662,376,0,75.2,168.152311908,662,0,220.6666666667,382.2058782035,153.3109176426,1.1815870339,967222.142857143,2536773.1349652,6719939,6,6770555,1692638.75,3351796.09603581,6720220,287,6721733,3360866.5,4750445.8864945,6719939,1794,0,0,0,0,168,104,0.7384918962,0.4430951377,0,662,115.3333333333,239.7665531303,57488.0,0,0,0,1,0,0,0,0,0,129.75,75.2,220.6666666667,0,0,0,0,0,0,5,376,3,662,26883,219,1,32,1805.0,0.0,1805,1805,6719939.0,0.0,6719939,6719939,DoS attacks-GoldenEye
80,6,15/02/2018 09:51:02,7020633,5,3,463,662,463,0,92.6,207.0598947165,662,0,220.6666666667,382.2058782035,160.2419610881,1.13949839,1002947.57142857,2633468.58536917,6974973,6,7020633,1755158.25,3480181.77292771,6975335,33,6975340,3487670.0,4931791.19870438,6974973,367,0,0,0,0,168,104,0.7121864937,0.4273118962,0,662,125.0,252.9792481608,63998.5,0,0,0,1,0,0,0,0,0,140.625,92.6,220.6666666667,0,0,0,0,0,0,5,463,3,662,26883,219,1,32,373.0,0.0,373,373,6974973.0,0.0,6974973,6974973,DoS attacks-GoldenEye
80,6,15/02/2018 09:51:00,96003147,2,1,474,0,474,0,237.0,335.1686142824,0,0,0.0,0.0,4.9373381479,0.0312489756,48001573.5,67884470.6020947,96003143,4,96003143,96003143.0,0.0,96003143,96003143,0,0.0,0.0,0,0,0,0,0,0,64,20,0.0208326504,0.0104163252,0,474,118.5,237.0,56169.0,0,0,0,0,1,0,0,0,0,158.0,237.0,0.0,0,0,0,0,0,0,2,474,1,0,221,0,1,32,0.0,0.0,0,0,96003143.0,0.0,96003143,96003143,DoS attacks-GoldenEye
80,6,15/02/2018 09:39:49,9270080,2,0,0,0,0,0,0.0,0.0,0,0,0.0,0.0,0.0,0.2157478684,9270080.0,0.0,9270080,9270080,9270080,9270080.0,0.0,9270080,9270080,0,0.0,0.0,0,0,0,0,0,0,64,0,0.2157478684,0.0,0,0,0.0,0.0,0.0,0,0,0,0,1,0,0,0,0,0.0,0.0,0.0,0,0,0,0,0,0,2,0,0,0,226,-1,0,32,0.0,0.0,0,0,9270080.0,0.0,9270080,9270080,DoS attacks-GoldenEye
80,6,15/02/2018 09:29:24,1955162,2,0,0,0,0,0,0.0,0.0,0,0,0.0,0.0,0.0,1.022933138,1955162.0,0.0,1955162,1955162,1955162,1955162.0,0.0,1955162,1955162,0,0.0,0.0,0,0,0,0,0,0,64,0,1.022933138,0.0,0,0,0.0,0.0,0.0,0,0,0,0,1,0,0,0,0,0.0,0.0,0.0,0,0,0,0,0,0,2,0,0,0,221,-1,0,32,0.0,0.0,0,0,0.0,0.0,0,0,DoS attacks-GoldenEye
80,6,15/02/2018 09:54:29,9024953,2,0,0,0,0,0,0.0,0.0,0,0,0.0,0.0,0.0,0.2216078023,9024953.0,0.0,9024953,9024953,9024953,9024953.0,0.0,9024953,9024953,0,0.0,0.0,0,0,0,0,0,0,64,0,0.2216078023,0.0,0,0,0.0,0.0,0.0,0,0,0,0,1,0,0,0,0,0.0,0.0,0.0,0,0,0,0,0,0,2,0,0,0,221,-1,0,32,0.0,0.0,0,0,9024953.0,0.0,9024953,9024953,DoS attacks-GoldenEye
80,6,15/02/2018 09:28:51,11379581,4,4,481,972,481,0,120.25,240.5,972,0,243.0,486.0,127.6848418233,0.703013582,1625654.42857143,2804282.99354053,6376040,2,6376642,2125547.33333333,3681280.58249535,6376324,2,11379577,3793192.33333333,3355678.94111674,6376040,318,0,0,0,0,136,136,0.351506791,0.351506791,0,972,161.4444444444,343.0681824037,117695.777777778,0,0,0,1,0,0,0,0,1,181.625,120.25,243.0,0,0,0,0,0,0,4,481,4,972,26883,219,1,32,322.0,0.0,322,322,6376040.0,0.0,6376040,6376040,DoS attacks-GoldenEye
80,6,15/02/2018 09:55:48,6993328,5,3,460,662,460,0,92.0,205.71825393,662,0,220.6666666667,382.2058782035,160.4386352249,1.1439474882,999046.857142857,2633089.10646433,6970302,3,6993328,1748332.0,3481557.80831637,6970645,43,6970589,3485294.5,4928544.87147195,6970302,287,0,0,0,0,168,104,0.7149671801,0.4289803081,0,662,124.6666666667,252.4797021545,63746.0,0,0,0,1,0,0,0,0,0,140.25,92.0,220.6666666667,0,0,0,0,0,0,5,460,3,662,26883,219,1,32,290.0,0.0,290,290,6970302.0,0.0,6970302,6970302,DoS attacks-GoldenEye
80,6,15/02/2018 09:51:09,5049420,4,4,467,662,467,0,116.75,233.5,662,0,165.5,331.0,223.5900360834,1.5843403797,721345.714285714,1888636.74495342,5004215,7,45205,15068.3333333333,25817.1119479568,44879,35,5049413,1683137.66666667,2877324.5887029,5005492,326,0,0,0,0,136,136,0.7921701898,0.7921701898,0,662,125.4444444444,253.6499118426,64338.2777777778,0,0,0,1,0,0,0,0,1,141.125,116.75,165.5,0,0,0,0,0,0,4,467,4,662,26883,219,1,32,0.0,0.0,0,0,0.0,0.0,0,0,DoS attacks-GoldenEye
80,6,15/02/2018 09:29:19,5010658,4,4,394,662,394,0,98.5,197.0,662,0,165.5,331.0,210.7507636722,1.5965966945,715808.285714286,1891146.00455991,5004523,5,6135,2045.0,2224.2778603403,4613,723,5010653,1670217.66666667,2887904.34669958,5004882,1524,0,0,0,0,136,136,0.7982983472,0.7982983472,0,662,117.3333333333,242.27463755,58697.0,0,0,0,1,0,0,0,0,1,132.0,98.5,165.5,0,0,0,0,0,0,4,394,4,662,26883,219,1,32,0.0,0.0,0,0,0.0,0.0,0,0,DoS attacks-GoldenEye
80,6,15/02/2018 09:29:48,11303552,4,4,428,662,428,0,107.0,214.0,662,0,165.5,331.0,96.4298655856,0.7077421327,1614793.14285714,2782880.20927937,6299870,4,6300446,2100148.66666667,3637332.96701035,6300179,23,11303548,3767849.33333333,3326590.44073077,6299870,268,0,0,0,0,136,136,0.3538710664,0.3538710664,0,662,121.1111111111,247.340071786,61177.1111111111,0,0,0,1,0,0,0,0,1,136.25,107.0,165.5,0,0,0,0,0,0,4,428,4,662,26883,219,1,32,272.0,0.0,272,272,6299870.0,0.0,6299870,6299870,DoS attacks-GoldenEye
80,6,15/02/2018 09:55:55,7088216,5,3,286,972,286,0,57.2,127.903088313,972,0,324.0,561.1844616523,177.477661516,1.1286337775,1012602.28571429,2624616.85925316,6963755,2,7088216,1772054.0,3461837.33040486,6964073,2,6964036,3482018.0,4923919.68601621,6963755,281,0,0,0,0,168,104,0.705396111,0.4232376666,0,972,139.7777777778,326.1018927336,106342.444444444,0,0,0,1,0,0,0,0,0,157.25,57.2,324.0,0,0,0,0,0,0,5,286,3,972,26883,219,1,32,284.0,0.0,284,284,6963755.0,0.0,6963755,6963755,DoS attacks-GoldenEye
80,6,15/02/2018 09:30:55,2081898,2,0,0,0,0,0,0.0,0.0,0,0,0.0,0.0,0.0,0.9606618576,2081898.0,0.0,2081898,2081898,2081898,2081898.0,0.0,2081898,2081898,0,0.0,0.0,0,0,0,0,0,0,64,0,0.9606618576,0.0,0,0,0.0,0.0,0.0,0,0,0,0,1,0,0,0,0,0.0,0.0,0.0,0,0,0,0,0,0,2,0,0,0,226,-1,0,32,0.0,0.0,0,0,0.0,0.0,0,0,DoS attacks-GoldenEye
80,6,15/02/2018 09:40:05,5002936,4,4,384,662,384,0,96.0,192.0,662,0,165.5,331.0,209.0772298506,1.5990610314,714705.142857143,1890479.65183622,5001910,6,1026,342.0,325.4612112065,677,27,5002930,1667643.33333333,2887854.08498323,5002250,329,0,0,0,0,136,136,0.7995305157,0.7995305157,0,662,116.2222222222,240.8660300757,58016.4444444445,0,0,0,1,0,0,0,0,1,130.75,96.0,165.5,0,0,0,0,0,0,4,384,4,662,26883,219,1,32,0.0,0.0,0,0,0.0,0.0,0,0,DoS attacks-GoldenEye
80,6,15/02/2018 09:50:31,1922553,2,0,0,0,0,0,0.0,0.0,0,0,0.0,0.0,0.0,1.0402834148,1922553.0,0.0,1922553,1922553,1922553,1922553.0,0.0,1922553,1922553,0,0.0,0.0,0,0,0,0,0,0,64,0,1.0402834148,0.0,0,0,0.0,0.0,0.0,0,0,0,0,1,0,0,0,0,0.0,0.0,0.0,0,0,0,0,0,0,2,0,0,0,226,-1,0,32,0.0,0.0,0,0,0.0,0.0,0,0,DoS attacks-GoldenEye
80,6,15/02/2018 09:39:07,6862150,8,4,1716,972,429,0,214.5,229.3101455609,972,0,243.0,486.0,391.7139671969,1.7487230678,623831.818181818,1484811.20307983,5001800,3,1860350,265764.285714286,368568.528424821,1023170,399,5838977,1946325.66666667,2678538.40791136,5002165,4942,0,0,0,0,272,136,1.1658153786,0.5829076893,0,972,206.7692307692,306.2069435981,93762.6923076923,0,0,0,1,0,0,0,0,0,224.0,214.5,243.0,0,0,0,0,0,0,8,1716,4,972,26883,219,4,32,0.0,0.0,0,0,0.0,0.0,0,0,DoS attacks-GoldenEye
80,6,15/02/2018 09:51:37,5006221,4,4,626,662,626,0,156.5,313.0,662,0,165.5,331.0,257.2798923579,1.5980117538,715174.428571429,1890697.16801024,5002872,6,3349,1116.3333333333,1651.3098841021,3017,34,5006215,1668738.33333333,2887675.06891276,5003138,334,0,0,0,0,136,136,0.7990058769,0.7990058769,0,662,143.1111111111,284.1198886229,80724.1111111111,0,0,0,1,0,0,0,0,1,161.0,156.5,165.5,0,0,0,0,0,0,4,626,4,662,26883,220,1,32,0.0,0.0,0,0,0.0,0.0,0,0,DoS attacks-GoldenEye
80,6,15/02/2018 09:51:21,16007295,2,0,0,0,0,0,0.0,0.0,0,0,0.0,0.0,0.0,0.1249430338,16007295.0,0.0,16007295,16007295,16007295,16007295.0,0.0,16007295,16007295,0,0.0,0.0,0,0,0,0,0,0,64,0,0.1249430338,0.0,0,0,0.0,0.0,0.0,0,0,0,0,1,0,0,0,0,0.0,0.0,0.0,0,0,0,0,0,0,2,0,0,0,221,-1,0,32,0.0,0.0,0,0,16007295.0,0.0,16007295,16007295,DoS attacks-GoldenEye
80,6,15/02/2018 09:39:51,11447193,4,4,390,972,390,0,97.5,195.0,972,0,243.0,486.0,118.9811336281,0.6988612842,1635313.28571429,2823447.18269439,6443975,5,6444588,2148196.0,3720536.06930923,6444301,22,11447188,3815729.33333333,3381915.98126629,6443975,287,0,0,0,0,136,136,0.3494306421,0.3494306421,0,972,151.3333333333,333.6854806551,111346.0,0,0,0,1,0,0,0,0,1,170.25,97.5,243.0,0,0,0,0,0,0,4,390,4,972,26883,219,1,32,292.0,0.0,292,292,6443975.0,0.0,6443975,6443975,DoS attacks-GoldenEye
80,6,15/02/2018 09:51:49,1947523,2,0,0,0,0,0,0.0,0.0,0,0,0.0,0.0,0.0,1.0269455098,1947523.0,0.0,1947523,1947523,1947523,1947523.0,0.0,1947523,1947523,0,0.0,0.0,0,0,0,0,0,0,64,0,1.0269455098,0.0,0,0,0.0,0.0,0.0,0,0,0,0,1,0,0,0,0,0.0,0.0,0.0,0,0,0,0,0,0,2,0,0,0,226,-1,0,32,0.0,0.0,0,0,0.0,0.0,0,0,DoS attacks-GoldenEye
80,6,15/02/2018 09:52:10,2077582,2,0,0,0,0,0,0.0,0.0,0,0,0.0,0.0,0.0,0.9626575509,2077582.0,0.0,2077582,2077582,2077582,2077582.0,0.0,2077582,2077582,0,0.0,0.0,0,0,0,0,0,0,64,0,0.9626575509,0.0,0,0,0.0,0.0,0.0,0,0,0,0,1,0,0,0,0,0.0,0.0,0.0,0,0,0,0,0,0,2,0,0,0,226,-1,0,32,0.0,0.0,0,0,0.0,0.0,0,0,DoS attacks-GoldenEye
80,6,15/02/2018 09:54:08,1491358,2,0,0,0,0,0,0.0,0.0,0,0,0.0,0.0,0.0,1.3410596249,1491358.0,0.0,1491358,1491358,1491358,1491358.0,0.0,1491358,1491358,0,0.0,0.0,0,0,0,0,0,0,64,0,1.3410596249,0.0,0,0,0.0,0.0,0.0,0,0,0,0,1,0,0,0,0,0.0,0.0,0.0,0,0,0,0,0,0,2,0,0,0,226,-1,0,32,0.0,0.0,0,0,0.0,0.0,0,0,DoS attacks-GoldenEye
80,6,15/02/2018 09:51:02,5031434,4,4,452,972,452,0,113.0,226.0,972,0,243.0,486.0,283.0207054291,1.5900039631,718776.285714286,1889838.36826695,5004470,7,26964,8988.0,15304.8481534447,26660,35,5031427,1677142.33333333,2881918.11922031,5004861,306,0,0,0,0,136,136,0.7950019815,0.7950019815,0,972,158.2222222222,339.8123665267,115472.444444444,0,0,0,1,0,0,0,0,1,178.0,113.0,243.0,0,0,0,0,0,0,4,452,4,972,26883,219,1,32,0.0,0.0,0,0,0.0,0.0,0,0,DoS attacks-GoldenEye
80,6,15/02/2018 09:53:46,22988920,2,0,0,0,0,0,0.0,0.0,0,0,0.0,0.0,0.0,0.0869984323,22988920.0,0.0,22988920,22988920,22988920,22988920.0,0.0,22988920,22988920,0,0.0,0.0,0,0,0,0,0,0,64,0,0.0869984323,0.0,0,0,0.0,0.0,0.0,0,0,0,0,1,0,0,0,0,0.0,0.0,0.0,0,0,0,0,0,0,2,0,0,0,221,-1,0,32,0.0,0.0,0,0,22988920.0,0.0,22988920,22988920,DoS attacks-GoldenEye
80,6,15/02/2018 09:50:03,49898436,2,0,0,0,0,0,0.0,0.0,0,0,0.0,0.0,0.0,0.0400814166,49898436.0,0.0,49898436,49898436,49898436,49898436.0,0.0,49898436,49898436,0,0.0,0.0,0,0,0,0,0,0,64,0,0.0400814166,0.0,0,0,0.0,0.0,0.0,0,0,0,0,1,0,0,0,0,0.0,0.0,0.0,0,0,0,0,0,0,2,0,0,0,226,-1,0,32,0.0,0.0,0,0,49898436.0,0.0,49898436,49898436,DoS attacks-GoldenEye
80,6,15/02/2018 09:38:05,5113001,4,4,340,662,340,0,85.0,170.0,662,0,165.5,331.0,195.9710158476,1.5646388491,730428.714285714,1885229.87855926,5004790,3,108211,36070.3333333333,61223.9143663106,106764,309,5112998,1704332.66666667,2859123.82756192,5005209,1448,0,0,0,0,136,136,0.7823194245,0.7823194245,0,662,111.3333333333,235.129751414,55286.0,0,0,0,1,0,0,0,0,1,125.25,85.0,165.5,0,0,0,0,0,0,4,340,4,662,26883,219,1,32,0.0,0.0,0,0,0.0,0.0,0,0,DoS attacks-GoldenEye
80,6,15/02/2018 09:51:16,5030927,4,4,369,662,369,0,92.25,184.5,662,0,165.5,331.0,204.9324110646,1.5901641984,718703.857142857,1888664.95375838,5001726,5,29201,9733.6666666667,16580.7300904795,28879,48,5030922,1676974.0,2879628.8146532,5002043,325,0,0,0,0,136,136,0.7950820992,0.7950820992,0,662,114.5555555556,238.8247846807,57037.2777777778,0,0,0,1,0,0,0,0,1,128.875,92.25,165.5,0,0,0,0,0,0,4,369,4,662,26883,219,1,32,0.0,0.0,0,0,0.0,0.0,0,0,DoS attacks-GoldenEye
80,6,15/02/2018 09:55:20,5002950,4,4,499,662,499,0,124.75,249.5,662,0,165.5,331.0,232.0630827812,1.5990565566,714707.142857143,1890519.33659867,5002002,6,948,316.0,286.3197513271,621,53,5002944,1667648.0,2887877.75632488,5002282,328,0,0,0,0,136,136,0.7995282783,0.7995282783,0,662,129.0,259.1997299381,67184.5,0,0,0,1,0,0,0,0,1,145.125,124.75,165.5,0,0,0,0,0,0,4,499,4,662,26883,219,1,32,0.0,0.0,0,0,0.0,0.0,0,0,DoS attacks-GoldenEye
80,6,15/02/2018 09:55:13,5018075,4,4,253,972,253,0,63.25,126.5,972,0,243.0,486.0,244.1175151826,1.5942368338,716867.857142857,1889479.67032685,5001785,6,16290,5430.0,9134.0722572137,15976,24,5018069,1672689.66666667,2883396.11678336,5002137,317,0,0,0,0,136,136,0.7971184169,0.7971184169,0,972,136.1111111111,324.4335234083,105257.111111111,0,0,0,1,0,0,0,0,1,153.125,63.25,243.0,0,0,0,0,0,0,4,253,4,972,26883,219,1,32,0.0,0.0,0,0,0.0,0.0,0,0,DoS attacks-GoldenEye
80,6,15/02/2018 09:37:52,12001969,4,4,498,972,498,0,124.5,249.0,972,0,243.0,486.0,122.4799030892,0.6665572957,1714567.0,2984032.53288571,6999004,6,7000087,2333362.33333333,4040807.5615043,6999285,376,12001963,4000654.33333333,3604990.08306546,6999004,804,0,0,0,0,136,136,0.3332786479,0.3332786479,0,972,163.3333333333,345.0883944731,119086.0,0,0,0,1,0,0,0,0,1,183.75,124.5,243.0,0,0,0,0,0,0,4,498,4,972,26883,219,1,32,810.0,0.0,810,810,6999004.0,0.0,6999004,6999004,DoS attacks-GoldenEye
80,6,15/02/2018 09:50:53,102971960,2,1,412,0,412,0,206.0,291.3279938489,0,0,0.0,0.0,4.0010892286,0.0291341449,51485980.0,72812168.3596428,102971958,2,102971958,102971958.0,0.0,102971958,102971958,0,0.0,0.0,0,0,0,0,0,0,64,20,0.0194227632,0.0097113816,0,412,103.0,206.0,42436.0,0,0,0,0,1,0,0,0,0,137.3333333333,206.0,0.0,0,0,0,0,0,0,2,412,1,0,226,0,1,32,0.0,0.0,0,0,102971958.0,0.0,102971958,102971958,DoS attacks-GoldenEye
80,6,15/02/2018 09:50:17,36035464,2,0,0,0,0,0,0.0,0.0,0,0,0.0,0.0,0.0,0.055500881,36035464.0,0.0,36035464,36035464,36035464,36035464.0,0.0,36035464,36035464,0,0.0,0.0,0,0,0,0,0,0,64,0,0.055500881,0.0,0,0,0.0,0.0,0.0,0,0,0,0,1,0,0,0,0,0.0,0.0,0.0,0,0,0,0,0,0,2,0,0,0,226,-1,0,32,0.0,0.0,0,0,36035464.0,0.0,36035464,36035464,DoS attacks-GoldenEye
80,6,15/02/2018 09:51:23,11816341,4,4,358,972,358,0,89.5,179.0,972,0,243.0,486.0,112.5559934332,0.6770285319,1688048.71428571,2929373.01715445,6810611,4,6811394,2270464.66666667,3932141.86966751,6810911,180,11816335,3938778.33333333,3528098.32886802,6810611,481,0,0,0,0,136,136,0.338514266,0.338514266,0,972,147.7777777778,330.984054668,109550.444444444,0,0,0,1,0,0,0,0,1,166.25,89.5,243.0,0,0,0,0,0,0,4,358,4,972,26883,219,1,32,487.0,0.0,487,487,6810611.0,0.0,6810611,6810611,DoS attacks-GoldenEye
80,6,15/02/2018 09:55:18,16222767,2,0,0,0,0,0,0.0,0.0,0,0,0.0,0.0,0.0,0.1232835311,16222767.0,0.0,16222767,16222767,16222767,16222767.0,0.0,16222767,16222767,0,0.0,0.0,0,0,0,0,0,0,64,0,0.1232835311,0.0,0,0,0.0,0.0,0.0,0,0,0,0,1,0,0,0,0,0.0,0.0,0.0,0,0,0,0,0,0,2,0,0,0,226,-1,0,32,0.0,0.0,0,0,16222767.0,0.0,16222767,16222767,DoS attacks-GoldenEye
80,6,15/02/2018 09:30:48,9243782,2,0,0,0,0,0,0.0,0.0,0,0,0.0,0.0,0.0,0.216361658,9243782.0,0.0,9243782,9243782,9243782,9243782.0,0.0,9243782,9243782,0,0.0,0.0,0,0,0,0,0,0,64,0,0.216361658,0.0,0,0,0.0,0.0,0.0,0,0,0,0,1,0,0,0,0,0.0,0.0,0.0,0,0,0,0,0,0,2,0,0,0,226,-1,0,32,0.0,0.0,0,0,9243782.0,0.0,9243782,9243782,DoS attacks-GoldenEye
80,6,15/02/2018 09:50:45,2225621,2,0,0,0,0,0,0.0,0.0,0,0,0.0,0.0,0.0,0.8986255971,2225621.0,0.0,2225621,2225621,2225621,2225621.0,0.0,2225621,2225621,0,0.0,0.0,0,0,0,0,0,0,64,0,0.8986255971,0.0,0,0,0.0,0.0,0.0,0,0,0,0,1,0,0,0,0,0.0,0.0,0.0,0,0,0,0,0,0,2,0,0,0,221,-1,0,32,0.0,0.0,0,0,0.0,0.0,0,0,DoS attacks-GoldenEye
80,6,15/02/2018 09:53:46,16002674,2,0,0,0,0,0,0.0,0.0,0,0,0.0,0.0,0.0,0.1249791129,16002674.0,0.0,16002674,16002674,16002674,16002674.0,0.0,16002674,16002674,0,0.0,0.0,0,0,0,0,0,0,64,0,0.1249791129,0.0,0,0,0.0,0.0,0.0,0,0,0,0,1,0,0,0,0,0.0,0.0,0.0,0,0,0,0,0,0,2,0,0,0,226,-1,0,32,0.0,0.0,0,0,16002674.0,0.0,16002674,16002674,DoS attacks-GoldenEye
80,6,15/02/2018 09:39:37,18732132,10,4,2695,972,385,0,269.5,185.9726682428,972,0,243.0,486.0,195.759884673,0.7473788889,1440933.23076923,2264428.77912154,6898932,4,13729145,1525460.55555556,2306378.58514393,6899280,243,18732128,6244042.66666667,1075060.46347605,6898932,5003310,0,0,0,0,328,136,0.5338420635,0.2135368254,0,972,244.4666666667,278.5036205629,77564.2666666667,0,0,0,1,0,0,0,0,0,261.9285714286,269.5,243.0,0,0,0,0,0,0,10,2695,4,972,26883,219,7,32,6829890.0,0.0,6829890,6829890,6898932.0,0.0,6898932,6898932,DoS attacks-GoldenEye
80,6,15/02/2018 09:52:33,219021,5,3,494,972,494,0,98.8,220.923516177,972,0,324.0,561.1844616523,6693.4220919455,36.5261778551,31288.7142857143,59250.5814478201,154494,4,219021,54755.25,72943.599734658,154494,291,64232,32116.0,44559.0409232515,63624,608,0,0,0,0,168,104,22.8288611594,13.6973166957,0,972,162.8888888889,344.6057328471,118753.111111111,0,0,0,1,0,0,0,0,0,183.25,98.8,324.0,0,0,0,0,0,0,5,494,3,972,26883,219,1,32,0.0,0.0,0,0,0.0,0.0,0,0,DoS attacks-GoldenEye
80,6,15/02/2018 09:38:18,1938491,2,0,0,0,0,0,0.0,0.0,0,0,0.0,0.0,0.0,1.0317303511,1938491.0,0.0,1938491,1938491,1938491,1938491.0,0.0,1938491,1938491,0,0.0,0.0,0,0,0,0,0,0,64,0,1.0317303511,0.0,0,0,0.0,0.0,0.0,0,0,0,0,1,0,0,0,0,0.0,0.0,0.0,0,0,0,0,0,0,2,0,0,0,221,-1,0,32,0.0,0.0,0,0,0.0,0.0,0,0,DoS attacks-GoldenEye
80,6,15/02/2018 09:29:40,11978990,4,4,366,972,366,0,91.5,183.0,972,0,243.0,486.0,111.6955603102,0.6678359361,1711284.28571429,2977101.27476458,6974258,4,6975194,2325064.66666667,4026602.7240842,6974585,298,11978986,3992995.33333333,3595096.43712951,6974258,610,0,0,0,0,136,136,0.333917968,0.333917968,0,972,148.6666666667,331.6293111292,109978.0,0,0,0,1,0,0,0,0,1,167.25,91.5,243.0,0,0,0,0,0,0,4,366,4,972,26883,219,1,32,614.0,0.0,614,614,6974258.0,0.0,6974258,6974258,DoS attacks-GoldenEye
80,6,15/02/2018 09:50:48,5006169,4,4,408,662,408,0,102.0,204.0,662,0,165.5,331.0,213.7362921627,1.5980283526,715167.0,1890782.80036074,5003059,6,3110,1036.6666666667,1224.3750786966,2449,275,5006163,1668721.0,2887836.28869488,5003307,662,0,0,0,0,136,136,0.7990141763,0.7990141763,0,662,118.8888888889,244.3094576784,59687.1111111111,0,0,0,1,0,0,0,0,1,133.75,102.0,165.5,0,0,0,0,0,0,4,408,4,662,26883,219,1,32,0.0,0.0,0,0,0.0,0.0,0,0,DoS attacks-GoldenEye
80,6,15/02/2018 09:53:24,139081,5,3,453,972,453,0,90.6,202.5877587615,972,0,324.0,561.1844616523,10245.8279707509,57.5204377305,19868.7142857143,33395.4875131071,76757,3,139081,34770.25,39402.1042278624,76757,384,62005,31002.5,40526.4109501446,59659,2346,0,0,0,0,168,104,35.9502735816,21.5701641489,0,972,158.3333333333,339.9205789593,115546.0,0,0,0,1,0,0,0,0,0,178.125,90.6,324.0,0,0,0,0,0,0,5,453,3,972,26883,219,1,32,0.0,0.0,0,0,0.0,0.0,0,0,DoS attacks-GoldenEye
80,6,15/02/2018 09:53:24,3158924,5,3,292,972,292,0,58.4,130.586369886,972,0,324.0,561.1844616523,400.1362489253,2.5325079046,451274.857142857,1180184.90218559,3127578,3,3158924,789731.0,1558618.77235476,3127578,239,31066,15533.0,18323.9651276682,28490,2576,0,0,0,0,168,104,1.5828174404,0.9496904642,0,972,140.4444444444,326.4441418953,106565.777777778,0,0,0,1,0,0,0,0,0,158.0,58.4,324.0,0,0,0,0,0,0,5,292,3,972,26883,219,1,32,0.0,0.0,0,0,0.0,0.0,0,0,DoS attacks-GoldenEye
80,6,15/02/2018 09:54:17,11701497,10,4,2793,972,399,0,279.3,192.7353107243,972,0,243.0,486.0,321.753703821,1.1964281151,900115.153846154,1557485.65848693,5004850,3,6696647,744071.888888889,1096047.37173998,3295860,274,11701494,3900498.0,3419979.78265135,6631650,64726,0,0,0,0,328,136,0.8545915108,0.3418366043,0,972,251.0,282.1063629201,79584.0,0,0,0,1,0,0,0,0,0,268.9285714286,279.3,243.0,0,0,0,0,0,0,10,2793,4,972,26883,219,7,32,0.0,0.0,0,0,0.0,0.0,0,0,DoS attacks-GoldenEye
80,6,15/02/2018 09:54:53,10542424,4,4,429,662,429,0,107.25,214.5,662,0,165.5,331.0,103.4866364699,0.7588387642,1506060.57142857,2576145.82646854,5539277,4,5541114,1847038.0,3197845.59843217,5539592,326,10542420,3514140.0,3053870.88854932,5539277,1523,0,0,0,0,136,136,0.3794193821,0.3794193821,0,662,121.2222222222,247.4953422682,61253.9444444445,0,0,0,1,0,0,0,0,1,136.375,107.25,165.5,0,0,0,0,0,0,4,429,4,662,26883,219,1,32,1527.0,0.0,1527,1527,5539277.0,0.0,5539277,5539277,DoS attacks-GoldenEye
80,6,15/02/2018 09:55:06,11268934,4,4,318,972,318,0,79.5,159.0,972,0,243.0,486.0,114.4740043734,0.7099163062,1609847.71428571,2773132.01522957,6265491,10,6266289,2088763.0,3617422.75379365,6265803,151,11268922,3756307.33333333,3313330.80470277,6265491,484,0,0,0,0,136,136,0.3549581531,0.3549581531,0,972,143.3333333333,328.0640181428,107626.0,0,0,0,1,0,0,0,0,1,161.25,79.5,243.0,0,0,0,0,0,0,4,318,4,972,26883,219,1,32,496.0,0.0,496,496,6265491.0,0.0,6265491,6265491,DoS attacks-GoldenEye
80,6,15/02/2018 09:49:37,7007425,5,3,310,662,310,0,62.0,138.636214605,662,0,220.6666666667,382.2058782035,138.7100111667,1.1416461824,1001060.71428571,2625603.38773857,6955217,7,7007425,1751856.25,3469180.95644667,6955507,330,6956417,3478208.5,4917232.57718653,6955217,1200,0,0,0,0,168,104,0.713528864,0.4281173184,0,662,108.0,231.6700239565,53671.0,0,0,0,1,0,0,0,0,0,121.5,62.0,220.6666666667,0,0,0,0,0,0,5,310,3,662,26883,219,1,32,1207.0,0.0,1207,1207,6955217.0,0.0,6955217,6955217,DoS attacks-GoldenEye
80,6,15/02/2018 09:54:09,5010346,4,4,381,972,381,0,95.25,190.5,972,0,243.0,486.0,270.0412306855,1.5966961164,715763.714285714,1890594.09261028,5003225,7,7121,2373.6666666667,3380.385530281,6274,291,5010339,1670113.0,2886847.19890039,5003555,218,0,0,0,0,136,136,0.7983480582,0.7983480582,0,972,150.3333333333,332.8933763234,110818.0,0,0,0,1,0,0,0,0,1,169.125,95.25,243.0,0,0,0,0,0,0,4,381,4,972,26883,219,1,32,0.0,0.0,0,0,0.0,0.0,0,0,DoS attacks-GoldenEye
80,6,15/02/2018 09:55:18,16125532,2,0,0,0,0,0,0.0,0.0,0,0,0.0,0.0,0.0,0.1240269158,16125532.0,0.0,16125532,16125532,16125532,16125532.0,0.0,16125532,16125532,0,0.0,0.0,0,0,0,0,0,0,64,0,0.1240269158,0.0,0,0,0.0,0.0,0.0,0,0,0,0,1,0,0,0,0,0.0,0.0,0.0,0,0,0,0,0,0,2,0,0,0,226,-1,0,32,0.0,0.0,0,0,16125532.0,0.0,16125532,16125532,DoS attacks-GoldenEye
80,6,15/02/2018 09:50:19,68132,5,3,451,972,451,0,90.2,201.6933315705,972,0,324.0,561.1844616523,20885.92731756,117.4191275759,9733.1428571429,17633.8342912006,44948,7,68132,17033.0,21465.4860803725,44948,63,22876,11438.0,15710.4984644027,22547,329,0,0,0,0,168,104,73.3869547349,44.032172841,0,972,158.1111111111,339.7044467049,115399.111111111,0,0,0,1,0,0,0,0,0,177.875,90.2,324.0,0,0,0,0,0,0,5,451,3,972,26883,219,1,32,0.0,0.0,0,0,0.0,0.0,0,0,DoS attacks-GoldenEye
80,6,15/02/2018 11:00:12,100009363,5,4,246,0,230,0,49.2,101.1493944619,0,0,0.0,0.0,2.4597696918,0.0899915741,12501170.375,35354591.9589834,99999321,2,100009361,25002340.25,49997988.7003813,99999323,64,100009360,33336453.3333333,57731738.8080534,99999323,365,0,0,0,0,168,136,0.0499953189,0.0399962552,0,230,24.6,72.2467992371,5219.6,0,0,0,1,0,0,0,0,0,27.3333333333,49.2,0.0,0,0,0,0,0,0,5,246,4,0,26883,219,3,32,10040.0,0.0,10040,10040,99999321.0,0.0,99999321,99999321,DoS attacks-Slowloris
80,6,15/02/2018 11:25:41,107262407,15,3,2530,0,230,0,168.6666666667,105.2796728899,0,0,0.0,0.0,23.5870149735,0.1678127548,6309553.35294118,13459956.5197732,53247692,3,107262404,7661600.28571429,14554160.6060805,53247692,242,106239125,53119562.5,31284978.5754832,75241383,30997742,0,0,0,0,496,100,0.1398439623,0.0279687925,0,230,133.1578947368,116.6691729054,13611.6959064327,0,0,0,1,0,0,0,0,0,140.5555555556,168.6666666667,0.0,0,0,0,0,0,0,15,2530,3,0,26883,0,11,32,6026776.0,2336700.82646838,7679073,4374479,23802213.0,20610261.677262,53247692,6655960,DoS attacks-Slowloris
80,6,15/02/2018 11:32:46,108293626,15,3,2530,0,230,0,168.6666666667,105.2796728899,0,0,0.0,0.0,23.3624091597,0.1662147687,6370213.29411765,13528277.5027673,53223538,19,108293607,7735257.64285714,14625075.6470727,53223538,206,107267936,53633968.0,32009234.8174338,76267915,31000021,0,0,0,0,496,100,0.1385123073,0.0277024615,0,230,133.1578947368,116.6691729054,13611.6959064327,0,0,0,1,0,0,0,0,0,140.5555555556,168.6666666667,0.0,0,0,0,0,0,0,15,2530,3,0,26883,0,11,32,6047385.5,2705449.23468257,7960427,4134344,24049709.0,20577353.6712171,53223538,6655578,DoS attacks-Slowloris
80,6,15/02/2018 11:05:54,108094126,15,3,2530,0,230,0,168.6666666667,105.2796728899,0,0,0.0,0.0,23.4055271422,0.166521537,6358478.0,13511315.902151,53247509,1,108094125,7721008.92857143,14606673.4113702,53247509,359,107070860,53535430.0,31870350.5603274,76071171,30999689,0,0,0,0,496,100,0.1387679475,0.0277535895,0,230,133.1578947368,116.6691729054,13611.6959064327,0,0,0,1,0,0,0,0,0,140.5555555556,168.6666666667,0.0,0,0,0,0,0,0,15,2530,3,0,26883,0,11,32,6155889.5,2244808.76471928,7743209,4568570,23945586.5,20634791.4660677,53247509,6655840,DoS attacks-Slowloris
80,6,15/02/2018 11:14:22,108062773,15,3,2530,0,230,0,168.6666666667,105.2796728899,0,0,0.0,0.0,23.4123179497,0.166569851,6356633.70588235,13509372.9065988,53247750,3,108062770,7718769.28571429,14604684.8192841,53247750,424,107039579,53519789.5,31851908.5083673,76042490,30997089,0,0,0,0,496,100,0.1388082092,0.0277616418,0,230,133.1578947368,116.6691729054,13611.6959064327,0,0,0,1,0,0,0,0,0,140.5555555556,168.6666666667,0.0,0,0,0,0,0,0,15,2530,3,0,26883,0,11,32,6154521.5,2201687.97898896,7711350,4597693,23938431.75,20635447.0914335,53247750,6655720,DoS attacks-Slowloris
80,6,15/02/2018 11:17:10,3027716,3,0,0,0,0,0,0.0,0.0,0,0,0.0,0.0,0.0,0.990845905,1513858.0,710045.516969159,2015936,1011780,3027716,1513858.0,710045.516969159,2015936,1011780,0,0.0,0.0,0,0,0,0,0,0,120,0,0.990845905,0.0,0,0,0.0,0.0,0.0,0,0,0,1,0,0,0,0,0,0.0,0.0,0.0,0,0,0,0,0,0,3,0,0,0,26883,-1,0,40,0.0,0.0,0,0,0.0,0.0,0,0,DoS attacks-Slowloris
80,6,15/02/2018 11:28:57,107628972,15,3,2530,0,230,0,168.6666666667,105.2796728899,0,0,0.0,0.0,23.5066818254,0.1672412146,6331116.0,13482491.1827535,53245224,14,107628958,7687782.71428571,14577943.1828405,53245224,335,106601584,53300792.0,31539905.4193433,75602873,30998711,0,0,0,0,496,100,0.1393676788,0.0278735358,0,230,133.1578947368,116.6691729054,13611.6959064327,0,0,0,1,0,0,0,0,0,140.5555555556,168.6666666667,0.0,0,0,0,0,0,0,15,2530,3,0,26883,0,11,32,6040579.0,2462944.8427543,7782144,4299014,23886950.0,20599427.8830546,53245224,6644696,DoS attacks-Slowloris
80,6,15/02/2018 11:18:00,107675929,15,3,2530,0,230,0,168.6666666667,105.2796728899,0,0,0.0,0.0,23.4964306646,0.1671682814,6333878.17647059,13481163.1724836,53247545,24,107675905,7691136.07142857,14575344.8552523,53247545,423,106655339,53327669.5,31578419.4043942,75656984,30998355,0,0,0,0,496,100,0.1393069012,0.0278613802,0,230,133.1578947368,116.6691729054,13611.6959064327,0,0,0,1,0,0,0,0,0,140.5555555556,168.6666666667,0.0,0,0,0,0,0,0,15,2530,3,0,26883,0,11,32,6153764.0,2017753.24174637,7580531,4726997,23842094.25,20643314.2588985,53247545,6655941,DoS attacks-Slowloris
80,6,15/02/2018 11:17:35,105003339,2,2,16,0,8,8,8.0,0.0,0,0,0.0,0.0,0.1523761068,0.0380940267,35001113.0,60623702.5733579,105003335,2,105003337,105003337.0,0.0,105003337,105003337,105003337,105003337.0,0.0,105003337,105003337,1,0,0,0,64,64,0.0190470134,0.0190470134,0,8,4.8,4.38178046,19.2,0,1,0,0,1,0,0,0,1,6.0,8.0,0.0,0,0,0,0,0,0,2,16,2,0,211,219,1,32,2.0,0.0,2,2,105003335.0,0.0,105003335,105003335,DoS attacks-Slowloris
80,6,15/02/2018 11:39:19,116125106,2,2,16,0,8,8,8.0,0.0,0,0,0.0,0.0,0.1377824361,0.034445609,38708368.6666667,67044857.7446722,116125102,2,116125104,116125104.0,0.0,116125104,116125104,116125104,116125104.0,0.0,116125104,116125104,1,0,0,0,64,64,0.0172228045,0.0172228045,0,8,4.8,4.38178046,19.2,0,1,0,0,1,0,0,0,1,6.0,8.0,0.0,0,0,0,0,0,0,2,16,2,0,211,219,1,32,2.0,0.0,2,2,116125102.0,0.0,116125102,116125102,DoS attacks-Slowloris
80,6,15/02/2018 11:34:41,100014762,2,2,16,0,8,8,8.0,0.0,0,0,0.0,0.0,0.1599763843,0.0399940961,33338254.0,57743545.4335093,100014757,2,100014760,100014760.0,0.0,100014760,100014760,100014759,100014759.0,0.0,100014759,100014759,1,0,0,0,64,64,0.019997048,0.019997048,0,8,4.8,4.38178046,19.2,0,1,0,0,1,0,0,0,1,6.0,8.0,0.0,0,0,0,0,0,0,2,16,2,0,211,219,1,32,3.0,0.0,3,3,100014757.0,0.0,100014757,100014757,DoS attacks-Slowloris
80,6,15/02/2018 11:26:09,107910355,15,3,2530,0,230,0,168.6666666667,105.2796728899,0,0,0.0,0.0,23.4453866823,0.1668051226,6347667.94117647,13499914.5165957,53255752,2,107910353,7707882.35714286,14595010.2518645,53255752,177,106887454,53443727.0,31742852.1366117,75889313,30998141,0,0,0,0,496,100,0.1390042689,0.0278008538,0,230,133.1578947368,116.6691729054,13611.6959064327,0,0,0,1,0,0,0,0,0,140.5555555556,168.6666666667,0.0,0,0,0,0,0,0,15,2530,3,0,26883,0,11,32,6154953.5,1974538.41081416,7551163,4758744,23900111.5,20642409.7338017,53255752,6655585,DoS attacks-Slowloris
80,6,15/02/2018 11:25:51,108158799,2,2,16,0,8,8,8.0,0.0,0,0,0.0,0.0,0.1479306367,0.0369826592,36052933.0,62445507.3877496,108158794,2,108158796,108158796.0,0.0,108158796,108158796,108158797,108158797.0,0.0,108158797,108158797,1,0,0,0,64,64,0.0184913296,0.0184913296,0,8,4.8,4.38178046,19.2,0,1,0,0,1,0,0,0,1,6.0,8.0,0.0,0,0,0,0,0,0,2,16,2,0,211,219,1,32,2.0,0.0,2,2,108158794.0,0.0,108158794,108158794,DoS attacks-Slowloris
80,6,15/02/2018 11:07:46,106514537,15,3,2530,0,230,0,168.6666666667,105.2796728899,0,0,0.0,0.0,23.7526263669,0.1689910176,6265561.0,13397456.427444,53247534,2,106514535,7608181.07142857,14488363.4176492,53247534,187,105502985,52751492.5,30765537.9340235,74506013,30996972,0,0,0,0,496,100,0.140825848,0.0281651696,0,230,133.1578947368,116.6691729054,13611.6959064327,0,0,0,1,0,0,0,0,0,140.5555555556,168.6666666667,0.0,0,0,0,0,0,0,15,2530,3,0,26883,0,11,32,6148561.0,2193380.1814168,7699515,4597607,23554353.25,20677935.6294454,53247534,6656027,DoS attacks-Slowloris
80,6,15/02/2018 11:34:22,107923302,14,3,2380,0,238,0,170.0,110.3002894201,0,0,0.0,0.0,22.0526981282,0.1575192723,6745206.375,13958401.0966408,53244514,1,107923301,8301792.38461538,15150830.3817657,53244514,152,107923292,53961646.0,32472733.4130067,76923336,30999956,0,0,0,0,456,100,0.1297217537,0.0277975186,0,238,132.2222222222,120.7990823668,14592.4183006536,0,0,0,1,0,0,0,0,0,140.0,170.0,0.0,0,0,0,0,0,0,14,2380,3,0,26883,0,11,32,5515176.5,1819001.7890108,6801405,4228948,24223237.0,20575441.8728907,53244514,6662699,DoS attacks-Slowloris
80,6,15/02/2018 11:22:11,3047722,3,0,0,0,0,0,0.0,0.0,0,0,0.0,0.0,0.0,0.9843417477,1523861.0,695985.405732046,2015997,1031725,3047722,1523861.0,695985.405732046,2015997,1031725,0,0.0,0.0,0,0,0,0,0,0,120,0,0.9843417477,0.0,0,0,0.0,0.0,0.0,0,0,0,1,0,0,0,0,0,0.0,0.0,0.0,0,0,0,0,0,0,3,0,0,0,26883,-1,0,40,0.0,0.0,0,0,0.0,0.0,0,0,DoS attacks-Slowloris
80,6,15/02/2018 11:02:32,3023710,3,0,0,0,0,0,0.0,0.0,0,0,0.0,0.0,0.0,0.9921586396,1511855.0,712934.755277087,2015976,1007734,3023710,1511855.0,712934.755277087,2015976,1007734,0,0.0,0.0,0,0,0,0,0,0,120,0,0.9921586396,0.0,0,0,0.0,0.0,0.0,0,0,0,1,0,0,0,0,0,0.0,0.0,0.0,0,0,0,0,0,0,3,0,0,0,26883,-1,0,40,0.0,0.0,0,0,0.0,0.0,0,0,DoS attacks-Slowloris
80,6,15/02/2018 11:03:32,99999348,2,2,16,0,8,8,8.0,0.0,0,0,0.0,0.0,0.1600010432,0.0400002608,33333116.0,57734647.8885108,99999345,1,99999346,99999346.0,0.0,99999346,99999346,99999347,99999347.0,0.0,99999347,99999347,1,0,0,0,64,64,0.0200001304,0.0200001304,0,8,4.8,4.38178046,19.2,0,1,0,0,1,0,0,0,1,6.0,8.0,0.0,0,0,0,0,0,0,2,16,2,0,211,219,1,32,1.0,0.0,1,1,99999345.0,0.0,99999345,99999345,DoS attacks-Slowloris
80,6,15/02/2018 11:29:19,3079476,3,0,0,0,0,0,0.0,0.0,0,0,0.0,0.0,0.0,0.9741917131,1539738.0,724838.190831581,2052276,1027200,3079476,1539738.0,724838.190831581,2052276,1027200,0,0.0,0.0,0,0,0,0,0,0,120,0,0.9741917131,0.0,0,0,0.0,0.0,0.0,0,0,0,1,0,0,0,0,0,0.0,0.0,0.0,0,0,0,0,0,0,3,0,0,0,26883,-1,0,40,0.0,0.0,0,0,0.0,0.0,0,0,DoS attacks-Slowloris
80,6,15/02/2018 11:29:50,107598912,15,3,2530,0,230,0,168.6666666667,105.2796728899,0,0,0.0,0.0,23.5132489072,0.1672879369,6329347.76470588,13470500.3146423,53245428,2,107598910,7685636.42857143,14564117.433105,53245428,210,106571784,53285892.0,31517522.6612916,75572146,30999638,0,0,0,0,496,100,0.1394066141,0.0278813228,0,230,133.1578947368,116.6691729054,13611.6959064327,0,0,0,1,0,0,0,0,0,140.5555555556,168.6666666667,0.0,0,0,0,0,0,0,15,2530,3,0,26883,0,11,32,6172428.5,2253738.1091521,7766062,4578795,23813513.25,20647907.9044081,53245428,6648647,DoS attacks-Slowloris
80,6,15/02/2018 11:17:38,3019673,3,0,0,0,0,0,0.0,0.0,0,0,0.0,0.0,0.0,0.9934850562,1509836.5,715850.156535919,2016019,1003654,3019673,1509836.5,715850.156535919,2016019,1003654,0,0.0,0.0,0,0,0,0,0,0,120,0,0.9934850562,0.0,0,0,0.0,0.0,0.0,0,0,0,1,0,0,0,0,0,0.0,0.0,0.0,0,0,0,0,0,0,3,0,0,0,26883,-1,0,40,0.0,0.0,0,0,0.0,0.0,0,0,DoS attacks-Slowloris
80,6,15/02/2018 11:10:12,99999557,2,2,16,0,8,8,8.0,0.0,0,0,0.0,0.0,0.1600007088,0.0400001772,33333185.6666667,57734769.4207425,99999555,1,99999556,99999556.0,0.0,99999556,99999556,99999556,99999556.0,0.0,99999556,99999556,1,0,0,0,64,64,0.0200000886,0.0200000886,0,8,4.8,4.38178046,19.2,0,1,0,0,1,0,0,0,1,6.0,8.0,0.0,0,0,0,0,0,0,2,16,2,0,211,219,1,32,1.0,0.0,1,1,99999555.0,0.0,99999555,99999555,DoS attacks-Slowloris
80,6,15/02/2018 11:20:23,3039782,3,0,0,0,0,0,0.0,0.0,0,0,0.0,0.0,0.0,0.9869128773,1519891.0,700937.981627476,2015529,1024253,3039782,1519891.0,700937.981627476,2015529,1024253,0,0.0,0.0,0,0,0,0,0,0,120,0,0.9869128773,0.0,0,0,0.0,0.0,0.0,0,0,0,1,0,0,0,0,0,0.0,0.0,0.0,0,0,0,0,0,0,3,0,0,0,26883,-1,0,40,0.0,0.0,0,0,0.0,0.0,0,0,DoS attacks-Slowloris
80,6,15/02/2018 11:16:52,99999639,2,2,16,0,8,8,8.0,0.0,0,0,0.0,0.0,0.1600005776,0.0400001444,33333213.0,57734815.8974392,99999636,1,99999638,99999638.0,0.0,99999638,99999638,99999637,99999637.0,0.0,99999637,99999637,1,0,0,0,64,64,0.0200000722,0.0200000722,0,8,4.8,4.38178046,19.2,0,1,0,0,1,0,0,0,1,6.0,8.0,0.0,0,0,0,0,0,0,2,16,2,0,211,219,1,32,2.0,0.0,2,2,99999636.0,0.0,99999636,99999636,DoS attacks-Slowloris
80,6,15/02/2018 11:25:14,107229971,15,3,2530,0,230,0,168.6666666667,105.2796728899,0,0,0.0,0.0,23.594149811,0.1678635164,6307645.35294118,13447781.9549963,53247661,2,107229969,7659283.5,14540534.9571345,53247661,333,106207149,53103574.5,31262561.876306,75209544,30997605,0,0,0,0,496,100,0.1398862637,0.0279772527,0,230,133.1578947368,116.6691729054,13611.6959064327,0,0,0,1,0,0,0,0,0,140.5555555556,168.6666666667,0.0,0,0,0,0,0,0,15,2530,3,0,26883,0,11,32,6154402.5,2110382.10876147,7646668,4662137,23730291.0,20654907.4717054,53247661,6655975,DoS attacks-Slowloris
80,6,15/02/2018 11:05:32,108093629,15,3,2530,0,230,0,168.6666666667,105.2796728899,0,0,0.0,0.0,23.4056347576,0.1665223026,6358448.76470588,13511330.781739,53247396,12,108093617,7720972.64285714,14606692.7764951,53247396,369,107070901,53535450.5,31870586.0268855,76071358,30999543,0,0,0,0,496,100,0.1387685855,0.0277537171,0,230,133.1578947368,116.6691729054,13611.6959064327,0,0,0,1,0,0,0,0,0,140.5555555556,168.6666666667,0.0,0,0,0,0,0,0,15,2530,3,0,26883,0,11,32,6155518.5,2244755.02460391,7742800,4568237,23945645.0,20634728.0906677,53247396,6655887,DoS attacks-Slowloris
80,6,15/02/2018 11:07:52,2,1,1,8,0,8,8,8.0,0.0,0,0,0.0,0.0,4000000.0,1000000.0,2.0,0.0,2,2,0,0.0,0.0,0,0,0,0.0,0.0,0,0,1,0,0,0,32,32,500000.0,500000.0,0,8,5.3333333333,4.6188021535,21.3333333333,0,1,0,0,1,0,0,0,1,8.0,8.0,0.0,0,0,0,0,0,0,1,8,1,0,211,219,0,32,0.0,0.0,0,0,0.0,0.0,0,0,DoS attacks-Slowloris
80,6,15/02/2018 11:06:52,99999250,2,2,16,0,8,8,8.0,0.0,0,0,0.0,0.0,0.1600012,0.0400003,33333083.3333333,57734591.3081845,99999247,1,99999249,99999249.0,0.0,99999249,99999249,99999248,99999248.0,0.0,99999248,99999248,1,0,0,0,64,64,0.02000015,0.02000015,0,8,4.8,4.38178046,19.2,0,1,0,0,1,0,0,0,1,6.0,8.0,0.0,0,0,0,0,0,0,2,16,2,0,211,219,1,32,2.0,0.0,2,2,99999247.0,0.0,99999247,99999247,DoS attacks-Slowloris
80,6,15/02/2018 11:16:56,107934222,15,3,2530,0,230,0,168.6666666667,105.2796728899,0,0,0.0,0.0,23.4402023114,0.1667682378,6349071.88235294,13500373.814662,53247662,2,107934220,7709587.14285714,14595361.2844275,53247662,190,106911468,53455734.0,31759992.4049876,75913440,30998028,0,0,0,0,496,100,0.1389735315,0.0277947063,0,230,133.1578947368,116.6691729054,13611.6959064327,0,0,0,1,0,0,0,0,0,140.5555555556,168.6666666667,0.0,0,0,0,0,0,0,15,2530,3,0,26883,0,11,32,6154716.0,2019817.99354744,7582943,4726489,23906197.0,20637866.507423,53247662,6655805,DoS attacks-Slowloris
80,6,15/02/2018 11:41:37,8,2,0,0,0,0,0,0.0,0.0,0,0,0.0,0.0,0.0,250000.0,8.0,0.0,8,8,8,8.0,0.0,8,8,0,0.0,0.0,0,0,0,0,0,0,40,0,250000.0,0.0,0,0,0.0,0.0,0.0,1,0,0,0,0,0,0,0,0,0.0,0.0,0.0,0,0,0,0,0,0,2,0,0,0,0,-1,0,20,0.0,0.0,0,0,0.0,0.0,0,0,DoS attacks-Slowloris
80,6,15/02/2018 11:16:18,107199031,15,3,2530,0,230,0,168.6666666667,105.2796728899,0,0,0.0,0.0,23.600959602,0.1679119655,6305825.35294118,13445669.0475853,53247757,1,107199030,7657073.57142857,14538351.6918301,53247757,249,106175482,53087741.0,31240014.3623743,75177767,30997715,0,0,0,0,496,100,0.139926638,0.0279853276,0,230,133.1578947368,116.6691729054,13611.6959064327,0,0,0,1,0,0,0,0,0,140.5555555556,168.6666666667,0.0,0,0,0,0,0,0,15,2530,3,0,26883,0,11,32,6154792.5,2065712.75918035,7615472,4694113,23722361.25,20655852.9754857,53247757,6656006,DoS attacks-Slowloris
80,6,15/02/2018 11:20:40,107262553,15,3,2530,0,230,0,168.6666666667,105.2796728899,0,0,0.0,0.0,23.5869828681,0.1678125263,6309561.94117647,13459829.8461509,53247694,1,107262552,7661610.85714286,14554016.5723114,53247694,202,106239280,53119640.0,31282785.8373547,75239910,30999370,0,0,0,0,496,100,0.1398437719,0.0279687544,0,230,133.1578947368,116.6691729054,13611.6959064327,0,0,0,1,0,0,0,0,0,140.5555555556,168.6666666667,0.0,0,0,0,0,0,0,15,2530,3,0,26883,0,11,32,6027581.0,2335599.15410329,7679099,4376063,23801847.5,20610289.9229611,53247694,6656021,DoS attacks-Slowloris
80,6,15/02/2018 11:26:52,100023523,2,2,16,0,8,8,8.0,0.0,0,0,0.0,0.0,0.1599623721,0.039990593,33341174.3333333,57748603.5992177,100023518,2,100023521,100023521.0,0.0,100023521,100023521,100023520,100023520.0,0.0,100023520,100023520,1,0,0,0,64,64,0.0199952965,0.0199952965,0,8,4.8,4.38178046,19.2,0,1,0,0,1,0,0,0,1,6.0,8.0,0.0,0,0,0,0,0,0,2,16,2,0,211,219,1,32,3.0,0.0,3,3,100023518.0,0.0,100023518,100023518,DoS attacks-Slowloris
80,6,15/02/2018 11:38:01,106929937,14,3,2530,0,230,0,180.7142857143,97.9375221341,0,0,0.0,0.0,23.6603524792,0.1589826056,6683121.0625,13872437.6561545,53219318,2,106929935,8225379.61538462,15060993.6201437,53219318,313,106929934,53464967.0,31770543.8523765,75930134,30999800,0,0,0,0,456,100,0.1309268517,0.0280557539,0,230,140.5555555556,115.375204912,13311.4379084967,0,0,0,1,0,0,0,0,0,148.8235294118,180.7142857143,0.0,0,0,0,0,0,0,14,2530,3,0,26883,0,11,32,5530881.0,1857566.68574994,6844379,4217383,23967043.25,20579962.9929152,53219318,6652534,DoS attacks-Slowloris
80,6,15/02/2018 11:24:43,3031713,3,0,0,0,0,0,0.0,0.0,0,0,0.0,0.0,0.0,0.9895395771,1515856.5,707229.110659693,2015943,1015770,3031713,1515856.5,707229.110659693,2015943,1015770,0,0.0,0.0,0,0,0,0,0,0,120,0,0.9895395771,0.0,0,0,0.0,0.0,0.0,0,0,0,1,0,0,0,0,0,0.0,0.0,0.0,0,0,0,0,0,0,3,0,0,0,26883,-1,0,40,0.0,0.0,0,0,0.0,0.0,0,0,DoS attacks-Slowloris
80,6,15/02/2018 11:32:29,105167882,2,2,16,0,8,8,8.0,0.0,0,0,0.0,0.0,0.152137703,0.0380344258,35055960.6666667,60718703.250752,105167880,1,105167881,105167881.0,0.0,105167881,105167881,105167881,105167881.0,0.0,105167881,105167881,1,0,0,0,64,64,0.0190172129,0.0190172129,0,8,4.8,4.38178046,19.2,0,1,0,0,1,0,0,0,1,6.0,8.0,0.0,0,0,0,0,0,0,2,16,2,0,211,219,1,32,1.0,0.0,1,1,105167880.0,0.0,105167880,105167880,DoS attacks-Slowloris
80,6,15/02/2018 11:06:11,3047722,3,0,0,0,0,0,0.0,0.0,0,0,0.0,0.0,0.0,0.9843417477,1523861.0,695802.972182499,2015868,1031854,3047722,1523861.0,695802.972182499,2015868,1031854,0,0.0,0.0,0,0,0,0,0,0,120,0,0.9843417477,0.0,0,0,0.0,0.0,0.0,0,0,0,1,0,0,0,0,0,0.0,0.0,0.0,0,0,0,0,0,0,3,0,0,0,26883,-1,0,40,0.0,0.0,0,0,0.0,0.0,0,0,DoS attacks-Slowloris
80,6,15/02/2018 11:30:12,100001699,2,2,16,0,8,8,8.0,0.0,0,0,0.0,0.0,0.1599972816,0.0399993204,33333899.6666667,57736006.1050191,100001697,1,100001698,100001698.0,0.0,100001698,100001698,100001698,100001698.0,0.0,100001698,100001698,1,0,0,0,64,64,0.0199996602,0.0199996602,0,8,4.8,4.38178046,19.2,0,1,0,0,1,0,0,0,1,6.0,8.0,0.0,0,0,0,0,0,0,2,16,2,0,211,219,1,32,1.0,0.0,1,1,100001697.0,0.0,100001697,100001697,DoS attacks-Slowloris
80,6,15/02/2018 11:31:13,107356228,15,3,2530,0,230,0,168.6666666667,105.2796728899,0,0,0.0,0.0,23.5664017555,0.1676660994,6315072.23529412,13463994.8115837,53240264,15,107356213,7668300.92857143,14558092.5100872,53240264,332,106336361,53168180.5,31354518.2847722,75339173,30997188,0,0,0,0,496,100,0.1397217495,0.0279443499,0,230,133.1578947368,116.6691729054,13611.6959064327,0,0,0,1,0,0,0,0,0,140.5555555556,168.6666666667,0.0,0,0,0,0,0,0,15,2530,3,0,26883,0,11,32,6024363.5,2472685.23866514,7772816,4275911,23826871.5,20600844.2350179,53240264,6681033,DoS attacks-Slowloris
80,6,15/02/2018 11:17:35,105003514,2,2,16,0,8,8,8.0,0.0,0,0,0.0,0.0,0.1523758529,0.0380939632,35001171.3333333,60623803.609655,105003510,2,105003512,105003512.0,0.0,105003512,105003512,105003512,105003512.0,0.0,105003512,105003512,1,0,0,0,64,64,0.0190469816,0.0190469816,0,8,4.8,4.38178046,19.2,0,1,0,0,1,0,0,0,1,6.0,8.0,0.0,0,0,0,0,0,0,2,16,2,0,211,219,1,32,2.0,0.0,2,2,105003510.0,0.0,105003510,105003510,DoS attacks-Slowloris
80,6,15/02/2018 11:31:57,107484705,14,3,2530,0,230,0,180.7142857143,97.9375221341,0,0,0.0,0.0,23.5382327188,0.158162038,6717794.0625,13922531.61687,53251165,4,107484692,8268053.23076923,15113502.5299262,53251165,74,107484701,53742350.5,32167538.348072,76488235,30996466,0,0,0,0,456,100,0.1302510901,0.0279109479,0,230,140.5555555556,115.375204912,13311.4379084967,0,0,0,1,0,0,0,0,0,148.8235294118,180.7142857143,0.0,0,0,0,0,0,0,14,2530,3,0,26883,0,11,32,5531526.0,1897132.13858445,6873001,4190051,24105410.0,20590904.5451024,53251165,6639690,DoS attacks-Slowloris
80,6,15/02/2018 11:06:52,99999222,2,2,16,0,8,8,8.0,0.0,0,0,0.0,0.0,0.1600012448,0.0400003112,33333074.0,57734566.482123,99999209,4,99999213,99999213.0,0.0,99999213,99999213,99999218,99999218.0,0.0,99999218,99999218,1,0,0,0,64,64,0.0200001556,0.0200001556,0,8,4.8,4.38178046,19.2,0,1,0,0,1,0,0,0,1,6.0,8.0,0.0,0,0,0,0,0,0,2,16,2,0,211,219,1,32,4.0,0.0,4,4,99999209.0,0.0,99999209,99999209,DoS attacks-Slowloris
80,6,15/02/2018 11:32:36,3040507,3,0,0,0,0,0,0.0,0.0,0,0,0.0,0.0,0.0,0.9866775508,1520253.5,698040.965144955,2013843,1026664,3040507,1520253.5,698040.965144955,2013843,1026664,0,0.0,0.0,0,0,0,0,0,0,120,0,0.9866775508,0.0,0,0,0.0,0.0,0.0,0,0,0,1,0,0,0,0,0,0.0,0.0,0.0,0,0,0,0,0,0,3,0,0,0,26883,-1,0,40,0.0,0.0,0,0,0.0,0.0,0,0,DoS attacks-Slowloris
80,6,15/02/2018 11:24:00,107357761,15,3,2530,0,230,0,168.6666666667,105.2796728899,0,0,0.0,0.0,23.5660652424,0.1676637053,6315162.41176471,13456483.7515873,53247781,2,107357759,7668411.35714286,14549528.3990446,53247781,208,106335315,53167657.5,31354034.6237338,75338308,30997007,0,0,0,0,496,100,0.1397197544,0.0279439509,0,230,133.1578947368,116.6691729054,13611.6959064327,0,0,0,1,0,0,0,0,0,140.5555555556,168.6666666667,0.0,0,0,0,0,0,0,15,2530,3,0,26883,0,11,32,6154003.5,2291579.63565408,7774395,4533612,23762438.0,20651412.8292196,53247781,6655919,DoS attacks-Slowloris
80,6,15/02/2018 11:26:52,100011477,2,2,16,0,8,8,8.0,0.0,0,0,0.0,0.0,0.1599816389,0.0399954097,33337159.0,57741650.5699259,100011474,1,100011476,100011476.0,0.0,100011476,100011476,100011475,100011475.0,0.0,100011475,100011475,1,0,0,0,64,64,0.0199977049,0.0199977049,0,8,4.8,4.38178046,19.2,0,1,0,0,1,0,0,0,1,6.0,8.0,0.0,0,0,0,0,0,0,2,16,2,0,211,219,1,32,2.0,0.0,2,2,100011474.0,0.0,100011474,100011474,DoS attacks-Slowloris
80,6,15/02/2018 11:30:04,108205039,15,3,2530,0,230,0,168.6666666667,105.2796728899,0,0,0.0,0.0,23.3815358636,0.166350848,6365002.29411765,13523916.5147434,53250145,5,108205034,7728931.0,14620432.2024123,53250145,207,107140266,53570133.0,31919990.8705803,76140975,30999291,0,0,0,0,496,100,0.1386257067,0.0277251413,0,230,133.1578947368,116.6691729054,13611.6959064327,0,0,0,1,0,0,0,0,0,140.5555555556,168.6666666667,0.0,0,0,0,0,0,0,15,2530,3,0,26883,0,11,32,6050004.5,2549286.11627108,7852622,4247387,24026256.25,20588767.2598436,53250145,6659605,DoS attacks-Slowloris
80,6,15/02/2018 11:26:38,3027649,3,0,0,0,0,0,0.0,0.0,0,0,0.0,0.0,0.0,0.9908678318,1513824.5,710142.390598181,2015971,1011678,3027649,1513824.5,710142.390598181,2015971,1011678,0,0.0,0.0,0,0,0,0,0,0,120,0,0.9908678318,0.0,0,0,0.0,0.0,0.0,0,0,0,1,0,0,0,0,0,0.0,0.0,0.0,0,0,0,0,0,0,3,0,0,0,26883,-1,0,40,0.0,0.0,0,0,0.0,0.0,0,0,DoS attacks-Slowloris
80,6,15/02/2018 11:10:35,105002725,2,2,16,0,8,8,8.0,0.0,0,0,0.0,0.0,0.1523769978,0.0380942495,35000908.3333333,60623347.2142672,105002720,2,105002722,105002722.0,0.0,105002722,105002722,105002723,105002723.0,0.0,105002723,105002723,1,0,0,0,64,64,0.0190471247,0.0190471247,0,8,4.8,4.38178046,19.2,0,1,0,0,1,0,0,0,1,6.0,8.0,0.0,0,0,0,0,0,0,2,16,2,0,211,219,1,32,2.0,0.0,2,2,105002720.0,0.0,105002720,105002720,DoS attacks-Slowloris
80,6,15/02/2018 11:25:51,108158650,2,2,16,0,8,8,8.0,0.0,0,0,0.0,0.0,0.1479308405,0.0369827101,36052883.3333333,62445422.2285849,108158646,2,108158648,108158648.0,0.0,108158648,108158648,108158648,108158648.0,0.0,108158648,108158648,1,0,0,0,64,64,0.0184913551,0.0184913551,0,8,4.8,4.38178046,19.2,0,1,0,0,1,0,0,0,1,6.0,8.0,0.0,0,0,0,0,0,0,2,16,2,0,211,219,1,32,2.0,0.0,2,2,108158646.0,0.0,108158646,108158646,DoS attacks-Slowloris
80,6,15/02/2018 11:41:39,215,1,2,230,516,230,230,230.0,0.0,516,0,258.0,364.8670990923,3469767.44186047,13953.488372093,107.5,133.6431816443,202,13,0,0.0,0.0,0,0,13,13.0,0.0,13,13,1,0,0,0,32,64,4651.1627906977,9302.3255813954,0,516,244.0,211.2754915586,44637.3333333333,0,1,0,0,1,1,0,0,2,325.3333333333,230.0,258.0,0,0,0,0,0,0,1,230,2,516,211,219,0,32,0.0,0.0,0,0,0.0,0.0,0,0,DoS attacks-Slowloris
80,6,15/02/2018 11:03:45,99999514,2,2,16,0,8,8,8.0,0.0,0,0,0.0,0.0,0.1600007776,0.0400001944,33333171.3333333,57734742.8626301,99999510,1,99999513,99999513.0,0.0,99999513,99999513,99999511,99999511.0,0.0,99999511,99999511,1,0,0,0,64,64,0.0200000972,0.0200000972,0,8,4.8,4.38178046,19.2,0,1,0,0,1,0,0,0,1,6.0,8.0,0.0,0,0,0,0,0,0,2,16,2,0,211,219,1,32,3.0,0.0,3,3,99999510.0,0.0,99999510,99999510,DoS attacks-Slowloris
80,6,15/02/2018 11:35:34,108155527,15,3,2530,0,230,0,168.6666666667,105.2796728899,0,0,0.0,0.0,23.3922395848,0.166427001,6362089.82352941,13524350.8061262,53243219,2,108155525,7725394.64285714,14621070.6389313,53243219,378,107130963,53565481.5,31915912.9857732,76133440,30997523,0,0,0,0,496,100,0.1386891675,0.0277378335,0,230,133.1578947368,116.6691729054,13611.6959064327,0,0,0,1,0,0,0,0,0,140.5555555556,168.6666666667,0.0,0,0,0,0,0,0,15,2530,3,0,26883,0,11,32,6027695.5,2553854.02607755,7833543,4221848,24025033.5,20587493.1473707,53243219,6650492,DoS attacks-Slowloris
80,6,15/02/2018 11:36:37,2,1,1,8,0,8,8,8.0,0.0,0,0,0.0,0.0,4000000.0,1000000.0,2.0,0.0,2,2,0,0.0,0.0,0,0,0,0.0,0.0,0,0,1,0,0,0,32,32,500000.0,500000.0,0,8,5.3333333333,4.6188021535,21.3333333333,0,1,0,0,1,0,0,0,1,8.0,8.0,0.0,0,0,0,0,0,0,1,8,1,0,211,219,0,32,0.0,0.0,0,0,0.0,0.0,0,0,DoS attacks-Slowloris
80,6,15/02/2018 11:40:12,81828490,2,1,8,0,8,0,4.0,5.6568542495,0,0,0.0,0.0,0.0977654604,0.0366620477,40914245.0,57861477.3448285,81828488,2,81828490,81828490.0,0.0,81828490,81828490,0,0.0,0.0,0,0,1,0,0,0,64,32,0.0244413651,0.0122206826,0,8,4.0,4.6188021535,21.3333333333,0,1,0,0,1,0,0,0,0,5.3333333333,4.0,0.0,0,0,0,0,0,0,2,8,1,0,211,219,0,32,0.0,0.0,0,0,0.0,0.0,0,0,DoS attacks-Slowloris
80,6,15/02/2018 11:15:16,107806255,15,3,2530,0,230,0,168.6666666667,105.2796728899,0,0,0.0,0.0,23.4680260436,0.1669661932,6341544.41176471,13490006.5258034,53247691,3,107806252,7700446.57142857,14584475.710138,53247691,304,106783497,53391748.5,31670354.599657,75786071,30997426,0,0,0,0,496,100,0.1391384943,0.0278276989,0,230,133.1578947368,116.6691729054,13611.6959064327,0,0,0,1,0,0,0,0,0,140.5555555556,168.6666666667,0.0,0,0,0,0,0,0,15,2530,3,0,26883,0,11,32,6154339.0,2201009.8635858,7710688,4597990,23874393.5,20640481.61405,53247691,6656048,DoS attacks-Slowloris
80,6,15/02/2018 11:39:41,3036548,3,0,0,0,0,0,0.0,0.0,0,0,0.0,0.0,0.0,0.9879639643,1518274.0,693203.647654858,2008443,1028105,3036548,1518274.0,693203.647654858,2008443,1028105,0,0.0,0.0,0,0,0,0,0,0,120,0,0.9879639643,0.0,0,0,0.0,0.0,0.0,0,0,0,1,0,0,0,0,0,0.0,0.0,0.0,0,0,0,0,0,0,3,0,0,0,26883,-1,0,40,0.0,0.0,0,0,0.0,0.0,0,0,DoS attacks-Slowloris
80,6,15/02/2018 11:13:48,3,1,1,8,0,8,8,8.0,0.0,0,0,0.0,0.0,2666666.66666667,666666.666666667,3.0,0.0,3,3,0,0.0,0.0,0,0,0,0.0,0.0,0,0,1,0,0,0,32,32,333333.333333333,333333.333333333,0,8,5.3333333333,4.6188021535,21.3333333333,0,1,0,0,1,0,0,0,1,8.0,8.0,0.0,0,0,0,0,0,0,1,8,1,0,211,219,0,32,0.0,0.0,0,0,0.0,0.0,0,0,DoS attacks-Slowloris
80,6,15/02/2018 11:10:48,3027840,3,0,0,0,0,0,0.0,0.0,0,0,0.0,0.0,0.0,0.9908053266,1513920.0,710027.132192848,2015985,1011855,3027840,1513920.0,710027.132192848,2015985,1011855,0,0.0,0.0,0,0,0,0,0,0,120,0,0.9908053266,0.0,0,0,0.0,0.0,0.0,0,0,0,1,0,0,0,0,0,0.0,0.0,0.0,0,0,0,0,0,0,3,0,0,0,26883,-1,0,40,0.0,0.0,0,0,0.0,0.0,0,0,DoS attacks-Slowloris
80,6,15/02/2018 11:08:17,3039174,3,0,0,0,0,0,0.0,0.0,0,0,0.0,0.0,0.0,0.9871103135,1519587.0,701946.315897448,2015938,1023236,3039174,1519587.0,701946.315897448,2015938,1023236,0,0.0,0.0,0,0,0,0,0,0,120,0,0.9871103135,0.0,0,0,0.0,0.0,0.0,0,0,0,1,0,0,0,0,0,0.0,0.0,0.0,0,0,0,0,0,0,3,0,0,0,26883,-1,0,40,0.0,0.0,0,0,0.0,0.0,0,0,DoS attacks-Slowloris
80,6,15/02/2018 11:12:02,106494067,15,3,2530,0,230,0,168.6666666667,105.2796728899,0,0,0.0,0.0,23.7571920321,0.1690235006,6264356.88235294,13394888.2503874,53247563,1,106494066,7606719.0,14485590.8902792,53247563,4,105470997,52735498.5,30739001.6307392,74471255,30999742,0,0,0,0,496,100,0.1408529172,0.0281705834,0,230,133.1578947368,116.6691729054,13611.6959064327,0,0,0,1,0,0,0,0,0,140.5555555556,168.6666666667,0.0,0,0,0,0,0,0,15,2530,3,0,26883,0,11,32,6155890.5,2154082.72205236,7679057,4632724,23545571.25,20679278.936113,53247563,6656075,DoS attacks-Slowloris
80,6,15/02/2018 11:00:18,107051823,5,4,246,0,230,0,49.2,101.1493944619,0,0,0.0,0.0,2.2979524599,0.0840714315,13381477.875,37027677.3653348,105003134,2,107051820,26762955.0,52169056.0694262,105003136,97,107051820,35683940.0,60040918.3596621,105003137,343,0,0,0,0,168,136,0.0467063508,0.0373650806,0,230,24.6,72.2467992371,5219.6,0,0,0,1,0,0,0,0,0,27.3333333333,49.2,0.0,0,0,0,0,0,0,5,246,4,0,26883,219,3,32,2048686.0,0.0,2048686,2048686,105003134.0,0.0,105003134,105003134,DoS attacks-Slowloris
80,6,15/02/2018 11:27:33,107653290,14,3,2530,0,230,0,180.7142857143,97.9375221341,0,0,0.0,0.0,23.5013718577,0.1579143564,6728330.625,13937786.3146293,53252703,5,107653277,8281021.30769231,15129702.6822913,53252703,233,107653285,53826642.5,32284471.1822632,76655211,30998074,0,0,0,0,456,100,0.130047117,0.0278672394,0,230,140.5555555556,115.375204912,13311.4379084967,0,0,0,1,0,0,0,0,0,148.8235294118,180.7142857143,0.0,0,0,0,0,0,0,14,2530,3,0,26883,0,11,32,5518824.0,1797072.28640586,6789546,4248102,24153907.25,20582959.8718856,53252703,6651130,DoS attacks-Slowloris
80,6,15/02/2018 11:15:46,106462058,15,3,2530,0,230,0,168.6666666667,105.2796728899,0,0,0.0,0.0,23.7643348957,0.1690743194,6262474.0,13393114.9418906,53247750,2,106462056,7604432.57142857,14483798.0905487,53247750,269,105439517,52719758.5,30719837.6227554,74441964,30997553,0,0,0,0,496,100,0.1408952662,0.0281790532,0,230,133.1578947368,116.6691729054,13611.6959064327,0,0,0,1,0,0,0,0,0,140.5555555556,168.6666666667,0.0,0,0,0,0,0,0,15,2530,3,0,26883,0,11,32,6154340.5,2110287.35645279,7646539,4662142,23538343.75,20680417.5802261,53247750,6656177,DoS attacks-Slowloris
80,6,15/02/2018 11:40:12,81826708,2,1,8,0,8,0,4.0,5.6568542495,0,0,0.0,0.0,0.0977675895,0.0366628461,40913354.0,57860217.2805444,81826706,2,81826708,81826708.0,0.0,81826708,81826708,0,0.0,0.0,0,0,1,0,0,0,64,32,0.0244418974,0.0122209487,0,8,4.0,4.6188021535,21.3333333333,0,1,0,0,1,0,0,0,0,5.3333333333,4.0,0.0,0,0,0,0,0,0,2,8,1,0,211,219,0,32,0.0,0.0,0,0,0.0,0.0,0,0,DoS attacks-Slowloris
80,6,15/02/2018 11:00:12,29102642,4,3,238,0,230,0,59.5,113.7292105544,0,0,0.0,0.0,8.1779516788,0.2405279906,4850440.33333333,11880906.4162393,29102239,2,29102640,9700880.0,16802073.2264974,29102243,75,29102639,14551319.5,20578110.5303263,29102241,398,0,0,0,0,136,104,0.137444566,0.1030834245,0,230,29.75,80.9616311242,6554.7857142857,0,0,0,1,0,0,0,0,0,34.0,59.5,0.0,0,0,0,0,0,0,4,238,3,0,26883,219,2,32,401.0,0.0,401,401,29102239.0,0.0,29102239,29102239,DoS attacks-Slowloris
80,6,15/02/2018 11:21:51,3035703,3,0,0,0,0,0,0.0,0.0,0,0,0.0,0.0,0.0,0.988238968,1517851.5,704434.624660444,2015962,1019741,3035703,1517851.5,704434.624660444,2015962,1019741,0,0.0,0.0,0,0,0,0,0,0,120,0,0.988238968,0.0,0,0,0.0,0.0,0.0,0,0,0,1,0,0,0,0,0,0.0,0.0,0.0,0,0,0,0,0,0,3,0,0,0,26883,-1,0,40,0.0,0.0,0,0,0.0,0.0,0,0,DoS attacks-Slowloris
80,6,15/02/2018 11:37:06,106654688,15,3,2530,0,230,0,168.6666666667,105.2796728899,0,0,0.0,0.0,23.7214139148,0.1687689528,6273805.17647059,13407924.893816,53264265,2,106654686,7618191.85714286,14499681.3500709,53264265,408,105629531,52814765.5,30855078.8657252,74632601,30996930,0,0,0,0,496,100,0.140640794,0.0281281588,0,230,133.1578947368,116.6691729054,13611.6959064327,0,0,0,1,0,0,0,0,0,140.5555555556,168.6666666667,0.0,0,0,0,0,0,0,15,2530,3,0,26883,0,11,32,6155691.0,1971785.644115,7549954,4761428,23585826.0,20678568.0997427,53264265,6669165,DoS attacks-Slowloris
80,6,15/02/2018 11:17:35,105003422,2,2,16,0,8,8,8.0,0.0,0,0,0.0,0.0,0.1523759864,0.0380939966,35001140.6666667,60623751.3594557,105003419,1,105003421,105003421.0,0.0,105003421,105003421,105003420,105003420.0,0.0,105003420,105003420,1,0,0,0,64,64,0.0190469983,0.0190469983,0,8,4.8,4.38178046,19.2,0,1,0,0,1,0,0,0,1,6.0,8.0,0.0,0,0,0,0,0,0,2,16,2,0,211,219,1,32,2.0,0.0,2,2,105003419.0,0.0,105003419,105003419,DoS attacks-Slowloris
80,6,15/02/2018 11:29:43,106579723,15,3,2530,0,230,0,168.6666666667,105.2796728899,0,0,0.0,0.0,23.7380988502,0.1688876598,6269395.47058824,13399357.1440916,53239703,2,106579721,7612837.21428571,14490059.8931113,53239703,411,105557703,52778851.5,30801467.4437892,74558778,30998925,0,0,0,0,496,100,0.1407397165,0.0281479433,0,230,133.1578947368,116.6691729054,13611.6959064327,0,0,0,1,0,0,0,0,0,140.5555555556,168.6666666667,0.0,0,0,0,0,0,0,15,2530,3,0,26883,0,11,32,6148521.5,2280250.37080591,7760902,4536141,23570669.5,20669494.1033638,53239703,6659567,DoS attacks-Slowloris
80,6,15/02/2018 11:20:59,117043813,2,2,16,0,8,8,8.0,0.0,0,0,0.0,0.0,0.1367009463,0.0341752366,39014604.3333333,67575274.344454,117043810,1,117043812,117043812.0,0.0,117043812,117043812,117043811,117043811.0,0.0,117043811,117043811,1,0,0,0,64,64,0.0170876183,0.0170876183,0,8,4.8,4.38178046,19.2,0,1,0,0,1,0,0,0,1,6.0,8.0,0.0,0,0,0,0,0,0,2,16,2,0,211,219,1,32,2.0,0.0,2,2,117043810.0,0.0,117043810,117043810,DoS attacks-Slowloris
80,6,15/02/2018 11:39:51,103452959,2,1,8,0,8,0,4.0,5.6568542495,0,0,0.0,0.0,0.0773298326,0.0289986872,51726479.5,73152286.0142867,103452957,2,103452959,103452959.0,0.0,103452959,103452959,0,0.0,0.0,0,0,1,0,0,0,64,32,0.0193324581,0.0096662291,0,8,4.0,4.6188021535,21.3333333333,0,1,0,0,1,0,0,0,0,5.3333333333,4.0,0.0,0,0,0,0,0,0,2,8,1,0,211,219,0,32,0.0,0.0,0,0,0.0,0.0,0,0,DoS attacks-Slowloris
80,6,15/02/2018 11:33:32,100007090,2,2,16,0,8,8,8.0,0.0,0,0,0.0,0.0,0.1599886568,0.0399971642,33335696.6666667,57739114.2701933,100007083,2,100007085,100007085.0,0.0,100007085,100007085,100007088,100007088.0,0.0,100007088,100007088,1,0,0,0,64,64,0.0199985821,0.0199985821,0,8,4.8,4.38178046,19.2,0,1,0,0,1,0,0,0,1,6.0,8.0,0.0,0,0,0,0,0,0,2,16,2,0,211,219,1,32,2.0,0.0,2,2,100007083.0,0.0,100007083,100007083,DoS attacks-Slowloris
80,6,15/02/2018 11:20:03,107038467,14,3,2530,0,230,0,180.7142857143,97.9375221341,0,0,0.0,0.0,23.6363624303,0.1588214076,6689904.1875,13890261.946484,53247552,3,107038464,8233728.0,15079913.9182436,53247552,243,107038461,53519230.5,31849386.9655856,76040148,30998313,0,0,0,0,456,100,0.1307941004,0.0280273072,0,230,140.5555555556,115.375204912,13311.4379084967,0,0,0,1,0,0,0,0,0,148.8235294118,180.7142857143,0.0,0,0,0,0,0,0,14,2530,3,0,26883,0,11,32,5515548.5,1657145.0467972,6687327,4343770,24001841.75,20590758.0577504,53247552,6655687,DoS attacks-Slowloris
80,6,15/02/2018 11:29:45,108642585,15,3,2530,0,230,0,168.6666666667,105.2796728899,0,0,0.0,0.0,23.2873693129,0.1656808884,6390740.29411765,13560676.0123426,53250721,6,108642579,7760184.21428571,14659263.9882337,53250721,191,107611810,53805905.0,32257770.1230988,76615593,30996217,0,0,0,0,496,100,0.138067407,0.0276134814,0,230,133.1578947368,116.6691729054,13611.6959064327,0,0,0,1,0,0,0,0,0,140.5555555556,168.6666666667,0.0,0,0,0,0,0,0,15,2530,3,0,26883,0,11,32,6038789.0,2456982.51837533,7776138,4301440,24141250.25,20583960.5233152,53250721,6653555,DoS attacks-Slowloris
80,6,15/02/2018 11:01:39,107006134,14,3,2530,0,230,0,180.7142857143,97.9375221341,0,0,0.0,0.0,23.6435043995,0.1588693972,6687883.375,13888080.0857999,53247385,2,107006132,8231240.92307692,15077677.7261652,53247385,145,107006126,53503063.0,31829517.972141,76009931,30996195,0,0,0,0,456,100,0.1308336212,0.028035776,0,230,140.5555555556,115.375204912,13311.4379084967,0,0,0,1,0,0,0,0,0,148.8235294118,180.7142857143,0.0,0,0,0,0,0,0,14,2530,3,0,26883,0,11,32,5514402.5,1613454.33300125,6655287,4373518,23994331.75,20591217.0052804,53247385,6655916,DoS attacks-Slowloris
80,6,15/02/2018 11:29:34,3,1,1,8,0,8,8,8.0,0.0,0,0,0.0,0.0,2666666.66666667,666666.666666667,3.0,0.0,3,3,0,0.0,0.0,0,0,0,0.0,0.0,0,0,1,0,0,0,32,32,333333.333333333,333333.333333333,0,8,5.3333333333,4.6188021535,21.3333333333,0,1,0,0,1,0,0,0,1,8.0,8.0,0.0,0,0,0,0,0,0,1,8,1,0,211,219,0,32,0.0,0.0,0,0,0.0,0.0,0,0,DoS attacks-Slowloris
80,6,15/02/2018 11:27:19,107840136,14,3,2530,0,230,0,180.7142857143,97.9375221341,0,0,0.0,0.0,23.4606529057,0.1576407507,6740008.5,13956662.9041108,53271089,5,107840121,8295393.92307692,15149626.736348,53271089,184,107840131,53920065.5,32416828.8437793,76842225,30997906,0,0,0,0,456,100,0.1298217947,0.027818956,0,230,140.5555555556,115.375204912,13311.4379084967,0,0,0,1,0,0,0,0,0,148.8235294118,180.7142857143,0.0,0,0,0,0,0,0,14,2530,3,0,26883,0,11,32,5514417.0,1658422.78875081,6687099,4341735,24202821.75,20589190.6880104,53271089,6656040,DoS attacks-Slowloris
80,6,15/02/2018 11:17:35,105003327,2,2,16,0,8,8,8.0,0.0,0,0,0.0,0.0,0.1523761242,0.0380940311,35001109.0,60623694.7791293,105003322,2,105003325,105003325.0,0.0,105003325,105003325,105003324,105003324.0,0.0,105003324,105003324,1,0,0,0,64,64,0.0190470155,0.0190470155,0,8,4.8,4.38178046,19.2,0,1,0,0,1,0,0,0,1,6.0,8.0,0.0,0,0,0,0,0,0,2,16,2,0,211,219,1,32,3.0,0.0,3,3,105003322.0,0.0,105003322,105003322,DoS attacks-Slowloris
80,6,15/02/2018 11:39:51,103452238,2,1,8,0,8,0,4.0,5.6568542495,0,0,0.0,0.0,0.0773303715,0.0289988893,51726119.0,73151776.1902975,103452236,2,103452238,103452238.0,0.0,103452238,103452238,0,0.0,0.0,0,0,1,0,0,0,64,32,0.0193325929,0.0096662964,0,8,4.0,4.6188021535,21.3333333333,0,1,0,0,1,0,0,0,0,5.3333333333,4.0,0.0,0,0,0,0,0,0,2,8,1,0,211,219,0,32,0.0,0.0,0,0,0.0,0.0,0,0,DoS attacks-Slowloris
80,6,15/02/2018 11:22:14,106846535,15,3,2530,0,230,0,168.6666666667,105.2796728899,0,0,0.0,0.0,23.6788212177,0.1684659217,6285090.29411765,13419192.252091,53247622,1,106846534,7631895.28571429,14510733.4104785,53247622,194,105823077,52911538.5,30987563.8064618,74823055,31000022,0,0,0,0,496,100,0.1403882681,0.0280776536,0,230,133.1578947368,116.6691729054,13611.6959064327,0,0,0,1,0,0,0,0,0,140.5555555556,168.6666666667,0.0,0,0,0,0,0,0,15,2530,3,0,26883,0,11,32,6156068.5,2289987.23118285,7775334,4536803,23633599.25,20666870.5526443,53247622,6655909,DoS attacks-Slowloris
80,6,15/02/2018 11:33:50,108049917,14,3,2530,0,230,0,180.7142857143,97.9375221341,0,0,0.0,0.0,23.4151035951,0.1573346882,6753119.8125,13972050.832615,53273944,1,108049916,8311532.0,15165532.3965791,53273944,217,108049913,54024956.5,32564117.7720869,77051265,30998648,0,0,0,0,456,100,0.1295697432,0.027764945,0,230,140.5555555556,115.375204912,13311.4379084967,0,0,0,1,0,0,0,0,0,148.8235294118,180.7142857143,0.0,0,0,0,0,0,0,14,2530,3,0,26883,0,11,32,5511463.0,1989502.91162441,6918254,4104672,24256747.5,20586261.3470708,53273944,6668313,DoS attacks-Slowloris
80,6,15/02/2018 11:02:53,107357383,15,3,2530,0,230,0,168.6666666667,105.2796728899,0,0,0.0,0.0,23.5661482173,0.1676642956,6315140.17647059,13456349.1177874,53247387,2,107357381,7668384.35714286,14549374.3751571,53247387,233,106334910,53167455.0,31352725.7690819,75337180,30997730,0,0,0,0,496,100,0.1397202463,0.0279440493,0,230,133.1578947368,116.6691729054,13611.6959064327,0,0,0,1,0,0,0,0,0,140.5555555556,168.6666666667,0.0,0,0,0,0,0,0,15,2530,3,0,26883,0,11,32,6154263.0,2291113.65228528,7774325,4534201,23762213.75,20651213.4427557,53247387,6656044,DoS attacks-Slowloris
80,6,15/02/2018 11:23:54,3047708,3,0,0,0,0,0,0.0,0.0,0,0,0.0,0.0,0.0,0.9843462694,1523854.0,695995.305226982,2015997,1031711,3047708,1523854.0,695995.305226982,2015997,1031711,0,0.0,0.0,0,0,0,0,0,0,120,0,0.9843462694,0.0,0,0,0.0,0.0,0.0,0,0,0,1,0,0,0,0,0,0.0,0.0,0.0,0,0,0,0,0,0,3,0,0,0,26883,-1,0,40,0.0,0.0,0,0,0.0,0.0,0,0,DoS attacks-Slowloris
80,6,15/02/2018 11:22:30,3047615,3,0,0,0,0,0,0.0,0.0,0,0,0.0,0.0,0.0,0.9843763074,1523807.5,695943.686431956,2015914,1031701,3047615,1523807.5,695943.686431956,2015914,1031701,0,0.0,0.0,0,0,0,0,0,0,120,0,0.9843763074,0.0,0,0,0.0,0.0,0.0,0,0,0,1,0,0,0,0,0,0.0,0.0,0.0,0,0,0,0,0,0,3,0,0,0,26883,-1,0,40,0.0,0.0,0,0,0.0,0.0,0,0,DoS attacks-Slowloris
80,6,15/02/2018 11:19:59,118088689,2,2,16,0,8,8,8.0,0.0,0,0,0.0,0.0,0.1354913848,0.0338728462,39362896.3333333,68178532.9182984,118088685,2,118088687,118088687.0,0.0,118088687,118088687,118088687,118088687.0,0.0,118088687,118088687,1,0,0,0,64,64,0.0169364231,0.0169364231,0,8,4.8,4.38178046,19.2,0,1,0,0,1,0,0,0,1,6.0,8.0,0.0,0,0,0,0,0,0,2,16,2,0,211,219,1,32,2.0,0.0,2,2,118088685.0,0.0,118088685,118088685,DoS attacks-Slowloris
80,6,15/02/2018 11:27:50,105012492,2,2,16,0,8,8,8.0,0.0,0,0,0.0,0.0,0.1523628256,0.0380907064,35004164.0,60628987.0603718,105012488,2,105012490,105012490.0,0.0,105012490,105012490,105012490,105012490.0,0.0,105012490,105012490,1,0,0,0,64,64,0.0190453532,0.0190453532,0,8,4.8,4.38178046,19.2,0,1,0,0,1,0,0,0,1,6.0,8.0,0.0,0,0,0,0,0,0,2,16,2,0,211,219,1,32,2.0,0.0,2,2,105012488.0,0.0,105012488,105012488,DoS attacks-Slowloris
80,6,15/02/2018 11:24:06,108382203,15,3,2530,0,230,0,168.6666666667,105.2796728899,0,0,0.0,0.0,23.3433158763,0.1660789272,6375423.70588235,13533491.2911388,53247378,2,108382201,7741585.78571429,14629849.4725869,53247378,387,107359179,53679589.5,32077881.4508582,76362077,30997102,0,0,0,0,496,100,0.138399106,0.0276798212,0,230,133.1578947368,116.6691729054,13611.6959064327,0,0,0,1,0,0,0,0,0,140.5555555556,168.6666666667,0.0,0,0,0,0,0,0,15,2530,3,0,26883,0,11,32,6154381.0,2291973.4941312,7775051,4533711,24018359.75,20629936.5926998,53247378,6655955,DoS attacks-Slowloris
80,6,15/02/2018 11:03:32,99999352,2,2,16,0,8,8,8.0,0.0,0,0,0.0,0.0,0.1600010368,0.0400002592,33333117.3333333,57734649.3318865,99999348,2,99999350,99999350.0,0.0,99999350,99999350,99999350,99999350.0,0.0,99999350,99999350,1,0,0,0,64,64,0.0200001296,0.0200001296,0,8,4.8,4.38178046,19.2,0,1,0,0,1,0,0,0,1,6.0,8.0,0.0,0,0,0,0,0,0,2,16,2,0,211,219,1,32,2.0,0.0,2,2,99999348.0,0.0,99999348,99999348,DoS attacks-Slowloris
80,6,15/02/2018 11:06:34,3027787,3,0,0,0,0,0,0.0,0.0,0,0,0.0,0.0,0.0,0.9908226702,1513893.5,710082.993628562,2015998,1011789,3027787,1513893.5,710082.993628562,2015998,1011789,0,0.0,0.0,0,0,0,0,0,0,120,0,0.9908226702,0.0,0,0,0.0,0.0,0.0,0,0,0,1,0,0,0,0,0,0.0,0.0,0.0,0,0,0,0,0,0,3,0,0,0,26883,-1,0,40,0.0,0.0,0,0,0.0,0.0,0,0,DoS attacks-Slowloris
80,6,15/02/2018 11:10:02,108157631,15,3,2530,0,230,0,168.6666666667,105.2796728899,0,0,0.0,0.0,23.3917845334,0.1664237635,6362213.5882353,13517531.8728783,53247540,2,108157629,7725544.92857143,14613292.4392183,53247540,200,107135067,53567533.5,31917424.7800713,76136561,30998506,0,0,0,0,496,100,0.1386864696,0.0277372939,0,230,133.1578947368,116.6691729054,13611.6959064327,0,0,0,1,0,0,0,0,0,140.5555555556,168.6666666667,0.0,0,0,0,0,0,0,15,2530,3,0,26883,0,11,32,6154829.0,1973776.85681082,7550500,4759158,23961992.75,20633608.6501194,53247540,6655966,DoS attacks-Slowloris
80,6,15/02/2018 11:10:54,3023690,3,0,0,0,0,0,0.0,0.0,0,0,0.0,0.0,0.0,0.9921652021,1511845.0,712934.755277087,2015966,1007724,3023690,1511845.0,712934.755277087,2015966,1007724,0,0.0,0.0,0,0,0,0,0,0,120,0,0.9921652021,0.0,0,0,0.0,0.0,0.0,0,0,0,1,0,0,0,0,0,0.0,0.0,0.0,0,0,0,0,0,0,3,0,0,0,26883,-1,0,40,0.0,0.0,0,0,0.0,0.0,0,0,DoS attacks-Slowloris
80,6,15/02/2018 11:40:18,3028772,3,0,0,0,0,0,0.0,0.0,0,0,0.0,0.0,0.0,0.9905004404,1514386.0,696363.000753199,2006789,1021983,3028772,1514386.0,696363.000753199,2006789,1021983,0,0.0,0.0,0,0,0,0,0,0,120,0,0.9905004404,0.0,0,0,0.0,0.0,0.0,0,0,0,1,0,0,0,0,0,0.0,0.0,0.0,0,0,0,0,0,0,3,0,0,0,26883,-1,0,40,0.0,0.0,0,0,0.0,0.0,0,0,DoS attacks-Slowloris
80,6,15/02/2018 11:35:07,108344932,15,3,2530,0,230,0,168.6666666667,105.2796728899,0,0,0.0,0.0,23.351346051,0.1661360589,6373231.29411765,13528367.2781159,53235222,1,108344931,7738923.64285714,14624483.0741403,53235222,176,107324949,53662474.5,32054392.7778007,76328353,30996596,0,0,0,0,496,100,0.1384467157,0.0276893431,0,230,133.1578947368,116.6691729054,13611.6959064327,0,0,0,1,0,0,0,0,0,140.5555555556,168.6666666667,0.0,0,0,0,0,0,0,15,2530,3,0,26883,0,11,32,6161392.0,2277131.3227941,7771567,4551217,24005536.75,20628380.5586777,53235222,6635557,DoS attacks-Slowloris
80,6,15/02/2018 11:28:39,3206541,3,0,0,0,0,0,0.0,0.0,0,0,0.0,0.0,0.0,0.9355876005,1603270.5,758207.266942556,2139404,1067137,3206541,1603270.5,758207.266942556,2139404,1067137,0,0.0,0.0,0,0,0,0,0,0,120,0,0.9355876005,0.0,0,0,0.0,0.0,0.0,0,0,0,1,0,0,0,0,0,0.0,0.0,0.0,0,0,0,0,0,0,3,0,0,0,26883,-1,0,40,0.0,0.0,0,0,0.0,0.0,0,0,DoS attacks-Slowloris
80,6,15/02/2018 11:06:31,3019728,3,0,0,0,0,0,0.0,0.0,0,0,0.0,0.0,0.0,0.9934669613,1509864.0,715787.224032394,2016002,1003726,3019728,1509864.0,715787.224032394,2016002,1003726,0,0.0,0.0,0,0,0,0,0,0,120,0,0.9934669613,0.0,0,0,0.0,0.0,0.0,0,0,0,1,0,0,0,0,0,0.0,0.0,0.0,0,0,0,0,0,0,3,0,0,0,26883,-1,0,40,0.0,0.0,0,0,0.0,0.0,0,0,DoS attacks-Slowloris
80,6,15/02/2018 11:00:40,3047302,3,0,0,0,0,0,0.0,0.0,0,0,0.0,0.0,0.0,0.9844774164,1523651.0,696290.875861518,2016003,1031299,3047302,1523651.0,696290.875861518,2016003,1031299,0,0.0,0.0,0,0,0,0,0,0,120,0,0.9844774164,0.0,0,0,0.0,0.0,0.0,0,0,0,1,0,0,0,0,0,0.0,0.0,0.0,0,0,0,0,0,0,3,0,0,0,26883,-1,0,40,0.0,0.0,0,0,0.0,0.0,0,0,DoS attacks-Slowloris
80,6,15/02/2018 11:16:34,3038390,3,0,0,0,0,0,0.0,0.0,0,0,0.0,0.0,0.0,0.987365019,1519195.0,702632.209475199,2016031,1022359,3038390,1519195.0,702632.209475199,2016031,1022359,0,0.0,0.0,0,0,0,0,0,0,120,0,0.987365019,0.0,0,0,0.0,0.0,0.0,0,0,0,1,0,0,0,0,0,0.0,0.0,0.0,0,0,0,0,0,0,3,0,0,0,26883,-1,0,40,0.0,0.0,0,0,0.0,0.0,0,0,DoS attacks-Slowloris
80,6,15/02/2018 11:30:20,109095005,15,3,2530,0,230,0,168.6666666667,105.2796728899,0,0,0.0,0.0,23.1907959489,0.1649938052,6417353.23529412,13597888.098373,53259621,2,109095003,7792500.21428571,14698655.2438564,53259621,504,108077546,54038773.0,32583974.0376094,77079122,30998424,0,0,0,0,496,100,0.1374948376,0.0274989675,0,230,133.1578947368,116.6691729054,13611.6959064327,0,0,0,1,0,0,0,0,0,140.5555555556,168.6666666667,0.0,0,0,0,0,0,0,15,2530,3,0,26883,0,11,32,6047806.5,2370400.82855295,7723933,4371680,24249847.5,20587362.2285473,53259621,6647451,DoS attacks-Slowloris
80,6,15/02/2018 11:30:12,100001399,2,2,16,0,8,8,8.0,0.0,0,0,0.0,0.0,0.1599977616,0.0399994404,33333799.6666667,57735832.033913,100001396,1,100001398,100001398.0,0.0,100001398,100001398,100001397,100001397.0,0.0,100001397,100001397,1,0,0,0,64,64,0.0199997202,0.0199997202,0,8,4.8,4.38178046,19.2,0,1,0,0,1,0,0,0,1,6.0,8.0,0.0,0,0,0,0,0,0,2,16,2,0,211,219,1,32,2.0,0.0,2,2,100001396.0,0.0,100001396,100001396,DoS attacks-Slowloris
80,6,15/02/2018 11:05:47,107069793,15,3,2530,0,230,0,168.6666666667,105.2796728899,0,0,0.0,0.0,23.6294470094,0.1681146428,6298223.11764706,13435395.0331472,53247419,1,107069792,7647842.28571429,14527582.4513937,53247419,267,106046918,53023459.0,31146465.5494369,75047336,30999582,0,0,0,0,496,100,0.1400955356,0.0280191071,0,230,133.1578947368,116.6691729054,13611.6959064327,0,0,0,1,0,0,0,0,0,140.5555555556,168.6666666667,0.0,0,0,0,0,0,0,15,2530,3,0,26883,0,11,32,6155620.0,2244593.09715102,7742787,4568453,23689638.0,20659591.9249545,53247419,6656345,DoS attacks-Slowloris
80,6,15/02/2018 11:41:56,346,1,2,238,516,238,238,238.0,0.0,516,0,258.0,364.8670990923,2179190.75144509,8670.5202312139,173.0,237.5878784787,341,5,0,0.0,0.0,0,0,5,5.0,0.0,5,5,1,0,0,0,32,64,2890.1734104046,5780.3468208093,0,516,248.0,210.9723520591,44509.3333333333,0,1,0,0,1,1,0,0,2,330.6666666667,238.0,258.0,0,0,0,0,0,0,1,238,2,516,211,219,0,32,0.0,0.0,0,0,0.0,0.0,0,0,DoS attacks-Slowloris
80,6,15/02/2018 11:06:33,107966095,15,3,2530,0,230,0,168.6666666667,105.2796728899,0,0,0.0,0.0,23.4332824578,0.1667190056,6350946.76470588,13502639.7678492,53247381,13,107966082,7711863.0,14597711.9753914,53247381,195,106942846,53471423.0,31784817.5098615,75946683,30996163,0,0,0,0,496,100,0.1389325047,0.0277865009,0,230,133.1578947368,116.6691729054,13611.6959064327,0,0,0,1,0,0,0,0,0,140.5555555556,168.6666666667,0.0,0,0,0,0,0,0,15,2530,3,0,26883,0,11,32,6154118.5,2066500.47613459,7615355,4692882,23914461.25,20637118.3986711,53247381,6655666,DoS attacks-Slowloris
80,6,15/02/2018 11:10:12,99999474,2,2,16,0,8,8,8.0,0.0,0,0,0.0,0.0,0.1600008416,0.0400002104,33333158.0,57734720.6346448,99999471,1,99999472,99999472.0,0.0,99999472,99999472,99999473,99999473.0,0.0,99999473,99999473,1,0,0,0,64,64,0.0200001052,0.0200001052,0,8,4.8,4.38178046,19.2,0,1,0,0,1,0,0,0,1,6.0,8.0,0.0,0,0,0,0,0,0,2,16,2,0,211,219,1,32,1.0,0.0,1,1,99999471.0,0.0,99999471,99999471,DoS attacks-Slowloris
80,6,15/02/2018 11:17:37,107646562,14,3,2530,0,230,0,180.7142857143,97.9375221341,0,0,0.0,0.0,23.5028407131,0.1579242261,6727910.125,13937686.7804841,53247629,4,107646550,8280503.84615385,15129329.5377256,53247629,185,107646558,53823279.0,32280734.1229247,76649205,30997353,0,0,0,0,456,100,0.1300552451,0.0278689811,0,230,140.5555555556,115.375204912,13311.4379084967,0,0,0,1,0,0,0,0,0,148.8235294118,180.7142857143,0.0,0,0,0,0,0,0,14,2530,3,0,26883,0,11,32,5515011.0,1793432.10069632,6783159,4246863,24154132.0,20581048.8986124,53247629,6656055,DoS attacks-Slowloris
80,6,15/02/2018 11:41:09,3236562,3,0,0,0,0,0,0.0,0.0,0,0,0.0,0.0,0.0,0.9269094799,1618281.0,787371.886132595,2175037,1061525,3236562,1618281.0,787371.886132595,2175037,1061525,0,0.0,0.0,0,0,0,0,0,0,120,0,0.9269094799,0.0,0,0,0.0,0.0,0.0,0,0,0,1,0,0,0,0,0,0.0,0.0,0.0,0,0,0,0,0,0,3,0,0,0,26883,-1,0,40,0.0,0.0,0,0,0.0,0.0,0,0,DoS attacks-Slowloris
80,6,15/02/2018 11:12:59,107325991,15,3,2530,0,230,0,168.6666666667,105.2796728899,0,0,0.0,0.0,23.5730411285,0.1677133361,6313293.58823529,13454365.9196627,53247824,2,107325989,7666142.07142857,14547342.8380895,53247824,341,106303321,53151660.5,31332303.8181344,75306945,30996376,0,0,0,0,496,100,0.1397611134,0.0279522227,0,230,133.1578947368,116.6691729054,13611.6959064327,0,0,0,1,0,0,0,0,0,140.5555555556,168.6666666667,0.0,0,0,0,0,0,0,15,2530,3,0,26883,0,11,32,6153767.5,2246959.78354765,7742608,4564927,23754613.5,20652285.7304589,53247824,6655951,DoS attacks-Slowloris
80,6,15/02/2018 11:09:03,108156942,15,3,2530,0,230,0,168.6666666667,105.2796728899,0,0,0.0,0.0,23.3919335478,0.1664248237,6362173.05882353,13517594.1318828,53247510,2,108156940,7725495.71428571,14613368.2129746,53247510,311,107135006,53567503.0,31918316.4417224,76137161,30997845,0,0,0,0,496,100,0.1386873531,0.0277374706,0,230,133.1578947368,116.6691729054,13611.6959064327,0,0,0,1,0,0,0,0,0,140.5555555556,168.6666666667,0.0,0,0,0,0,0,0,15,2530,3,0,26883,0,11,32,6154210.5,1973783.22077185,7549886,4758535,23962129.75,20633600.2517098,53247510,6655896,DoS attacks-Slowloris
80,6,15/02/2018 11:35:48,108086469,15,3,2530,0,230,0,168.6666666667,105.2796728899,0,0,0.0,0.0,23.4071852232,0.1665333336,6358027.58823529,13516657.0866665,53238576,5,108086464,7720461.71428571,14613029.8944435,53238576,238,107055529,53527764.5,31860922.7056139,76056839,30998690,0,0,0,0,496,100,0.138777778,0.0277555556,0,230,133.1578947368,116.6691729054,13611.6959064327,0,0,0,1,0,0,0,0,0,140.5555555556,168.6666666667,0.0,0,0,0,0,0,0,15,2530,3,0,26883,0,11,32,6025007.0,2411934.1595595,7730502,4319512,24009112.5,20578935.9204408,53238576,6687367,DoS attacks-Slowloris
80,6,15/02/2018 11:30:12,99999692,2,2,16,0,8,8,8.0,0.0,0,0,0.0,0.0,0.1600004928,0.0400001232,33333230.6666667,57734844.7649526,99999687,2,99999689,99999689.0,0.0,99999689,99999689,99999690,99999690.0,0.0,99999690,99999690,1,0,0,0,64,64,0.0200000616,0.0200000616,0,8,4.8,4.38178046,19.2,0,1,0,0,1,0,0,0,1,6.0,8.0,0.0,0,0,0,0,0,0,2,16,2,0,211,219,1,32,2.0,0.0,2,2,99999687.0,0.0,99999687,99999687,DoS attacks-Slowloris
80,6,15/02/2018 11:01:38,108030161,14,3,2530,0,230,0,180.7142857143,97.9375221341,0,0,0.0,0.0,23.4193856288,0.1573634607,6751885.0625,13969188.2597938,53247339,4,108030137,8310010.53846154,15162326.1387527,53247339,162,108030157,54015078.5,32553530.969359,77033901,30996256,0,0,0,0,456,100,0.1295934383,0.0277700225,0,230,140.5555555556,115.375204912,13311.4379084967,0,0,0,1,0,0,0,0,0,148.8235294118,180.7142857143,0.0,0,0,0,0,0,0,14,2530,3,0,26883,0,11,32,5514511.5,1613390.69339094,6655351,4373672,24250278.5,20577142.4768179,53247339,6655875,DoS attacks-Slowloris
80,6,15/02/2018 11:13:14,3035801,3,0,0,0,0,0,0.0,0.0,0,0,0.0,0.0,0.0,0.9882070663,1517900.5,704329.972856828,2015937,1019864,3035801,1517900.5,704329.972856828,2015937,1019864,0,0.0,0.0,0,0,0,0,0,0,120,0,0.9882070663,0.0,0,0,0.0,0.0,0.0,0,0,0,1,0,0,0,0,0,0.0,0.0,0.0,0,0,0,0,0,0,3,0,0,0,26883,-1,0,40,0.0,0.0,0,0,0.0,0.0,0,0,DoS attacks-Slowloris
80,6,15/02/2018 11:22:58,106590445,14,3,2530,0,230,0,180.7142857143,97.9375221341,0,0,0.0,0.0,23.7357110199,0.1594889673,6661902.8125,13855666.2802753,53247666,5,106590432,8199264.0,15043902.0915988,53247666,228,106590440,53295220.0,31530656.4626454,75590761,30999679,0,0,0,0,456,100,0.1313438554,0.0281451119,0,230,140.5555555556,115.375204912,13311.4379084967,0,0,0,1,0,0,0,0,0,148.8235294118,180.7142857143,0.0,0,0,0,0,0,0,14,2530,3,0,26883,0,11,32,5515987.0,1746763.053138,6751135,4280839,23889614.5,20600723.3492213,53247666,6655982,DoS attacks-Slowloris
80,6,15/02/2018 11:30:03,107196919,15,3,2530,0,230,0,168.6666666667,105.2796728899,0,0,0.0,0.0,23.6014245895,0.1679152738,6305701.11764706,13440808.0672104,53246563,2,107196917,7656922.64285714,14533197.2218168,53246563,353,106152838,53076419.0,31225081.6813692,75155886,30996952,0,0,0,0,496,100,0.1399293948,0.027985879,0,230,133.1578947368,116.6691729054,13611.6959064327,0,0,0,1,0,0,0,0,0,140.5555555556,168.6666666667,0.0,0,0,0,0,0,0,15,2530,3,0,26883,0,11,32,6177381.5,2047566.98496154,7625230,4729533,23710538.5,20656387.9865711,53246563,6673403,DoS attacks-Slowloris
80,6,15/02/2018 11:29:56,106538688,15,3,2530,0,230,0,168.6666666667,105.2796728899,0,0,0.0,0.0,23.7472419409,0.1689527095,6266981.64705882,13393272.2250512,53242844,2,106538686,7609906.14285714,14484179.5375005,53242844,269,105511939,52755969.5,30772075.8433224,74515113,30996826,0,0,0,0,496,100,0.1407939246,0.0281587849,0,230,133.1578947368,116.6691729054,13611.6959064327,0,0,0,1,0,0,0,0,0,140.5555555556,168.6666666667,0.0,0,0,0,0,0,0,15,2530,3,0,26883,0,11,32,6175465.0,2206228.31163096,7735504,4615426,23546939.0,20678217.824685,53242844,6650667,DoS attacks-Slowloris
80,6,15/02/2018 11:10:54,107645641,15,3,2530,0,230,0,168.6666666667,105.2796728899,0,0,0.0,0.0,23.5030417999,0.1672153172,6332096.52941177,13478840.4206398,53247324,11,107645630,7688973.57142857,14572915.4149744,53247324,182,106622938,53311469.0,31554580.7134801,75623927,30999011,0,0,0,0,496,100,0.1393460976,0.0278692195,0,230,133.1578947368,116.6691729054,13611.6959064327,0,0,0,1,0,0,0,0,0,140.5555555556,168.6666666667,0.0,0,0,0,0,0,0,15,2530,3,0,26883,0,11,32,6155179.0,1973461.48718641,7550627,4759731,23833818.0,20643998.1287475,53247324,6655927,DoS attacks-Slowloris
80,6,15/02/2018 11:41:40,8,2,0,0,0,0,0,0.0,0.0,0,0,0.0,0.0,0.0,250000.0,8.0,0.0,8,8,8,8.0,0.0,8,8,0,0.0,0.0,0,0,0,0,0,0,40,0,250000.0,0.0,0,0,0.0,0.0,0.0,1,0,0,0,0,0,0,0,0,0.0,0.0,0.0,0,0,0,0,0,0,2,0,0,0,0,-1,0,20,0.0,0.0,0,0,0.0,0.0,0,0,DoS attacks-Slowloris
80,6,15/02/2018 11:12:01,107517561,15,3,2530,0,230,0,168.6666666667,105.2796728899,0,0,0.0,0.0,23.5310397341,0.1674145119,6324562.41176471,13468479.5040932,53247494,3,107517558,7679825.57142857,14562040.0023039,53247494,306,106494771,53247385.5,31463183.6264778,75495216,30999555,0,0,0,0,496,100,0.1395120933,0.0279024187,0,230,133.1578947368,116.6691729054,13611.6959064327,0,0,0,1,0,0,0,0,0,140.5555555556,168.6666666667,0.0,0,0,0,0,0,0,15,2530,3,0,26883,0,11,32,6155554.0,2153818.97122298,7678534,4632574,23801612.5,20647224.9362907,53247494,6655862,DoS attacks-Slowloris
80,6,15/02/2018 11:04:57,107837841,15,3,2530,0,230,0,168.6666666667,105.2796728899,0,0,0.0,0.0,23.4611521942,0.1669172883,6343402.41176471,13492034.8242346,53247573,3,107837836,7702702.57142857,14586560.2411594,53247573,362,106815025,53407512.5,31690245.5134117,75815900,30999125,0,0,0,0,496,100,0.1390977403,0.0278195481,0,230,133.1578947368,116.6691729054,13611.6959064327,0,0,0,1,0,0,0,0,0,140.5555555556,168.6666666667,0.0,0,0,0,0,0,0,15,2530,3,0,26883,0,11,32,6155276.5,2245033.6246757,7742755,4567798,23881820.75,20639808.9306567,53247573,6655898,DoS attacks-Slowloris
80,6,15/02/2018 11:36:57,117505274,2,2,16,0,8,8,8.0,0.0,0,0,0.0,0.0,0.136164101,0.0340410253,39168424.6666667,67841693.7808721,117505265,4,117505270,117505270.0,0.0,117505270,117505270,117505269,117505269.0,0.0,117505269,117505269,1,0,0,0,64,64,0.0170205126,0.0170205126,0,8,4.8,4.38178046,19.2,0,1,0,0,1,0,0,0,1,6.0,8.0,0.0,0,0,0,0,0,0,2,16,2,0,211,219,1,32,5.0,0.0,5,5,117505265.0,0.0,117505265,117505265,DoS attacks-Slowloris
80,6,15/02/2018 11:03:53,108381558,15,3,2530,0,230,0,168.6666666667,105.2796728899,0,0,0.0,0.0,23.343454797,0.1660799156,6375385.76470588,13543435.8824708,53247284,2,108381556,7741539.71428571,14641176.6337782,53247284,210,107358741,53679370.5,32075762.9589418,76360360,30998381,0,0,0,0,496,100,0.1383999296,0.0276799859,0,230,133.1578947368,116.6691729054,13611.6959064327,0,0,0,1,0,0,0,0,0,140.5555555556,168.6666666667,0.0,0,0,0,0,0,0,15,2530,3,0,26883,0,11,32,6026938.5,2471720.74501561,7774709,4279168,24081919.75,20584917.0763709,53247284,6655987,DoS attacks-Slowloris
80,6,15/02/2018 11:27:07,106805738,14,3,2530,0,230,0,180.7142857143,97.9375221341,0,0,0.0,0.0,23.6878659085,0.1591674784,6675358.625,13875616.0260039,53269064,2,106805736,8215825.84615385,15065036.823872,53269064,212,106805734,53402867.0,31685689.6244205,75808033,30997701,0,0,0,0,456,100,0.1310790999,0.0280883785,0,230,140.5555555556,115.375204912,13311.4379084967,0,0,0,1,0,0,0,0,0,148.8235294118,180.7142857143,0.0,0,0,0,0,0,0,14,2530,3,0,26883,0,11,32,5515117.5,1657347.27933662,6687039,4343196,23943875.25,20606242.74278,53269064,6655929,DoS attacks-Slowloris
80,6,15/02/2018 11:26:32,3035746,3,0,0,0,0,0,0.0,0.0,0,0,0.0,0.0,0.0,0.9882249701,1517873.0,704405.633282415,2015963,1019783,3035746,1517873.0,704405.633282415,2015963,1019783,0,0.0,0.0,0,0,0,0,0,0,120,0,0.9882249701,0.0,0,0,0.0,0.0,0.0,0,0,0,1,0,0,0,0,0,0.0,0.0,0.0,0,0,0,0,0,0,3,0,0,0,26883,-1,0,40,0.0,0.0,0,0,0.0,0.0,0,0,DoS attacks-Slowloris
80,6,15/02/2018 11:02:10,107005621,15,3,2380,0,238,0,158.6666666667,114.9948239001,0,0,0.0,0.0,22.241822231,0.1682154623,6294448.29411765,13431392.2006847,53247583,3,107005618,7643258.42857143,14523482.5324002,53247583,192,105982802,52991401.0,31104611.8990584,74985683,30997119,0,0,0,0,496,100,0.1401795519,0.0280359104,0,238,125.2631578947,121.2512735811,14701.8713450292,0,0,0,1,0,0,0,0,0,132.2222222222,158.6666666667,0.0,0,0,0,0,0,0,15,2380,3,0,26883,0,11,32,6154244.5,2155779.77832721,7678611,4629878,23674282.25,20661602.784121,53247583,6655865,DoS attacks-Slowloris
80,6,15/02/2018 11:33:45,2,1,1,8,0,8,8,8.0,0.0,0,0,0.0,0.0,4000000.0,1000000.0,2.0,0.0,2,2,0,0.0,0.0,0,0,0,0.0,0.0,0,0,1,0,0,0,32,32,500000.0,500000.0,0,8,5.3333333333,4.6188021535,21.3333333333,0,1,0,0,1,0,0,0,1,8.0,8.0,0.0,0,0,0,0,0,0,1,8,1,0,211,219,0,32,0.0,0.0,0,0,0.0,0.0,0,0,DoS attacks-Slowloris
80,6,15/02/2018 11:40:12,81785284,2,1,8,0,8,0,4.0,5.6568542495,0,0,0.0,0.0,0.0978171085,0.0366814157,40892642.0,57830927.5034541,81785283,1,81785284,81785284.0,0.0,81785284,81785284,0,0.0,0.0,0,0,1,0,0,0,64,32,0.0244542771,0.0122271386,0,8,4.0,4.6188021535,21.3333333333,0,1,0,0,1,0,0,0,0,5.3333333333,4.0,0.0,0,0,0,0,0,0,2,8,1,0,211,219,0,32,0.0,0.0,0,0,0.0,0.0,0,0,DoS attacks-Slowloris
80,6,15/02/2018 11:10:35,105000759,2,2,16,0,8,8,8.0,0.0,0,0,0.0,0.0,0.1523798509,0.0380949627,35000253.0,60622213.0096634,105000755,2,105000757,105000757.0,0.0,105000757,105000757,105000757,105000757.0,0.0,105000757,105000757,1,0,0,0,64,64,0.0190474814,0.0190474814,0,8,4.8,4.38178046,19.2,0,1,0,0,1,0,0,0,1,6.0,8.0,0.0,0,0,0,0,0,0,2,16,2,0,211,219,1,32,2.0,0.0,2,2,105000755.0,0.0,105000755,105000755,DoS attacks-Slowloris
80,6,15/02/2018 11:38:17,106785159,15,3,2530,0,230,0,168.6666666667,105.2796728899,0,0,0.0,0.0,23.6924308929,0.1685627494,6281479.94117647,13413175.4210057,53251994,1,106785158,7627511.28571429,14504942.9201317,53251994,311,105759330,52879665.0,30945709.4489766,74761586,30997744,0,0,0,0,496,100,0.1404689579,0.0280937916,0,230,133.1578947368,116.6691729054,13611.6959064327,0,0,0,1,0,0,0,0,0,140.5555555556,168.6666666667,0.0,0,0,0,0,0,0,15,2530,3,0,26883,0,11,32,6171284.5,2208037.79788402,7732603,4609966,23610647.25,20673790.8264734,53251994,6646985,DoS attacks-Slowloris
80,6,15/02/2018 11:13:31,108190085,15,3,2530,0,230,0,168.6666666667,105.2796728899,0,0,0.0,0.0,23.3847676522,0.166373841,6364122.64705882,13519972.0556116,53247982,2,108190083,7727863.07142857,14615837.1821191,53247982,339,107167620,53583810.0,31942943.5566976,76170882,30996738,0,0,0,0,496,100,0.1386448675,0.0277289735,0,230,133.1578947368,116.6691729054,13611.6959064327,0,0,0,1,0,0,0,0,0,140.5555555556,168.6666666667,0.0,0,0,0,0,0,0,15,2530,3,0,26883,0,11,32,6153885.0,2020163.06165666,7582356,4725414,23970578.25,20633083.9039309,53247982,6657436,DoS attacks-Slowloris
80,6,15/02/2018 11:05:43,3019667,3,0,0,0,0,0,0.0,0.0,0,0,0.0,0.0,0.0,0.9934870302,1509833.5,715810.558556173,2015988,1003679,3019667,1509833.5,715810.558556173,2015988,1003679,0,0.0,0.0,0,0,0,0,0,0,120,0,0.9934870302,0.0,0,0,0.0,0.0,0.0,0,0,0,1,0,0,0,0,0,0.0,0.0,0.0,0,0,0,0,0,0,3,0,0,0,26883,-1,0,40,0.0,0.0,0,0,0.0,0.0,0,0,DoS attacks-Slowloris
80,6,15/02/2018 11:31:11,3071956,3,0,0,0,0,0,0.0,0.0,0,0,0.0,0.0,0.0,0.9765764874,1535978.0,722204.925178443,2046654,1025302,3071956,1535978.0,722204.925178443,2046654,1025302,0,0.0,0.0,0,0,0,0,0,0,120,0,0.9765764874,0.0,0,0,0.0,0.0,0.0,0,0,0,1,0,0,0,0,0,0.0,0.0,0.0,0,0,0,0,0,0,3,0,0,0,26883,-1,0,40,0.0,0.0,0,0,0.0,0.0,0,0,DoS attacks-Slowloris
80,6,15/02/2018 11:21:58,106830490,14,3,2530,0,230,0,180.7142857143,97.9375221341,0,0,0.0,0.0,23.6823775684,0.1591306003,6676905.625,13873801.6779867,53247802,2,106830488,8217729.84615385,15062734.9969896,53247802,192,106830486,53415243.0,31701100.3096097,75831306,30999180,0,0,0,0,456,100,0.1310487296,0.0280818706,0,230,140.5555555556,115.375204912,13311.4379084967,0,0,0,1,0,0,0,0,0,148.8235294118,180.7142857143,0.0,0,0,0,0,0,0,14,2530,3,0,26883,0,11,32,5515854.0,1724255.84429284,6735087,4296621,23949695.0,20595177.8925789,53247802,6655860,DoS attacks-Slowloris
80,6,15/02/2018 11:07:37,108126257,15,3,2530,0,230,0,168.6666666667,105.2796728899,0,0,0.0,0.0,23.3985719121,0.1664720531,6360368.05882353,13523630.4075116,53247597,2,108126255,7723303.92857143,14620460.0327768,53247597,221,107102969,53551484.5,31891459.8190662,76102152,31000817,0,0,0,0,496,100,0.1387267109,0.0277453422,0,230,133.1578947368,116.6691729054,13611.6959064327,0,0,0,1,0,0,0,0,0,140.5555555556,168.6666666667,0.0,0,0,0,0,0,0,15,2530,3,0,26883,0,11,32,6028509.0,2470420.375645,7775360,4281658,24017309.25,20589596.2371097,53247597,6655758,DoS attacks-Slowloris
80,6,15/02/2018 11:04:48,108861681,15,3,2530,0,230,0,168.6666666667,105.2796728899,0,0,0.0,0.0,23.2405009436,0.1653474375,6403628.29411765,13581057.6625329,53247329,3,108861668,7775833.42857143,14680561.0992591,53247329,245,107838839,53919419.5,32414390.7395978,76839855,30998984,0,0,0,0,496,100,0.1377895313,0.0275579063,0,230,133.1578947368,116.6691729054,13611.6959064327,0,0,0,1,0,0,0,0,0,140.5555555556,168.6666666667,0.0,0,0,0,0,0,0,15,2530,3,0,26883,0,11,32,6027218.0,2426165.39063766,7742776,4311660,24201808.0,20578815.7822656,53247329,6655858,DoS attacks-Slowloris
80,6,15/02/2018 11:07:11,3031857,3,0,0,0,0,0,0.0,0.0,0,0,0.0,0.0,0.0,0.9894925783,1515928.5,707360.632520993,2016108,1015749,3031857,1515928.5,707360.632520993,2016108,1015749,0,0.0,0.0,0,0,0,0,0,0,120,0,0.9894925783,0.0,0,0,0.0,0.0,0.0,0,0,0,1,0,0,0,0,0,0.0,0.0,0.0,0,0,0,0,0,0,3,0,0,0,26883,-1,0,40,0.0,0.0,0,0,0.0,0.0,0,0,DoS attacks-Slowloris
80,6,15/02/2018 11:19:59,118088182,2,2,16,0,8,8,8.0,0.0,0,0,0.0,0.0,0.1354919665,0.0338729916,39362727.3333333,68178240.2017119,118088178,2,118088180,118088180.0,0.0,118088180,118088180,118088180,118088180.0,0.0,118088180,118088180,1,0,0,0,64,64,0.0169364958,0.0169364958,0,8,4.8,4.38178046,19.2,0,1,0,0,1,0,0,0,1,6.0,8.0,0.0,0,0,0,0,0,0,2,16,2,0,211,219,1,32,2.0,0.0,2,2,118088178.0,0.0,118088178,118088178,DoS attacks-Slowloris
80,6,15/02/2018 11:11:03,3047268,3,0,0,0,0,0,0.0,0.0,0,0,0.0,0.0,0.0,0.9844884008,1523634.0,696129.655515408,2015872,1031396,3047268,1523634.0,696129.655515408,2015872,1031396,0,0.0,0.0,0,0,0,0,0,0,120,0,0.9844884008,0.0,0,0,0.0,0.0,0.0,0,0,0,1,0,0,0,0,0,0.0,0.0,0.0,0,0,0,0,0,0,3,0,0,0,26883,-1,0,40,0.0,0.0,0,0,0.0,0.0,0,0,DoS attacks-Slowloris
80,6,15/02/2018 11:35:37,111160605,2,2,16,0,8,8,8.0,0.0,0,0,0.0,0.0,0.1439358845,0.0359839711,37053535.0,64178601.75593,111160601,2,111160603,111160603.0,0.0,111160603,111160603,111160603,111160603.0,0.0,111160603,111160603,1,0,0,0,64,64,0.0179919856,0.0179919856,0,8,4.8,4.38178046,19.2,0,1,0,0,1,0,0,0,1,6.0,8.0,0.0,0,0,0,0,0,0,2,16,2,0,211,219,1,32,2.0,0.0,2,2,111160601.0,0.0,111160601,111160601,DoS attacks-Slowloris
80,6,15/02/2018 11:08:48,108349437,15,3,2530,0,230,0,168.6666666667,105.2796728899,0,0,0.0,0.0,23.3503751385,0.1661291512,6373496.29411765,13531095.7655862,53247256,17,108349420,7739244.28571429,14627359.7575773,53247256,300,107326873,53663436.5,32054194.787902,76329175,30997698,0,0,0,0,496,100,0.1384409593,0.0276881919,0,230,133.1578947368,116.6691729054,13611.6959064327,0,0,0,1,0,0,0,0,0,140.5555555556,168.6666666667,0.0,0,0,0,0,0,0,15,2530,3,0,26883,0,11,32,6154496.5,2245793.05735869,7742512,4566481,24010106.75,20630373.8590226,53247256,6655921,DoS attacks-Slowloris
80,6,15/02/2018 11:19:25,108126264,15,3,2530,0,230,0,168.6666666667,105.2796728899,0,0,0.0,0.0,23.3985703973,0.1664720424,6360368.47058824,13513730.6102813,53247609,3,108126259,7723304.21428571,14609188.9185578,53247609,341,107103309,53551654.5,31894421.1822658,76104416,30998893,0,0,0,0,496,100,0.138726702,0.0277453404,0,230,133.1578947368,116.6691729054,13611.6959064327,0,0,0,1,0,0,0,0,0,140.5555555556,168.6666666667,0.0,0,0,0,0,0,0,15,2530,3,0,26883,0,11,32,6155237.5,2290719.79380816,7775021,4535454,23953946.0,20634238.5220097,53247609,6655757,DoS attacks-Slowloris
80,6,15/02/2018 11:33:32,100006714,2,2,16,0,8,8,8.0,0.0,0,0,0.0,0.0,0.1599892583,0.0399973146,33335571.3333333,57738900.6505937,100006711,1,100006712,100006712.0,0.0,100006712,100006712,100006713,100006713.0,0.0,100006713,100006713,1,0,0,0,64,64,0.0199986573,0.0199986573,0,8,4.8,4.38178046,19.2,0,1,0,0,1,0,0,0,1,6.0,8.0,0.0,0,0,0,0,0,0,2,16,2,0,211,219,1,32,1.0,0.0,1,1,100006711.0,0.0,100006711,100006711,DoS attacks-Slowloris
80,6,15/02/2018 11:28:49,3038328,3,0,0,0,0,0,0.0,0.0,0,0,0.0,0.0,0.0,0.9873851671,1519164.0,701066.675061652,2014893,1023435,3038328,1519164.0,701066.675061652,2014893,1023435,0,0.0,0.0,0,0,0,0,0,0,120,0,0.9873851671,0.0,0,0,0.0,0.0,0.0,0,0,0,1,0,0,0,0,0,0.0,0.0,0.0,0,0,0,0,0,0,3,0,0,0,26883,-1,0,40,0.0,0.0,0,0,0.0,0.0,0,0,DoS attacks-Slowloris
80,6,15/02/2018 11:41:31,2543580,2,1,8,0,8,0,4.0,5.6568542495,0,0,0.0,0.0,3.1451733384,1.1794400019,1271790.0,1798579.83806335,2543578,2,2543580,2543580.0,0.0,2543580,2543580,0,0.0,0.0,0,0,1,0,0,0,64,32,0.7862933346,0.3931466673,0,8,4.0,4.6188021535,21.3333333333,0,1,0,0,1,0,0,0,0,5.3333333333,4.0,0.0,0,0,0,0,0,0,2,8,1,0,211,219,0,32,0.0,0.0,0,0,0.0,0.0,0,0,DoS attacks-Slowloris
80,6,15/02/2018 11:41:04,3031941,3,0,0,0,0,0,0.0,0.0,0,0,0.0,0.0,0.0,0.9894651644,1515970.5,700310.777912564,2011165,1020776,3031941,1515970.5,700310.777912564,2011165,1020776,0,0.0,0.0,0,0,0,0,0,0,120,0,0.9894651644,0.0,0,0,0.0,0.0,0.0,0,0,0,1,0,0,0,0,0,0.0,0.0,0.0,0,0,0,0,0,0,3,0,0,0,26883,-1,0,40,0.0,0.0,0,0,0.0,0.0,0,0,DoS attacks-Slowloris
80,6,15/02/2018 11:25:23,106206476,14,3,2530,0,230,0,180.7142857143,97.9375221341,0,0,0.0,0.0,23.8215228985,0.1600655689,6637904.75,13827809.1795393,53247586,1,106206475,8169728.84615385,15015102.3367595,53247586,226,106206472,53103236.0,31262984.0190544,75209504,30996968,0,0,0,0,456,100,0.1318187038,0.0282468651,0,230,140.5555555556,115.375204912,13311.4379084967,0,0,0,1,0,0,0,0,0,148.8235294118,180.7142857143,0.0,0,0,0,0,0,0,14,2530,3,0,26883,0,11,32,5514796.5,1567510.77700043,6623194,4406399,23794220.5,20611145.4858605,53247586,6655973,DoS attacks-Slowloris
80,6,15/02/2018 11:13:48,2,1,1,8,0,8,8,8.0,0.0,0,0,0.0,0.0,4000000.0,1000000.0,2.0,0.0,2,2,0,0.0,0.0,0,0,0,0.0,0.0,0,0,1,0,0,0,32,32,500000.0,500000.0,0,8,5.3333333333,4.6188021535,21.3333333333,0,1,0,0,1,0,0,0,1,8.0,8.0,0.0,0,0,0,0,0,0,1,8,1,0,211,219,0,32,0.0,0.0,0,0,0.0,0.0,0,0,DoS attacks-Slowloris
80,6,15/02/2018 11:34:41,107454281,15,3,2530,0,230,0,168.6666666667,105.2796728899,0,0,0.0,0.0,23.5448972014,0.1675131026,6320840.05882353,13470657.7240474,53234718,3,107454278,7675305.57142857,14565054.3266453,53234718,185,106431383,53215691.5,31421806.5660699,75434264,30997119,0,0,0,0,496,100,0.1395942522,0.0279188504,0,230,133.1578947368,116.6691729054,13611.6959064327,0,0,0,1,0,0,0,0,0,140.5555555556,168.6666666667,0.0,0,0,0,0,0,0,15,2530,3,0,26883,0,11,32,6029311.0,2623091.80077099,7884117,4174505,23848914.0,20599654.9377988,53234718,6648087,DoS attacks-Slowloris
80,6,15/02/2018 11:30:36,106850600,14,3,2530,0,230,0,180.7142857143,97.9375221341,0,0,0.0,0.0,23.677920386,0.1591006508,6678162.5,13870999.6909864,53250522,3,106850597,8219276.69230769,15060196.6392871,53250522,134,106850596,53425298.0,31717926.6225748,75853259,30997337,0,0,0,0,456,100,0.1310240654,0.0280765854,0,230,140.5555555556,115.375204912,13311.4379084967,0,0,0,1,0,0,0,0,0,148.8235294118,180.7142857143,0.0,0,0,0,0,0,0,14,2530,3,0,26883,0,11,32,5531217.0,1747835.02701828,6767123,4295311,23947040.75,20595814.2352354,53250522,6659263,DoS attacks-Slowloris
80,6,15/02/2018 11:04:41,107838005,14,3,2530,0,230,0,180.7142857143,97.9375221341,0,0,0.0,0.0,23.4611165145,0.1576438659,6739875.3125,13953188.6997099,53247328,6,107837993,8295230.23076923,15145542.3777257,53247328,192,107837999,53918999.5,32415082.2900298,76839924,30998075,0,0,0,0,456,100,0.1298243602,0.0278195057,0,230,140.5555555556,115.375204912,13311.4379084967,0,0,0,1,0,0,0,0,0,148.8235294118,180.7142857143,0.0,0,0,0,0,0,0,14,2530,3,0,26883,0,11,32,5515351.5,1702327.75590146,6719079,4311624,24201822.5,20578808.4234947,53247328,6655969,DoS attacks-Slowloris
80,6,15/02/2018 11:00:31,3031687,3,0,0,0,0,0,0.0,0.0,0,0,0.0,0.0,0.0,0.9895480635,1515843.5,707272.951280126,2015961,1015726,3031687,1515843.5,707272.951280126,2015961,1015726,0,0.0,0.0,0,0,0,0,0,0,120,0,0.9895480635,0.0,0,0,0.0,0.0,0.0,0,0,0,1,0,0,0,0,0,0.0,0.0,0.0,0,0,0,0,0,0,3,0,0,0,26883,-1,0,40,0.0,0.0,0,0,0.0,0.0,0,0,DoS attacks-Slowloris
80,6,15/02/2018 11:20:14,3047512,3,0,0,0,0,0,0.0,0.0,0,0,0.0,0.0,0.0,0.9844095774,1523756.0,696121.170234033,2015988,1031524,3047512,1523756.0,696121.170234033,2015988,1031524,0,0.0,0.0,0,0,0,0,0,0,120,0,0.9844095774,0.0,0,0,0.0,0.0,0.0,0,0,0,1,0,0,0,0,0,0.0,0.0,0.0,0,0,0,0,0,0,3,0,0,0,26883,-1,0,40,0.0,0.0,0,0,0.0,0.0,0,0,DoS attacks-Slowloris
80,6,15/02/2018 11:33:26,2,1,1,8,0,8,8,8.0,0.0,0,0,0.0,0.0,4000000.0,1000000.0,2.0,0.0,2,2,0,0.0,0.0,0,0,0,0.0,0.0,0,0,1,0,0,0,32,32,500000.0,500000.0,0,8,5.3333333333,4.6188021535,21.3333333333,0,1,0,0,1,0,0,0,1,8.0,8.0,0.0,0,0,0,0,0,0,1,8,1,0,211,219,0,32,0.0,0.0,0,0,0.0,0.0,0,0,DoS attacks-Slowloris
80,6,15/02/2018 11:20:12,99999426,2,2,16,0,8,8,8.0,0.0,0,0,0.0,0.0,0.1600009184,0.0400002296,33333142.0,57734692.0558064,99999422,2,99999424,99999424.0,0.0,99999424,99999424,99999424,99999424.0,0.0,99999424,99999424,1,0,0,0,64,64,0.0200001148,0.0200001148,0,8,4.8,4.38178046,19.2,0,1,0,0,1,0,0,0,1,6.0,8.0,0.0,0,0,0,0,0,0,2,16,2,0,211,219,1,32,2.0,0.0,2,2,99999422.0,0.0,99999422,99999422,DoS attacks-Slowloris
80,6,15/02/2018 11:11:40,106814112,14,3,2530,0,230,0,180.7142857143,97.9375221341,0,0,0.0,0.0,23.68600883,0.159155,6675882.0,13872840.1824318,53247546,2,106814110,8216470.0,15061769.735897,53247546,105,106814107,53407053.5,31690309.153022,75815486,30998621,0,0,0,0,456,100,0.1310688236,0.0280861765,0,230,140.5555555556,115.375204912,13311.4379084967,0,0,0,1,0,0,0,0,0,148.8235294118,180.7142857143,0.0,0,0,0,0,0,0,14,2530,3,0,26883,0,11,32,5515717.0,1701892.88523103,6719137,4312297,23945669.0,20595435.8455485,53247546,6655879,DoS attacks-Slowloris
80,6,15/02/2018 11:37:41,108103768,15,3,2530,0,230,0,168.6666666667,105.2796728899,0,0,0.0,0.0,23.4034395545,0.1665066846,6359045.17647059,13521706.4686367,53252968,2,108103766,7721697.57142857,14618485.7863812,53252968,311,107078781,53539390.5,31878630.0736283,76080986,30997795,0,0,0,0,496,100,0.1387555705,0.0277511141,0,230,133.1578947368,116.6691729054,13611.6959064327,0,0,0,1,0,0,0,0,0,140.5555555556,168.6666666667,0.0,0,0,0,0,0,0,15,2530,3,0,26883,0,11,32,6036181.0,2445596.68498467,7765479,4306883,24007851.0,20595866.430258,53252968,6649175,DoS attacks-Slowloris
80,6,15/02/2018 11:24:20,105004824,2,2,16,0,8,8,8.0,0.0,0,0,0.0,0.0,0.1523739519,0.038093488,35001608.0,60624559.0724823,105004819,2,105004822,105004822.0,0.0,105004822,105004822,105004821,105004821.0,0.0,105004821,105004821,1,0,0,0,64,64,0.019046744,0.019046744,0,8,4.8,4.38178046,19.2,0,1,0,0,1,0,0,0,1,6.0,8.0,0.0,0,0,0,0,0,0,2,16,2,0,211,219,1,32,3.0,0.0,3,3,105004819.0,0.0,105004819,105004819,DoS attacks-Slowloris
80,6,15/02/2018 11:08:19,108349795,15,3,2530,0,230,0,168.6666666667,105.2796728899,0,0,0.0,0.0,23.3502979863,0.1661286023,6373517.35294118,13531173.1531591,53247465,2,108349793,7739270.92857143,14627440.6730176,53247465,371,107326899,53663449.5,32054747.7454049,76329579,30997320,0,0,0,0,496,100,0.1384405019,0.0276881004,0,230,133.1578947368,116.6691729054,13611.6959064327,0,0,0,1,0,0,0,0,0,140.5555555556,168.6666666667,0.0,0,0,0,0,0,0,15,2530,3,0,26883,0,11,32,6154366.0,2246441.47427704,7742840,4565892,24010265.25,20630461.4365453,53247465,6655892,DoS attacks-Slowloris
80,6,15/02/2018 11:29:34,3,1,1,8,0,8,8,8.0,0.0,0,0,0.0,0.0,2666666.66666667,666666.666666667,3.0,0.0,3,3,0,0.0,0.0,0,0,0,0.0,0.0,0,0,1,0,0,0,32,32,333333.333333333,333333.333333333,0,8,5.3333333333,4.6188021535,21.3333333333,0,1,0,0,1,0,0,0,1,8.0,8.0,0.0,0,0,0,0,0,0,1,8,1,0,211,219,0,32,0.0,0.0,0,0,0.0,0.0,0,0,DoS attacks-Slowloris
80,6,15/02/2018 11:27:50,105012490,2,2,16,0,8,8,8.0,0.0,0,0,0.0,0.0,0.1523628285,0.0380907071,35004163.3333333,60628987.6377221,105012488,1,105012489,105012489.0,0.0,105012489,105012489,105012489,105012489.0,0.0,105012489,105012489,1,0,0,0,64,64,0.0190453536,0.0190453536,0,8,4.8,4.38178046,19.2,0,1,0,0,1,0,0,0,1,6.0,8.0,0.0,0,0,0,0,0,0,2,16,2,0,211,219,1,32,1.0,0.0,1,1,105012488.0,0.0,105012488,105012488,DoS attacks-Slowloris
80,6,15/02/2018 11:00:20,1903,3,2,230,0,230,0,76.6666666667,132.7905619136,0,0,0.0,0.0,120861.797162375,2627.4303730951,475.75,772.697170091,1621,5,1898,949.0,950.3515139147,1621,277,1888,1888.0,0.0,1888,1888,0,0,0,0,104,72,1576.4582238571,1050.9721492381,0,230,38.3333333333,93.8971068067,8816.6666666667,0,0,0,1,0,0,0,0,0,46.0,76.6666666667,0.0,0,0,0,0,0,0,3,230,2,0,26883,219,1,32,0.0,0.0,0,0,0.0,0.0,0,0,DoS attacks-Slowloris
80,6,15/02/2018 11:06:35,3047716,3,0,0,0,0,0,0.0,0.0,0,0,0.0,0.0,0.0,0.9843436856,1523858.0,696044.802701665,2016036,1031680,3047716,1523858.0,696044.802701665,2016036,1031680,0,0.0,0.0,0,0,0,0,0,0,120,0,0.9843436856,0.0,0,0,0.0,0.0,0.0,0,0,0,1,0,0,0,0,0,0.0,0.0,0.0,0,0,0,0,0,0,3,0,0,0,26883,-1,0,40,0.0,0.0,0,0,0.0,0.0,0,0,DoS attacks-Slowloris
80,6,15/02/2018 11:12:07,106493944,15,3,2530,0,230,0,168.6666666667,105.2796728899,0,0,0.0,0.0,23.7572194716,0.1690236958,6264349.64705882,13394923.4343927,53247589,2,106493942,7606710.14285714,14485625.897528,53247589,433,105471047,52735523.5,30738946.4764102,74471241,30999806,0,0,0,0,496,100,0.1408530799,0.028170616,0,230,133.1578947368,116.6691729054,13611.6959064327,0,0,0,1,0,0,0,0,0,140.5555555556,168.6666666667,0.0,0,0,0,0,0,0,15,2530,3,0,26883,0,11,32,6155652.5,2154091.20733373,7678825,4632480,23545659.25,20679264.4769933,53247589,6656058,DoS attacks-Slowloris
80,6,15/02/2018 11:31:53,1,1,1,8,0,8,8,8.0,0.0,0,0,0.0,0.0,8000000.0,2000000.0,1.0,0.0,1,1,0,0.0,0.0,0,0,0,0.0,0.0,0,0,1,0,0,0,32,32,1000000.0,1000000.0,0,8,5.3333333333,4.6188021535,21.3333333333,0,1,0,0,1,0,0,0,1,8.0,8.0,0.0,0,0,0,0,0,0,1,8,1,0,211,219,0,32,0.0,0.0,0,0,0.0,0.0,0,0,DoS attacks-Slowloris
80,6,15/02/2018 11:07:26,106653965,15,3,2530,0,230,0,168.6666666667,105.2796728899,0,0,0.0,0.0,23.7215747206,0.1687700968,6273762.64705882,13406993.4103677,53247564,2,106653963,7618140.21428572,14498222.8859376,53247564,217,105631074,52815537.0,30856383.4777365,74634295,30996779,0,0,0,0,496,100,0.1406417474,0.0281283495,0,230,133.1578947368,116.6691729054,13611.6959064327,0,0,0,1,0,0,0,0,0,140.5555555556,168.6666666667,0.0,0,0,0,0,0,0,15,2530,3,0,26883,0,11,32,6154106.0,2020560.45566768,7582858,4725354,23586437.75,20673311.3550555,53247564,6655880,DoS attacks-Slowloris
80,6,15/02/2018 11:32:29,105167881,2,2,16,0,8,8,8.0,0.0,0,0,0.0,0.0,0.1521377045,0.0380344261,35055960.3333333,60718702.6734017,105167879,1,105167880,105167880.0,0.0,105167880,105167880,105167880,105167880.0,0.0,105167880,105167880,1,0,0,0,64,64,0.0190172131,0.0190172131,0,8,4.8,4.38178046,19.2,0,1,0,0,1,0,0,0,1,6.0,8.0,0.0,0,0,0,0,0,0,2,16,2,0,211,219,1,32,1.0,0.0,1,1,105167879.0,0.0,105167879,105167879,DoS attacks-Slowloris
80,6,15/02/2018 11:00:36,107325953,15,3,2530,0,230,0,168.6666666667,105.2796728899,0,0,0.0,0.0,23.5730494748,0.1677133955,6313291.35294118,13454277.0546848,53247484,2,107325951,7666139.35714286,14547244.4891649,53247484,472,106302864,53151432.0,31332293.2115327,75306709,30996155,0,0,0,0,496,100,0.1397611629,0.0279522326,0,230,133.1578947368,116.6691729054,13611.6959064327,0,0,0,1,0,0,0,0,0,140.5555555556,168.6666666667,0.0,0,0,0,0,0,0,15,2530,3,0,26883,0,11,32,6153954.0,2247148.58105823,7742928,4564980,23754510.75,20652132.0705675,53247484,6655989,DoS attacks-Slowloris
80,6,15/02/2018 11:35:46,3078040,3,0,0,0,0,0,0.0,0.0,0,0,0.0,0.0,0.0,0.9746462034,1539020.0,724487.465868113,2051310,1026730,3078040,1539020.0,724487.465868113,2051310,1026730,0,0.0,0.0,0,0,0,0,0,0,120,0,0.9746462034,0.0,0,0,0.0,0.0,0.0,0,0,0,1,0,0,0,0,0,0.0,0.0,0.0,0,0,0,0,0,0,3,0,0,0,26883,-1,0,40,0.0,0.0,0,0,0.0,0.0,0,0,DoS attacks-Slowloris
80,6,15/02/2018 11:23:32,99999215,2,2,16,0,8,8,8.0,0.0,0,0,0.0,0.0,0.160001256,0.040000314,33333071.6666667,57734570.2348997,99999211,2,99999213,99999213.0,0.0,99999213,99999213,99999213,99999213.0,0.0,99999213,99999213,1,0,0,0,64,64,0.020000157,0.020000157,0,8,4.8,4.38178046,19.2,0,1,0,0,1,0,0,0,1,6.0,8.0,0.0,0,0,0,0,0,0,2,16,2,0,211,219,1,32,2.0,0.0,2,2,99999211.0,0.0,99999211,99999211,DoS attacks-Slowloris
80,6,15/02/2018 11:41:24,10427388,11,1,1610,0,230,0,146.3636363636,116.0407451952,0,0,0.0,0.0,154.4010829941,1.1508155254,947944.363636364,1167260.3410455,3322612,23,10427388,1042738.8,1184928.90952803,3322612,273,0,0.0,0.0,0,0,0,0,0,0,368,40,1.0549142316,0.0959012938,0,230,123.8461538462,119.3411399824,14242.3076923077,0,0,0,1,0,0,0,0,0,134.1666666667,146.3636363636,0.0,0,0,0,0,0,0,11,1610,1,0,26883,26847,7,32,0.0,0.0,0,0,0.0,0.0,0,0,DoS attacks-Slowloris
80,6,15/02/2018 11:23:32,99999586,2,2,16,0,8,8,8.0,0.0,0,0,0.0,0.0,0.1600006624,0.0400001656,33333195.3333333,57734784.4318495,99999582,2,99999584,99999584.0,0.0,99999584,99999584,99999584,99999584.0,0.0,99999584,99999584,1,0,0,0,64,64,0.0200000828,0.0200000828,0,8,4.8,4.38178046,19.2,0,1,0,0,1,0,0,0,1,6.0,8.0,0.0,0,0,0,0,0,0,2,16,2,0,211,219,1,32,2.0,0.0,2,2,99999582.0,0.0,99999582,99999582,DoS attacks-Slowloris
80,6,15/02/2018 11:41:52,30,2,0,0,0,0,0,0.0,0.0,0,0,0.0,0.0,0.0,66666.6666666667,30.0,0.0,30,30,30,30.0,0.0,30,30,0,0.0,0.0,0,0,0,0,0,0,40,0,66666.6666666667,0.0,0,0,0.0,0.0,0.0,1,0,0,0,0,0,0,0,0,0.0,0.0,0.0,0,0,0,0,0,0,2,0,0,0,0,-1,0,20,0.0,0.0,0,0,0.0,0.0,0,0,DoS attacks-Slowloris
80,6,15/02/2018 11:34:41,100014805,2,2,16,0,8,8,8.0,0.0,0,0,0.0,0.0,0.1599763155,0.0399940789,33338268.3333333,57743570.2595709,100014800,2,100014802,100014802.0,0.0,100014802,100014802,100014803,100014803.0,0.0,100014803,100014803,1,0,0,0,64,64,0.0199970394,0.0199970394,0,8,4.8,4.38178046,19.2,0,1,0,0,1,0,0,0,1,6.0,8.0,0.0,0,0,0,0,0,0,2,16,2,0,211,219,1,32,2.0,0.0,2,2,100014800.0,0.0,100014800,100014800,DoS attacks-Slowloris
80,6,15/02/2018 11:30:09,3066788,3,0,0,0,0,0,0.0,0.0,0,0,0.0,0.0,0.0,0.978222166,1533394.0,719369.426985885,2042065,1024723,3066788,1533394.0,719369.426985885,2042065,1024723,0,0.0,0.0,0,0,0,0,0,0,120,0,0.978222166,0.0,0,0,0.0,0.0,0.0,0,0,0,1,0,0,0,0,0,0.0,0.0,0.0,0,0,0,0,0,0,3,0,0,0,26883,-1,0,40,0.0,0.0,0,0,0.0,0.0,0,0,DoS attacks-Slowloris
80,6,15/02/2018 11:04:55,107837492,15,3,2530,0,230,0,168.6666666667,105.2796728899,0,0,0.0,0.0,23.4612281228,0.1669178285,6343381.88235294,13492013.4742347,53247421,2,107837490,7702677.85714286,14586536.9431441,53247421,432,106814893,53407446.5,31690162.0748115,75815775,30999118,0,0,0,0,496,100,0.1390981905,0.0278196381,0,230,133.1578947368,116.6691729054,13611.6959064327,0,0,0,1,0,0,0,0,0,140.5555555556,168.6666666667,0.0,0,0,0,0,0,0,15,2530,3,0,26883,0,11,32,6155177.5,2244882.30382452,7742549,4567806,23881783.75,20639753.7467805,53247421,6655857,DoS attacks-Slowloris
80,6,15/02/2018 11:40:16,77445581,15,2,2308,0,230,0,153.8666666667,111.4641945499,0,0,0.0,0.0,29.8015712478,0.2195089737,4840348.8125,7798894.37013799,22886376,24,77445581,5531827.21428571,8128380.97201742,22886376,271,30996110,30996110.0,0.0,30996110,30996110,0,0,0,0,496,80,0.1936843885,0.0258245851,0,230,128.2222222222,117.1040540593,13713.3594771242,0,0,0,1,0,0,0,0,0,135.7647058824,153.8666666667,0.0,0,0,0,0,0,0,15,2308,2,0,26883,26847,11,32,6029351.5,2532007.25496601,7819751,4238952,14287698.6666667,8161018.76024742,22886376,6649305,DoS attacks-Slowloris
80,6,15/02/2018 11:29:31,3036440,3,0,0,0,0,0,0.0,0.0,0,0,0.0,0.0,0.0,0.9879991042,1518220.0,696094.300176348,2010433,1026007,3036440,1518220.0,696094.300176348,2010433,1026007,0,0.0,0.0,0,0,0,0,0,0,120,0,0.9879991042,0.0,0,0,0.0,0.0,0.0,0,0,0,1,0,0,0,0,0,0.0,0.0,0.0,0,0,0,0,0,0,3,0,0,0,26883,-1,0,40,0.0,0.0,0,0,0.0,0.0,0,0,DoS attacks-Slowloris
80,6,15/02/2018 11:06:52,99999240,2,2,16,0,8,8,8.0,0.0,0,0,0.0,0.0,0.160001216,0.040000304,33333080.0,57734584.6686564,99999236,2,99999238,99999238.0,0.0,99999238,99999238,99999238,99999238.0,0.0,99999238,99999238,1,0,0,0,64,64,0.020000152,0.020000152,0,8,4.8,4.38178046,19.2,0,1,0,0,1,0,0,0,1,6.0,8.0,0.0,0,0,0,0,0,0,2,16,2,0,211,219,1,32,2.0,0.0,2,2,99999236.0,0.0,99999236,99999236,DoS attacks-Slowloris
80,6,15/02/2018 11:19:20,107102715,15,3,2530,0,230,0,168.6666666667,105.2796728899,0,0,0.0,0.0,23.6221836206,0.1680629665,6300159.70588235,13437706.4983237,53247857,1,107102714,7650193.85714286,14529977.733093,53247857,386,106079457,53039728.5,31170468.2891243,75080578,30998879,0,0,0,0,496,100,0.1400524721,0.0280104944,0,230,133.1578947368,116.6691729054,13611.6959064327,0,0,0,1,0,0,0,0,0,140.5555555556,168.6666666667,0.0,0,0,0,0,0,0,15,2530,3,0,26883,0,11,32,6155388.5,2290765.04864216,7775204,4535573,23697984.25,20658828.0460851,53247857,6655922,DoS attacks-Slowloris
80,6,15/02/2018 11:33:26,3,1,1,8,0,8,8,8.0,0.0,0,0,0.0,0.0,2666666.66666667,666666.666666667,3.0,0.0,3,3,0,0.0,0.0,0,0,0,0.0,0.0,0,0,1,0,0,0,32,32,333333.333333333,333333.333333333,0,8,5.3333333333,4.6188021535,21.3333333333,0,1,0,0,1,0,0,0,1,8.0,8.0,0.0,0,0,0,0,0,0,1,8,1,0,211,219,0,32,0.0,0.0,0,0,0.0,0.0,0,0,DoS attacks-Slowloris
80,6,15/02/2018 11:24:56,107229894,15,3,2530,0,230,0,168.6666666667,105.2796728899,0,0,0.0,0.0,23.5941667535,0.167863637,6307640.82352941,13447779.6863281,53247557,2,107229892,7659278.0,14540533.4182459,53247557,271,106207182,53103591.0,31262778.9580878,75209714,30997468,0,0,0,0,496,100,0.1398863642,0.0279772728,0,230,133.1578947368,116.6691729054,13611.6959064327,0,0,0,1,0,0,0,0,0,140.5555555556,168.6666666667,0.0,0,0,0,0,0,0,15,2530,3,0,26883,0,11,32,6154292.5,2110428.77780903,7646591,4661994,23730326.75,20654851.0600258,53247557,6655983,DoS attacks-Slowloris
80,6,15/02/2018 11:32:57,107150183,14,3,2530,0,230,0,180.7142857143,97.9375221341,0,0,0.0,0.0,23.6117188899,0.1586558186,6696886.4375,13893310.9072044,53224595,5,107150178,8242321.38461538,15082597.0845367,53224595,196,107150178,53575089.0,31930504.134203,76153365,30996813,0,0,0,0,456,100,0.130657733,0.0279980856,0,230,140.5555555556,115.375204912,13311.4379084967,0,0,0,1,0,0,0,0,0,148.8235294118,180.7142857143,0.0,0,0,0,0,0,0,14,2530,3,0,26883,0,11,32,5513987.5,1828008.91518956,6806585,4221390,24030550.75,20574928.6920568,53224595,6667685,DoS attacks-Slowloris
80,6,15/02/2018 11:07:04,112254167,2,2,16,0,8,8,8.0,0.0,0,0,0.0,0.0,0.1425336843,0.0356334211,37418055.6666667,64809970.0710056,112254163,2,112254165,112254165.0,0.0,112254165,112254165,112254165,112254165.0,0.0,112254165,112254165,1,0,0,0,64,64,0.0178167105,0.0178167105,0,8,4.8,4.38178046,19.2,0,1,0,0,1,0,0,0,1,6.0,8.0,0.0,0,0,0,0,0,0,2,16,2,0,211,219,1,32,2.0,0.0,2,2,112254163.0,0.0,112254163,112254163,DoS attacks-Slowloris
80,6,15/02/2018 11:16:52,107934803,14,3,2530,0,230,0,180.7142857143,97.9375221341,0,0,0.0,0.0,23.4400761356,0.1575024879,6745925.1875,13960761.9934019,53247752,3,107934800,8302676.92307692,15153434.6700252,53247752,131,107934796,53967398.0,32484758.4709275,76937591,30997205,0,0,0,0,456,100,0.1297079312,0.0277945567,0,230,140.5555555556,115.375204912,13311.4379084967,0,0,0,1,0,0,0,0,0,148.8235294118,180.7142857143,0.0,0,0,0,0,0,0,14,2530,3,0,26883,0,11,32,5514880.5,1838926.64389108,6815198,4214563,24226259.75,20578077.1713361,53247752,6656104,DoS attacks-Slowloris
80,6,15/02/2018 11:02:12,3031947,3,0,0,0,0,0,0.0,0.0,0,0,0.0,0.0,0.0,0.9894632063,1515973.5,707144.25784595,2016000,1015947,3031947,1515973.5,707144.25784595,2016000,1015947,0,0.0,0.0,0,0,0,0,0,0,120,0,0.9894632063,0.0,0,0,0.0,0.0,0.0,0,0,0,1,0,0,0,0,0,0.0,0.0,0.0,0,0,0,0,0,0,3,0,0,0,26883,-1,0,40,0.0,0.0,0,0,0.0,0.0,0,0,DoS attacks-Slowloris
80,6,15/02/2018 11:21:18,5,1,1,8,0,8,8,8.0,0.0,0,0,0.0,0.0,1600000.0,400000.0,5.0,0.0,5,5,0,0.0,0.0,0,0,0,0.0,0.0,0,0,1,0,0,0,32,32,200000.0,200000.0,0,8,5.3333333333,4.6188021535,21.3333333333,0,1,0,0,1,0,0,0,1,8.0,8.0,0.0,0,0,0,0,0,0,1,8,1,0,211,219,0,32,0.0,0.0,0,0,0.0,0.0,0,0,DoS attacks-Slowloris
80,6,15/02/2018 11:26:52,100023759,2,2,16,0,8,8,8.0,0.0,0,0,0.0,0.0,0.1599619946,0.0399904987,33341253.0,57748739.8538812,100023754,2,100023756,100023756.0,0.0,100023756,100023756,100023757,100023757.0,0.0,100023757,100023757,1,0,0,0,64,64,0.0199952493,0.0199952493,0,8,4.8,4.38178046,19.2,0,1,0,0,1,0,0,0,1,6.0,8.0,0.0,0,0,0,0,0,0,2,16,2,0,211,219,1,32,2.0,0.0,2,2,100023754.0,0.0,100023754,100023754,DoS attacks-Slowloris
80,6,15/02/2018 11:31:34,106355988,14,3,2530,0,230,0,180.7142857143,97.9375221341,0,0,0.0,0.0,23.788035329,0.1598405536,6647249.25,13837445.1917122,53260016,2,106355986,8181229.69230769,15025233.982096,53260016,137,106355979,53177989.5,31368363.4355478,75358772,30997207,0,0,0,0,456,100,0.1316333971,0.0282071565,0,230,140.5555555556,115.375204912,13311.4379084967,0,0,0,1,0,0,0,0,0,148.8235294118,180.7142857143,0.0,0,0,0,0,0,0,14,2530,3,0,26883,0,11,32,5531032.0,1751565.72239582,6769576,4292488,23823480.5,20619738.1810832,53260016,6628162,DoS attacks-Slowloris
80,6,15/02/2018 11:21:46,3047685,3,0,0,0,0,0,0.0,0.0,0,0,0.0,0.0,0.0,0.984353698,1523842.5,695932.372723456,2015941,1031744,3047685,1523842.5,695932.372723456,2015941,1031744,0,0.0,0.0,0,0,0,0,0,0,120,0,0.984353698,0.0,0,0,0.0,0.0,0.0,0,0,0,1,0,0,0,0,0,0.0,0.0,0.0,0,0,0,0,0,0,3,0,0,0,26883,-1,0,40,0.0,0.0,0,0,0.0,0.0,0,0,DoS attacks-Slowloris
80,6,15/02/2018 11:01:37,3035950,3,0,0,0,0,0,0.0,0.0,0,0,0.0,0.0,0.0,0.9881585665,1517975.0,704363.206875544,2016035,1019915,3035950,1517975.0,704363.206875544,2016035,1019915,0,0.0,0.0,0,0,0,0,0,0,120,0,0.9881585665,0.0,0,0,0.0,0.0,0.0,0,0,0,1,0,0,0,0,0,0.0,0.0,0.0,0,0,0,0,0,0,3,0,0,0,26883,-1,0,40,0.0,0.0,0,0,0.0,0.0,0,0,DoS attacks-Slowloris
80,6,15/02/2018 11:00:12,29101432,4,3,238,0,230,0,59.5,113.7292105544,0,0,0.0,0.0,8.1782917074,0.2405379914,4850238.66666667,11880418.3145207,29101041,2,29101430,9700476.66666667,16801385.024906,29101045,79,29101429,14550714.5,20577271.9016838,29101043,386,0,0,0,0,136,104,0.1374502808,0.1030877106,0,230,29.75,80.9616311242,6554.7857142857,0,0,0,1,0,0,0,0,0,34.0,59.5,0.0,0,0,0,0,0,0,4,238,3,0,26883,219,2,32,389.0,0.0,389,389,29101041.0,0.0,29101041,29101041,DoS attacks-Slowloris
80,6,15/02/2018 11:11:46,106814099,14,3,2380,0,238,0,170.0,110.3002894201,0,0,0.0,0.0,22.2817027179,0.1591550194,6675881.1875,13872825.3895755,53247441,2,106814097,8216469.0,15061750.1196661,53247441,298,106814094,53407047.0,31690117.5270843,75815344,30998750,0,0,0,0,456,100,0.1310688395,0.0280861799,0,238,132.2222222222,120.7990823668,14592.4183006536,0,0,0,1,0,0,0,0,0,140.0,170.0,0.0,0,0,0,0,0,0,14,2380,3,0,26883,0,11,32,5515683.5,1701873.79334794,6719090,4312277,23945682.5,20595360.8053498,53247441,6655965,DoS attacks-Slowloris
80,6,15/02/2018 11:03:32,99999062,2,2,16,0,8,8,8.0,0.0,0,0,0.0,0.0,0.1600015008,0.0400003752,33333020.6666667,57734482.7663339,99999059,1,99999061,99999061.0,0.0,99999061,99999061,99999060,99999060.0,0.0,99999060,99999060,1,0,0,0,64,64,0.0200001876,0.0200001876,0,8,4.8,4.38178046,19.2,0,1,0,0,1,0,0,0,1,6.0,8.0,0.0,0,0,0,0,0,0,2,16,2,0,211,219,1,32,2.0,0.0,2,2,99999059.0,0.0,99999059,99999059,DoS attacks-Slowloris
80,6,15/02/2018 11:33:32,100006984,2,2,16,0,8,8,8.0,0.0,0,0,0.0,0.0,0.1599888264,0.0399972066,33335661.3333333,57739056.5351664,100006981,1,100006983,100006983.0,0.0,100006983,100006983,100006982,100006982.0,0.0,100006982,100006982,1,0,0,0,64,64,0.0199986033,0.0199986033,0,8,4.8,4.38178046,19.2,0,1,0,0,1,0,0,0,1,6.0,8.0,0.0,0,0,0,0,0,0,2,16,2,0,211,219,1,32,2.0,0.0,2,2,100006981.0,0.0,100006981,100006981,DoS attacks-Slowloris
80,6,15/02/2018 11:23:09,107634284,14,3,2530,0,230,0,180.7142857143,97.9375221341,0,0,0.0,0.0,23.5055217165,0.1579422408,6727142.75,13936252.8139577,53247452,2,107634282,8279560.15384615,15127780.3047957,53247452,173,107634279,53817139.5,32268849.7792532,76634662,30999617,0,0,0,0,456,100,0.1300700806,0.0278721601,0,230,140.5555555556,115.375204912,13311.4379084967,0,0,0,1,0,0,0,0,0,148.8235294118,180.7142857143,0.0,0,0,0,0,0,0,14,2530,3,0,26883,0,11,32,5516058.5,1774729.83344071,6770982,4261135,24150541.25,20581130.3606463,53247452,6656048,DoS attacks-Slowloris
80,6,15/02/2018 11:35:27,107296542,15,3,2530,0,230,0,168.6666666667,105.2796728899,0,0,0.0,0.0,23.5795110713,0.1677593673,6311561.29411765,13446326.9007174,53233010,2,107296540,7664038.57142857,14539152.1106918,53233010,381,106275233,53137616.5,31307622.9630439,75275449,30999784,0,0,0,0,496,100,0.1397994728,0.0279598946,0,230,133.1578947368,116.6691729054,13611.6959064327,0,0,0,1,0,0,0,0,0,140.5555555556,168.6666666667,0.0,0,0,0,0,0,0,15,2530,3,0,26883,0,11,32,6169952.5,2219873.35118752,7739640,4600265,23739158.75,20647557.4976236,53233010,6645090,DoS attacks-Slowloris
80,6,15/02/2018 11:29:23,107098610,2,2,16,0,8,8,8.0,0.0,0,0,0.0,0.0,0.1493950295,0.0373487574,35699536.6666667,61833398.3229537,107098595,7,107098603,107098603.0,0.0,107098603,107098603,107098602,107098602.0,0.0,107098602,107098602,1,0,0,0,64,64,0.0186743787,0.0186743787,0,8,4.8,4.38178046,19.2,0,1,0,0,1,0,0,0,1,6.0,8.0,0.0,0,0,0,0,0,0,2,16,2,0,211,219,1,32,8.0,0.0,8,8,107098595.0,0.0,107098595,107098595,DoS attacks-Slowloris
80,6,15/02/2018 11:32:47,109322583,15,3,2530,0,230,0,168.6666666667,105.2796728899,0,0,0.0,0.0,23.1425194189,0.1646503358,6430740.17647059,13611661.0324339,53236566,2,109322581,7808755.78571429,14712554.1414226,53236566,190,108296745,54148372.5,32741252.2634148,77299934,30996811,0,0,0,0,496,100,0.1372086132,0.0274417226,0,230,133.1578947368,116.6691729054,13611.6959064327,0,0,0,1,0,0,0,0,0,140.5555555556,168.6666666667,0.0,0,0,0,0,0,0,15,2530,3,0,26883,0,11,32,6045567.0,2708844.05433905,7961009,4130125,24307861.75,20573287.0850105,53236566,6654104,DoS attacks-Slowloris
80,6,15/02/2018 11:38:06,105016786,2,2,16,0,8,8,8.0,0.0,0,0,0.0,0.0,0.1523565956,0.0380891489,35005595.3333333,60631466.2024277,105016782,2,105016784,105016784.0,0.0,105016784,105016784,105016784,105016784.0,0.0,105016784,105016784,1,0,0,0,64,64,0.0190445745,0.0190445745,0,8,4.8,4.38178046,19.2,0,1,0,0,1,0,0,0,1,6.0,8.0,0.0,0,0,0,0,0,0,2,16,2,0,211,219,1,32,2.0,0.0,2,2,105016782.0,0.0,105016782,105016782,DoS attacks-Slowloris
80,6,15/02/2018 11:29:23,107098970,2,2,16,0,8,8,8.0,0.0,0,0,0.0,0.0,0.1493945273,0.0373486318,35699656.6666667,61833615.69533,107098966,2,107098968,107098968.0,0.0,107098968,107098968,107098968,107098968.0,0.0,107098968,107098968,1,0,0,0,64,64,0.0186743159,0.0186743159,0,8,4.8,4.38178046,19.2,0,1,0,0,1,0,0,0,1,6.0,8.0,0.0,0,0,0,0,0,0,2,16,2,0,211,219,1,32,2.0,0.0,2,2,107098966.0,0.0,107098966,107098966,DoS attacks-Slowloris
80,6,15/02/2018 11:35:35,3036322,3,0,0,0,0,0,0.0,0.0,0,0,0.0,0.0,0.0,0.9880375006,1518161.0,702800.500889121,2015116,1021206,3036322,1518161.0,702800.500889121,2015116,1021206,0,0.0,0.0,0,0,0,0,0,0,120,0,0.9880375006,0.0,0,0,0.0,0.0,0.0,0,0,0,1,0,0,0,0,0,0.0,0.0,0.0,0,0,0,0,0,0,3,0,0,0,26883,-1,0,40,0.0,0.0,0,0,0.0,0.0,0,0,DoS attacks-Slowloris
80,6,15/02/2018 11:28:52,112287145,2,2,16,0,8,8,8.0,0.0,0,0,0.0,0.0,0.1424918231,0.0356229558,37429048.3333333,64829009.9281829,112287141,2,112287143,112287143.0,0.0,112287143,112287143,112287143,112287143.0,0.0,112287143,112287143,1,0,0,0,64,64,0.0178114779,0.0178114779,0,8,4.8,4.38178046,19.2,0,1,0,0,1,0,0,0,1,6.0,8.0,0.0,0,0,0,0,0,0,2,16,2,0,211,219,1,32,2.0,0.0,2,2,112287141.0,0.0,112287141,112287141,DoS attacks-Slowloris
80,6,15/02/2018 11:05:41,15,1,1,8,0,8,8,8.0,0.0,0,0,0.0,0.0,533333.333333333,133333.333333333,15.0,0.0,15,15,0,0.0,0.0,0,0,0,0.0,0.0,0,0,1,0,0,0,32,32,66666.6666666667,66666.6666666667,0,8,5.3333333333,4.6188021535,21.3333333333,0,1,0,0,1,0,0,0,1,8.0,8.0,0.0,0,0,0,0,0,0,1,8,1,0,211,219,0,32,0.0,0.0,0,0,0.0,0.0,0,0,DoS attacks-Slowloris
80,6,15/02/2018 11:05:45,3038087,3,0,0,0,0,0,0.0,0.0,0,0,0.0,0.0,0.0,0.9874634927,1519043.5,702746.05366697,2015960,1022127,3038087,1519043.5,702746.05366697,2015960,1022127,0,0.0,0.0,0,0,0,0,0,0,120,0,0.9874634927,0.0,0,0,0.0,0.0,0.0,0,0,0,1,0,0,0,0,0,0.0,0.0,0.0,0,0,0,0,0,0,3,0,0,0,26883,-1,0,40,0.0,0.0,0,0,0.0,0.0,0,0,DoS attacks-Slowloris
80,6,15/02/2018 11:30:12,100001312,2,2,16,0,8,8,8.0,0.0,0,0,0.0,0.0,0.1599979008,0.0399994752,33333770.6666667,57735780.9384141,100001308,2,100001310,100001310.0,0.0,100001310,100001310,100001310,100001310.0,0.0,100001310,100001310,1,0,0,0,64,64,0.0199997376,0.0199997376,0,8,4.8,4.38178046,19.2,0,1,0,0,1,0,0,0,1,6.0,8.0,0.0,0,0,0,0,0,0,2,16,2,0,211,219,1,32,2.0,0.0,2,2,100001308.0,0.0,100001308,100001308,DoS attacks-Slowloris
80,6,15/02/2018 11:16:25,108222017,15,3,2530,0,230,0,168.6666666667,105.2796728899,0,0,0.0,0.0,23.3778677402,0.1663247507,6366001.0,13522125.4553121,53247766,3,108222014,7730143.85714286,14618060.8409297,53247766,302,107199478,53599739.0,31964033.7235533,76201724,30997754,0,0,0,0,496,100,0.1386039589,0.0277207918,0,230,133.1578947368,116.6691729054,13611.6959064327,0,0,0,1,0,0,0,0,0,140.5555555556,168.6666666667,0.0,0,0,0,0,0,0,15,2530,3,0,26883,0,11,32,6154416.0,2064778.6711224,7614435,4694397,23978295.5,20632599.2509406,53247766,6655979,DoS attacks-Slowloris
80,6,15/02/2018 11:14:14,108030367,15,3,2530,0,230,0,168.6666666667,105.2796728899,0,0,0.0,0.0,23.419340971,0.1666198172,6354727.47058824,13506984.6137997,53247745,13,108030354,7716453.85714286,14602232.3833366,53247745,236,107007582,53503791.0,31829266.2421269,76010481,30997101,0,0,0,0,496,100,0.1388498477,0.0277699695,0,230,133.1578947368,116.6691729054,13611.6959064327,0,0,0,1,0,0,0,0,0,140.5555555556,168.6666666667,0.0,0,0,0,0,0,0,15,2530,3,0,26883,0,11,32,6154990.5,2155178.7375632,7678932,4631049,23930093.25,20636049.7509896,53247745,6655831,DoS attacks-Slowloris
80,6,15/02/2018 11:00:12,100015056,5,4,246,0,230,0,49.2,101.1493944619,0,0,0.0,0.0,2.4596296782,0.0899864516,12501882.0,35354369.3049993,99999481,1,100015055,25003763.75,49997146.6668304,99999483,17,100015053,33338351.0,57730233.3655978,99999482,383,0,0,0,0,168,136,0.0499924731,0.0399939785,0,230,24.6,72.2467992371,5219.6,0,0,0,1,0,0,0,0,0,27.3333333333,49.2,0.0,0,0,0,0,0,0,5,246,4,0,26883,219,3,32,15574.0,0.0,15574,15574,99999481.0,0.0,99999481,99999481,DoS attacks-Slowloris
80,6,15/02/2018 11:13:25,3035715,3,0,0,0,0,0,0.0,0.0,0,0,0.0,0.0,0.0,0.9882350616,1517857.5,704419.068311257,2015957,1019758,3035715,1517857.5,704419.068311257,2015957,1019758,0,0.0,0.0,0,0,0,0,0,0,120,0,0.9882350616,0.0,0,0,0.0,0.0,0.0,0,0,0,1,0,0,0,0,0,0.0,0.0,0.0,0,0,0,0,0,0,3,0,0,0,26883,-1,0,40,0.0,0.0,0,0,0.0,0.0,0,0,DoS attacks-Slowloris
80,6,15/02/2018 11:20:10,107933767,15,3,2530,0,230,0,168.6666666667,105.2796728899,0,0,0.0,0.0,23.4403011247,0.1667689408,6349045.11764706,13500250.0331411,53247612,2,107933765,7709554.64285714,14595225.5016958,53247612,221,106911333,53455666.5,31758082.5095716,75912022,30999311,0,0,0,0,496,100,0.1389741173,0.0277948235,0,230,133.1578947368,116.6691729054,13611.6959064327,0,0,0,1,0,0,0,0,0,140.5555555556,168.6666666667,0.0,0,0,0,0,0,0,15,2530,3,0,26883,0,11,32,6155288.5,2018622.27598045,7582670,4727907,23905797.0,20637897.5246063,53247612,6655737,DoS attacks-Slowloris
80,6,15/02/2018 11:16:13,108202941,14,3,2530,0,230,0,180.7142857143,97.9375221341,0,0,0.0,0.0,23.3819892197,0.1571121805,6762683.8125,13982393.8690045,53247811,12,108202928,8323302.15384615,15176053.4859322,53247811,235,108202929,54101464.5,32674580.5792303,77205882,30997047,0,0,0,0,456,100,0.1293865016,0.0277256789,0,230,140.5555555556,115.375204912,13311.4379084967,0,0,0,1,0,0,0,0,0,148.8235294118,180.7142857143,0.0,0,0,0,0,0,0,14,2530,3,0,26883,0,11,32,5514824.5,1856078.22597554,6827270,4202379,24293319.75,20576196.4681197,53247811,6656102,DoS attacks-Slowloris
80,6,15/02/2018 11:26:55,106800496,15,3,2530,0,230,0,168.6666666667,105.2796728899,0,0,0.0,0.0,23.6890285603,0.1685385431,6282382.11764706,13419216.7633697,53266323,3,106800493,7628606.64285714,14511090.2529373,53266323,191,105777792,52888896.0,30957723.193189,74779312,30998480,0,0,0,0,496,100,0.1404487859,0.0280897572,0,230,133.1578947368,116.6691729054,13611.6959064327,0,0,0,1,0,0,0,0,0,140.5555555556,168.6666666667,0.0,0,0,0,0,0,0,15,2530,3,0,26883,0,11,32,6154870.5,2200070.11867361,7710555,4599186,23622688.0,20677879.6845443,53266323,6655972,DoS attacks-Slowloris
80,6,15/02/2018 11:30:29,3325973,3,0,0,0,0,0,0.0,0.0,0,0,0.0,0.0,0.0,0.9019916878,1662986.5,872389.455754997,2279859,1046114,3325973,1662986.5,872389.455754997,2279859,1046114,0,0.0,0.0,0,0,0,0,0,0,120,0,0.9019916878,0.0,0,0,0.0,0.0,0.0,0,0,0,1,0,0,0,0,0,0.0,0.0,0.0,0,0,0,0,0,0,3,0,0,0,26883,-1,0,40,0.0,0.0,0,0,0.0,0.0,0,0,DoS attacks-Slowloris
80,6,15/02/2018 11:03:28,106590092,15,3,2530,0,230,0,168.6666666667,105.2796728899,0,0,0.0,0.0,23.7357896267,0.1688712305,6270005.41176471,13401219.6588606,53247554,2,106590090,7613577.85714286,14492106.606496,53247554,291,105567036,52783518.0,30809051.1640174,74568807,30998229,0,0,0,0,496,100,0.1407260255,0.0281452051,0,230,133.1578947368,116.6691729054,13611.6959064327,0,0,0,1,0,0,0,0,0,140.5555555556,168.6666666667,0.0,0,0,0,0,0,0,15,2530,3,0,26883,0,11,32,6154945.5,2291240.22439911,7775097,4534794,23570049.75,20675630.3889659,53247554,6656234,DoS attacks-Slowloris
80,6,15/02/2018 11:23:32,99999593,2,2,16,0,8,8,8.0,0.0,0,0,0.0,0.0,0.1600006512,0.0400001628,33333197.6666667,57734788.4733014,99999589,1,99999590,99999590.0,0.0,99999590,99999590,99999592,99999592.0,0.0,99999592,99999592,1,0,0,0,64,64,0.0200000814,0.0200000814,0,8,4.8,4.38178046,19.2,0,1,0,0,1,0,0,0,1,6.0,8.0,0.0,0,0,0,0,0,0,2,16,2,0,211,219,1,32,1.0,0.0,1,1,99999589.0,0.0,99999589,99999589,DoS attacks-Slowloris
80,6,15/02/2018 11:04:26,108157763,15,3,2530,0,230,0,168.6666666667,105.2796728899,0,0,0.0,0.0,23.3917559852,0.1664235604,6362221.35294118,13517473.0197928,53247445,3,108157750,7725553.57142857,14613225.9640281,53247445,534,107134892,53567446.0,31916968.6961975,76136151,30998741,0,0,0,0,496,100,0.1386863003,0.0277372601,0,230,133.1578947368,116.6691729054,13611.6959064327,0,0,0,1,0,0,0,0,0,140.5555555556,168.6666666667,0.0,0,0,0,0,0,0,15,2530,3,0,26883,0,11,32,6155186.5,1973696.95374455,7550801,4759572,23961844.25,20633608.214662,53247445,6655822,DoS attacks-Slowloris
80,6,15/02/2018 11:13:31,3043765,3,0,0,0,0,0,0.0,0.0,0,0,0.0,0.0,0.0,0.9856214261,1521882.5,698794.7409737,2016005,1027760,3043765,1521882.5,698794.7409737,2016005,1027760,0,0.0,0.0,0,0,0,0,0,0,120,0,0.9856214261,0.0,0,0,0.0,0.0,0.0,0,0,0,1,0,0,0,0,0,0.0,0.0,0.0,0,0,0,0,0,0,3,0,0,0,26883,-1,0,40,0.0,0.0,0,0,0.0,0.0,0,0,DoS attacks-Slowloris
80,6,15/02/2018 11:36:52,100026524,2,2,16,0,8,8,8.0,0.0,0,0,0.0,0.0,0.1599575729,0.0399893932,33342174.6666667,57750337.9594264,100026521,1,100026523,100026523.0,0.0,100026523,100026523,100026522,100026522.0,0.0,100026522,100026522,1,0,0,0,64,64,0.0199946966,0.0199946966,0,8,4.8,4.38178046,19.2,0,1,0,0,1,0,0,0,1,6.0,8.0,0.0,0,0,0,0,0,0,2,16,2,0,211,219,1,32,2.0,0.0,2,2,100026521.0,0.0,100026521,100026521,DoS attacks-Slowloris
80,6,15/02/2018 11:10:35,105002932,2,2,16,0,8,8,8.0,0.0,0,0,0.0,0.0,0.1523766974,0.0380941744,35000977.3333333,60623467.5917984,105002928,2,105002930,105002930.0,0.0,105002930,105002930,105002930,105002930.0,0.0,105002930,105002930,1,0,0,0,64,64,0.0190470872,0.0190470872,0,8,4.8,4.38178046,19.2,0,1,0,0,1,0,0,0,1,6.0,8.0,0.0,0,0,0,0,0,0,2,16,2,0,211,219,1,32,2.0,0.0,2,2,105002928.0,0.0,105002928,105002928,DoS attacks-Slowloris
80,6,15/02/2018 11:10:07,101011289,2,2,16,0,8,8,8.0,0.0,0,0,0.0,0.0,0.1583981371,0.0395995343,33670429.6666667,58318891.4312395,101011285,2,101011287,101011287.0,0.0,101011287,101011287,101011287,101011287.0,0.0,101011287,101011287,1,0,0,0,64,64,0.0197997671,0.0197997671,0,8,4.8,4.38178046,19.2,0,1,0,0,1,0,0,0,1,6.0,8.0,0.0,0,0,0,0,0,0,2,16,2,0,211,219,1,32,2.0,0.0,2,2,101011285.0,0.0,101011285,101011285,DoS attacks-Slowloris
80,6,15/02/2018 11:30:12,100001170,2,2,16,0,8,8,8.0,0.0,0,0,0.0,0.0,0.159998128,0.039999532,33333723.3333333,57735699.8207013,100001167,1,100001169,100001169.0,0.0,100001169,100001169,100001168,100001168.0,0.0,100001168,100001168,1,0,0,0,64,64,0.019999766,0.019999766,0,8,4.8,4.38178046,19.2,0,1,0,0,1,0,0,0,1,6.0,8.0,0.0,0,0,0,0,0,0,2,16,2,0,211,219,1,32,2.0,0.0,2,2,100001167.0,0.0,100001167,100001167,DoS attacks-Slowloris
80,6,15/02/2018 11:26:36,107421204,15,3,2530,0,230,0,168.6666666667,105.2796728899,0,0,0.0,0.0,23.5521471161,0.167564683,6318894.35294118,13466798.9696174,53278670,2,107421202,7672943.0,14560816.558314,53278670,193,106398192,53199096.0,31396709.2250852,75399922,30998270,0,0,0,0,496,100,0.1396372359,0.0279274472,0,230,133.1578947368,116.6691729054,13611.6959064327,0,0,0,1,0,0,0,0,0,140.5555555556,168.6666666667,0.0,0,0,0,0,0,0,15,2530,3,0,26883,0,11,32,6154925.5,1974237.18332537,7550922,4758929,23777837.75,20665286.31119,53278670,6655975,DoS attacks-Slowloris
80,6,15/02/2018 11:35:59,115048123,2,2,16,0,8,8,8.0,0.0,0,0,0.0,0.0,0.1390722385,0.0347680596,38349374.3333333,66423062.185735,115048120,1,115048121,115048121.0,0.0,115048121,115048121,115048122,115048122.0,0.0,115048122,115048122,1,0,0,0,64,64,0.0173840298,0.0173840298,0,8,4.8,4.38178046,19.2,0,1,0,0,1,0,0,0,1,6.0,8.0,0.0,0,0,0,0,0,0,2,16,2,0,211,219,1,32,1.0,0.0,1,1,115048120.0,0.0,115048120,115048120,DoS attacks-Slowloris
80,6,15/02/2018 11:30:18,109129389,15,3,2530,0,230,0,168.6666666667,105.2796728899,0,0,0.0,0.0,23.1834890966,0.1649418197,6419375.82352941,13596425.2534399,53258098,13,109129376,7794955.42857143,14696873.3718259,53258098,383,108079306,54039653.0,32588102.1269979,77082921,30996385,0,0,0,0,496,100,0.1374515164,0.0274903033,0,230,133.1578947368,116.6691729054,13611.6959064327,0,0,0,1,0,0,0,0,0,140.5555555556,168.6666666667,0.0,0,0,0,0,0,0,15,2530,3,0,26883,0,11,32,6062712.0,2392381.24284613,7754381,4371043,24250988.0,20585137.0493253,53258098,6650680,DoS attacks-Slowloris
80,6,15/02/2018 11:25:23,108253966,15,3,2530,0,230,0,168.6666666667,105.2796728899,0,0,0.0,0.0,23.3709682285,0.1662756633,6367880.35294118,13524359.1800456,53247750,13,108253953,7732425.21428571,14620374.8352098,53247750,347,107231407,53615703.5,31986530.3257967,76233596,30997811,0,0,0,0,496,100,0.1385630527,0.0277126105,0,230,133.1578947368,116.6691729054,13611.6959064327,0,0,0,1,0,0,0,0,0,140.5555555556,168.6666666667,0.0,0,0,0,0,0,0,15,2530,3,0,26883,0,11,32,6154516.5,2110123.30767955,7646599,4662434,23986230.0,20632098.3233146,53247750,6655922,DoS attacks-Slowloris
80,6,15/02/2018 11:35:51,3247104,3,0,0,0,0,0,0.0,0.0,0,0,0.0,0.0,0.0,0.9239001892,1623552.0,842196.703305113,2219075,1028029,3247104,1623552.0,842196.703305113,2219075,1028029,0,0.0,0.0,0,0,0,0,0,0,120,0,0.9239001892,0.0,0,0,0.0,0.0,0.0,0,0,0,1,0,0,0,0,0,0.0,0.0,0.0,0,0,0,0,0,0,3,0,0,0,26883,-1,0,40,0.0,0.0,0,0,0.0,0.0,0,0,DoS attacks-Slowloris
80,6,15/02/2018 11:10:18,3043581,3,0,0,0,0,0,0.0,0.0,0,0,0.0,0.0,0.0,0.9856810119,1521790.5,698827.267885634,2015936,1027645,3043581,1521790.5,698827.267885634,2015936,1027645,0,0.0,0.0,0,0,0,0,0,0,120,0,0.9856810119,0.0,0,0,0.0,0.0,0.0,0,0,0,1,0,0,0,0,0,0.0,0.0,0.0,0,0,0,0,0,0,3,0,0,0,26883,-1,0,40,0.0,0.0,0,0,0.0,0.0,0,0,DoS attacks-Slowloris
80,6,15/02/2018 11:19:11,108190465,14,3,2530,0,230,0,180.7142857143,97.9375221341,0,0,0.0,0.0,23.3846855173,0.1571302979,6761904.0625,13981486.8142811,53247617,4,108190452,8322342.46153846,15175114.7795031,53247617,243,108190461,54095230.5,32664500.0649577,77192520,30997941,0,0,0,0,456,100,0.1294014218,0.0277288761,0,230,140.5555555556,115.375204912,13311.4379084967,0,0,0,1,0,0,0,0,0,148.8235294118,180.7142857143,0.0,0,0,0,0,0,0,14,2530,3,0,26883,0,11,32,5515304.5,1838172.86806233,6815089,4215520,24289960.75,20576213.118291,53247617,6655970,DoS attacks-Slowloris
80,6,15/02/2018 11:22:14,3047716,3,0,0,0,0,0,0.0,0.0,0,0,0.0,0.0,0.0,0.9843436856,1523858.0,695860.954938557,2015906,1031810,3047716,1523858.0,695860.954938557,2015906,1031810,0,0.0,0.0,0,0,0,0,0,0,120,0,0.9843436856,0.0,0,0,0.0,0.0,0.0,0,0,0,1,0,0,0,0,0,0.0,0.0,0.0,0,0,0,0,0,0,3,0,0,0,26883,-1,0,40,0.0,0.0,0,0,0.0,0.0,0,0,DoS attacks-Slowloris
80,6,15/02/2018 11:00:20,50041185,7,3,928,0,230,0,132.5714285714,121.5440347403,0,0,0.0,0.0,18.5447247103,0.1998353956,5560131.66666667,16360074.5929861,49185081,2,50041183,8340197.16666667,20010504.8476737,49185111,283,50041182,25020591.0,34173752.3142562,49185083,856099,0,0,0,0,232,104,0.1398847769,0.0599506187,0,230,84.3636363636,115.4878978311,13337.4545454545,0,0,0,1,0,0,0,0,0,92.8,132.5714285714,0.0,0,0,0,0,0,0,7,928,3,0,26883,219,5,32,856102.0,0.0,856102,856102,49185081.0,0.0,49185081,49185081,DoS attacks-Slowloris
80,6,15/02/2018 11:03:32,99999336,2,2,16,0,8,8,8.0,0.0,0,0,0.0,0.0,0.1600010624,0.0400002656,33333112.0,57734640.0942822,99999332,2,99999334,99999334.0,0.0,99999334,99999334,99999334,99999334.0,0.0,99999334,99999334,1,0,0,0,64,64,0.0200001328,0.0200001328,0,8,4.8,4.38178046,19.2,0,1,0,0,1,0,0,0,1,6.0,8.0,0.0,0,0,0,0,0,0,2,16,2,0,211,219,1,32,2.0,0.0,2,2,99999332.0,0.0,99999332,99999332,DoS attacks-Slowloris
80,6,15/02/2018 11:33:25,108085383,15,3,2530,0,230,0,168.6666666667,105.2796728899,0,0,0.0,0.0,23.4074204095,0.1665350069,6357963.70588235,13520681.3503066,53250978,2,108085381,7720384.35714286,14617393.8104172,53250978,204,107060328,53530164.0,31867737.0936641,76064057,30996271,0,0,0,0,496,100,0.1387791724,0.0277558345,0,230,133.1578947368,116.6691729054,13611.6959064327,0,0,0,1,0,0,0,0,0,140.5555555556,168.6666666667,0.0,0,0,0,0,0,0,15,2530,3,0,26883,0,11,32,6025485.0,2378765.1946676,7707526,4343444,24008602.75,20589907.7819014,53250978,6669971,DoS attacks-Slowloris
80,6,15/02/2018 11:32:29,105167881,2,2,16,0,8,8,8.0,0.0,0,0,0.0,0.0,0.1521377045,0.0380344261,35055960.3333333,60718702.6734017,105167879,1,105167880,105167880.0,0.0,105167880,105167880,105167880,105167880.0,0.0,105167880,105167880,1,0,0,0,64,64,0.0190172131,0.0190172131,0,8,4.8,4.38178046,19.2,0,1,0,0,1,0,0,0,1,6.0,8.0,0.0,0,0,0,0,0,0,2,16,2,0,211,219,1,32,1.0,0.0,1,1,105167879.0,0.0,105167879,105167879,DoS attacks-Slowloris
80,6,15/02/2018 11:29:53,3042180,3,0,0,0,0,0,0.0,0.0,0,0,0.0,0.0,0.0,0.9861349427,1521090.0,698188.750462223,2014784,1027396,3042180,1521090.0,698188.750462223,2014784,1027396,0,0.0,0.0,0,0,0,0,0,0,120,0,0.9861349427,0.0,0,0,0.0,0.0,0.0,0,0,0,1,0,0,0,0,0,0.0,0.0,0.0,0,0,0,0,0,0,3,0,0,0,26883,-1,0,40,0.0,0.0,0,0,0.0,0.0,0,0,DoS attacks-Slowloris
80,6,15/02/2018 11:14:04,113182340,2,2,16,0,8,8,8.0,0.0,0,0,0.0,0.0,0.1413648101,0.0353412025,37727446.6666667,65345850.1363847,113182335,2,113182338,113182338.0,0.0,113182338,113182338,113182337,113182337.0,0.0,113182337,113182337,1,0,0,0,64,64,0.0176706013,0.0176706013,0,8,4.8,4.38178046,19.2,0,1,0,0,1,0,0,0,1,6.0,8.0,0.0,0,0,0,0,0,0,2,16,2,0,211,219,1,32,3.0,0.0,3,3,113182335.0,0.0,113182335,113182335,DoS attacks-Slowloris
80,6,15/02/2018 11:00:32,3047546,3,0,0,0,0,0,0.0,0.0,0,0,0.0,0.0,0.0,0.9843985948,1523773.0,696074.501186475,2015972,1031574,3047546,1523773.0,696074.501186475,2015972,1031574,0,0.0,0.0,0,0,0,0,0,0,120,0,0.9843985948,0.0,0,0,0.0,0.0,0.0,0,0,0,1,0,0,0,0,0,0.0,0.0,0.0,0,0,0,0,0,0,3,0,0,0,26883,-1,0,40,0.0,0.0,0,0,0.0,0.0,0,0,DoS attacks-Slowloris
80,6,15/02/2018 11:41:40,222,1,2,238,516,238,238,238.0,0.0,516,0,258.0,364.8670990923,3396396.3963964,13513.5135135135,111.0,137.1787155502,208,14,0,0.0,0.0,0,0,14,14.0,0.0,14,14,1,0,0,0,32,64,4504.5045045045,9009.009009009,0,516,248.0,210.9723520591,44509.3333333333,0,1,0,0,1,1,0,0,2,330.6666666667,238.0,258.0,0,0,0,0,0,0,1,238,2,516,211,219,0,32,0.0,0.0,0,0,0.0,0.0,0,0,DoS attacks-Slowloris
80,6,15/02/2018 11:18:22,107678252,15,3,2530,0,230,0,168.6666666667,105.2796728899,0,0,0.0,0.0,23.4959237637,0.167164675,6334014.82352941,13481139.8139022,53247780,3,107678247,7691303.35714286,14575300.6788254,53247780,372,106655312,53327656.0,31578355.0576771,75656925,30998387,0,0,0,0,496,100,0.1393038958,0.0278607792,0,230,133.1578947368,116.6691729054,13611.6959064327,0,0,0,1,0,0,0,0,0,140.5555555556,168.6666666667,0.0,0,0,0,0,0,0,15,2530,3,0,26883,0,11,32,6154943.5,2019223.31674446,7582750,4727137,23842090.0,20643426.3635076,53247780,6655969,DoS attacks-Slowloris
80,6,15/02/2018 11:12:45,2,1,1,8,0,8,8,8.0,0.0,0,0,0.0,0.0,4000000.0,1000000.0,2.0,0.0,2,2,0,0.0,0.0,0,0,0,0.0,0.0,0,0,1,0,0,0,32,32,500000.0,500000.0,0,8,5.3333333333,4.6188021535,21.3333333333,0,1,0,0,1,0,0,0,1,8.0,8.0,0.0,0,0,0,0,0,0,1,8,1,0,211,219,0,32,0.0,0.0,0,0,0.0,0.0,0,0,DoS attacks-Slowloris
80,6,15/02/2018 11:13:55,3027709,3,0,0,0,0,0,0.0,0.0,0,0,0.0,0.0,0.0,0.9908481958,1513854.5,710128.248462558,2015991,1011718,3027709,1513854.5,710128.248462558,2015991,1011718,0,0.0,0.0,0,0,0,0,0,0,120,0,0.9908481958,0.0,0,0,0.0,0.0,0.0,0,0,0,1,0,0,0,0,0,0.0,0.0,0.0,0,0,0,0,0,0,3,0,0,0,26883,-1,0,40,0.0,0.0,0,0,0.0,0.0,0,0,DoS attacks-Slowloris
80,6,15/02/2018 11:00:12,100012016,5,4,246,0,230,0,49.2,101.1493944619,0,0,0.0,0.0,2.4597044419,0.0899891869,12501502.0,35354486.342415,99999391,2,100012014,25003003.5,49997593.3214583,99999393,88,100012012,33337337.3333333,57731033.9785889,99999393,397,0,0,0,0,168,136,0.0499939927,0.0399951942,0,230,24.6,72.2467992371,5219.6,0,0,0,1,0,0,0,0,0,27.3333333333,49.2,0.0,0,0,0,0,0,0,5,246,4,0,26883,219,3,32,12623.0,0.0,12623,12623,99999391.0,0.0,99999391,99999391,DoS attacks-Slowloris
80,6,15/02/2018 11:22:13,107870340,15,3,2530,0,230,0,168.6666666667,105.2796728899,0,0,0.0,0.0,23.4540838566,0.1668669998,6345314.11764706,13494545.8743401,53247596,2,107870338,7705024.14285714,14589182.8597521,53247596,206,106847245,53423622.5,31717177.7964936,75851054,30996191,0,0,0,0,496,100,0.1390558331,0.0278111666,0,230,133.1578947368,116.6691729054,13611.6959064327,0,0,0,1,0,0,0,0,0,140.5555555556,168.6666666667,0.0,0,0,0,0,0,0,15,2530,3,0,26883,0,11,32,6153882.0,2292677.77248527,7775050,4532714,23890643.5,20639065.6125407,53247596,6656003,DoS attacks-Slowloris
80,6,15/02/2018 11:41:17,16586098,12,1,1840,0,230,0,153.3333333333,113.244171701,0,0,0.0,0.0,110.9362792864,0.7837889297,1382174.83333333,1955579.59308626,6648193,21,16586098,1507827.09090909,1999578.11453494,6648193,149,0,0.0,0.0,0,0,0,0,0,0,400,40,0.7234974736,0.0602914561,0,230,131.4285714286,118.117095933,13951.6483516484,0,0,0,1,0,0,0,0,0,141.5384615385,153.3333333333,0.0,0,0,0,0,0,0,12,1840,1,0,26883,26847,8,32,7635316.0,0.0,7635316,7635316,6648193.0,0.0,6648193,6648193,DoS attacks-Slowloris
80,6,15/02/2018 11:06:52,99999401,2,2,16,0,8,8,8.0,0.0,0,0,0.0,0.0,0.1600009584,0.0400002396,33333133.6666667,57734678.4880751,99999398,1,99999400,99999400.0,0.0,99999400,99999400,99999399,99999399.0,0.0,99999399,99999399,1,0,0,0,64,64,0.0200001198,0.0200001198,0,8,4.8,4.38178046,19.2,0,1,0,0,1,0,0,0,1,6.0,8.0,0.0,0,0,0,0,0,0,2,16,2,0,211,219,1,32,2.0,0.0,2,2,99999398.0,0.0,99999398,99999398,DoS attacks-Slowloris
80,6,15/02/2018 11:01:57,108029705,15,3,2530,0,230,0,168.6666666667,105.2796728899,0,0,0.0,0.0,23.4194844835,0.1666208382,6354688.52941176,13507058.871126,53247572,13,108029692,7716406.57142857,14602286.140532,53247572,213,107006784,53503392.0,31828898.5466007,76009822,30996962,0,0,0,0,496,100,0.1388506985,0.0277701397,0,230,133.1578947368,116.6691729054,13611.6959064327,0,0,0,1,0,0,0,0,0,140.5555555556,168.6666666667,0.0,0,0,0,0,0,0,15,2530,3,0,26883,0,11,32,6154311.0,2156027.9728074,7678853,4629769,23930267.5,20635958.652494,53247572,6655914,DoS attacks-Slowloris
80,6,15/02/2018 11:08:44,106654264,14,3,2530,0,230,0,180.7142857143,97.9375221341,0,0,0.0,0.0,23.7215082184,0.1593935335,6665891.5,13860466.5612733,53247535,4,106654251,8204173.15384615,15048887.2032177,53247535,179,106654260,53327130.0,31579786.2418022,75657411,30996849,0,0,0,0,456,100,0.1312652629,0.0281282706,0,230,140.5555555556,115.375204912,13311.4379084967,0,0,0,1,0,0,0,0,0,148.8235294118,180.7142857143,0.0,0,0,0,0,0,0,14,2530,3,0,26883,0,11,32,5514628.5,1839195.34446793,6815136,4214121,23906248.5,20599017.4903738,53247535,6656017,DoS attacks-Slowloris
80,6,15/02/2018 11:22:32,3,1,1,8,0,8,8,8.0,0.0,0,0,0.0,0.0,2666666.66666667,666666.666666667,3.0,0.0,3,3,0,0.0,0.0,0,0,0,0.0,0.0,0,0,1,0,0,0,32,32,333333.333333333,333333.333333333,0,8,5.3333333333,4.6188021535,21.3333333333,0,1,0,0,1,0,0,0,1,8.0,8.0,0.0,0,0,0,0,0,0,1,8,1,0,211,219,0,32,0.0,0.0,0,0,0.0,0.0,0,0,DoS attacks-Slowloris
80,6,15/02/2018 11:33:32,100007096,2,2,16,0,8,8,8.0,0.0,0,0,0.0,0.0,0.1599886472,0.0399971618,33335698.6666667,57739119.4663457,100007091,2,100007093,100007093.0,0.0,100007093,100007093,100007094,100007094.0,0.0,100007094,100007094,1,0,0,0,64,64,0.0199985809,0.0199985809,0,8,4.8,4.38178046,19.2,0,1,0,0,1,0,0,0,1,6.0,8.0,0.0,0,0,0,0,0,0,2,16,2,0,211,219,1,32,2.0,0.0,2,2,100007091.0,0.0,100007091,100007091,DoS attacks-Slowloris
80,6,15/02/2018 11:10:07,101011061,2,2,16,0,8,8,8.0,0.0,0,0,0.0,0.0,0.1583984946,0.0395996236,33670353.6666667,58318759.7953781,101011057,2,101011059,101011059.0,0.0,101011059,101011059,101011059,101011059.0,0.0,101011059,101011059,1,0,0,0,64,64,0.0197998118,0.0197998118,0,8,4.8,4.38178046,19.2,0,1,0,0,1,0,0,0,1,6.0,8.0,0.0,0,0,0,0,0,0,2,16,2,0,211,219,1,32,2.0,0.0,2,2,101011057.0,0.0,101011057,101011057,DoS attacks-Slowloris
80,6,15/02/2018 11:33:32,100006467,2,2,16,0,8,8,8.0,0.0,0,0,0.0,0.0,0.1599896535,0.0399974134,33335489.0,57738755.447001,100006461,2,100006465,100006465.0,0.0,100006465,100006465,100006463,100006463.0,0.0,100006463,100006463,1,0,0,0,64,64,0.0199987067,0.0199987067,0,8,4.8,4.38178046,19.2,0,1,0,0,1,0,0,0,1,6.0,8.0,0.0,0,0,0,0,0,0,2,16,2,0,211,219,1,32,4.0,0.0,4,4,100006461.0,0.0,100006461,100006461,DoS attacks-Slowloris
80,6,15/02/2018 11:33:33,3071285,3,0,0,0,0,0,0.0,0.0,0,0,0.0,0.0,0.0,0.9767898453,1535642.5,723435.998084489,2047189,1024096,3071285,1535642.5,723435.998084489,2047189,1024096,0,0.0,0.0,0,0,0,0,0,0,120,0,0.9767898453,0.0,0,0,0.0,0.0,0.0,0,0,0,1,0,0,0,0,0,0.0,0.0,0.0,0,0,0,0,0,0,3,0,0,0,26883,-1,0,40,0.0,0.0,0,0,0.0,0.0,0,0,DoS attacks-Slowloris
80,6,15/02/2018 11:10:05,107153570,15,3,2530,0,230,0,168.6666666667,105.2796728899,0,0,0.0,0.0,23.6109725509,0.1679832039,6303151.17647059,13443773.2384873,53247670,1,107153569,7653826.35714286,14536518.3960839,53247670,232,106143084,53071542.0,31216009.5013666,75144594,30998490,0,0,0,0,496,100,0.1399860033,0.0279972007,0,230,133.1578947368,116.6691729054,13611.6959064327,0,0,0,1,0,0,0,0,0,140.5555555556,168.6666666667,0.0,0,0,0,0,0,0,15,2530,3,0,26883,0,11,32,6148720.0,2010550.65207321,7570394,4727046,23714032.25,20656803.0625485,53247670,6655999,DoS attacks-Slowloris
80,6,15/02/2018 11:13:32,99999799,2,2,16,0,8,8,8.0,0.0,0,0,0.0,0.0,0.1600003216,0.0400000804,33333266.3333333,57734909.1395077,99999797,1,99999798,99999798.0,0.0,99999798,99999798,99999798,99999798.0,0.0,99999798,99999798,1,0,0,0,64,64,0.0200000402,0.0200000402,0,8,4.8,4.38178046,19.2,0,1,0,0,1,0,0,0,1,6.0,8.0,0.0,0,0,0,0,0,0,2,16,2,0,211,219,1,32,1.0,0.0,1,1,99999797.0,0.0,99999797,99999797,DoS attacks-Slowloris
80,6,15/02/2018 11:21:47,107922249,14,3,2530,0,230,0,180.7142857143,97.9375221341,0,0,0.0,0.0,23.4428027904,0.1575208093,6745140.5625,13959327.3799499,53247564,2,107922247,8301711.30769231,15151888.7508499,53247564,156,107922245,53961122.5,32473415.7710505,76923295,30998950,0,0,0,0,456,100,0.1297230194,0.0277977899,0,230,140.5555555556,115.375204912,13311.4379084967,0,0,0,1,0,0,0,0,0,148.8235294118,180.7142857143,0.0,0,0,0,0,0,0,14,2530,3,0,26883,0,11,32,5515702.5,1820441.4584173,6802949,4228456,24222710.5,20578115.4064701,53247564,6656002,DoS attacks-Slowloris
80,6,15/02/2018 11:00:43,108350035,15,3,2530,0,230,0,168.6666666667,105.2796728899,0,0,0.0,0.0,23.3502462643,0.1661282343,6373531.47058824,13541319.6302075,53247474,3,108350032,7739288.0,14638991.8118941,53247474,152,107326804,53663402.0,32056280.0457997,76330615,30996189,0,0,0,0,496,100,0.1384401952,0.027688039,0,230,133.1578947368,116.6691729054,13611.6959064327,0,0,0,1,0,0,0,0,0,140.5555555556,168.6666666667,0.0,0,0,0,0,0,0,15,2530,3,0,26883,0,11,32,6026026.0,2428247.11300148,7743056,4308996,24074495.0,20585494.6942983,53247474,6655915,DoS attacks-Slowloris
80,6,15/02/2018 11:29:39,106581709,15,3,2530,0,230,0,168.6666666667,105.2796728899,0,0,0.0,0.0,23.7376565242,0.1688845128,6269512.29411765,13395659.0802124,53221497,4,106581705,7612978.92857143,14486063.0960017,53221497,294,105559688,52779844.0,30801502.0920215,74559795,30999893,0,0,0,0,496,100,0.140737094,0.0281474188,0,230,133.1578947368,116.6691729054,13611.6959064327,0,0,0,1,0,0,0,0,0,140.5555555556,168.6666666667,0.0,0,0,0,0,0,0,15,2530,3,0,26883,0,11,32,6159042.0,2297767.52709625,7783809,4534275,23565905.25,20661832.9852989,53221497,6663466,DoS attacks-Slowloris
80,6,15/02/2018 11:03:35,2,1,1,8,0,8,8,8.0,0.0,0,0,0.0,0.0,4000000.0,1000000.0,2.0,0.0,2,2,0,0.0,0.0,0,0,0,0.0,0.0,0,0,1,0,0,0,32,32,500000.0,500000.0,0,8,5.3333333333,4.6188021535,21.3333333333,0,1,0,0,1,0,0,0,1,8.0,8.0,0.0,0,0,0,0,0,0,1,8,1,0,211,219,0,32,0.0,0.0,0,0,0.0,0.0,0,0,DoS attacks-Slowloris
80,6,15/02/2018 11:39:38,116203294,2,1,8,0,8,0,4.0,5.6568542495,0,0,0.0,0.0,0.0688448642,0.0258168241,58101647.0,82168134.3551869,116203292,2,116203294,116203294.0,0.0,116203294,116203294,0,0.0,0.0,0,0,1,0,0,0,64,32,0.0172112161,0.008605608,0,8,4.0,4.6188021535,21.3333333333,0,1,0,0,1,0,0,0,0,5.3333333333,4.0,0.0,0,0,0,0,0,0,2,8,1,0,211,219,0,32,0.0,0.0,0,0,0.0,0.0,0,0,DoS attacks-Slowloris
80,6,15/02/2018 11:10:48,107677678,15,3,2380,0,238,0,158.6666666667,114.9948239001,0,0,0.0,0.0,22.1030026298,0.1671655661,6333981.05882353,13480867.8226094,53247548,1,107677677,7691262.64285714,14575035.5431167,53247548,202,106654980,53327490.0,31577315.6107088,75656024,30998956,0,0,0,0,496,100,0.1393046384,0.0278609277,0,238,125.2631578947,121.2512735811,14701.8713450292,0,0,0,1,0,0,0,0,0,132.2222222222,158.6666666667,0.0,0,0,0,0,0,0,15,2380,3,0,26883,0,11,32,6155953.5,2017598.38536129,7582611,4729296,23841442.5,20643383.3549333,53247548,6655947,DoS attacks-Slowloris
80,6,15/02/2018 11:23:40,107421701,15,3,2530,0,230,0,168.6666666667,105.2796728899,0,0,0.0,0.0,23.5520381492,0.1675639078,6318923.58823529,13462293.3697309,53247543,13,107421688,7672977.71428571,14555681.0134059,53247543,345,106399161,53199580.5,31399457.7491437,75402350,30996811,0,0,0,0,496,100,0.1396365898,0.027927318,0,230,133.1578947368,116.6691729054,13611.6959064327,0,0,0,1,0,0,0,0,0,140.5555555556,168.6666666667,0.0,0,0,0,0,0,0,15,2530,3,0,26883,0,11,32,6153903.5,2020240.13629581,7582429,4725378,23778470.25,20649594.1096843,53247543,6655939,DoS attacks-Slowloris
80,6,15/02/2018 11:03:35,2,1,1,8,0,8,8,8.0,0.0,0,0,0.0,0.0,4000000.0,1000000.0,2.0,0.0,2,2,0,0.0,0.0,0,0,0,0.0,0.0,0,0,1,0,0,0,32,32,500000.0,500000.0,0,8,5.3333333333,4.6188021535,21.3333333333,0,1,0,0,1,0,0,0,1,8.0,8.0,0.0,0,0,0,0,0,0,1,8,1,0,211,219,0,32,0.0,0.0,0,0,0.0,0.0,0,0,DoS attacks-Slowloris
80,6,15/02/2018 11:05:14,3023744,3,0,0,0,0,0,0.0,0.0,0,0,0.0,0.0,0.0,0.9921474834,1511872.0,712931.926849962,2015991,1007753,3023744,1511872.0,712931.926849962,2015991,1007753,0,0.0,0.0,0,0,0,0,0,0,120,0,0.9921474834,0.0,0,0,0.0,0.0,0.0,0,0,0,1,0,0,0,0,0,0.0,0.0,0.0,0,0,0,0,0,0,3,0,0,0,26883,-1,0,40,0.0,0.0,0,0,0.0,0.0,0,0,DoS attacks-Slowloris
80,6,15/02/2018 11:21:33,106942274,15,3,2530,0,230,0,168.6666666667,105.2796728899,0,0,0.0,0.0,23.6576229901,0.1683151043,6290722.0,13426976.6938668,53247691,2,106942272,7638733.71428571,14518920.9894621,53247691,221,105919177,52959588.5,31055928.3042805,74919446,30999731,0,0,0,0,496,100,0.1402625869,0.0280525174,0,230,133.1578947368,116.6691729054,13611.6959064327,0,0,0,1,0,0,0,0,0,140.5555555556,168.6666666667,0.0,0,0,0,0,0,0,15,2530,3,0,26883,0,11,32,6155940.5,2063352.43674475,7614951,4696930,23657597.75,20663775.9470834,53247691,6655849,DoS attacks-Slowloris
80,6,15/02/2018 11:20:12,99999737,2,2,16,0,8,8,8.0,0.0,0,0,0.0,0.0,0.1600004208,0.0400001052,33333245.6666667,57734870.7457148,99999732,2,99999735,99999735.0,0.0,99999735,99999735,99999734,99999734.0,0.0,99999734,99999734,1,0,0,0,64,64,0.0200000526,0.0200000526,0,8,4.8,4.38178046,19.2,0,1,0,0,1,0,0,0,1,6.0,8.0,0.0,0,0,0,0,0,0,2,16,2,0,211,219,1,32,3.0,0.0,3,3,99999732.0,0.0,99999732,99999732,DoS attacks-Slowloris
80,6,15/02/2018 11:40:12,81788680,2,1,8,0,8,0,4.0,5.6568542495,0,0,0.0,0.0,0.097813047,0.0366798926,40894340.0,57833328.838083,81788679,1,81788680,81788680.0,0.0,81788680,81788680,0,0.0,0.0,0,0,1,0,0,0,64,32,0.0244532617,0.0122266309,0,8,4.0,4.6188021535,21.3333333333,0,1,0,0,1,0,0,0,0,5.3333333333,4.0,0.0,0,0,0,0,0,0,2,8,1,0,211,219,0,32,0.0,0.0,0,0,0.0,0.0,0,0,DoS attacks-Slowloris
80,6,15/02/2018 11:21:00,99999503,2,2,16,0,8,8,8.0,0.0,0,0,0.0,0.0,0.1600007952,0.0400001988,33333167.6666667,57734736.5117772,99999499,2,99999501,99999501.0,0.0,99999501,99999501,99999501,99999501.0,0.0,99999501,99999501,1,0,0,0,64,64,0.0200000994,0.0200000994,0,8,4.8,4.38178046,19.2,0,1,0,0,1,0,0,0,1,6.0,8.0,0.0,0,0,0,0,0,0,2,16,2,0,211,219,1,32,2.0,0.0,2,2,99999499.0,0.0,99999499,99999499,DoS attacks-Slowloris
80,6,15/02/2018 11:03:35,2,1,1,8,0,8,8,8.0,0.0,0,0,0.0,0.0,4000000.0,1000000.0,2.0,0.0,2,2,0,0.0,0.0,0,0,0,0.0,0.0,0,0,1,0,0,0,32,32,500000.0,500000.0,0,8,5.3333333333,4.6188021535,21.3333333333,0,1,0,0,1,0,0,0,1,8.0,8.0,0.0,0,0,0,0,0,0,1,8,1,0,211,219,0,32,0.0,0.0,0,0,0.0,0.0,0,0,DoS attacks-Slowloris
80,6,15/02/2018 11:39:59,94982253,15,2,2308,0,230,0,153.8666666667,111.4641945499,0,0,0.0,0.0,24.2992762027,0.1789808039,5936390.8125,11100751.0976232,40936643,15,94982253,6784446.64285714,11661814.9887129,40936643,319,30997767,30997767.0,0.0,30997767,30997767,0,0,0,0,496,80,0.1579242388,0.0210565652,0,230,128.2222222222,117.1040540593,13713.3594771242,0,0,0,1,0,0,0,0,0,135.7647058824,153.8666666667,0.0,0,0,0,0,0,0,15,2308,2,0,26883,26847,11,32,6162625.5,2178442.55066424,7703017,4622234,13906786.3333333,7712100.19894512,21999863,6642629,DoS attacks-Slowloris
80,6,15/02/2018 11:25:04,107230467,14,3,2530,0,230,0,180.7142857143,97.9375221341,0,0,0.0,0.0,23.594040675,0.1585370322,6701904.1875,13905655.5715251,53247672,2,107230465,8248497.30769231,15095999.5285546,53247672,191,107230463,53615231.5,31987378.8539341,76233724,30996739,0,0,0,0,456,100,0.1305599089,0.0279771233,0,230,140.5555555556,115.375204912,13311.4379084967,0,0,0,1,0,0,0,0,0,148.8235294118,180.7142857143,0.0,0,0,0,0,0,0,14,2530,3,0,26883,0,11,32,5514621.5,1567599.87245486,6623082,4406161,24050305.5,20587168.8786486,53247672,6656038,DoS attacks-Slowloris
80,6,15/02/2018 11:25:20,3039766,3,0,0,0,0,0,0.0,0.0,0,0,0.0,0.0,0.0,0.986918072,1519883.0,701633.774700164,2016013,1023753,3039766,1519883.0,701633.774700164,2016013,1023753,0,0.0,0.0,0,0,0,0,0,0,120,0,0.986918072,0.0,0,0,0.0,0.0,0.0,0,0,0,1,0,0,0,0,0,0.0,0.0,0.0,0,0,0,0,0,0,3,0,0,0,26883,-1,0,40,0.0,0.0,0,0,0.0,0.0,0,0,DoS attacks-Slowloris
80,6,15/02/2018 11:21:00,99999500,2,2,16,0,8,8,8.0,0.0,0,0,0.0,0.0,0.1600008,0.0400002,33333166.6666667,57734734.7797264,99999496,2,99999498,99999498.0,0.0,99999498,99999498,99999498,99999498.0,0.0,99999498,99999498,1,0,0,0,64,64,0.0200001,0.0200001,0,8,4.8,4.38178046,19.2,0,1,0,0,1,0,0,0,1,6.0,8.0,0.0,0,0,0,0,0,0,2,16,2,0,211,219,1,32,2.0,0.0,2,2,99999496.0,0.0,99999496,99999496,DoS attacks-Slowloris
80,6,15/02/2018 11:15:49,3023671,3,0,0,0,0,0,0.0,0.0,0,0,0.0,0.0,0.0,0.9921714366,1511835.5,712890.207549872,2015925,1007746,3023671,1511835.5,712890.207549872,2015925,1007746,0,0.0,0.0,0,0,0,0,0,0,120,0,0.9921714366,0.0,0,0,0.0,0.0,0.0,0,0,0,1,0,0,0,0,0,0.0,0.0,0.0,0,0,0,0,0,0,3,0,0,0,26883,-1,0,40,0.0,0.0,0,0,0.0,0.0,0,0,DoS attacks-Slowloris
80,6,15/02/2018 11:25:51,108158625,2,2,16,0,8,8,8.0,0.0,0,0,0.0,0.0,0.1479308747,0.0369827187,36052875.0,62445407.7948282,108158621,2,108158623,108158623.0,0.0,108158623,108158623,108158623,108158623.0,0.0,108158623,108158623,1,0,0,0,64,64,0.0184913593,0.0184913593,0,8,4.8,4.38178046,19.2,0,1,0,0,1,0,0,0,1,6.0,8.0,0.0,0,0,0,0,0,0,2,16,2,0,211,219,1,32,2.0,0.0,2,2,108158621.0,0.0,108158621,108158621,DoS attacks-Slowloris
80,6,15/02/2018 11:21:43,107965915,15,3,2530,0,230,0,168.6666666667,105.2796728899,0,0,0.0,0.0,23.4333215256,0.1667192836,6350936.17647059,13502387.1367876,53247553,2,107965913,7711850.92857143,14597426.4832134,53247553,322,106943273,53471636.5,31779686.0359505,75943268,31000005,0,0,0,0,496,100,0.1389327363,0.0277865473,0,230,133.1578947368,116.6691729054,13611.6959064327,0,0,0,1,0,0,0,0,0,140.5555555556,168.6666666667,0.0,0,0,0,0,0,0,15,2530,3,0,26883,0,11,32,6155743.0,2063631.74392332,7614951,4696535,23913606.75,20637271.3123964,53247553,6655602,DoS attacks-Slowloris
80,6,15/02/2018 11:35:17,108347745,15,3,2530,0,230,0,168.6666666667,105.2796728899,0,0,0.0,0.0,23.350739787,0.1661317455,6373396.76470588,13531334.8873779,53259931,15,108347730,7739123.57142857,14627642.6256668,53259931,308,107322374,53661187.0,32048319.4376571,76322771,30999603,0,0,0,0,496,100,0.1384431213,0.0276886243,0,230,133.1578947368,116.6691729054,13611.6959064327,0,0,0,1,0,0,0,0,0,140.5555555556,168.6666666667,0.0,0,0,0,0,0,0,15,2530,3,0,26883,0,11,32,6171994.5,2216431.1553767,7739248,4604741,24000935.25,20644304.2003906,53259931,6633826,DoS attacks-Slowloris
80,6,15/02/2018 11:28:26,108182343,15,3,2530,0,230,0,168.6666666667,105.2796728899,0,0,0.0,0.0,23.3864411681,0.1663857474,6363667.23529412,13518424.7134049,53244702,2,108182341,7727310.07142857,14614239.2543398,53244702,140,107155687,53577843.5,31930063.6066783,76155808,30999879,0,0,0,0,496,100,0.1386547895,0.0277309579,0,230,133.1578947368,116.6691729054,13611.6959064327,0,0,0,1,0,0,0,0,0,140.5555555556,168.6666666667,0.0,0,0,0,0,0,0,15,2530,3,0,26883,0,11,32,6153732.0,2015156.74564586,7578663,4728801,23968719.25,20630425.4075492,53244702,6650389,DoS attacks-Slowloris
80,6,15/02/2018 11:18:13,3031711,3,0,0,0,0,0,0.0,0.0,0,0,0.0,0.0,0.0,0.9895402299,1515855.5,707338.005103996,2016019,1015692,3031711,1515855.5,707338.005103996,2016019,1015692,0,0.0,0.0,0,0,0,0,0,0,120,0,0.9895402299,0.0,0,0,0.0,0.0,0.0,0,0,0,1,0,0,0,0,0,0.0,0.0,0.0,0,0,0,0,0,0,3,0,0,0,26883,-1,0,40,0.0,0.0,0,0,0.0,0.0,0,0,DoS attacks-Slowloris
80,6,15/02/2018 11:24:34,3,1,1,8,0,8,8,8.0,0.0,0,0,0.0,0.0,2666666.66666667,666666.666666667,3.0,0.0,3,3,0,0.0,0.0,0,0,0,0.0,0.0,0,0,1,0,0,0,32,32,333333.333333333,333333.333333333,0,8,5.3333333333,4.6188021535,21.3333333333,0,1,0,0,1,0,0,0,1,8.0,8.0,0.0,0,0,0,0,0,0,1,8,1,0,211,219,0,32,0.0,0.0,0,0,0.0,0.0,0,0,DoS attacks-Slowloris
80,6,15/02/2018 11:21:46,3039737,3,0,0,0,0,0,0.0,0.0,0,0,0.0,0.0,0.0,0.9869274875,1519868.5,701631.65337982,2015997,1023740,3039737,1519868.5,701631.65337982,2015997,1023740,0,0.0,0.0,0,0,0,0,0,0,120,0,0.9869274875,0.0,0,0,0.0,0.0,0.0,0,0,0,1,0,0,0,0,0,0.0,0.0,0.0,0,0,0,0,0,0,3,0,0,0,26883,-1,0,40,0.0,0.0,0,0,0.0,0.0,0,0,DoS attacks-Slowloris
80,6,15/02/2018 11:26:28,106856090,14,3,2530,0,230,0,180.7142857143,97.9375221341,0,0,0.0,0.0,23.6767038734,0.1590924766,6678505.625,13877470.974524,53257348,2,106856088,8219699.07692308,15066741.7717433,53257348,137,106856082,53428041.0,31721633.2763218,75858623,30997459,0,0,0,0,456,100,0.1310173337,0.0280751429,0,230,140.5555555556,115.375204912,13311.4379084967,0,0,0,1,0,0,0,0,0,148.8235294118,180.7142857143,0.0,0,0,0,0,0,0,14,2530,3,0,26883,0,11,32,5514979.5,1748144.03268166,6751104,4278855,23956532.25,20599283.8851693,53257348,6656051,DoS attacks-Slowloris
80,6,15/02/2018 11:15:10,107795146,15,3,2530,0,230,0,168.6666666667,105.2796728899,0,0,0.0,0.0,23.4704445783,0.1669834002,6340890.94117647,13490280.8517267,53247661,19,107795127,7699651.92857143,14584867.9301586,53247661,300,106783424,53391712.0,31670447.2306453,75786100,30997324,0,0,0,0,496,100,0.1391528335,0.0278305667,0,230,133.1578947368,116.6691729054,13611.6959064327,0,0,0,1,0,0,0,0,0,140.5555555556,168.6666666667,0.0,0,0,0,0,0,0,15,2530,3,0,26883,0,11,32,6148756.0,2193238.76006056,7699610,4597902,23874403.75,20640470.7351159,53247661,6655980,DoS attacks-Slowloris
80,6,15/02/2018 11:16:05,107262672,14,3,2530,0,230,0,180.7142857143,97.9375221341,0,0,0.0,0.0,23.5869567001,0.1584894324,6703917.0,13908006.6289694,53247735,4,107262667,8250974.38461538,15098431.0509541,53247735,95,107262668,53631334.0,32009944.7526421,76265783,30996885,0,0,0,0,456,100,0.130520709,0.0279687234,0,230,140.5555555556,115.375204912,13311.4379084967,0,0,0,1,0,0,0,0,0,148.8235294118,180.7142857143,0.0,0,0,0,0,0,0,14,2530,3,0,26883,0,11,32,5514698.5,1613037.14000035,6655288,4374109,24058317.5,20586674.1374292,53247735,6655899,DoS attacks-Slowloris
80,6,15/02/2018 11:20:52,107262381,14,3,2530,0,230,0,180.7142857143,97.9375221341,0,0,0.0,0.0,23.5870206909,0.1584898623,6703898.8125,13907774.358437,53247512,2,107262379,8250952.23076923,15098167.2363844,53247512,167,107262375,53631187.5,32007200.4712244,76263696,30998679,0,0,0,0,456,100,0.1305210631,0.0279687992,0,230,140.5555555556,115.375204912,13311.4379084967,0,0,0,1,0,0,0,0,0,148.8235294118,180.7142857143,0.0,0,0,0,0,0,0,14,2530,3,0,26883,0,11,32,5515597.5,1611410.79440362,6655037,4376158,24057796.0,20586536.2085899,53247512,6656418,DoS attacks-Slowloris
80,6,15/02/2018 11:15:10,3038821,3,0,0,0,0,0,0.0,0.0,0,0,0.0,0.0,0.0,0.9872249797,1519410.5,702171.882960647,2015921,1022900,3038821,1519410.5,702171.882960647,2015921,1022900,0,0.0,0.0,0,0,0,0,0,0,120,0,0.9872249797,0.0,0,0,0.0,0.0,0.0,0,0,0,1,0,0,0,0,0,0.0,0.0,0.0,0,0,0,0,0,0,3,0,0,0,26883,-1,0,40,0.0,0.0,0,0,0.0,0.0,0,0,DoS attacks-Slowloris
80,6,15/02/2018 11:20:27,106214949,14,3,2530,0,230,0,180.7142857143,97.9375221341,0,0,0.0,0.0,23.8196226032,0.1600528001,6638434.3125,13828110.6878033,53247638,3,106214946,8170380.46153846,15015374.7226348,53247638,285,106214930,53107465.0,31265975.0807388,75215848,30999082,0,0,0,0,456,100,0.1318081883,0.0282446118,0,230,140.5555555556,115.375204912,13311.4379084967,0,0,0,1,0,0,0,0,0,148.8235294118,180.7142857143,0.0,0,0,0,0,0,0,14,2530,3,0,26883,0,11,32,5515794.0,1578101.11526226,6631680,4399908,23795839.5,20610974.6395675,53247638,6655995,DoS attacks-Slowloris
80,6,15/02/2018 11:07:52,3,1,1,8,0,8,8,8.0,0.0,0,0,0.0,0.0,2666666.66666667,666666.666666667,3.0,0.0,3,3,0,0.0,0.0,0,0,0,0.0,0.0,0,0,1,0,0,0,32,32,333333.333333333,333333.333333333,0,8,5.3333333333,4.6188021535,21.3333333333,0,1,0,0,1,0,0,0,1,8.0,8.0,0.0,0,0,0,0,0,0,1,8,1,0,211,219,0,32,0.0,0.0,0,0,0.0,0.0,0,0,DoS attacks-Slowloris
80,6,15/02/2018 11:21:17,3027766,3,0,0,0,0,0,0.0,0.0,0,0,0.0,0.0,0.0,0.9908295423,1513883.0,710205.323101707,2016074,1011692,3027766,1513883.0,710205.323101707,2016074,1011692,0,0.0,0.0,0,0,0,0,0,0,120,0,0.9908295423,0.0,0,0,0.0,0.0,0.0,0,0,0,1,0,0,0,0,0,0.0,0.0,0.0,0,0,0,0,0,0,3,0,0,0,26883,-1,0,40,0.0,0.0,0,0,0.0,0.0,0,0,DoS attacks-Slowloris
80,6,15/02/2018 11:30:12,100001437,2,2,16,0,8,8,8.0,0.0,0,0,0.0,0.0,0.1599977008,0.0399994252,33333812.3333333,57735852.2411724,100001432,2,100001435,100001435.0,0.0,100001435,100001435,100001434,100001434.0,0.0,100001434,100001434,1,0,0,0,64,64,0.0199997126,0.0199997126,0,8,4.8,4.38178046,19.2,0,1,0,0,1,0,0,0,1,6.0,8.0,0.0,0,0,0,0,0,0,2,16,2,0,211,219,1,32,3.0,0.0,3,3,100001432.0,0.0,100001432,100001432,DoS attacks-Slowloris
80,6,15/02/2018 11:07:52,3,1,1,8,0,8,8,8.0,0.0,0,0,0.0,0.0,2666666.66666667,666666.666666667,3.0,0.0,3,3,0,0.0,0.0,0,0,0,0.0,0.0,0,0,1,0,0,0,32,32,333333.333333333,333333.333333333,0,8,5.3333333333,4.6188021535,21.3333333333,0,1,0,0,1,0,0,0,1,8.0,8.0,0.0,0,0,0,0,0,0,1,8,1,0,211,219,0,32,0.0,0.0,0,0,0.0,0.0,0,0,DoS attacks-Slowloris
80,6,15/02/2018 11:26:18,106888168,14,3,2530,0,230,0,180.7142857143,97.9375221341,0,0,0.0,0.0,23.6695983039,0.1590447317,6680510.5,13878495.0349877,53249411,1,106888167,8222166.69230769,15067647.3015014,53249411,163,106888159,53444079.5,31744431.1060541,75890782,30997377,0,0,0,0,456,100,0.1309780143,0.0280667174,0,230,140.5555555556,115.375204912,13311.4379084967,0,0,0,1,0,0,0,0,0,148.8235294118,180.7142857143,0.0,0,0,0,0,0,0,14,2530,3,0,26883,0,11,32,5514969.5,1804824.29804801,6791173,4238766,23964557.0,20594681.8907644,53249411,6655865,DoS attacks-Slowloris
80,6,15/02/2018 11:36:46,107958667,15,3,2530,0,230,0,168.6666666667,105.2796728899,0,0,0.0,0.0,23.4348947639,0.1667304766,6350509.82352941,13497997.3400821,53251655,1,107958666,7711333.28571429,14593266.8805274,53251655,200,106931943,53465971.5,31773459.2536353,75933200,30998743,0,0,0,0,496,100,0.1389420638,0.0277884128,0,230,133.1578947368,116.6691729054,13611.6959064327,0,0,0,1,0,0,0,0,0,140.5555555556,168.6666666667,0.0,0,0,0,0,0,0,15,2530,3,0,26883,0,11,32,6172952.0,2014971.48366919,7597752,4748152,23903190.5,20638027.7017084,53251655,6675966,DoS attacks-Slowloris
80,6,15/02/2018 11:27:29,107841187,15,3,2530,0,230,0,168.6666666667,105.2796728899,0,0,0.0,0.0,23.4604242626,0.1669121094,6343599.23529412,13492807.0805,53252013,3,107841184,7702941.71428571,14587672.5677187,53252013,251,106818763,53409381.5,31693305.8715607,75819933,30998830,0,0,0,0,496,100,0.1390934245,0.0278186849,0,230,133.1578947368,116.6691729054,13611.6959064327,0,0,0,1,0,0,0,0,0,140.5555555556,168.6666666667,0.0,0,0,0,0,0,0,15,2530,3,0,26883,0,11,32,6147686.0,2209968.90650344,7710370,4585002,23886453.0,20636982.3572046,53252013,6663364,DoS attacks-Slowloris
80,6,15/02/2018 11:41:34,3081,1,2,0,516,0,0,0.0,0.0,516,0,258.0,364.8670990923,167478.091528724,973.7098344693,1540.5,2172.9391385863,3077,4,0,0.0,0.0,0,0,4,4.0,0.0,4,4,0,0,0,0,32,64,324.5699448231,649.1398896462,0,516,129.0,258.0,66564.0,0,0,0,0,1,1,0,0,2,172.0,0.0,258.0,0,0,0,0,0,0,1,0,2,516,211,219,0,32,0.0,0.0,0,0,0.0,0.0,0,0,DoS attacks-Slowloris
80,6,15/02/2018 11:41:39,66,2,0,0,0,0,0,0.0,0.0,0,0,0.0,0.0,0.0,30303.0303030303,66.0,0.0,66,66,66,66.0,0.0,66,66,0,0.0,0.0,0,0,0,0,0,0,40,0,30303.0303030303,0.0,0,0,0.0,0.0,0.0,1,0,0,0,0,0,0,0,0,0.0,0.0,0.0,0,0,0,0,0,0,2,0,0,0,0,-1,0,20,0.0,0.0,0,0,0.0,0.0,0,0,DoS attacks-Slowloris
80,6,15/02/2018 11:41:21,12965554,11,1,1618,0,230,0,147.0909090909,115.0525571602,0,0,0.0,0.0,124.7921993923,0.9255292909,1178686.72727273,1661368.67046933,5164968,18,12965554,1296555.4,1702064.95384298,5164968,228,0,0.0,0.0,0,0,0,0,0,0,368,40,0.84840185,0.0771274409,0,230,124.4615384615,118.6680351405,14082.1025641026,0,0,0,1,0,0,0,0,0,134.8333333333,147.0909090909,0.0,0,0,0,0,0,0,11,1618,1,0,26883,26847,8,32,0.0,0.0,0,0,0.0,0.0,0,0,DoS attacks-Slowloris
80,6,15/02/2018 11:26:33,106701660,14,3,2530,0,230,0,180.7142857143,97.9375221341,0,0,0.0,0.0,23.7109713195,0.1593227322,6668853.75,13866484.8093034,53264119,3,106701657,8207819.76923077,15055410.0386858,53264119,157,106701639,53350819.5,31614054.7577389,75705332,30996307,0,0,0,0,456,100,0.1312069559,0.0281157763,0,230,140.5555555556,115.375204912,13311.4379084967,0,0,0,1,0,0,0,0,0,148.8235294118,180.7142857143,0.0,0,0,0,0,0,0,14,2530,3,0,26883,0,11,32,5514329.0,1883111.62532708,6845890,4182768,23918249.75,20606140.2457802,53264119,6655961,DoS attacks-Slowloris
80,6,15/02/2018 11:40:23,3048241,3,0,0,0,0,0,0.0,0.0,0,0,0.0,0.0,0.0,0.9841741516,1524120.5,705879.950921189,2023253,1024988,3048241,1524120.5,705879.950921189,2023253,1024988,0,0.0,0.0,0,0,0,0,0,0,120,0,0.9841741516,0.0,0,0,0.0,0.0,0.0,0,0,0,1,0,0,0,0,0,0.0,0.0,0.0,0,0,0,0,0,0,3,0,0,0,26883,-1,0,40,0.0,0.0,0,0,0.0,0.0,0,0,DoS attacks-Slowloris
80,6,15/02/2018 11:32:07,106418970,15,3,2530,0,230,0,168.6666666667,105.2796728899,0,0,0.0,0.0,23.7739568425,0.169142776,6259939.41176471,13392372.8907494,53261136,3,106418967,7601354.78571429,14483259.7850759,53261136,418,105397412,52698706.0,30690516.02586,74400178,30997234,0,0,0,0,496,100,0.1409523133,0.0281904627,0,230,133.1578947368,116.6691729054,13611.6959064327,0,0,0,1,0,0,0,0,0,140.5555555556,168.6666666667,0.0,0,0,0,0,0,0,15,2530,3,0,26883,0,11,32,6152504.0,2020694.80595611,7581351,4723657,23528489.75,20688387.8848376,53261136,6657640,DoS attacks-Slowloris
80,6,15/02/2018 11:01:31,3047606,3,0,0,0,0,0,0.0,0.0,0,0,0.0,0.0,0.0,0.9843792144,1523803.0,696077.3296136,2016004,1031602,3047606,1523803.0,696077.3296136,2016004,1031602,0,0.0,0.0,0,0,0,0,0,0,120,0,0.9843792144,0.0,0,0,0.0,0.0,0.0,0,0,0,1,0,0,0,0,0,0.0,0.0,0.0,0,0,0,0,0,0,3,0,0,0,26883,-1,0,40,0.0,0.0,0,0,0.0,0.0,0,0,DoS attacks-Slowloris
80,6,15/02/2018 11:33:32,100006917,2,2,16,0,8,8,8.0,0.0,0,0,0.0,0.0,0.1599889336,0.0399972334,33335639.0,57739016.1206475,100006912,2,100006915,100006915.0,0.0,100006915,100006915,100006914,100006914.0,0.0,100006914,100006914,1,0,0,0,64,64,0.0199986167,0.0199986167,0,8,4.8,4.38178046,19.2,0,1,0,0,1,0,0,0,1,6.0,8.0,0.0,0,0,0,0,0,0,2,16,2,0,211,219,1,32,3.0,0.0,3,3,100006912.0,0.0,100006912,100006912,DoS attacks-Slowloris
80,6,15/02/2018 11:25:02,107229759,15,3,2530,0,230,0,168.6666666667,105.2796728899,0,0,0.0,0.0,23.5941964581,0.1678638483,6307632.88235294,13447790.3290305,53247618,1,107229758,7659268.42857143,14540545.59427,53247618,334,106207239,53103619.5,31262672.1849639,75209667,30997572,0,0,0,0,496,100,0.1398865403,0.0279773081,0,230,133.1578947368,116.6691729054,13611.6959064327,0,0,0,1,0,0,0,0,0,140.5555555556,168.6666666667,0.0,0,0,0,0,0,0,15,2530,3,0,26883,0,11,32,6154228.0,2110344.63210206,7646467,4661989,23730325.5,20654877.9374314,53247618,6656014,DoS attacks-Slowloris
80,6,15/02/2018 11:14:05,105003755,2,2,16,0,8,8,8.0,0.0,0,0,0.0,0.0,0.1523755031,0.0380938758,35001251.6666667,60623941.8850445,105003750,2,105003752,105003752.0,0.0,105003752,105003752,105003753,105003753.0,0.0,105003753,105003753,1,0,0,0,64,64,0.0190469379,0.0190469379,0,8,4.8,4.38178046,19.2,0,1,0,0,1,0,0,0,1,6.0,8.0,0.0,0,0,0,0,0,0,2,16,2,0,211,219,1,32,2.0,0.0,2,2,105003750.0,0.0,105003750,105003750,DoS attacks-Slowloris
80,6,15/02/2018 11:24:58,107229650,15,3,2530,0,230,0,168.6666666667,105.2796728899,0,0,0.0,0.0,23.5942204418,0.167864019,6307626.47058824,13447785.4116913,53247599,3,107229647,7659260.5,14540542.1149503,53247599,183,106207189,53103594.5,31262714.6113707,75209672,30997517,0,0,0,0,496,100,0.1398866825,0.0279773365,0,230,133.1578947368,116.6691729054,13611.6959064327,0,0,0,1,0,0,0,0,0,140.5555555556,168.6666666667,0.0,0,0,0,0,0,0,15,2530,3,0,26883,0,11,32,6154194.5,2110338.26814103,7646429,4661960,23730314.5,20654870.5746145,53247599,6655999,DoS attacks-Slowloris
80,6,15/02/2018 11:02:38,116030940,2,2,16,0,8,8,8.0,0.0,0,0,0.0,0.0,0.1378942548,0.0344735637,38676980.0,66990491.8452491,116030937,1,116030939,116030939.0,0.0,116030939,116030939,116030938,116030938.0,0.0,116030938,116030938,1,0,0,0,64,64,0.0172367818,0.0172367818,0,8,4.8,4.38178046,19.2,0,1,0,0,1,0,0,0,1,6.0,8.0,0.0,0,0,0,0,0,0,2,16,2,0,211,219,1,32,2.0,0.0,2,2,116030937.0,0.0,116030937,116030937,DoS attacks-Slowloris
80,6,15/02/2018 11:11:31,106810807,14,3,2530,0,230,0,180.7142857143,97.9375221341,0,0,0.0,0.0,23.6867417358,0.1591599247,6675675.4375,13872614.3169395,53247563,2,106810805,8216215.76923077,15061536.8203172,53247563,83,106810790,53405395.0,31687178.7913017,75811614,30999176,0,0,0,0,456,100,0.1310728792,0.0280870455,0,230,140.5555555556,115.375204912,13311.4379084967,0,0,0,1,0,0,0,0,0,148.8235294118,180.7142857143,0.0,0,0,0,0,0,0,14,2530,3,0,26883,0,11,32,5515866.0,1696825.75803705,6715703,4316029,23944768.25,20595478.2237021,53247563,6655998,DoS attacks-Slowloris
80,6,15/02/2018 11:40:41,52925768,13,2,2078,0,230,0,159.8461538462,109.5459159088,0,0,0.0,0.0,39.2625384293,0.2834158212,3780412.0,6414229.27092404,21907919,8,52925768,4410480.66666667,6753162.93700982,21907919,214,30999523,30999523.0,0.0,30999523,30999523,0,0,0,0,424,80,0.245627045,0.0377887762,0,230,129.875,117.2699876354,13752.25,0,0,0,1,0,0,0,0,0,138.5333333333,159.8461538462,0.0,0,0,0,0,0,0,13,2078,2,0,26883,26847,10,32,6820426.0,0.0,6820426,6820426,9990641.0,4725209.95258073,13331869,6649413,DoS attacks-Slowloris
80,6,15/02/2018 11:11:04,107638757,15,3,2530,0,230,0,168.6666666667,105.2796728899,0,0,0.0,0.0,23.5045449289,0.1672260114,6331691.58823529,13479007.1058312,53247457,14,107638743,7688481.64285714,14573157.0506866,53247457,170,106622971,53311485.5,31554367.8743389,75623793,30999178,0,0,0,0,496,100,0.1393550095,0.0278710019,0,230,133.1578947368,116.6691729054,13611.6959064327,0,0,0,1,0,0,0,0,0,140.5555555556,168.6666666667,0.0,0,0,0,0,0,0,15,2530,3,0,26883,0,11,32,6151810.0,1968429.71533149,7543700,4759920,23833780.75,20644044.0368894,53247457,6656033,DoS attacks-Slowloris
80,6,15/02/2018 11:16:18,111139066,2,2,16,0,8,8,8.0,0.0,0,0,0.0,0.0,0.1439637796,0.0359909449,37046355.3333333,64166166.208482,111139062,2,111139064,111139064.0,0.0,111139064,111139064,111139064,111139064.0,0.0,111139064,111139064,1,0,0,0,64,64,0.0179954724,0.0179954724,0,8,4.8,4.38178046,19.2,0,1,0,0,1,0,0,0,1,6.0,8.0,0.0,0,0,0,0,0,0,2,16,2,0,211,219,1,32,2.0,0.0,2,2,111139062.0,0.0,111139062,111139062,DoS attacks-Slowloris
80,6,15/02/2018 11:10:35,107965738,15,3,2530,0,230,0,168.6666666667,105.2796728899,0,0,0.0,0.0,23.4333599424,0.1667195569,6350925.76470588,13502450.0823791,53247491,2,107965736,7711838.28571429,14597497.9008603,53247491,145,106942949,53471474.5,31781284.0972759,75944236,30998713,0,0,0,0,496,100,0.1389329641,0.0277865928,0,230,133.1578947368,116.6691729054,13611.6959064327,0,0,0,1,0,0,0,0,0,140.5555555556,168.6666666667,0.0,0,0,0,0,0,0,15,2530,3,0,26883,0,11,32,6155054.0,2064180.45878552,7614650,4695458,23913907.0,20637154.3348007,53247491,6655950,DoS attacks-Slowloris
80,6,15/02/2018 11:25:14,109255011,16,3,2530,0,230,0,158.125,110.104117392,0,0,0.0,0.0,23.156832596,0.1739050669,6069722.83333333,13085228.902633,53247697,2,109255009,7283667.26666667,14086896.8868254,53247697,367,106207234,53103617.0,31262539.9559958,75209571,30997663,0,0,0,0,536,100,0.1464463721,0.0274586948,0,230,126.5,117.3960906728,13781.8421052632,0,0,0,1,0,0,0,0,0,133.1578947368,158.125,0.0,0,0,0,0,0,0,16,2530,3,0,26883,0,11,32,7166822.5,3542476.98741721,9671732,4661913,23730341.0,20654895.5294226,53247697,6655908,DoS attacks-Slowloris
80,6,15/02/2018 11:28:59,3142409,3,0,0,0,0,0,0.0,0.0,0,0,0.0,0.0,0.0,0.9546815835,1571204.5,731218.415318228,2088254,1054155,3142409,1571204.5,731218.415318228,2088254,1054155,0,0.0,0.0,0,0,0,0,0,0,120,0,0.9546815835,0.0,0,0,0.0,0.0,0.0,0,0,0,1,0,0,0,0,0,0.0,0.0,0.0,0,0,0,0,0,0,3,0,0,0,26883,-1,0,40,0.0,0.0,0,0,0.0,0.0,0,0,DoS attacks-Slowloris
80,6,15/02/2018 11:11:37,3,1,1,8,0,8,8,8.0,0.0,0,0,0.0,0.0,2666666.66666667,666666.666666667,3.0,0.0,3,3,0,0.0,0.0,0,0,0,0.0,0.0,0,0,1,0,0,0,32,32,333333.333333333,333333.333333333,0,8,5.3333333333,4.6188021535,21.3333333333,0,1,0,0,1,0,0,0,1,8.0,8.0,0.0,0,0,0,0,0,0,1,8,1,0,211,219,0,32,0.0,0.0,0,0,0.0,0.0,0,0,DoS attacks-Slowloris
80,6,15/02/2018 11:41:09,24900731,12,1,1848,0,230,0,154.0,112.2788735896,0,0,0.0,0.0,74.2146887174,0.5220730267,2075060.91666667,3288407.3526559,10470533,21,24900731,2263702.81818182,3380126.19373274,10470533,258,0,0.0,0.0,0,0,0,0,0,0,400,40,0.4819135631,0.0401594636,0,230,132.0,117.4498256212,13794.4615384615,0,0,0,1,0,0,0,0,0,142.1538461538,154.0,0.0,0,0,0,0,0,0,12,1848,1,0,26883,26847,9,32,7741073.0,0.0,7741073,7741073,6689125.0,0.0,6689125,6689125,DoS attacks-Slowloris
80,6,15/02/2018 11:38:01,3112258,3,0,0,0,0,0,0.0,0.0,0,0,0.0,0.0,0.0,0.9639303682,1556129.0,756725.87823597,2091215,1021043,3112258,1556129.0,756725.87823597,2091215,1021043,0,0.0,0.0,0,0,0,0,0,0,120,0,0.9639303682,0.0,0,0,0.0,0.0,0.0,0,0,0,1,0,0,0,0,0,0.0,0.0,0.0,0,0,0,0,0,0,3,0,0,0,26883,-1,0,40,0.0,0.0,0,0,0.0,0.0,0,0,DoS attacks-Slowloris
80,6,15/02/2018 11:17:57,3023541,3,0,0,0,0,0,0.0,0.0,0,0,0.0,0.0,0.0,0.992214096,1511770.5,712843.538502314,2015827,1007714,3023541,1511770.5,712843.538502314,2015827,1007714,0,0.0,0.0,0,0,0,0,0,0,120,0,0.992214096,0.0,0,0,0.0,0.0,0.0,0,0,0,1,0,0,0,0,0,0.0,0.0,0.0,0,0,0,0,0,0,3,0,0,0,26883,-1,0,40,0.0,0.0,0,0,0.0,0.0,0,0,DoS attacks-Slowloris
80,6,15/02/2018 11:31:10,107351454,15,3,2530,0,230,0,168.6666666667,105.2796728899,0,0,0.0,0.0,23.5674497711,0.1676735557,6314791.41176471,13451839.1391203,53230612,3,107351451,7667960.78571429,14544282.2428888,53230612,262,106326022,53163011.0,31338067.4455079,75322371,31003651,0,0,0,0,496,100,0.1397279631,0.0279455926,0,230,133.1578947368,116.6691729054,13611.6959064327,0,0,0,1,0,0,0,0,0,140.5555555556,168.6666666667,0.0,0,0,0,0,0,0,15,2530,3,0,26883,0,11,32,6154245.5,2294153.5043376,7776457,4532034,23760740.0,20638879.260395,53230612,6682847,DoS attacks-Slowloris
80,6,15/02/2018 11:30:01,107459585,15,3,2530,0,230,0,168.6666666667,105.2796728899,0,0,0.0,0.0,23.5437350703,0.1675048345,6321152.05882353,13462453.3653097,53247742,6,107459579,7675684.21428572,14555648.9093576,53247742,304,106418404,53209202.0,31409727.0609269,75419233,30999171,0,0,0,0,496,100,0.1395873621,0.0279174724,0,230,133.1578947368,116.6691729054,13611.6959064327,0,0,0,1,0,0,0,0,0,140.5555555556,168.6666666667,0.0,0,0,0,0,0,0,15,2530,3,0,26883,0,11,32,6165916.5,2100737.17226608,7651362,4680471,23781936.5,20649465.1194606,53247742,6655655,DoS attacks-Slowloris
80,6,15/02/2018 11:11:55,107518048,14,3,2530,0,230,0,180.7142857143,97.9375221341,0,0,0.0,0.0,23.5309331509,0.1581129896,6719878.0,13927891.2409318,53247484,5,107518036,8270618.15384615,15119146.6689828,53247484,44,107518043,53759021.5,32187795.5431394,76519230,30998813,0,0,0,0,456,100,0.1302106973,0.0279022923,0,230,140.5555555556,115.375204912,13311.4379084967,0,0,0,1,0,0,0,0,0,148.8235294118,180.7142857143,0.0,0,0,0,0,0,0,14,2530,3,0,26883,0,11,32,5515732.0,1611322.40605597,6655109,4376355,24121643.0,20582686.3243382,53247484,6655968,DoS attacks-Slowloris
80,6,15/02/2018 11:25:26,3027558,3,0,0,0,0,0,0.0,0.0,0,0,0.0,0.0,0.0,0.9908976145,1513779.0,710210.979955957,2015974,1011584,3027558,1513779.0,710210.979955957,2015974,1011584,0,0.0,0.0,0,0,0,0,0,0,120,0,0.9908976145,0.0,0,0,0.0,0.0,0.0,0,0,0,1,0,0,0,0,0,0.0,0.0,0.0,0,0,0,0,0,0,3,0,0,0,26883,-1,0,40,0.0,0.0,0,0,0.0,0.0,0,0,DoS attacks-Slowloris
80,6,15/02/2018 11:39:19,116124921,2,2,16,0,8,8,8.0,0.0,0,0,0.0,0.0,0.1377826556,0.0344456639,38708307.0,67044750.068847,116124916,2,116124918,116124918.0,0.0,116124918,116124918,116124919,116124919.0,0.0,116124919,116124919,1,0,0,0,64,64,0.017222832,0.017222832,0,8,4.8,4.38178046,19.2,0,1,0,0,1,0,0,0,1,6.0,8.0,0.0,0,0,0,0,0,0,2,16,2,0,211,219,1,32,2.0,0.0,2,2,116124916.0,0.0,116124916,116124916,DoS attacks-Slowloris
80,6,15/02/2018 11:07:38,107101833,15,3,2530,0,230,0,168.6666666667,105.2796728899,0,0,0.0,0.0,23.6223781529,0.1680643505,6300107.82352941,13437813.8286072,53247607,2,107101831,7650130.78571429,14530105.2330122,53247607,434,106078993,53039496.5,31173015.2877501,75082147,30996846,0,0,0,0,496,100,0.1400536254,0.0280107251,0,230,133.1578947368,116.6691729054,13611.6959064327,0,0,0,1,0,0,0,0,0,140.5555555556,168.6666666667,0.0,0,0,0,0,0,0,15,2530,3,0,26883,0,11,32,6154140.5,2291800.25296981,7774688,4533593,23698387.5,20658643.7910847,53247607,6656005,DoS attacks-Slowloris
80,6,15/02/2018 11:20:41,108285983,15,3,2530,0,230,0,168.6666666667,105.2796728899,0,0,0.0,0.0,23.3640581164,0.1662265004,6369763.70588235,13526453.3143128,53247641,22,108285961,7734711.5,14622530.8282408,53247641,384,107263222,53631611.0,32006774.0858353,76263818,30999404,0,0,0,0,496,100,0.1385220837,0.0277044167,0,230,133.1578947368,116.6691729054,13611.6959064327,0,0,0,1,0,0,0,0,0,140.5555555556,168.6666666667,0.0,0,0,0,0,0,0,15,2530,3,0,26883,0,11,32,6155372.0,2154128.68399314,7678571,4632173,23993804.25,20631522.6420056,53247641,6656071,DoS attacks-Slowloris
80,6,15/02/2018 11:22:08,3019667,3,0,0,0,0,0,0.0,0.0,0,0,0.0,0.0,0.0,0.9934870302,1509833.5,715649.338210062,2015874,1003793,3019667,1509833.5,715649.338210062,2015874,1003793,0,0.0,0.0,0,0,0,0,0,0,120,0,0.9934870302,0.0,0,0,0.0,0.0,0.0,0,0,0,1,0,0,0,0,0,0.0,0.0,0.0,0,0,0,0,0,0,3,0,0,0,26883,-1,0,40,0.0,0.0,0,0,0.0,0.0,0,0,DoS attacks-Slowloris
80,6,15/02/2018 11:07:37,108125870,15,3,2530,0,230,0,168.6666666667,105.2796728899,0,0,0.0,0.0,23.3986556594,0.166472649,6360345.29411765,13513525.9257699,53247576,14,108125856,7723275.42857143,14608960.1142735,53247576,203,107102982,53551491.0,31891412.4429118,76102125,31000857,0,0,0,0,496,100,0.1387272075,0.0277454415,0,230,133.1578947368,116.6691729054,13611.6959064327,0,0,0,1,0,0,0,0,0,140.5555555556,168.6666666667,0.0,0,0,0,0,0,0,15,2530,3,0,26883,0,11,32,6156324.5,2289314.06552716,7775114,4537535,23953301.75,20634318.9424251,53247576,6655623,DoS attacks-Slowloris
80,6,15/02/2018 11:06:32,3047742,3,0,0,0,0,0,0.0,0.0,0,0,0.0,0.0,0.0,0.9843352882,1523871.0,695981.163091358,2016004,1031738,3047742,1523871.0,695981.163091358,2016004,1031738,0,0.0,0.0,0,0,0,0,0,0,120,0,0.9843352882,0.0,0,0,0.0,0.0,0.0,0,0,0,1,0,0,0,0,0,0.0,0.0,0.0,0,0,0,0,0,0,3,0,0,0,26883,-1,0,40,0.0,0.0,0,0,0.0,0.0,0,0,DoS attacks-Slowloris
80,6,15/02/2018 11:03:20,106686199,15,3,2530,0,230,0,168.6666666667,105.2796728899,0,0,0.0,0.0,23.7144075214,0.1687191049,6275658.76470588,13408887.3089503,53247439,2,106686197,7620442.64285714,14500149.0987806,53247439,300,105662893,52831446.5,30877103.8277456,74664856,30998037,0,0,0,0,496,100,0.1405992541,0.0281198508,0,230,133.1578947368,116.6691729054,13611.6959064327,0,0,0,1,0,0,0,0,0,140.5555555556,168.6666666667,0.0,0,0,0,0,0,0,15,2530,3,0,26883,0,11,32,6155051.5,2065107.47577566,7615303,4694800,23594023.5,20672203.0975397,53247439,6655869,DoS attacks-Slowloris
80,6,15/02/2018 11:05:59,107069815,15,3,2530,0,230,0,168.6666666667,105.2796728899,0,0,0.0,0.0,23.6294421542,0.1681146082,6298224.41176471,13435404.3459655,53247406,1,107069814,7647843.85714286,14527590.4757729,53247406,380,106046905,53023452.5,31146211.6981024,75047150,30999755,0,0,0,0,496,100,0.1400955068,0.0280191014,0,230,133.1578947368,116.6691729054,13611.6959064327,0,0,0,1,0,0,0,0,0,140.5555555556,168.6666666667,0.0,0,0,0,0,0,0,15,2530,3,0,26883,0,11,32,6155611.0,2244622.79563583,7742799,4568423,23689648.0,20659609.596198,53247406,6655926,DoS attacks-Slowloris
80,6,15/02/2018 11:16:10,106238594,14,3,2530,0,230,0,180.7142857143,97.9375221341,0,0,0.0,0.0,23.8143211873,0.1600171779,6639912.125,13830061.6716642,53247826,1,106238593,8172199.46153846,15017421.1124361,53247826,274,106238590,53119295.0,31285914.0777547,75241777,30996813,0,0,0,0,456,100,0.1317788524,0.0282383255,0,230,140.5555555556,115.375204912,13311.4379084967,0,0,0,1,0,0,0,0,0,148.8235294118,180.7142857143,0.0,0,0,0,0,0,0,14,2530,3,0,26883,0,11,32,5515115.0,1613378.67257566,6655946,4374284,23802090.75,20610550.8700546,53247826,6655100,DoS attacks-Slowloris
80,6,15/02/2018 11:10:20,106942357,14,3,2530,0,230,0,180.7142857143,97.9375221341,0,0,0.0,0.0,23.657604629,0.1589641418,6683897.3125,13882245.9052501,53247540,1,106942356,8226335.07692308,15071504.6752815,53247540,160,106942351,53471175.5,31781979.8903486,75944429,30997922,0,0,0,0,456,100,0.1309116462,0.0280524956,0,230,140.5555555556,115.375204912,13311.4379084967,0,0,0,1,0,0,0,0,0,148.8235294118,180.7142857143,0.0,0,0,0,0,0,0,14,2530,3,0,26883,0,11,32,5515269.0,1883595.28636541,6847172,4183366,23977954.5,20592613.9532145,53247540,6655996,DoS attacks-Slowloris
80,6,15/02/2018 11:10:52,107646272,14,3,2530,0,230,0,180.7142857143,97.9375221341,0,0,0.0,0.0,23.50290403,0.1579246516,6727892.0,13937548.2450507,53247427,4,107646259,8280481.46153846,15129171.015161,53247427,154,107646268,53823134.0,32279137.4758127,76647931,30998337,0,0,0,0,456,100,0.1300555954,0.0278690562,0,230,140.5555555556,115.375204912,13311.4379084967,0,0,0,1,0,0,0,0,0,148.8235294118,180.7142857143,0.0,0,0,0,0,0,0,14,2530,3,0,26883,0,11,32,5515472.0,1792890.45690193,6783237,4247707,24153828.75,20580962.6611226,53247427,6656091,DoS attacks-Slowloris
80,6,15/02/2018 11:10:12,99999501,2,2,16,0,8,8,8.0,0.0,0,0,0.0,0.0,0.1600007984,0.0400001996,33333167.0,57734736.223102,99999498,1,99999500,99999500.0,0.0,99999500,99999500,99999499,99999499.0,0.0,99999499,99999499,1,0,0,0,64,64,0.0200000998,0.0200000998,0,8,4.8,4.38178046,19.2,0,1,0,0,1,0,0,0,1,6.0,8.0,0.0,0,0,0,0,0,0,2,16,2,0,211,219,1,32,2.0,0.0,2,2,99999498.0,0.0,99999498,99999498,DoS attacks-Slowloris
80,6,15/02/2018 11:23:32,99999791,2,2,16,0,8,8,8.0,0.0,0,0,0.0,0.0,0.1600003344,0.0400000836,33333263.6666667,57734902.7886547,99999787,2,99999789,99999789.0,0.0,99999789,99999789,99999789,99999789.0,0.0,99999789,99999789,1,0,0,0,64,64,0.0200000418,0.0200000418,0,8,4.8,4.38178046,19.2,0,1,0,0,1,0,0,0,1,6.0,8.0,0.0,0,0,0,0,0,0,2,16,2,0,211,219,1,32,2.0,0.0,2,2,99999787.0,0.0,99999787,99999787,DoS attacks-Slowloris
80,6,15/02/2018 11:39:40,107511923,15,3,2530,0,230,0,168.6666666667,105.2796728899,0,0,0.0,0.0,23.5322737181,0.1674232913,6324230.76470588,13470179.3707634,53217184,1,107511922,7679423.0,14564470.4634924,53217184,279,106484256,53242128.0,31456951.8944152,75485552,30998704,0,0,0,0,496,100,0.1395194094,0.0279038819,0,230,133.1578947368,116.6691729054,13611.6959064327,0,0,0,1,0,0,0,0,0,140.5555555556,168.6666666667,0.0,0,0,0,0,0,0,15,2530,3,0,26883,0,11,32,6047223.5,2344698.91127038,7705176,4389271,23854368.75,20591148.863813,53217184,6658108,DoS attacks-Slowloris
80,6,15/02/2018 11:15:14,107806346,15,3,2530,0,230,0,168.6666666667,105.2796728899,0,0,0.0,0.0,23.4680062341,0.1669660523,6341549.76470588,13490033.692955,53247822,13,107806333,7700452.35714286,14584507.1185661,53247822,400,106783578,53391789.0,31670499.5565471,75786214,30997364,0,0,0,0,496,100,0.1391383769,0.0278276754,0,230,133.1578947368,116.6691729054,13611.6959064327,0,0,0,1,0,0,0,0,0,140.5555555556,168.6666666667,0.0,0,0,0,0,0,0,15,2530,3,0,26883,0,11,32,6154335.0,2201125.82909792,7710766,4597904,23874415.75,20640555.5912074,53247822,6655963,DoS attacks-Slowloris
80,6,15/02/2018 11:15:56,106493876,15,3,2380,0,238,0,158.6666666667,114.9948239001,0,0,0.0,0.0,22.3487029433,0.1690238038,6264345.64705882,13395153.0105321,53247802,4,106493872,7606705.14285714,14485891.8441404,53247802,342,105471442,52735721.0,30742382.30826,74473868,30997574,0,0,0,0,496,100,0.1408531698,0.028170634,0,238,125.2631578947,121.2512735811,14701.8713450292,0,0,0,1,0,0,0,0,0,132.2222222222,158.6666666667,0.0,0,0,0,0,0,0,15,2380,3,0,26883,0,11,32,6154266.0,2155288.33911428,7678285,4630247,23546335.0,20679215.1216547,53247802,6656309,DoS attacks-Slowloris
80,6,15/02/2018 11:29:57,107274885,15,3,2530,0,230,0,168.6666666667,105.2796728899,0,0,0.0,0.0,23.5842713791,0.1677932351,6310287.35294118,13445724.3626602,53238617,1,107274884,7662491.71428571,14538552.3149608,53238617,329,106247991,53123995.5,31292408.8535399,75251070,30996921,0,0,0,0,496,100,0.1398276959,0.0279655392,0,230,133.1578947368,116.6691729054,13611.6959064327,0,0,0,1,0,0,0,0,0,140.5555555556,168.6666666667,0.0,0,0,0,0,0,0,15,2530,3,0,26883,0,11,32,6165408.5,2193557.66521888,7716488,4614329,23736016.75,20647282.3304079,53238617,6666155,DoS attacks-Slowloris
80,6,15/02/2018 11:13:06,3038626,3,0,0,0,0,0,0.0,0.0,0,0,0.0,0.0,0.0,0.9872883336,1519313.0,702366.337325473,2015961,1022665,3038626,1519313.0,702366.337325473,2015961,1022665,0,0.0,0.0,0,0,0,0,0,0,120,0,0.9872883336,0.0,0,0,0.0,0.0,0.0,0,0,0,1,0,0,0,0,0,0.0,0.0,0.0,0,0,0,0,0,0,3,0,0,0,26883,-1,0,40,0.0,0.0,0,0,0.0,0.0,0,0,DoS attacks-Slowloris
80,6,15/02/2018 11:26:33,106700542,15,3,2530,0,230,0,168.6666666667,105.2796728899,0,0,0.0,0.0,23.7112197612,0.1686964252,6276502.47058824,13412616.2973202,53264230,1,106700541,7621467.21428571,14504289.8284842,53264230,230,105679766,52839883.0,30888590.7774059,74681415,30998351,0,0,0,0,496,100,0.1405803543,0.0281160709,0,230,133.1578947368,116.6691729054,13611.6959064327,0,0,0,1,0,0,0,0,0,140.5555555556,168.6666666667,0.0,0,0,0,0,0,0,15,2530,3,0,26883,0,11,32,6153818.5,2063268.99814457,7612770,4694867,23598226.0,20680195.0262506,53264230,6655947,DoS attacks-Slowloris
80,6,15/02/2018 11:40:42,3123729,3,0,0,0,0,0,0.0,0.0,0,0,0.0,0.0,0.0,0.9603906101,1561864.5,756568.193423765,2096839,1026890,3123729,1561864.5,756568.193423765,2096839,1026890,0,0.0,0.0,0,0,0,0,0,0,120,0,0.9603906101,0.0,0,0,0.0,0.0,0.0,0,0,0,1,0,0,0,0,0,0.0,0.0,0.0,0,0,0,0,0,0,3,0,0,0,26883,-1,0,40,0.0,0.0,0,0,0.0,0.0,0,0,DoS attacks-Slowloris
80,6,15/02/2018 11:36:05,107265276,15,3,2530,0,230,0,168.6666666667,105.2796728899,0,0,0.0,0.0,23.5863840969,0.1678082663,6309722.11764706,13441088.4611083,53211949,2,107265274,7661805.28571429,14533434.5774308,53211949,321,106237655,53118827.5,31285842.6599698,75241259,30996396,0,0,0,0,496,100,0.1398402219,0.0279680444,0,230,133.1578947368,116.6691729054,13611.6959064327,0,0,0,1,0,0,0,0,0,140.5555555556,168.6666666667,0.0,0,0,0,0,0,0,15,2530,3,0,26883,0,11,32,6173631.5,2172806.90961818,7710038,4637225,23729502.75,20640277.027094,53211949,6628651,DoS attacks-Slowloris
80,6,15/02/2018 11:05:41,2,1,1,8,0,8,8,8.0,0.0,0,0,0.0,0.0,4000000.0,1000000.0,2.0,0.0,2,2,0,0.0,0.0,0,0,0,0.0,0.0,0,0,1,0,0,0,32,32,500000.0,500000.0,0,8,5.3333333333,4.6188021535,21.3333333333,0,1,0,0,1,0,0,0,1,8.0,8.0,0.0,0,0,0,0,0,0,1,8,1,0,211,219,0,32,0.0,0.0,0,0,0.0,0.0,0,0,DoS attacks-Slowloris
80,6,15/02/2018 11:09:50,3027627,3,0,0,0,0,0,0.0,0.0,0,0,0.0,0.0,0.0,0.9908750318,1513813.5,710118.348967621,2015943,1011684,3027627,1513813.5,710118.348967621,2015943,1011684,0,0.0,0.0,0,0,0,0,0,0,120,0,0.9908750318,0.0,0,0,0.0,0.0,0.0,0,0,0,1,0,0,0,0,0,0.0,0.0,0.0,0,0,0,0,0,0,3,0,0,0,26883,-1,0,40,0.0,0.0,0,0,0.0,0.0,0,0,DoS attacks-Slowloris
80,6,15/02/2018 11:03:32,99999005,2,2,16,0,8,8,8.0,0.0,0,0,0.0,0.0,0.160001592,0.040000398,33333001.6666667,57734448.9913431,99999001,2,99999003,99999003.0,0.0,99999003,99999003,99999003,99999003.0,0.0,99999003,99999003,1,0,0,0,64,64,0.020000199,0.020000199,0,8,4.8,4.38178046,19.2,0,1,0,0,1,0,0,0,1,6.0,8.0,0.0,0,0,0,0,0,0,2,16,2,0,211,219,1,32,2.0,0.0,2,2,99999001.0,0.0,99999001,99999001,DoS attacks-Slowloris
80,6,15/02/2018 11:16:50,3023702,3,0,0,0,0,0,0.0,0.0,0,0,0.0,0.0,0.0,0.9921612646,1511851.0,712902.228365153,2015949,1007753,3023702,1511851.0,712902.228365153,2015949,1007753,0,0.0,0.0,0,0,0,0,0,0,120,0,0.9921612646,0.0,0,0,0.0,0.0,0.0,0,0,0,1,0,0,0,0,0,0.0,0.0,0.0,0,0,0,0,0,0,3,0,0,0,26883,-1,0,40,0.0,0.0,0,0,0.0,0.0,0,0,DoS attacks-Slowloris
80,6,15/02/2018 11:20:31,108286039,15,3,2530,0,230,0,168.6666666667,105.2796728899,0,0,0.0,0.0,23.3640460337,0.1662264145,6369767.0,13526479.0643914,53247706,13,108286026,7734716.14285714,14622557.7685547,53247706,467,107263359,53631679.5,32006896.4153084,76263973,30999386,0,0,0,0,496,100,0.1385220121,0.0277044024,0,230,133.1578947368,116.6691729054,13611.6959064327,0,0,0,1,0,0,0,0,0,140.5555555556,168.6666666667,0.0,0,0,0,0,0,0,15,2530,3,0,26883,0,11,32,6155384.0,2154294.14697993,7678700,4632068,23993814.5,20631599.976081,53247706,6655918,DoS attacks-Slowloris
80,6,15/02/2018 11:00:20,696,3,2,230,0,230,0,76.6666666667,132.7905619136,0,0,0.0,0.0,330459.770114942,7183.908045977,174.0,209.1618193329,431,3,692,346.0,120.2081528017,431,261,693,693.0,0.0,693,693,0,0,0,0,104,72,4310.3448275862,2873.5632183908,0,230,38.3333333333,93.8971068067,8816.6666666667,0,0,0,1,0,0,0,0,0,46.0,76.6666666667,0.0,0,0,0,0,0,0,3,230,2,0,26883,219,1,32,0.0,0.0,0,0,0.0,0.0,0,0,DoS attacks-Slowloris
80,6,15/02/2018 11:18:28,3027712,3,0,0,0,0,0,0.0,0.0,0,0,0.0,0.0,0.0,0.990847214,1513856.0,710151.582986337,2016009,1011703,3027712,1513856.0,710151.582986337,2016009,1011703,0,0.0,0.0,0,0,0,0,0,0,120,0,0.990847214,0.0,0,0,0.0,0.0,0.0,0,0,0,1,0,0,0,0,0,0.0,0.0,0.0,0,0,0,0,0,0,3,0,0,0,26883,-1,0,40,0.0,0.0,0,0,0.0,0.0,0,0,DoS attacks-Slowloris
80,6,15/02/2018 11:18:28,107678169,15,3,2530,0,230,0,168.6666666667,105.2796728899,0,0,0.0,0.0,23.4959418747,0.1671648039,6334009.94117647,13481108.8826415,53247621,13,107678156,7691296.85714286,14575265.7882938,53247621,289,106655281,53327640.5,31578236.9708447,75656826,30998455,0,0,0,0,496,100,0.1393040032,0.0278608006,0,230,133.1578947368,116.6691729054,13611.6959064327,0,0,0,1,0,0,0,0,0,140.5555555556,168.6666666667,0.0,0,0,0,0,0,0,15,2530,3,0,26883,0,11,32,6154960.0,2019154.72738669,7582718,4727202,23842059.0,20643353.6655801,53247621,6655994,DoS attacks-Slowloris
80,6,15/02/2018 11:01:55,108030025,15,3,2530,0,230,0,168.6666666667,105.2796728899,0,0,0.0,0.0,23.4194151117,0.1666203447,6354707.35294118,13507070.0216417,53247569,10,108030015,7716429.64285714,14602298.1974752,53247569,205,107006997,53503498.5,31829035.0182095,76010025,30996972,0,0,0,0,496,100,0.1388502872,0.0277700574,0,230,133.1578947368,116.6691729054,13611.6959064327,0,0,0,1,0,0,0,0,0,140.5555555556,168.6666666667,0.0,0,0,0,0,0,0,15,2530,3,0,26883,0,11,32,6154304.0,2156076.05606852,7678880,4629728,23930351.75,20635912.7318943,53247569,6655973,DoS attacks-Slowloris
80,6,15/02/2018 11:07:39,108125828,15,3,2380,0,238,0,158.6666666667,114.9948239001,0,0,0.0,0.0,22.0113921347,0.1664727136,6360342.82352941,13513842.9799771,53247475,1,108125827,7723273.35714286,14609320.6705299,53247475,469,107102836,53551418.0,31896984.4443476,76105992,30996844,0,0,0,0,496,100,0.1387272614,0.0277454523,0,238,125.2631578947,121.2512735811,14701.8713450292,0,0,0,1,0,0,0,0,0,132.2222222222,158.6666666667,0.0,0,0,0,0,0,0,15,2380,3,0,26883,0,11,32,6154243.0,2292059.76115851,7774974,4533512,23954335.25,20634129.7507581,53247475,6655886,DoS attacks-Slowloris
80,6,15/02/2018 11:14:42,106750558,15,3,2530,0,230,0,168.6666666667,105.2796728899,0,0,0.0,0.0,23.7001103076,0.1686173856,6279444.58823529,13413182.5957344,53247775,2,106750556,7625039.71428571,14504578.2608603,53247775,198,105727475,52863737.5,30923922.7819415,74730253,30997222,0,0,0,0,496,100,0.140514488,0.0281028976,0,230,133.1578947368,116.6691729054,13611.6959064327,0,0,0,1,0,0,0,0,0,140.5555555556,168.6666666667,0.0,0,0,0,0,0,0,15,2530,3,0,26883,0,11,32,6154385.5,2156160.20177548,7679021,4629750,23610446.25,20670042.3415904,53247775,6656003,DoS attacks-Slowloris
80,6,15/02/2018 11:24:16,3023757,3,0,0,0,0,0,0.0,0.0,0,0,0.0,0.0,0.0,0.9921432179,1511878.5,712956.675587304,2016015,1007742,3023757,1511878.5,712956.675587304,2016015,1007742,0,0.0,0.0,0,0,0,0,0,0,120,0,0.9921432179,0.0,0,0,0.0,0.0,0.0,0,0,0,1,0,0,0,0,0,0.0,0.0,0.0,0,0,0,0,0,0,3,0,0,0,26883,-1,0,40,0.0,0.0,0,0,0.0,0.0,0,0,DoS attacks-Slowloris
80,6,15/02/2018 11:03:53,108381737,15,3,2530,0,230,0,168.6666666667,105.2796728899,0,0,0.0,0.0,23.3434162436,0.1660796413,6375396.29411765,13533323.1924041,53247228,8,108381729,7741552.07142857,14629662.7777168,53247228,295,107358745,53679372.5,32075733.260457,76360341,30998404,0,0,0,0,496,100,0.138399701,0.0276799402,0,230,133.1578947368,116.6691729054,13611.6959064327,0,0,0,1,0,0,0,0,0,140.5555555556,168.6666666667,0.0,0,0,0,0,0,0,15,2530,3,0,26883,0,11,32,6155026.5,2290864.04359152,7774912,4535141,24017919.0,20629884.5429252,53247228,6655962,DoS attacks-Slowloris
80,6,15/02/2018 11:06:19,107965777,15,3,2530,0,230,0,168.6666666667,105.2796728899,0,0,0.0,0.0,23.4333514777,0.1667194967,6350928.05882353,13502328.6913844,53247453,11,107965766,7711840.42857143,14597361.9212197,53247453,340,106942891,53471445.5,31779377.7373939,75942859,31000032,0,0,0,0,496,100,0.1389329139,0.0277865828,0,230,133.1578947368,116.6691729054,13611.6959064327,0,0,0,1,0,0,0,0,0,140.5555555556,168.6666666667,0.0,0,0,0,0,0,0,15,2530,3,0,26883,0,11,32,6155864.5,2063423.14742287,7614925,4696804,23913509.25,20637193.8898603,53247453,6655868,DoS attacks-Slowloris
80,6,15/02/2018 11:10:07,107165928,15,3,2530,0,230,0,168.6666666667,105.2796728899,0,0,0.0,0.0,23.6082498161,0.1679638327,6303878.11764706,13443449.4722841,53247542,3,107165925,7654708.92857143,14536060.4646394,53247542,303,106143051,53071525.5,31215943.7404359,75144531,30998520,0,0,0,0,496,100,0.1399698606,0.0279939721,0,230,133.1578947368,116.6691729054,13611.6959064327,0,0,0,1,0,0,0,0,0,140.5555555556,168.6666666667,0.0,0,0,0,0,0,0,15,2530,3,0,26883,0,11,32,6154894.5,2019336.45382945,7582781,4727008,23714034.0,20656729.2286899,53247542,6656049,DoS attacks-Slowloris
80,6,15/02/2018 11:22:20,107870506,15,3,2530,0,230,0,168.6666666667,105.2796728899,0,0,0.0,0.0,23.4540477635,0.166866743,6345323.88235294,13494519.9107355,53247588,3,107870493,7705035.21428571,14589155.4031361,53247588,3,106847192,53423596.0,31717157.2903969,75851013,30996179,0,0,0,0,496,100,0.1390556192,0.0278111238,0,230,133.1578947368,116.6691729054,13611.6959064327,0,0,0,1,0,0,0,0,0,140.5555555556,168.6666666667,0.0,0,0,0,0,0,0,15,2530,3,0,26883,0,11,32,6154072.5,2292672.8227378,7775237,4532908,23890587.0,20639075.4536799,53247588,6655997,DoS attacks-Slowloris
80,6,15/02/2018 11:20:53,3019632,3,0,0,0,0,0,0.0,0.0,0,0,0.0,0.0,0.0,0.9934985455,1509816.0,715795.709313768,2015960,1003672,3019632,1509816.0,715795.709313768,2015960,1003672,0,0.0,0.0,0,0,0,0,0,0,120,0,0.9934985455,0.0,0,0,0.0,0.0,0.0,0,0,0,1,0,0,0,0,0,0.0,0.0,0.0,0,0,0,0,0,0,3,0,0,0,26883,-1,0,40,0.0,0.0,0,0,0.0,0.0,0,0,DoS attacks-Slowloris
80,6,15/02/2018 11:25:42,108286243,15,3,2380,0,238,0,158.6666666667,114.9948239001,0,0,0.0,0.0,21.9787845073,0.1662261013,6369779.0,13526560.1064486,53247555,2,108286241,7734731.5,14622647.4623257,53247555,213,107263127,53631563.5,32008917.3264891,76265286,30997841,0,0,0,0,496,100,0.1385217511,0.0277043502,0,238,125.2631578947,121.2512735811,14701.8713450292,0,0,0,1,0,0,0,0,0,132.2222222222,158.6666666667,0.0,0,0,0,0,0,0,15,2380,3,0,26883,0,11,32,6155097.5,2156066.86368037,7679667,4630528,23994011.5,20631670.2529721,53247555,6655281,DoS attacks-Slowloris
80,6,15/02/2018 11:35:42,108122234,14,3,2530,0,230,0,180.7142857143,97.9375221341,0,0,0.0,0.0,23.3994425235,0.1572294557,6757639.625,13969646.9601495,53235879,4,108122220,8317093.84615385,15162844.7194943,53235879,264,108122230,54061115.0,32615615.6518539,77123838,30998392,0,0,0,0,456,100,0.1294830812,0.0277463745,0,230,140.5555555556,115.375204912,13311.4379084967,0,0,0,1,0,0,0,0,0,148.8235294118,180.7142857143,0.0,0,0,0,0,0,0,14,2530,3,0,26883,0,11,32,5537627.5,1689454.16984318,6732252,4343003,24261741.25,20573117.0880848,53235879,6657200,DoS attacks-Slowloris
80,6,15/02/2018 11:37:58,3324685,3,0,0,0,0,0,0.0,0.0,0,0,0.0,0.0,0.0,0.902341124,1662342.5,845417.574693417,2260143,1064542,3324685,1662342.5,845417.574693417,2260143,1064542,0,0.0,0.0,0,0,0,0,0,0,120,0,0.902341124,0.0,0,0,0.0,0.0,0.0,0,0,0,1,0,0,0,0,0,0.0,0.0,0.0,0,0,0,0,0,0,3,0,0,0,26883,-1,0,40,0.0,0.0,0,0,0.0,0.0,0,0,DoS attacks-Slowloris
80,6,15/02/2018 11:30:43,108418941,15,3,2530,0,230,0,168.6666666667,105.2796728899,0,0,0.0,0.0,23.3354059417,0.166022651,6377584.76470588,13540607.9691485,53259592,2,108418939,7744209.92857143,14638229.3523511,53259592,368,107352249,53676124.5,32073715.1777034,76355666,30996583,0,0,0,0,496,100,0.1383522091,0.0276704418,0,230,133.1578947368,116.6691729054,13611.6959064327,0,0,0,1,0,0,0,0,0,140.5555555556,168.6666666667,0.0,0,0,0,0,0,0,15,2530,3,0,26883,0,11,32,6050393.5,2474246.530438,7799950,4300837,24079538.0,20586234.4798217,53259592,6672719,DoS attacks-Slowloris
80,6,15/02/2018 11:25:05,3023725,3,0,0,0,0,0,0.0,0.0,0,0,0.0,0.0,0.0,0.9921537177,1511862.5,712893.035976997,2015954,1007771,3023725,1511862.5,712893.035976997,2015954,1007771,0,0.0,0.0,0,0,0,0,0,0,120,0,0.9921537177,0.0,0,0,0.0,0.0,0.0,0,0,0,1,0,0,0,0,0,0.0,0.0,0.0,0,0,0,0,0,0,3,0,0,0,26883,-1,0,40,0.0,0.0,0,0,0.0,0.0,0,0,DoS attacks-Slowloris
80,6,15/02/2018 11:16:52,99999847,2,2,16,0,8,8,8.0,0.0,0,0,0.0,0.0,0.1600002448,0.0400000612,33333282.3333333,57734935.1202698,99999843,2,99999845,99999845.0,0.0,99999845,99999845,99999845,99999845.0,0.0,99999845,99999845,1,0,0,0,64,64,0.0200000306,0.0200000306,0,8,4.8,4.38178046,19.2,0,1,0,0,1,0,0,0,1,6.0,8.0,0.0,0,0,0,0,0,0,2,16,2,0,211,219,1,32,2.0,0.0,2,2,99999843.0,0.0,99999843,99999843,DoS attacks-Slowloris
80,6,15/02/2018 11:01:54,107005979,15,3,2530,0,230,0,168.6666666667,105.2796728899,0,0,0.0,0.0,23.6435386475,0.1682148995,6294469.35294118,13431390.6776458,53247544,1,107005978,7643284.14285714,14523477.5959801,53247544,190,105982922,52991461.0,31104792.9183944,74985871,30997051,0,0,0,0,496,100,0.1401790829,0.0280358166,0,230,133.1578947368,116.6691729054,13611.6959064327,0,0,0,1,0,0,0,0,0,140.5555555556,168.6666666667,0.0,0,0,0,0,0,0,15,2530,3,0,26883,0,11,32,6154311.0,2156196.26422133,7678972,4629650,23674339.0,20661559.6573372,53247544,6656003,DoS attacks-Slowloris
80,6,15/02/2018 11:00:21,3024558,3,0,0,0,0,0,0.0,0.0,0,0,0.0,0.0,0.0,0.9918804665,1512279.0,712197.950011091,2015879,1008679,3024558,1512279.0,712197.950011091,2015879,1008679,0,0.0,0.0,0,0,0,0,0,0,120,0,0.9918804665,0.0,0,0,0.0,0.0,0.0,0,0,0,1,0,0,0,0,0,0.0,0.0,0.0,0,0,0,0,0,0,3,0,0,0,26883,-1,0,40,0.0,0.0,0,0,0.0,0.0,0,0,DoS attacks-Slowloris
80,6,15/02/2018 11:13:08,3038619,3,0,0,0,0,0,0.0,0.0,0,0,0.0,0.0,0.0,0.987290608,1519309.5,702210.066726831,2015847,1022772,3038619,1519309.5,702210.066726831,2015847,1022772,0,0.0,0.0,0,0,0,0,0,0,120,0,0.987290608,0.0,0,0,0.0,0.0,0.0,0,0,0,1,0,0,0,0,0,0.0,0.0,0.0,0,0,0,0,0,0,3,0,0,0,26883,-1,0,40,0.0,0.0,0,0,0.0,0.0,0,0,DoS attacks-Slowloris
80,6,15/02/2018 11:26:52,2,1,1,8,0,8,8,8.0,0.0,0,0,0.0,0.0,4000000.0,1000000.0,2.0,0.0,2,2,0,0.0,0.0,0,0,0,0.0,0.0,0,0,1,0,0,0,32,32,500000.0,500000.0,0,8,5.3333333333,4.6188021535,21.3333333333,0,1,0,0,1,0,0,0,1,8.0,8.0,0.0,0,0,0,0,0,0,1,8,1,0,211,219,0,32,0.0,0.0,0,0,0.0,0.0,0,0,DoS attacks-Slowloris
80,6,15/02/2018 11:35:37,111160929,2,2,16,0,8,8,8.0,0.0,0,0,0.0,0.0,0.143935465,0.0359838662,37053643.0,64178788.8174173,111160925,2,111160927,111160927.0,0.0,111160927,111160927,111160927,111160927.0,0.0,111160927,111160927,1,0,0,0,64,64,0.0179919331,0.0179919331,0,8,4.8,4.38178046,19.2,0,1,0,0,1,0,0,0,1,6.0,8.0,0.0,0,0,0,0,0,0,2,16,2,0,211,219,1,32,2.0,0.0,2,2,111160925.0,0.0,111160925,111160925,DoS attacks-Slowloris
80,6,15/02/2018 11:03:20,3019716,3,0,0,0,0,0,0.0,0.0,0,0,0.0,0.0,0.0,0.9934709092,1509858.0,715799.951954455,2016005,1003711,3019716,1509858.0,715799.951954455,2016005,1003711,0,0.0,0.0,0,0,0,0,0,0,120,0,0.9934709092,0.0,0,0,0.0,0.0,0.0,0,0,0,1,0,0,0,0,0,0.0,0.0,0.0,0,0,0,0,0,0,3,0,0,0,26883,-1,0,40,0.0,0.0,0,0,0.0,0.0,0,0,DoS attacks-Slowloris
80,6,15/02/2018 11:02:38,116030885,2,2,16,0,8,8,8.0,0.0,0,0,0.0,0.0,0.1378943201,0.03447358,38676961.6666667,66990453.1627811,116030874,5,116030880,116030880.0,0.0,116030880,116030880,116030879,116030879.0,0.0,116030879,116030879,1,0,0,0,64,64,0.01723679,0.01723679,0,8,4.8,4.38178046,19.2,0,1,0,0,1,0,0,0,1,6.0,8.0,0.0,0,0,0,0,0,0,2,16,2,0,211,219,1,32,6.0,0.0,6,6,116030874.0,0.0,116030874,116030874,DoS attacks-Slowloris
80,6,15/02/2018 11:37:22,108661013,15,3,2530,0,230,0,168.6666666667,105.2796728899,0,0,0.0,0.0,23.2834199696,0.1656527903,6391824.29411765,13565046.7019726,53246331,13,108661000,7761500.0,14663952.2680878,53246331,169,107639372,53819686.0,32275286.5722824,76641760,30997612,0,0,0,0,496,100,0.1380439919,0.0276087984,0,230,133.1578947368,116.6691729054,13611.6959064327,0,0,0,1,0,0,0,0,0,140.5555555556,168.6666666667,0.0,0,0,0,0,0,0,15,2530,3,0,26883,0,11,32,6014525.0,2523580.66345461,7798966,4230084,24157987.5,20575052.6980061,53246331,6657324,DoS attacks-Slowloris
80,6,15/02/2018 11:39:50,3042849,3,0,0,0,0,0,0.0,0.0,0,0,0.0,0.0,0.0,0.9859181313,1521424.5,699607.913772064,2016122,1026727,3042849,1521424.5,699607.913772064,2016122,1026727,0,0.0,0.0,0,0,0,0,0,0,120,0,0.9859181313,0.0,0,0,0.0,0.0,0.0,0,0,0,1,0,0,0,0,0,0.0,0.0,0.0,0,0,0,0,0,0,3,0,0,0,26883,-1,0,40,0.0,0.0,0,0,0.0,0.0,0,0,DoS attacks-Slowloris
80,6,15/02/2018 11:15:39,3,1,1,8,0,8,8,8.0,0.0,0,0,0.0,0.0,2666666.66666667,666666.666666667,3.0,0.0,3,3,0,0.0,0.0,0,0,0,0.0,0.0,0,0,1,0,0,0,32,32,333333.333333333,333333.333333333,0,8,5.3333333333,4.6188021535,21.3333333333,0,1,0,0,1,0,0,0,1,8.0,8.0,0.0,0,0,0,0,0,0,1,8,1,0,211,219,0,32,0.0,0.0,0,0,0.0,0.0,0,0,DoS attacks-Slowloris
80,6,15/02/2018 11:01:07,3027884,3,0,0,0,0,0,0.0,0.0,0,0,0.0,0.0,0.0,0.9907909286,1513942.0,710109.156579466,2016065,1011819,3027884,1513942.0,710109.156579466,2016065,1011819,0,0.0,0.0,0,0,0,0,0,0,120,0,0.9907909286,0.0,0,0,0.0,0.0,0.0,0,0,0,1,0,0,0,0,0,0.0,0.0,0.0,0,0,0,0,0,0,3,0,0,0,26883,-1,0,40,0.0,0.0,0,0,0.0,0.0,0,0,DoS attacks-Slowloris
80,6,15/02/2018 11:13:34,107166648,14,3,2530,0,230,0,180.7142857143,97.9375221341,0,0,0.0,0.0,23.6080912039,0.1586314429,6697915.5,13899597.208386,53247901,2,107166646,8243588.15384615,15089567.7313783,53247901,111,107166643,53583321.5,31937887.0361053,76166818,30999825,0,0,0,0,456,100,0.1306376588,0.027993784,0,230,140.5555555556,115.375204912,13311.4379084967,0,0,0,1,0,0,0,0,0,148.8235294118,180.7142857143,0.0,0,0,0,0,0,0,14,2530,3,0,26883,0,11,32,5516251.5,1837042.911426,6815237,4217266,24033535.75,20588526.528762,53247901,6655742,DoS attacks-Slowloris
80,6,15/02/2018 11:37:53,107975861,14,3,2530,0,230,0,180.7142857143,97.9375221341,0,0,0.0,0.0,23.4311630078,0.1574425973,6748491.3125,13962573.7220723,53237166,4,107975847,8305834.38461538,15155173.2544938,53237166,268,107975857,53987928.5,32511595.2945939,76977098,30998759,0,0,0,0,456,100,0.1296586095,0.0277839878,0,230,140.5555555556,115.375204912,13311.4379084967,0,0,0,1,0,0,0,0,0,148.8235294118,180.7142857143,0.0,0,0,0,0,0,0,14,2530,3,0,26883,0,11,32,5509700.5,1906762.22583743,6857985,4161416,24239111.5,20571855.1805452,53237166,6644050,DoS attacks-Slowloris
80,6,15/02/2018 11:24:19,107357727,15,3,2530,0,230,0,168.6666666667,105.2796728899,0,0,0.0,0.0,23.5660727057,0.1676637584,6315160.41176471,13456454.9031421,53247621,3,107357724,7668408.85714286,14549493.8792211,53247621,179,106335173,53167586.5,31353784.3079333,75338060,30997113,0,0,0,0,496,100,0.1397197987,0.0279439597,0,230,133.1578947368,116.6691729054,13611.6959064327,0,0,0,1,0,0,0,0,0,140.5555555556,168.6666666667,0.0,0,0,0,0,0,0,15,2530,3,0,26883,0,11,32,6153993.0,2291673.68085598,7774451,4533535,23762434.5,20651311.1538974,53247621,6655912,DoS attacks-Slowloris
80,6,15/02/2018 11:26:52,100011405,2,2,16,0,8,8,8.0,0.0,0,0,0.0,0.0,0.1599817541,0.0399954385,33337135.0,57741609.8667319,100011403,1,100011404,100011404.0,0.0,100011404,100011404,100011404,100011404.0,0.0,100011404,100011404,1,0,0,0,64,64,0.0199977193,0.0199977193,0,8,4.8,4.38178046,19.2,0,1,0,0,1,0,0,0,1,6.0,8.0,0.0,0,0,0,0,0,0,2,16,2,0,211,219,1,32,1.0,0.0,1,1,100011403.0,0.0,100011403,100011403,DoS attacks-Slowloris
80,6,15/02/2018 11:26:52,2,1,1,8,0,8,8,8.0,0.0,0,0,0.0,0.0,4000000.0,1000000.0,2.0,0.0,2,2,0,0.0,0.0,0,0,0,0.0,0.0,0,0,1,0,0,0,32,32,500000.0,500000.0,0,8,5.3333333333,4.6188021535,21.3333333333,0,1,0,0,1,0,0,0,1,8.0,8.0,0.0,0,0,0,0,0,0,1,8,1,0,211,219,0,32,0.0,0.0,0,0,0.0,0.0,0,0,DoS attacks-Slowloris
80,6,15/02/2018 11:13:11,2,1,1,8,0,8,8,8.0,0.0,0,0,0.0,0.0,4000000.0,1000000.0,2.0,0.0,2,2,0,0.0,0.0,0,0,0,0.0,0.0,0,0,1,0,0,0,32,32,500000.0,500000.0,0,8,5.3333333333,4.6188021535,21.3333333333,0,1,0,0,1,0,0,0,1,8.0,8.0,0.0,0,0,0,0,0,0,1,8,1,0,211,219,0,32,0.0,0.0,0,0,0.0,0.0,0,0,DoS attacks-Slowloris
80,6,15/02/2018 11:17:44,106653993,15,3,2530,0,230,0,168.6666666667,105.2796728899,0,0,0.0,0.0,23.721568493,0.1687700525,6273764.29411765,13406943.8636048,53247766,2,106653991,7618142.21428571,14498166.6496777,53247766,198,105631401,52815700.5,30854613.5894632,74633207,30998194,0,0,0,0,496,100,0.1406417104,0.0281283421,0,230,133.1578947368,116.6691729054,13611.6959064327,0,0,0,1,0,0,0,0,0,140.5555555556,168.6666666667,0.0,0,0,0,0,0,0,15,2530,3,0,26883,0,11,32,6154647.5,2019166.74820197,7582414,4726881,23586174.0,20673435.2096215,53247766,6655987,DoS attacks-Slowloris
80,6,15/02/2018 11:23:32,99999564,2,2,16,0,8,8,8.0,0.0,0,0,0.0,0.0,0.1600006976,0.0400001744,33333188.0,57734772.596169,99999561,1,99999563,99999563.0,0.0,99999563,99999563,99999562,99999562.0,0.0,99999562,99999562,1,0,0,0,64,64,0.0200000872,0.0200000872,0,8,4.8,4.38178046,19.2,0,1,0,0,1,0,0,0,1,6.0,8.0,0.0,0,0,0,0,0,0,2,16,2,0,211,219,1,32,2.0,0.0,2,2,99999561.0,0.0,99999561,99999561,DoS attacks-Slowloris
80,6,15/02/2018 11:35:59,105026950,2,2,16,0,8,8,8.0,0.0,0,0,0.0,0.0,0.1523418513,0.0380854628,35008983.3333333,60637333.5245383,105026945,2,105026947,105026947.0,0.0,105026947,105026947,105026948,105026948.0,0.0,105026948,105026948,1,0,0,0,64,64,0.0190427314,0.0190427314,0,8,4.8,4.38178046,19.2,0,1,0,0,1,0,0,0,1,6.0,8.0,0.0,0,0,0,0,0,0,2,16,2,0,211,219,1,32,2.0,0.0,2,2,105026945.0,0.0,105026945,105026945,DoS attacks-Slowloris
80,6,15/02/2018 11:12:03,107518212,15,3,2530,0,230,0,168.6666666667,105.2796728899,0,0,0.0,0.0,23.5308972586,0.1674134983,6324600.70588235,13468496.9599132,53247525,2,107518210,7679872.14285714,14562052.8708367,53247525,503,106494864,53247432.0,31463147.564032,75495237,30999627,0,0,0,0,496,100,0.1395112486,0.0279022497,0,230,133.1578947368,116.6691729054,13611.6959064327,0,0,0,1,0,0,0,0,0,140.5555555556,168.6666666667,0.0,0,0,0,0,0,0,15,2530,3,0,26883,0,11,32,6155569.5,2154615.88056537,7679113,4632026,23801767.75,20647140.1167274,53247525,6655957,DoS attacks-Slowloris
80,6,15/02/2018 11:20:23,107230493,14,3,2530,0,230,0,180.7142857143,97.9375221341,0,0,0.0,0.0,23.5940349542,0.1585369938,6701905.8125,13905501.2585781,53247697,2,107230491,8248499.30769231,15095821.4342417,53247697,251,107230488,53615244.0,31984832.5624151,76231936,30998552,0,0,0,0,456,100,0.1305598772,0.0279771165,0,230,140.5555555556,115.375204912,13311.4379084967,0,0,0,1,0,0,0,0,0,148.8235294118,180.7142857143,0.0,0,0,0,0,0,0,14,2530,3,0,26883,0,11,32,5515504.0,1566394.25539294,6623112,4407896,24049870.75,20587202.7636981,53247697,6656056,DoS attacks-Slowloris
80,6,15/02/2018 11:39:34,107552280,15,3,2530,0,230,0,168.6666666667,105.2796728899,0,0,0.0,0.0,23.5234436685,0.1673604688,6326604.70588235,13466181.1241375,53237922,14,107552266,7682304.71428571,14559724.5300595,53237922,190,106525519,53262759.5,31484956.8584841,75525986,30999533,0,0,0,0,496,100,0.1394670573,0.0278934115,0,230,133.1578947368,116.6691729054,13611.6959064327,0,0,0,1,0,0,0,0,0,140.5555555556,168.6666666667,0.0,0,0,0,0,0,0,15,2530,3,0,26883,0,11,32,6177843.5,2186642.16089887,7724033,4631654,23799144.75,20647329.3941716,53237922,6636903,DoS attacks-Slowloris
80,6,15/02/2018 11:30:48,66296147,15,3,2300,0,230,0,153.3333333333,112.2285083891,0,0,0.0,0.0,34.6928155568,0.2715089913,3899773.35294118,8299959.10917039,32239237,24,66296123,4735437.35714286,8973907.12917544,32239237,59,63238308,31619154.0,880509.162923362,32241768,30996540,0,0,0,0,504,100,0.2262574928,0.0452514986,0,230,121.0526315789,117.9875104898,13921.0526315789,0,0,0,1,0,0,0,0,0,127.7777777778,153.3333333333,0.0,0,0,0,0,0,0,15,2300,3,0,26883,0,10,32,5499996.5,7774624.20990369,10997486,2507,18432043.3333333,12554103.1945385,32239237,7703978,DoS attacks-Slowloris
80,6,15/02/2018 11:16:52,99999665,2,2,16,0,8,8,8.0,0.0,0,0,0.0,0.0,0.160000536,0.040000134,33333221.6666667,57734828.31047,99999659,3,99999662,99999662.0,0.0,99999662,99999662,99999662,99999662.0,0.0,99999662,99999662,1,0,0,0,64,64,0.020000067,0.020000067,0,8,4.8,4.38178046,19.2,0,1,0,0,1,0,0,0,1,6.0,8.0,0.0,0,0,0,0,0,0,2,16,2,0,211,219,1,32,3.0,0.0,3,3,99999659.0,0.0,99999659,99999659,DoS attacks-Slowloris
80,6,15/02/2018 11:07:38,107102200,15,3,2530,0,230,0,168.6666666667,105.2796728899,0,0,0.0,0.0,23.6222972077,0.1680637746,6300129.41176471,13437810.6409498,53247636,1,107102199,7650157.07142857,14530099.0130864,53247636,406,106078986,53039493.0,31173041.450701,75082162,30996824,0,0,0,0,496,100,0.1400531455,0.0280106291,0,230,133.1578947368,116.6691729054,13611.6959064327,0,0,0,1,0,0,0,0,0,140.5555555556,168.6666666667,0.0,0,0,0,0,0,0,15,2530,3,0,26883,0,11,32,6154322.0,2292083.80278907,7775070,4533574,23698388.75,20658662.6740884,53247636,6655974,DoS attacks-Slowloris
80,6,15/02/2018 11:30:00,106457461,15,3,2530,0,230,0,168.6666666667,105.2796728899,0,0,0.0,0.0,23.7653610769,0.1690816203,6262203.58823529,13384853.3201276,53218860,3,106457458,7604104.14285714,14474916.4526376,53218860,176,105412179,52706089.5,30701170.0037321,74415095,30997084,0,0,0,0,496,100,0.1409013503,0.0281802701,0,230,133.1578947368,116.6691729054,13611.6959064327,0,0,0,1,0,0,0,0,0,140.5555555556,168.6666666667,0.0,0,0,0,0,0,0,15,2530,3,0,26883,0,11,32,6175775.0,2115951.98887687,7671979,4679571,23526477.0,20670093.0958592,53218860,6630201,DoS attacks-Slowloris
80,6,15/02/2018 11:30:04,3027151,3,0,0,0,0,0,0.0,0.0,0,0,0.0,0.0,0.0,0.9910308405,1513575.5,690917.571431282,2002128,1025023,3027151,1513575.5,690917.571431282,2002128,1025023,0,0.0,0.0,0,0,0,0,0,0,120,0,0.9910308405,0.0,0,0,0.0,0.0,0.0,0,0,0,1,0,0,0,0,0,0.0,0.0,0.0,0,0,0,0,0,0,3,0,0,0,26883,-1,0,40,0.0,0.0,0,0,0.0,0.0,0,0,DoS attacks-Slowloris
80,6,15/02/2018 11:22:41,2,1,1,8,0,8,8,8.0,0.0,0,0,0.0,0.0,4000000.0,1000000.0,2.0,0.0,2,2,0,0.0,0.0,0,0,0,0.0,0.0,0,0,1,0,0,0,32,32,500000.0,500000.0,0,8,5.3333333333,4.6188021535,21.3333333333,0,1,0,0,1,0,0,0,1,8.0,8.0,0.0,0,0,0,0,0,0,1,8,1,0,211,219,0,32,0.0,0.0,0,0,0.0,0.0,0,0,DoS attacks-Slowloris
80,6,15/02/2018 11:02:15,107806171,15,3,2530,0,230,0,168.6666666667,105.2796728899,0,0,0.0,0.0,23.4680443293,0.1669663233,6341539.47058824,13489916.5068032,53247450,2,107806169,7700440.64285714,14584375.5875672,53247450,464,106782933,53391466.5,31670111.3549242,75785617,30997316,0,0,0,0,496,100,0.1391386027,0.0278277205,0,230,133.1578947368,116.6691729054,13611.6959064327,0,0,0,1,0,0,0,0,0,140.5555555556,168.6666666667,0.0,0,0,0,0,0,0,15,2530,3,0,26883,0,11,32,6154693.0,2201428.47080027,7711338,4598048,23874195.75,20640447.8054714,53247450,6655775,DoS attacks-Slowloris
80,6,15/02/2018 11:39:19,116125188,2,2,16,0,8,8,8.0,0.0,0,0,0.0,0.0,0.1377823388,0.0344455847,38708396.0,67044904.2213689,116125183,2,116125185,116125185.0,0.0,116125185,116125185,116125186,116125186.0,0.0,116125186,116125186,1,0,0,0,64,64,0.0172227924,0.0172227924,0,8,4.8,4.38178046,19.2,0,1,0,0,1,0,0,0,1,6.0,8.0,0.0,0,0,0,0,0,0,2,16,2,0,211,219,1,32,2.0,0.0,2,2,116125183.0,0.0,116125183,116125183,DoS attacks-Slowloris
80,6,15/02/2018 11:33:32,100006406,2,2,16,0,8,8,8.0,0.0,0,0,0.0,0.0,0.1599897511,0.0399974378,33335468.6666667,57738721.9606854,100006402,2,100006404,100006404.0,0.0,100006404,100006404,100006404,100006404.0,0.0,100006404,100006404,1,0,0,0,64,64,0.0199987189,0.0199987189,0,8,4.8,4.38178046,19.2,0,1,0,0,1,0,0,0,1,6.0,8.0,0.0,0,0,0,0,0,0,2,16,2,0,211,219,1,32,2.0,0.0,2,2,100006402.0,0.0,100006402,100006402,DoS attacks-Slowloris
80,6,15/02/2018 11:25:02,2,1,1,8,0,8,8,8.0,0.0,0,0,0.0,0.0,4000000.0,1000000.0,2.0,0.0,2,2,0,0.0,0.0,0,0,0,0.0,0.0,0,0,1,0,0,0,32,32,500000.0,500000.0,0,8,5.3333333333,4.6188021535,21.3333333333,0,1,0,0,1,0,0,0,1,8.0,8.0,0.0,0,0,0,0,0,0,1,8,1,0,211,219,0,32,0.0,0.0,0,0,0.0,0.0,0,0,DoS attacks-Slowloris
80,6,15/02/2018 11:10:08,3035721,3,0,0,0,0,0,0.0,0.0,0,0,0.0,0.0,0.0,0.9882331084,1517860.5,704409.168816321,2015953,1019768,3035721,1517860.5,704409.168816321,2015953,1019768,0,0.0,0.0,0,0,0,0,0,0,120,0,0.9882331084,0.0,0,0,0.0,0.0,0.0,0,0,0,1,0,0,0,0,0,0.0,0.0,0.0,0,0,0,0,0,0,3,0,0,0,26883,-1,0,40,0.0,0.0,0,0,0.0,0.0,0,0,DoS attacks-Slowloris
80,6,15/02/2018 11:05:15,108093816,15,3,2530,0,230,0,168.6666666667,105.2796728899,0,0,0.0,0.0,23.4055942664,0.1665220145,6358459.76470588,13511350.3630728,53247411,3,108093813,7720986.64285714,14606712.5433433,53247411,383,107070823,53535411.5,31870928.2665676,76071561,30999262,0,0,0,0,496,100,0.1387683455,0.0277536691,0,230,133.1578947368,116.6691729054,13611.6959064327,0,0,0,1,0,0,0,0,0,140.5555555556,168.6666666667,0.0,0,0,0,0,0,0,15,2530,3,0,26883,0,11,32,6155535.0,2245049.88813166,7743025,4568045,23945685.75,20634757.5972965,53247411,6655771,DoS attacks-Slowloris
80,6,15/02/2018 11:05:57,3035917,3,0,0,0,0,0,0.0,0.0,0,0,0.0,0.0,0.0,0.9881693077,1517958.5,704379.470331511,2016030,1019887,3035917,1517958.5,704379.470331511,2016030,1019887,0,0.0,0.0,0,0,0,0,0,0,120,0,0.9881693077,0.0,0,0,0.0,0.0,0.0,0,0,0,1,0,0,0,0,0,0.0,0.0,0.0,0,0,0,0,0,0,3,0,0,0,26883,-1,0,40,0.0,0.0,0,0,0.0,0.0,0,0,DoS attacks-Slowloris
80,6,15/02/2018 11:30:39,108498766,15,3,2530,0,230,0,168.6666666667,105.2796728899,0,0,0.0,0.0,23.3182375549,0.1659005043,6382280.35294118,13548596.0915271,53259237,3,108498763,7749911.64285714,14646304.8156815,53259237,192,107450887,53725443.5,32138655.8644876,76450905,30999982,0,0,0,0,496,100,0.1382504203,0.0276500841,0,230,133.1578947368,116.6691729054,13611.6959064327,0,0,0,1,0,0,0,0,0,140.5555555556,168.6666666667,0.0,0,0,0,0,0,0,15,2530,3,0,26883,0,11,32,6055016.0,2604162.55223863,7896437,4213595,24097182.75,20594817.2175939,53259237,6646819,DoS attacks-Slowloris
80,6,15/02/2018 11:06:27,107966140,15,3,2530,0,230,0,168.6666666667,105.2796728899,0,0,0.0,0.0,23.4332726909,0.1667189361,6350949.41176471,13502734.8739139,53247809,4,107966113,7711865.21428572,14597821.5326829,53247809,357,106943264,53471632.0,31785166.8206114,75947139,30996125,0,0,0,0,496,100,0.1389324468,0.0277864894,0,230,133.1578947368,116.6691729054,13611.6959064327,0,0,0,1,0,0,0,0,0,140.5555555556,168.6666666667,0.0,0,0,0,0,0,0,15,2530,3,0,26883,0,11,32,6153949.0,2066226.82581027,7614992,4692906,23914553.75,20637322.6501815,53247809,6655708,DoS attacks-Slowloris
80,6,15/02/2018 11:28:52,112286895,2,2,16,0,8,8,8.0,0.0,0,0,0.0,0.0,0.1424921403,0.0356230351,37428965.0,64828863.8585648,112286889,3,112286892,112286892.0,0.0,112286892,112286892,112286892,112286892.0,0.0,112286892,112286892,1,0,0,0,64,64,0.0178115175,0.0178115175,0,8,4.8,4.38178046,19.2,0,1,0,0,1,0,0,0,1,6.0,8.0,0.0,0,0,0,0,0,0,2,16,2,0,211,219,1,32,3.0,0.0,3,3,112286889.0,0.0,112286889,112286889,DoS attacks-Slowloris
80,6,15/02/2018 11:16:52,99999234,2,2,16,0,8,8,8.0,0.0,0,0,0.0,0.0,0.1600012256,0.0400003064,33333078.0,57734582.9366056,99999232,1,99999233,99999233.0,0.0,99999233,99999233,99999233,99999233.0,0.0,99999233,99999233,1,0,0,0,64,64,0.0200001532,0.0200001532,0,8,4.8,4.38178046,19.2,0,1,0,0,1,0,0,0,1,6.0,8.0,0.0,0,0,0,0,0,0,2,16,2,0,211,219,1,32,1.0,0.0,1,1,99999232.0,0.0,99999232,99999232,DoS attacks-Slowloris
80,6,15/02/2018 11:22:32,3,1,1,8,0,8,8,8.0,0.0,0,0,0.0,0.0,2666666.66666667,666666.666666667,3.0,0.0,3,3,0,0.0,0.0,0,0,0,0.0,0.0,0,0,1,0,0,0,32,32,333333.333333333,333333.333333333,0,8,5.3333333333,4.6188021535,21.3333333333,0,1,0,0,1,0,0,0,1,8.0,8.0,0.0,0,0,0,0,0,0,1,8,1,0,211,219,0,32,0.0,0.0,0,0,0.0,0.0,0,0,DoS attacks-Slowloris
80,6,15/02/2018 11:03:45,99999516,2,2,16,0,8,8,8.0,0.0,0,0,0.0,0.0,0.1600007744,0.0400001936,33333172.0,57734735.3570768,99999502,3,99999513,99999513.0,0.0,99999513,99999513,99999505,99999505.0,0.0,99999505,99999505,1,0,0,0,64,64,0.0200000968,0.0200000968,0,8,4.8,4.38178046,19.2,0,1,0,0,1,0,0,0,1,6.0,8.0,0.0,0,0,0,0,0,0,2,16,2,0,211,219,1,32,11.0,0.0,11,11,99999502.0,0.0,99999502,99999502,DoS attacks-Slowloris
80,6,15/02/2018 11:14:05,105003577,2,2,16,0,8,8,8.0,0.0,0,0,0.0,0.0,0.1523757614,0.0380939404,35001192.3333333,60623839.982722,105003573,2,105003575,105003575.0,0.0,105003575,105003575,105003575,105003575.0,0.0,105003575,105003575,1,0,0,0,64,64,0.0190469702,0.0190469702,0,8,4.8,4.38178046,19.2,0,1,0,0,1,0,0,0,1,6.0,8.0,0.0,0,0,0,0,0,0,2,16,2,0,211,219,1,32,2.0,0.0,2,2,105003573.0,0.0,105003573,105003573,DoS attacks-Slowloris
80,6,15/02/2018 11:22:33,106366463,14,3,2530,0,230,0,180.7142857143,97.9375221341,0,0,0.0,0.0,23.7856926765,0.1598248125,6647903.9375,13838743.8216193,53247726,2,106366461,8182035.46153846,15026331.5421264,53247726,94,106366458,53183229.0,31372581.3274976,75366994,30999464,0,0,0,0,456,100,0.1316204338,0.0282043787,0,230,140.5555555556,115.375204912,13311.4379084967,0,0,0,1,0,0,0,0,0,148.8235294118,180.7142857143,0.0,0,0,0,0,0,0,14,2530,3,0,26883,0,11,32,5516107.5,1791813.53327418,6783111,4249104,23833561.5,20606700.0189394,53247726,6656009,DoS attacks-Slowloris
80,6,15/02/2018 11:01:57,3035842,3,0,0,0,0,0,0.0,0.0,0,0,0.0,0.0,0.0,0.9881937202,1517921.0,704278.354061801,2015921,1019921,3035842,1517921.0,704278.354061801,2015921,1019921,0,0.0,0.0,0,0,0,0,0,0,120,0,0.9881937202,0.0,0,0,0.0,0.0,0.0,0,0,0,1,0,0,0,0,0,0.0,0.0,0.0,0,0,0,0,0,0,3,0,0,0,26883,-1,0,40,0.0,0.0,0,0,0.0,0.0,0,0,DoS attacks-Slowloris
80,6,15/02/2018 11:02:10,107006107,14,3,2530,0,230,0,180.7142857143,97.9375221341,0,0,0.0,0.0,23.6435103653,0.1588694372,6687881.6875,13888083.6555456,53247550,5,107006096,8231238.15384616,15077681.7276668,53247550,163,107006102,53503051.0,31829158.7618962,76009665,30996437,0,0,0,0,456,100,0.1308336542,0.028035783,0,230,140.5555555556,115.375204912,13311.4379084967,0,0,0,1,0,0,0,0,0,148.8235294118,180.7142857143,0.0,0,0,0,0,0,0,14,2530,3,0,26883,0,11,32,5514589.0,1613153.81261924,6655261,4373917,23994229.5,20591349.3968697,53247550,6655753,DoS attacks-Slowloris
80,6,15/02/2018 11:21:08,107262389,14,3,2530,0,230,0,180.7142857143,97.9375221341,0,0,0.0,0.0,23.5870189317,0.1584898505,6703899.3125,13907806.5526285,53247700,2,107262387,8250952.84615385,15098205.324968,53247700,157,107262373,53631186.5,32007173.6011667,76263676,30998697,0,0,0,0,456,100,0.1305210534,0.0279687972,0,230,140.5555555556,115.375204912,13311.4379084967,0,0,0,1,0,0,0,0,0,148.8235294118,180.7142857143,0.0,0,0,0,0,0,0,14,2530,3,0,26883,0,11,32,5515660.5,1611324.52737631,6655039,4376282,24057766.5,20586682.5224342,53247700,6656010,DoS attacks-Slowloris
80,6,15/02/2018 11:03:49,106333436,14,3,2530,0,230,0,180.7142857143,97.9375221341,0,0,0.0,0.0,23.7930804756,0.1598744538,6645839.75,13836637.8574784,53247450,9,106333427,8179494.38461539,15024181.6152819,53247450,208,106333420,53166710.0,31352956.2858925,75336598,30996822,0,0,0,0,456,100,0.1316613149,0.0282131389,0,230,140.5555555556,115.375204912,13311.4379084967,0,0,0,1,0,0,0,0,0,148.8235294118,180.7142857143,0.0,0,0,0,0,0,0,14,2530,3,0,26883,0,11,32,5514706.0,1747535.21374306,6750400,4279012,23826003.75,20607434.0508652,53247450,6655898,DoS attacks-Slowloris
80,6,15/02/2018 11:25:52,107933701,15,3,2530,0,230,0,168.6666666667,105.2796728899,0,0,0.0,0.0,23.4403154581,0.1667690428,6349041.23529412,13500373.8454169,53247650,1,107933700,7709550.0,14595363.5950124,53247650,203,106911277,53455638.5,31759895.5313586,75913276,30998001,0,0,0,0,496,100,0.1389742023,0.0277948405,0,230,133.1578947368,116.6691729054,13611.6959064327,0,0,0,1,0,0,0,0,0,140.5555555556,168.6666666667,0.0,0,0,0,0,0,0,15,2530,3,0,26883,0,11,32,6154579.0,2019576.16302827,7582635,4726523,23906135.5,20637897.9898879,53247650,6655701,DoS attacks-Slowloris
80,6,15/02/2018 11:30:14,3027372,3,0,0,0,0,0,0.0,0.0,0,0,0.0,0.0,0.0,0.9909584947,1513686.0,710474.023678558,2016067,1011305,3027372,1513686.0,710474.023678558,2016067,1011305,0,0.0,0.0,0,0,0,0,0,0,120,0,0.9909584947,0.0,0,0,0.0,0.0,0.0,0,0,0,1,0,0,0,0,0,0.0,0.0,0.0,0,0,0,0,0,0,3,0,0,0,26883,-1,0,40,0.0,0.0,0,0,0.0,0.0,0,0,DoS attacks-Slowloris
80,6,15/02/2018 11:02:52,3019006,3,0,0,0,0,0,0.0,0.0,0,0,0.0,0.0,0.0,0.9937045504,1509503.0,716272.299284288,2015984,1003022,3019006,1509503.0,716272.299284288,2015984,1003022,0,0.0,0.0,0,0,0,0,0,0,120,0,0.9937045504,0.0,0,0,0.0,0.0,0.0,0,0,0,1,0,0,0,0,0,0.0,0.0,0.0,0,0,0,0,0,0,3,0,0,0,26883,-1,0,40,0.0,0.0,0,0,0.0,0.0,0,0,DoS attacks-Slowloris
80,6,15/02/2018 11:02:35,106782199,14,3,2530,0,230,0,180.7142857143,97.9375221341,0,0,0.0,0.0,23.6930876466,0.1592025652,6673887.4375,13870714.5196388,53247491,2,106782197,8214015.15384615,15059592.8492344,53247491,181,106782195,53391097.5,31670387.1265689,75785443,30996752,0,0,0,0,456,100,0.1311079949,0.0280945703,0,230,140.5555555556,115.375204912,13311.4379084967,0,0,0,1,0,0,0,0,0,148.8235294118,180.7142857143,0.0,0,0,0,0,0,0,14,2530,3,0,26883,0,11,32,5514684.5,1658192.97904692,6687204,4342165,23938207.0,20596046.723302,53247491,6656009,DoS attacks-Slowloris
80,6,15/02/2018 11:24:18,3047609,3,0,0,0,0,0,0.0,0.0,0,0,0.0,0.0,0.0,0.9843782454,1523804.5,696017.225537199,2015963,1031646,3047609,1523804.5,696017.225537199,2015963,1031646,0,0.0,0.0,0,0,0,0,0,0,120,0,0.9843782454,0.0,0,0,0.0,0.0,0.0,0,0,0,1,0,0,0,0,0,0.0,0.0,0.0,0,0,0,0,0,0,3,0,0,0,26883,-1,0,40,0.0,0.0,0,0,0.0,0.0,0,0,DoS attacks-Slowloris
80,6,15/02/2018 11:28:00,107218701,15,3,2530,0,230,0,168.6666666667,105.2796728899,0,0,0.0,0.0,23.5966298454,0.167881161,6306982.41176471,13444500.8729722,53225752,2,107218699,7658478.5,14536881.5776279,53225752,174,106206711,53103355.5,31262974.8266662,75209617,30997094,0,0,0,0,496,100,0.1399009675,0.0279801935,0,230,133.1578947368,116.6691729054,13611.6959064327,0,0,0,1,0,0,0,0,0,140.5555555556,168.6666666667,0.0,0,0,0,0,0,0,15,2530,3,0,26883,0,11,32,6153808.5,2110001.68531319,7645805,4661812,23727770.5,20646826.0598283,53225752,6644058,DoS attacks-Slowloris
80,6,15/02/2018 11:23:27,106398564,14,3,2530,0,230,0,180.7142857143,97.9375221341,0,0,0.0,0.0,23.7785164093,0.1597765925,6649910.25,13841017.3845039,53247783,2,106398562,8184504.76923077,15028668.986347,53247783,218,106398560,53199280.0,31394617.6032265,75398627,30999933,0,0,0,0,456,100,0.1315807232,0.0281958693,0,230,140.5555555556,115.375204912,13311.4379084967,0,0,0,1,0,0,0,0,0,148.8235294118,180.7142857143,0.0,0,0,0,0,0,0,14,2530,3,0,26883,0,11,32,5516244.5,1837040.08299887,6815228,4217261,23841518.25,20605878.3896302,53247783,6655884,DoS attacks-Slowloris
80,6,15/02/2018 11:20:11,106910012,15,3,2530,0,230,0,168.6666666667,105.2796728899,0,0,0.0,0.0,23.6647620992,0.1683658964,6288824.23529412,13425011.4222377,53247770,2,106910010,7636429.28571429,14516906.0606237,53247770,201,105887429,52943714.5,31034065.9768198,74888113,30999316,0,0,0,0,496,100,0.1403049136,0.0280609827,0,230,133.1578947368,116.6691729054,13611.6959064327,0,0,0,1,0,0,0,0,0,140.5555555556,168.6666666667,0.0,0,0,0,0,0,0,15,2530,3,0,26883,0,11,32,6155251.5,2018612.37648552,7582626,4727877,23649876.75,20664788.8068502,53247770,6655929,DoS attacks-Slowloris
80,6,15/02/2018 11:20:12,99999692,2,2,16,0,8,8,8.0,0.0,0,0,0.0,0.0,0.1600004928,0.0400001232,33333230.6666667,57734846.4970035,99999689,1,99999691,99999691.0,0.0,99999691,99999691,99999690,99999690.0,0.0,99999690,99999690,1,0,0,0,64,64,0.0200000616,0.0200000616,0,8,4.8,4.38178046,19.2,0,1,0,0,1,0,0,0,1,6.0,8.0,0.0,0,0,0,0,0,0,2,16,2,0,211,219,1,32,2.0,0.0,2,2,99999689.0,0.0,99999689,99999689,DoS attacks-Slowloris
80,6,15/02/2018 11:15:48,3019737,3,0,0,0,0,0,0.0,0.0,0,0,0.0,0.0,0.0,0.9934640003,1509868.5,715778.031644238,2016000,1003737,3019737,1509868.5,715778.031644238,2016000,1003737,0,0.0,0.0,0,0,0,0,0,0,120,0,0.9934640003,0.0,0,0,0.0,0.0,0.0,0,0,0,1,0,0,0,0,0,0.0,0.0,0.0,0,0,0,0,0,0,3,0,0,0,26883,-1,0,40,0.0,0.0,0,0,0.0,0.0,0,0,DoS attacks-Slowloris
80,6,15/02/2018 11:06:35,107135210,2,2,16,0,8,8,8.0,0.0,0,0,0.0,0.0,0.1493439925,0.0373359981,35711736.6666667,61854528.4767809,107135194,2,107135196,107135196.0,0.0,107135196,107135196,107135208,107135208.0,0.0,107135208,107135208,1,0,0,0,64,64,0.0186679991,0.0186679991,0,8,4.8,4.38178046,19.2,0,1,0,0,1,0,0,0,1,6.0,8.0,0.0,0,0,0,0,0,0,2,16,2,0,211,219,1,32,2.0,0.0,2,2,107135194.0,0.0,107135194,107135194,DoS attacks-Slowloris
80,6,15/02/2018 11:00:50,3023519,3,0,0,0,0,0,0.0,0.0,0,0,0.0,0.0,0.0,0.9922213156,1511759.5,713130.623855476,2016019,1007500,3023519,1511759.5,713130.623855476,2016019,1007500,0,0.0,0.0,0,0,0,0,0,0,120,0,0.9922213156,0.0,0,0,0.0,0.0,0.0,0,0,0,1,0,0,0,0,0,0.0,0.0,0.0,0,0,0,0,0,0,3,0,0,0,26883,-1,0,40,0.0,0.0,0,0,0.0,0.0,0,0,DoS attacks-Slowloris
80,6,15/02/2018 11:22:38,107390005,15,3,2380,0,238,0,158.6666666667,114.9948239001,0,0,0.0,0.0,22.1622114647,0.167613364,6317059.11764706,13460191.3491525,53247594,3,107390002,7670714.42857143,14553516.9410452,53247594,279,106367272,53183636.0,31377382.5825418,75370796,30996476,0,0,0,0,496,100,0.1396778033,0.0279355607,0,238,125.2631578947,121.2512735811,14701.8713450292,0,0,0,1,0,0,0,0,0,132.2222222222,158.6666666667,0.0,0,0,0,0,0,0,15,2380,3,0,26883,0,11,32,6153856.5,1975471.79176532,7550726,4756987,23770572.25,20650441.9664461,53247594,6655997,DoS attacks-Slowloris
80,6,15/02/2018 11:14:39,107774497,15,3,2530,0,230,0,168.6666666667,105.2796728899,0,0,0.0,0.0,23.4749413862,0.1670153933,6339676.29411765,13487847.7497901,53247922,3,107774494,7698178.14285714,14582246.9459146,53247922,456,106751569,53375784.5,31648183.9736396,75754430,30997139,0,0,0,0,496,100,0.1391794944,0.0278358989,0,230,133.1578947368,116.6691729054,13611.6959064327,0,0,0,1,0,0,0,0,0,140.5555555556,168.6666666667,0.0,0,0,0,0,0,0,15,2530,3,0,26883,0,11,32,6154310.5,2156041.40783625,7678862,4629759,23866468.25,20641301.3060765,53247922,6655926,DoS attacks-Slowloris
80,6,15/02/2018 11:31:59,106458216,14,3,2530,0,230,0,180.7142857143,97.9375221341,0,0,0.0,0.0,23.7651925334,0.1596870645,6653638.5,13843943.4689863,53251281,1,106458215,8189093.46153846,15031776.3226219,53251281,168,106458208,53229104.0,31439650.4056931,75460294,30997914,0,0,0,0,456,100,0.1315069943,0.0281800702,0,230,140.5555555556,115.375204912,13311.4379084967,0,0,0,1,0,0,0,0,0,148.8235294118,180.7142857143,0.0,0,0,0,0,0,0,14,2530,3,0,26883,0,11,32,5529465.0,1892818.78721921,6867890,4191040,23849821.25,20610533.0852631,53251281,6644376,DoS attacks-Slowloris
80,6,15/02/2018 11:32:29,105167882,2,2,16,0,8,8,8.0,0.0,0,0,0.0,0.0,0.152137703,0.0380344258,35055960.6666667,60718702.3847266,105167879,1,105167880,105167880.0,0.0,105167880,105167880,105167881,105167881.0,0.0,105167881,105167881,1,0,0,0,64,64,0.0190172129,0.0190172129,0,8,4.8,4.38178046,19.2,0,1,0,0,1,0,0,0,1,6.0,8.0,0.0,0,0,0,0,0,0,2,16,2,0,211,219,1,32,1.0,0.0,1,1,105167879.0,0.0,105167879,105167879,DoS attacks-Slowloris
80,6,15/02/2018 11:06:37,107962799,15,3,2530,0,230,0,168.6666666667,105.2796728899,0,0,0.0,0.0,23.4339978533,0.1667240954,6350752.88235294,13502715.5878786,53247413,13,107962786,7711627.57142857,14597822.7445367,53247413,341,106942899,53471449.5,31784705.0798833,75946630,30996269,0,0,0,0,496,100,0.1389367462,0.0277873492,0,230,133.1578947368,116.6691729054,13611.6959064327,0,0,0,1,0,0,0,0,0,140.5555555556,168.6666666667,0.0,0,0,0,0,0,0,15,2530,3,0,26883,0,11,32,6152526.5,2064096.31307856,7612063,4692990,23914433.25,20637137.2322641,53247413,6655697,DoS attacks-Slowloris
80,6,15/02/2018 11:00:12,100003439,5,4,246,0,230,0,49.2,101.1493944619,0,0,0.0,0.0,2.4599154035,0.089996905,12500429.875,35354899.9172387,99999343,1,100003438,25000859.5,49998990.3586653,99999345,87,100003436,33334478.6666667,57733466.9396114,99999344,486,0,0,0,0,168,136,0.0499982806,0.0399986244,0,230,24.6,72.2467992371,5219.6,0,0,0,1,0,0,0,0,0,27.3333333333,49.2,0.0,0,0,0,0,0,0,5,246,4,0,26883,219,3,32,4095.0,0.0,4095,4095,99999343.0,0.0,99999343,99999343,DoS attacks-Slowloris
80,6,15/02/2018 11:21:18,108190877,15,3,2530,0,230,0,168.6666666667,105.2796728899,0,0,0.0,0.0,23.3845964665,0.1663726231,6364169.23529412,13519668.743574,53247625,13,108190864,7727918.85714286,14615483.6724472,53247625,184,107167166,53583583.0,31938429.3870065,76167463,30999703,0,0,0,0,496,100,0.1386438526,0.0277287705,0,230,133.1578947368,116.6691729054,13611.6959064327,0,0,0,1,0,0,0,0,0,140.5555555556,168.6666666667,0.0,0,0,0,0,0,0,15,2530,3,0,26883,0,11,32,6155839.5,2019091.79488316,7583553,4728126,23969796.25,20633078.184712,53247625,6656030,DoS attacks-Slowloris
80,6,15/02/2018 11:32:50,108215694,15,3,2530,0,230,0,168.6666666667,105.2796728899,0,0,0.0,0.0,23.3792336997,0.166334469,6365629.05882353,13519022.1293476,53242578,2,108215692,7729692.28571429,14614989.2480955,53242578,251,107192193,53596096.5,31959465.10664,76194851,30997342,0,0,0,0,496,100,0.1386120575,0.0277224115,0,230,133.1578947368,116.6691729054,13611.6959064327,0,0,0,1,0,0,0,0,0,140.5555555556,168.6666666667,0.0,0,0,0,0,0,0,15,2530,3,0,26883,0,11,32,6150417.0,2040234.99474742,7593081,4707753,23978714.5,20622938.1712635,53242578,6685375,DoS attacks-Slowloris
80,6,15/02/2018 11:33:26,2,1,1,8,0,8,8,8.0,0.0,0,0,0.0,0.0,4000000.0,1000000.0,2.0,0.0,2,2,0,0.0,0.0,0,0,0,0.0,0.0,0,0,1,0,0,0,32,32,500000.0,500000.0,0,8,5.3333333333,4.6188021535,21.3333333333,0,1,0,0,1,0,0,0,1,8.0,8.0,0.0,0,0,0,0,0,0,1,8,1,0,211,219,0,32,0.0,0.0,0,0,0.0,0.0,0,0,DoS attacks-Slowloris
80,6,15/02/2018 11:41:34,5903,1,2,0,516,0,0,0.0,0.0,516,0,258.0,364.8670990923,87413.1797391157,508.2161612739,2951.5,4168.3944750947,5899,4,0,0.0,0.0,0,0,4,4.0,0.0,4,4,0,0,0,0,32,64,169.4053870913,338.8107741826,0,516,129.0,258.0,66564.0,0,0,0,0,1,1,0,0,2,172.0,0.0,258.0,0,0,0,0,0,0,1,0,2,516,211,219,0,32,0.0,0.0,0,0,0.0,0.0,0,0,DoS attacks-Slowloris
80,6,15/02/2018 11:00:21,107311937,14,3,2530,0,230,0,180.7142857143,97.9375221341,0,0,0.0,0.0,23.5761283481,0.1584166727,6706996.0625,13911289.5715843,53247387,3,107311934,8254764.15384615,15101792.1397504,53247387,289,107311931,53655965.5,32044467.82702,76314826,30997105,0,0,0,0,456,100,0.1304607893,0.0279558834,0,230,140.5555555556,115.375204912,13311.4379084967,0,0,0,1,0,0,0,0,0,148.8235294118,180.7142857143,0.0,0,0,0,0,0,0,14,2530,3,0,26883,0,11,32,5514937.0,1683305.87638076,6705214,4324660,24070515.0,20585741.0164255,53247387,6655746,DoS attacks-Slowloris
80,6,15/02/2018 11:40:39,3027736,3,0,0,0,0,0,0.0,0.0,0,0,0.0,0.0,0.0,0.9908393598,1513868.0,699871.664601447,2008752,1018984,3027736,1513868.0,699871.664601447,2008752,1018984,0,0.0,0.0,0,0,0,0,0,0,120,0,0.9908393598,0.0,0,0,0.0,0.0,0.0,0,0,0,1,0,0,0,0,0,0.0,0.0,0.0,0,0,0,0,0,0,3,0,0,0,26883,-1,0,40,0.0,0.0,0,0,0.0,0.0,0,0,DoS attacks-Slowloris
80,6,15/02/2018 11:12:04,3047322,3,0,0,0,0,0,0.0,0.0,0,0,0.0,0.0,0.0,0.9844709552,1523661.0,696215.922542712,2015960,1031362,3047322,1523661.0,696215.922542712,2015960,1031362,0,0.0,0.0,0,0,0,0,0,0,120,0,0.9844709552,0.0,0,0,0.0,0.0,0.0,0,0,0,1,0,0,0,0,0,0.0,0.0,0.0,0,0,0,0,0,0,3,0,0,0,26883,-1,0,40,0.0,0.0,0,0,0.0,0.0,0,0,DoS attacks-Slowloris
80,6,15/02/2018 11:13:32,99999790,2,2,16,0,8,8,8.0,0.0,0,0,0.0,0.0,0.160000336,0.040000084,33333263.3333333,57734900.4792536,99999784,3,99999787,99999787.0,0.0,99999787,99999787,99999787,99999787.0,0.0,99999787,99999787,1,0,0,0,64,64,0.020000042,0.020000042,0,8,4.8,4.38178046,19.2,0,1,0,0,1,0,0,0,1,6.0,8.0,0.0,0,0,0,0,0,0,2,16,2,0,211,219,1,32,3.0,0.0,3,3,99999784.0,0.0,99999784,99999784,DoS attacks-Slowloris
80,6,15/02/2018 11:17:11,106686286,15,3,2380,0,238,0,158.6666666667,114.9948239001,0,0,0.0,0.0,22.3083967887,0.1687189673,6275663.88235294,13408963.0216067,53247786,1,106686285,7620448.92857143,14500243.3249263,53247786,202,105663465,52831732.5,30877516.7781058,74665434,30998031,0,0,0,0,496,100,0.1405991394,0.0281198279,0,238,125.2631578947,121.2512735811,14701.8713450292,0,0,0,1,0,0,0,0,0,132.2222222222,158.6666666667,0.0,0,0,0,0,0,0,15,2380,3,0,26883,0,11,32,6154862.5,2064640.78530007,7614784,4694941,23594140.0,20672322.464015,53247786,6655970,DoS attacks-Slowloris
80,6,15/02/2018 11:05:31,107069956,15,3,2530,0,230,0,168.6666666667,105.2796728899,0,0,0.0,0.0,23.6294110366,0.1681143868,6298232.70588235,13435463.690667,53247636,4,107069952,7647853.71428571,14527658.4677941,53247636,404,106047014,53023507.0,31146816.2744003,75047632,30999382,0,0,0,0,496,100,0.1400953224,0.0280190645,0,230,133.1578947368,116.6691729054,13611.6959064327,0,0,0,1,0,0,0,0,0,140.5555555556,168.6666666667,0.0,0,0,0,0,0,0,15,2530,3,0,26883,0,11,32,6155446.0,2244733.10429369,7742712,4568180,23689765.0,20659690.3287713,53247636,6656076,DoS attacks-Slowloris
80,6,15/02/2018 11:01:26,108382032,15,3,2530,0,230,0,168.6666666667,105.2796728899,0,0,0.0,0.0,23.3433527063,0.1660791892,6375413.64705882,13533474.1433717,53247355,2,108382030,7741573.57142857,14629831.8681728,53247355,378,107358748,53679374.0,32078156.5153961,76362056,30996692,0,0,0,0,496,100,0.1383993243,0.0276798649,0,230,133.1578947368,116.6691729054,13611.6959064327,0,0,0,1,0,0,0,0,0,140.5555555556,168.6666666667,0.0,0,0,0,0,0,0,15,2530,3,0,26883,0,11,32,6154297.0,2292187.04037912,7775118,4533476,24018359.0,20629926.8997935,53247355,6655867,DoS attacks-Slowloris
80,6,15/02/2018 11:01:42,108030106,15,3,2530,0,230,0,168.6666666667,105.2796728899,0,0,0.0,0.0,23.419397552,0.1666202197,6354712.11764706,13507037.757001,53247420,1,108030105,7716436.07142857,14602259.3722389,53247420,187,107006886,53503443.0,31829013.0978992,76009954,30996932,0,0,0,0,496,100,0.1388501831,0.0277700366,0,230,133.1578947368,116.6691729054,13611.6959064327,0,0,0,1,0,0,0,0,0,140.5555555556,168.6666666667,0.0,0,0,0,0,0,0,15,2530,3,0,26883,0,11,32,6154451.5,2156513.75516608,7679337,4629566,23930300.5,20635887.5934498,53247420,6655832,DoS attacks-Slowloris
80,6,15/02/2018 11:36:14,109318287,15,3,2530,0,230,0,168.6666666667,105.2796728899,0,0,0.0,0.0,23.1434288757,0.1646568062,6430487.47058824,13609765.3796657,53234247,13,109318274,7808448.14285714,14710508.9021674,53234247,328,108273976,54136988.0,32723384.382161,77275915,30998061,0,0,0,0,496,100,0.1372140052,0.027442801,0,230,133.1578947368,116.6691729054,13611.6959064327,0,0,0,1,0,0,0,0,0,140.5555555556,168.6666666667,0.0,0,0,0,0,0,0,15,2530,3,0,26883,0,11,32,6046538.5,2690659.38924727,7949122,4143955,24306299.25,20567883.1135405,53234247,6659620,DoS attacks-Slowloris
80,6,15/02/2018 11:04:17,107133915,15,3,2530,0,230,0,168.6666666667,105.2796728899,0,0,0.0,0.0,23.6153042666,0.1680140225,6301995.0,13441333.5832436,53247596,1,107133914,7652422.42857143,14533882.5392294,53247596,372,106111007,53055503.5,31193098.5345493,75112355,30998652,0,0,0,0,496,100,0.1400116854,0.0280023371,0,230,133.1578947368,116.6691729054,13611.6959064327,0,0,0,1,0,0,0,0,0,140.5555555556,168.6666666667,0.0,0,0,0,0,0,0,15,2530,3,0,26883,0,11,32,6154958.5,1973989.69595196,7550780,4759137,23705999.25,20657692.8107105,53247596,6656030,DoS attacks-Slowloris
80,6,15/02/2018 11:18:08,107678676,14,3,2530,0,230,0,180.7142857143,97.9375221341,0,0,0.0,0.0,23.4958312452,0.1578771269,6729917.25,13940120.9223988,53247715,4,107678663,8282974.07692308,15131857.4463609,53247715,207,107678672,53839336.0,32303010.8149592,76681014,30997658,0,0,0,0,456,100,0.1300164575,0.0278606695,0,230,140.5555555556,115.375204912,13311.4379084967,0,0,0,1,0,0,0,0,0,148.8235294118,180.7142857143,0.0,0,0,0,0,0,0,14,2530,3,0,26883,0,11,32,5515115.5,1838598.54634461,6815201,4215030,24162108.0,20580689.5942029,53247715,6656104,DoS attacks-Slowloris
80,6,15/02/2018 11:02:08,107006069,15,3,2530,0,230,0,168.6666666667,105.2796728899,0,0,0.0,0.0,23.6435187615,0.168214758,6294474.64705882,13431360.0211261,53247547,3,107006066,7643290.42857143,14523445.0829907,53247547,493,105982795,52991397.5,31104606.949311,74985676,30997119,0,0,0,0,496,100,0.140178965,0.028035793,0,230,133.1578947368,116.6691729054,13611.6959064327,0,0,0,1,0,0,0,0,0,140.5555555556,168.6666666667,0.0,0,0,0,0,0,0,15,2530,3,0,26883,0,11,32,6154561.0,2156012.41645822,7679092,4630030,23674236.0,20661599.2337865,53247547,6655888,DoS attacks-Slowloris
80,6,15/02/2018 11:20:46,107262104,15,3,2530,0,230,0,168.6666666667,105.2796728899,0,0,0.0,0.0,23.5870816034,0.1678132288,6309535.52941176,13449770.1084174,53247662,3,107262101,7661578.64285714,14542568.7850459,53247662,324,106239290,53119645.0,31282582.1906017,75239771,30999519,0,0,0,0,496,100,0.1398443573,0.0279688715,0,230,133.1578947368,116.6691729054,13611.6959064327,0,0,0,1,0,0,0,0,0,140.5555555556,168.6666666667,0.0,0,0,0,0,0,0,15,2530,3,0,26883,0,11,32,6155378.0,2154321.01703762,7678713,4632043,23737836.25,20654053.9786144,53247662,6655986,DoS attacks-Slowloris
80,6,15/02/2018 11:34:50,3039633,3,0,0,0,0,0,0.0,0.0,0,0,0.0,0.0,0.0,0.9869612549,1519816.5,698540.182532473,2013759,1025874,3039633,1519816.5,698540.182532473,2013759,1025874,0,0.0,0.0,0,0,0,0,0,0,120,0,0.9869612549,0.0,0,0,0.0,0.0,0.0,0,0,0,1,0,0,0,0,0,0.0,0.0,0.0,0,0,0,0,0,0,3,0,0,0,26883,-1,0,40,0.0,0.0,0,0,0.0,0.0,0,0,DoS attacks-Slowloris
80,6,15/02/2018 11:18:04,3031719,3,0,0,0,0,0,0.0,0.0,0,0,0.0,0.0,0.0,0.9895376188,1515859.5,707309.720832748,2016003,1015716,3031719,1515859.5,707309.720832748,2016003,1015716,0,0.0,0.0,0,0,0,0,0,0,120,0,0.9895376188,0.0,0,0,0.0,0.0,0.0,0,0,0,1,0,0,0,0,0,0.0,0.0,0.0,0,0,0,0,0,0,3,0,0,0,26883,-1,0,40,0.0,0.0,0,0,0.0,0.0,0,0,DoS attacks-Slowloris
80,6,15/02/2018 11:29:19,3079519,3,0,0,0,0,0,0.0,0.0,0,0,0.0,0.0,0.0,0.9741781103,1539759.5,724768.187260244,2052248,1027271,3079519,1539759.5,724768.187260244,2052248,1027271,0,0.0,0.0,0,0,0,0,0,0,120,0,0.9741781103,0.0,0,0,0.0,0.0,0.0,0,0,0,1,0,0,0,0,0,0.0,0.0,0.0,0,0,0,0,0,0,3,0,0,0,26883,-1,0,40,0.0,0.0,0,0,0.0,0.0,0,0,DoS attacks-Slowloris
80,6,15/02/2018 11:16:58,107933831,15,3,2530,0,230,0,168.6666666667,105.2796728899,0,0,0.0,0.0,23.4402872256,0.1667688419,6349048.88235294,13500381.8521741,53247699,4,107933827,7709559.07142857,14595375.6111749,53247699,127,106911285,53455642.5,31760151.5040134,75913461,30997824,0,0,0,0,496,100,0.1389740349,0.027794807,0,230,133.1578947368,116.6691729054,13611.6959064327,0,0,0,1,0,0,0,0,0,140.5555555556,168.6666666667,0.0,0,0,0,0,0,0,15,2530,3,0,26883,0,11,32,6154521.5,2019371.80916851,7582433,4726610,23906196.0,20637858.0288104,53247699,6655961,DoS attacks-Slowloris
80,6,15/02/2018 11:02:27,3035707,3,0,0,0,0,0,0.0,0.0,0,0,0.0,0.0,0.0,0.9882376659,1517853.5,704535.033823372,2016035,1019672,3035707,1517853.5,704535.033823372,2016035,1019672,0,0.0,0.0,0,0,0,0,0,0,120,0,0.9882376659,0.0,0,0,0.0,0.0,0.0,0,0,0,1,0,0,0,0,0,0.0,0.0,0.0,0,0,0,0,0,0,3,0,0,0,26883,-1,0,40,0.0,0.0,0,0,0.0,0.0,0,0,DoS attacks-Slowloris
80,6,15/02/2018 11:40:22,72366765,14,2,2308,0,230,0,164.8571428571,106.9053191041,0,0,0.0,0.0,31.8930934663,0.2210959686,4824451.0,7415401.77556737,22879085,5,72366765,5566674.23076923,7726196.31107374,22879085,139,30999709,30999709.0,0.0,30999709,30999709,0,0,0,0,456,80,0.1934589725,0.0276369961,0,230,135.7647058824,116.1139146548,13482.4411764706,0,0,0,1,0,0,0,0,0,144.25,164.8571428571,0.0,0,0,0,0,0,0,14,2308,2,0,26883,26847,11,32,5543781.5,1804675.80562396,6819880,4267683,14271877.3333333,8166742.34474826,22879085,6631709,DoS attacks-Slowloris
80,6,15/02/2018 11:06:44,107965671,15,3,2530,0,230,0,168.6666666667,105.2796728899,0,0,0.0,0.0,23.4333744844,0.1667196604,6350921.82352941,13502650.5355601,53247455,2,107965669,7711833.5,14597728.1876108,53247455,460,106942897,53471448.5,31784705.0798833,75946629,30996268,0,0,0,0,496,100,0.1389330503,0.0277866101,0,230,133.1578947368,116.6691729054,13611.6959064327,0,0,0,1,0,0,0,0,0,140.5555555556,168.6666666667,0.0,0,0,0,0,0,0,15,2530,3,0,26883,0,11,32,6153943.5,2066049.3420082,7614861,4693026,23914445.5,20637140.9803888,53247455,6655760,DoS attacks-Slowloris
80,6,15/02/2018 11:07:12,107677688,15,3,2530,0,230,0,168.6666666667,105.2796728899,0,0,0.0,0.0,23.4960468319,0.1671655506,6333981.64705882,13481222.3011485,53247495,3,107677685,7691263.21428571,14575397.0385492,53247495,393,106654978,53327489.0,31580596.5861735,75658343,30996635,0,0,0,0,496,100,0.1393046255,0.0278609251,0,230,133.1578947368,116.6691729054,13611.6959064327,0,0,0,1,0,0,0,0,0,140.5555555556,168.6666666667,0.0,0,0,0,0,0,0,15,2530,3,0,26883,0,11,32,6153970.5,2020511.66529978,7582688,4725253,23842436.0,20643264.5525023,53247495,6655992,DoS attacks-Slowloris
80,6,15/02/2018 11:25:36,108285824,15,3,2530,0,230,0,168.6666666667,105.2796728899,0,0,0.0,0.0,23.3640924227,0.1662267445,6369754.35294118,13526550.1761291,53247397,8,108285816,7734701.14285714,14622640.6513692,53247397,330,107263071,53631535.5,32008983.7945265,76265305,30997766,0,0,0,0,496,100,0.1385222871,0.0277044574,0,230,133.1578947368,116.6691729054,13611.6959064327,0,0,0,1,0,0,0,0,0,140.5555555556,168.6666666667,0.0,0,0,0,0,0,0,15,2530,3,0,26883,0,11,32,6154597.0,2155333.59394828,7678648,4630546,23994155.5,20631412.1712418,53247397,6655987,DoS attacks-Slowloris
80,6,15/02/2018 11:29:21,107963188,15,3,2530,0,230,0,168.6666666667,105.2796728899,0,0,0.0,0.0,23.4339134187,0.1667234947,6350775.76470588,13508607.9089759,53252457,2,107963186,7711656.14285714,14604926.5940354,53252457,310,106936198,53468099.0,31774787.9072772,75936267,30999931,0,0,0,0,496,100,0.1389362456,0.0277872491,0,230,133.1578947368,116.6691729054,13611.6959064327,0,0,0,1,0,0,0,0,0,140.5555555556,168.6666666667,0.0,0,0,0,0,0,0,15,2530,3,0,26883,0,11,32,6032902.5,2602761.7737051,7873333,4192472,23974345.25,20594374.349481,53252457,6648293,DoS attacks-Slowloris
80,6,15/02/2018 11:28:21,107217890,14,3,2530,0,230,0,180.7142857143,97.9375221341,0,0,0.0,0.0,23.5968083311,0.1585556291,6701118.125,13898155.9999905,53219411,2,107217888,8247529.84615385,15087487.8123491,53219411,72,107217885,53608942.5,31977155.5040917,76220206,30997679,0,0,0,0,456,100,0.130575224,0.0279804051,0,230,140.5555555556,115.375204912,13311.4379084967,0,0,0,1,0,0,0,0,0,148.8235294118,180.7142857143,0.0,0,0,0,0,0,0,14,2530,3,0,26883,0,11,32,5509056.5,1910990.72438892,6860331,4157782,24049943.75,20569643.216887,53219411,6671818,DoS attacks-Slowloris
80,6,15/02/2018 11:41:31,2544476,2,1,8,0,8,0,4.0,5.6568542495,0,0,0.0,0.0,3.1440658116,1.1790246793,1272238.0,1799213.4057393,2544474,2,2544476,2544476.0,0.0,2544476,2544476,0,0.0,0.0,0,0,1,0,0,0,64,32,0.7860164529,0.3930082264,0,8,4.0,4.6188021535,21.3333333333,0,1,0,0,1,0,0,0,0,5.3333333333,4.0,0.0,0,0,0,0,0,0,2,8,1,0,211,219,0,32,0.0,0.0,0,0,0.0,0.0,0,0,DoS attacks-Slowloris
80,6,15/02/2018 11:40:00,93946129,15,2,2308,0,230,0,153.8666666667,111.4641945499,0,0,0.0,0.0,24.5672708878,0.1809547682,5871633.0625,10779361.5452369,38884184,23,93946129,6710437.78571429,11314605.086448,38884184,301,30999718,30999718.0,0.0,30999718,30999718,0,0,0,0,496,80,0.159665972,0.0212887963,0,230,128.2222222222,117.1040540593,13713.3594771242,0,0,0,1,0,0,0,0,0,135.7647058824,153.8666666667,0.0,0,0,0,0,0,0,15,2308,2,0,26883,26847,11,32,6160958.5,2169960.09771712,7695352,4626565,14246676.0,8257284.9513377,23025662,6635412,DoS attacks-Slowloris
80,6,15/02/2018 11:33:45,2,1,1,8,0,8,8,8.0,0.0,0,0,0.0,0.0,4000000.0,1000000.0,2.0,0.0,2,2,0,0.0,0.0,0,0,0,0.0,0.0,0,0,1,0,0,0,32,32,500000.0,500000.0,0,8,5.3333333333,4.6188021535,21.3333333333,0,1,0,0,1,0,0,0,1,8.0,8.0,0.0,0,0,0,0,0,0,1,8,1,0,211,219,0,32,0.0,0.0,0,0,0.0,0.0,0,0,DoS attacks-Slowloris
80,6,15/02/2018 11:20:12,99999625,2,2,16,0,8,8,8.0,0.0,0,0,0.0,0.0,0.1600006,0.04000015,33333208.3333333,57734807.8145354,99999622,1,99999624,99999624.0,0.0,99999624,99999624,99999623,99999623.0,0.0,99999623,99999623,1,0,0,0,64,64,0.020000075,0.020000075,0,8,4.8,4.38178046,19.2,0,1,0,0,1,0,0,0,1,6.0,8.0,0.0,0,0,0,0,0,0,2,16,2,0,211,219,1,32,2.0,0.0,2,2,99999622.0,0.0,99999622,99999622,DoS attacks-Slowloris
80,6,15/02/2018 11:01:05,3019490,3,0,0,0,0,0,0.0,0.0,0,0,0.0,0.0,0.0,0.9935452676,1509745.0,716005.012920999,2016037,1003453,3019490,1509745.0,716005.012920999,2016037,1003453,0,0.0,0.0,0,0,0,0,0,0,120,0,0.9935452676,0.0,0,0,0.0,0.0,0.0,0,0,0,1,0,0,0,0,0,0.0,0.0,0.0,0,0,0,0,0,0,3,0,0,0,26883,-1,0,40,0.0,0.0,0,0,0.0,0.0,0,0,DoS attacks-Slowloris
80,6,15/02/2018 11:37:10,3041379,3,0,0,0,0,0,0.0,0.0,0,0,0.0,0.0,0.0,0.9863946585,1520689.5,699388.710669896,2015232,1026147,3041379,1520689.5,699388.710669896,2015232,1026147,0,0.0,0.0,0,0,0,0,0,0,120,0,0.9863946585,0.0,0,0,0.0,0.0,0.0,0,0,0,1,0,0,0,0,0,0.0,0.0,0.0,0,0,0,0,0,0,3,0,0,0,26883,-1,0,40,0.0,0.0,0,0,0.0,0.0,0,0,DoS attacks-Slowloris
80,6,15/02/2018 11:36:52,100026125,2,2,16,0,8,8,8.0,0.0,0,0,0.0,0.0,0.1599582109,0.0399895527,33342041.6666667,57750105.8646181,100026120,2,100026123,100026123.0,0.0,100026123,100026123,100026122,100026122.0,0.0,100026122,100026122,1,0,0,0,64,64,0.0199947764,0.0199947764,0,8,4.8,4.38178046,19.2,0,1,0,0,1,0,0,0,1,6.0,8.0,0.0,0,0,0,0,0,0,2,16,2,0,211,219,1,32,3.0,0.0,3,3,100026120.0,0.0,100026120,100026120,DoS attacks-Slowloris
80,6,15/02/2018 11:41:34,6054,1,2,0,516,0,0,0.0,0.0,516,0,258.0,364.8670990923,85232.9038652131,495.5401387512,3027.0,4273.7533854915,6049,5,0,0.0,0.0,0,0,5,5.0,0.0,5,5,0,0,0,0,32,64,165.1800462504,330.3600925008,0,516,129.0,258.0,66564.0,0,0,0,0,1,1,0,0,2,172.0,0.0,258.0,0,0,0,0,0,0,1,0,2,516,211,219,0,32,0.0,0.0,0,0,0.0,0.0,0,0,DoS attacks-Slowloris
80,6,15/02/2018 11:38:47,107286248,15,3,2530,0,230,0,168.6666666667,105.2796728899,0,0,0.0,0.0,23.5817735,0.1677754636,6310955.76470588,13449988.5163102,53267605,1,107286247,7663303.35714286,14543540.2454696,53267605,352,106257288,53128644.0,31299271.3248513,75260571,30996717,0,0,0,0,496,100,0.1398128864,0.0279625773,0,230,133.1578947368,116.6691729054,13611.6959064327,0,0,0,1,0,0,0,0,0,140.5555555556,168.6666666667,0.0,0,0,0,0,0,0,15,2530,3,0,26883,0,11,32,6178470.0,2121958.15387627,7678921,4678019,23732326.75,20666203.7793391,53267605,6650730,DoS attacks-Slowloris
80,6,15/02/2018 11:30:12,100001367,2,2,16,0,8,8,8.0,0.0,0,0,0.0,0.0,0.1599978128,0.0399994532,33333789.0,57735812.692679,100001363,1,100001366,100001366.0,0.0,100001366,100001366,100001364,100001364.0,0.0,100001364,100001364,1,0,0,0,64,64,0.0199997266,0.0199997266,0,8,4.8,4.38178046,19.2,0,1,0,0,1,0,0,0,1,6.0,8.0,0.0,0,0,0,0,0,0,2,16,2,0,211,219,1,32,3.0,0.0,3,3,100001363.0,0.0,100001363,100001363,DoS attacks-Slowloris
80,6,15/02/2018 11:31:24,3068821,3,0,0,0,0,0,0.0,0.0,0,0,0.0,0.0,0.0,0.9775741237,1534410.5,725062.343681218,2047107,1021714,3068821,1534410.5,725062.343681218,2047107,1021714,0,0.0,0.0,0,0,0,0,0,0,120,0,0.9775741237,0.0,0,0,0.0,0.0,0.0,0,0,0,1,0,0,0,0,0,0.0,0.0,0.0,0,0,0,0,0,0,3,0,0,0,26883,-1,0,40,0.0,0.0,0,0,0.0,0.0,0,0,DoS attacks-Slowloris
80,6,15/02/2018 11:32:20,107441490,15,3,2530,0,230,0,168.6666666667,105.2796728899,0,0,0.0,0.0,23.5477002413,0.1675330452,6320087.64705882,13462824.1774687,53215582,2,107441488,7674392.0,14556807.1603177,53215582,344,106415665,53207832.5,31408399.8214986,75416925,30998740,0,0,0,0,496,100,0.139610871,0.0279221742,0,230,133.1578947368,116.6691729054,13611.6959064327,0,0,0,1,0,0,0,0,0,140.5555555556,168.6666666667,0.0,0,0,0,0,0,0,15,2530,3,0,26883,0,11,32,6055054.5,2585002.07978882,7882927,4227182,23832844.75,20594570.791519,53215582,6649909,DoS attacks-Slowloris
80,6,15/02/2018 11:31:28,106363357,14,3,2530,0,230,0,180.7142857143,97.9375221341,0,0,0.0,0.0,23.7863872612,0.1598294796,6647709.8125,13840458.5645809,53285660,2,106363355,8181796.53846154,15028965.6171182,53285660,253,106363353,53181676.5,31372835.178832,75365621,30997732,0,0,0,0,456,100,0.1316242773,0.0282052023,0,230,140.5555555556,115.375204912,13311.4379084967,0,0,0,1,0,0,0,0,0,148.8235294118,180.7142857143,0.0,0,0,0,0,0,0,14,2530,3,0,26883,0,11,32,5535337.5,1733269.33443262,6760944,4309731,23823170.0,20630251.8007168,53285660,6643554,DoS attacks-Slowloris
80,6,15/02/2018 11:22:32,3,1,1,8,0,8,8,8.0,0.0,0,0,0.0,0.0,2666666.66666667,666666.666666667,3.0,0.0,3,3,0,0.0,0.0,0,0,0,0.0,0.0,0,0,1,0,0,0,32,32,333333.333333333,333333.333333333,0,8,5.3333333333,4.6188021535,21.3333333333,0,1,0,0,1,0,0,0,1,8.0,8.0,0.0,0,0,0,0,0,0,1,8,1,0,211,219,0,32,0.0,0.0,0,0,0.0,0.0,0,0,DoS attacks-Slowloris
80,6,15/02/2018 11:36:34,107133009,15,3,2530,0,230,0,168.6666666667,105.2796728899,0,0,0.0,0.0,23.615503976,0.1680154433,6301941.70588235,13438741.2643368,53241849,2,107133007,7652357.64285714,14531206.2702847,53241849,409,106111124,53055562.0,31196210.5114933,75114614,30996510,0,0,0,0,496,100,0.1400128694,0.0280025739,0,230,133.1578947368,116.6691729054,13611.6959064327,0,0,0,1,0,0,0,0,0,140.5555555556,168.6666666667,0.0,0,0,0,0,0,0,15,2530,3,0,26883,0,11,32,6149185.5,2333150.44332004,7798972,4499399,23708659.0,20652422.1242218,53241849,6648788,DoS attacks-Slowloris
80,6,15/02/2018 11:33:40,107059689,15,3,2530,0,230,0,168.6666666667,105.2796728899,0,0,0.0,0.0,23.6316770918,0.168130509,6297628.76470588,13434290.3482798,53261956,2,107059687,7647120.5,14526903.8917637,53261956,285,106035564,53017782.0,31140907.6901367,75037729,30997835,0,0,0,0,496,100,0.1401087575,0.0280217515,0,230,133.1578947368,116.6691729054,13611.6959064327,0,0,0,1,0,0,0,0,0,140.5555555556,168.6666666667,0.0,0,0,0,0,0,0,15,2530,3,0,26883,0,11,32,6179100.0,2199748.38508817,7734557,4623643,23675371.75,20675290.0087131,53261956,6629157,DoS attacks-Slowloris
80,6,15/02/2018 11:20:12,99999601,2,2,16,0,8,8,8.0,0.0,0,0,0.0,0.0,0.1600006384,0.0400001596,33333200.3333333,57734787.0299258,99999590,2,99999592,99999592.0,0.0,99999592,99999592,99999599,99999599.0,0.0,99999599,99999599,1,0,0,0,64,64,0.0200000798,0.0200000798,0,8,4.8,4.38178046,19.2,0,1,0,0,1,0,0,0,1,6.0,8.0,0.0,0,0,0,0,0,0,2,16,2,0,211,219,1,32,2.0,0.0,2,2,99999590.0,0.0,99999590,99999590,DoS attacks-Slowloris
80,6,15/02/2018 11:12:19,3043655,3,0,0,0,0,0,0.0,0.0,0,0,0.0,0.0,0.0,0.9856570472,1521827.5,698848.48108907,2015988,1027667,3043655,1521827.5,698848.48108907,2015988,1027667,0,0.0,0.0,0,0,0,0,0,0,120,0,0.9856570472,0.0,0,0,0.0,0.0,0.0,0,0,0,1,0,0,0,0,0,0.0,0.0,0.0,0,0,0,0,0,0,3,0,0,0,26883,-1,0,40,0.0,0.0,0,0,0.0,0.0,0,0,DoS attacks-Slowloris
80,6,15/02/2018 11:07:03,4,1,1,8,0,8,8,8.0,0.0,0,0,0.0,0.0,2000000.0,500000.0,4.0,0.0,4,4,0,0.0,0.0,0,0,0,0.0,0.0,0,0,1,0,0,0,32,32,250000.0,250000.0,0,8,5.3333333333,4.6188021535,21.3333333333,0,1,0,0,1,0,0,0,1,8.0,8.0,0.0,0,0,0,0,0,0,1,8,1,0,211,219,0,32,0.0,0.0,0,0,0.0,0.0,0,0,DoS attacks-Slowloris
80,6,15/02/2018 11:37:54,106950368,15,3,2530,0,230,0,168.6666666667,105.2796728899,0,0,0.0,0.0,23.6558325821,0.1683023662,6291198.11764706,13424467.8307463,53237355,3,106950365,7639311.78571429,14516127.2990458,53237355,389,105928695,52964347.5,31063104.023896,74929279,30999416,0,0,0,0,496,100,0.1402519718,0.0280503944,0,230,133.1578947368,116.6691729054,13611.6959064327,0,0,0,1,0,0,0,0,0,140.5555555556,168.6666666667,0.0,0,0,0,0,0,0,15,2530,3,0,26883,0,11,32,6161366.5,2079115.26111096,7631523,4691210,23656908.0,20659916.4364957,53237355,6653575,DoS attacks-Slowloris
80,6,15/02/2018 11:38:03,106859469,14,3,2530,0,230,0,180.7142857143,97.9375221341,0,0,0.0,0.0,23.6759551931,0.159087446,6678716.8125,13873425.7972822,53262036,4,106859465,8219958.84615385,15063000.557735,53262036,190,106859455,53429727.5,31725538.6270743,75863071,30996384,0,0,0,0,456,100,0.1310131908,0.0280742552,0,230,140.5555555556,115.375204912,13311.4379084967,0,0,0,1,0,0,0,0,0,148.8235294118,180.7142857143,0.0,0,0,0,0,0,0,14,2530,3,0,26883,0,11,32,5540194.0,1749184.18675679,6777054,4303334,23944769.25,20605954.3896387,53262036,6641337,DoS attacks-Slowloris
80,6,15/02/2018 11:29:26,1,1,1,8,0,8,8,8.0,0.0,0,0,0.0,0.0,8000000.0,2000000.0,1.0,0.0,1,1,0,0.0,0.0,0,0,0,0.0,0.0,0,0,1,0,0,0,32,32,1000000.0,1000000.0,0,8,5.3333333333,4.6188021535,21.3333333333,0,1,0,0,1,0,0,0,1,8.0,8.0,0.0,0,0,0,0,0,0,1,8,1,0,211,219,0,32,0.0,0.0,0,0,0.0,0.0,0,0,DoS attacks-Slowloris
80,6,15/02/2018 11:32:40,3080045,3,0,0,0,0,0,0.0,0.0,0,0,0.0,0.0,0.0,0.9740117433,1540022.5,730160.583573573,2056324,1023721,3080045,1540022.5,730160.583573573,2056324,1023721,0,0.0,0.0,0,0,0,0,0,0,120,0,0.9740117433,0.0,0,0,0.0,0.0,0.0,0,0,0,1,0,0,0,0,0,0.0,0.0,0.0,0,0,0,0,0,0,3,0,0,0,26883,-1,0,40,0.0,0.0,0,0,0.0,0.0,0,0,DoS attacks-Slowloris
80,6,15/02/2018 11:00:21,20020413,4,3,238,0,230,0,59.5,113.7292105544,0,0,0.0,0.0,11.8878666489,0.3496431367,3336735.5,8173073.04944831,20019951,3,20020410,6673470.0,11558401.989446,20019963,205,20020406,10010203.0,14155925.6201777,20019954,452,0,0,0,0,136,104,0.1997960781,0.1498470586,0,230,29.75,80.9616311242,6554.7857142857,0,0,0,1,0,0,0,0,0,34.0,59.5,0.0,0,0,0,0,0,0,4,238,3,0,26883,219,2,32,459.0,0.0,459,459,20019951.0,0.0,20019951,20019951,DoS attacks-Slowloris
80,6,15/02/2018 11:17:35,105003423,2,2,16,0,8,8,8.0,0.0,0,0,0.0,0.0,0.1523759849,0.0380939962,35001141.0,60623751.0707805,105003419,2,105003421,105003421.0,0.0,105003421,105003421,105003421,105003421.0,0.0,105003421,105003421,1,0,0,0,64,64,0.0190469981,0.0190469981,0,8,4.8,4.38178046,19.2,0,1,0,0,1,0,0,0,1,6.0,8.0,0.0,0,0,0,0,0,0,2,16,2,0,211,219,1,32,2.0,0.0,2,2,105003419.0,0.0,105003419,105003419,DoS attacks-Slowloris
80,6,15/02/2018 11:00:12,29099142,4,3,238,0,230,0,59.5,113.7292105544,0,0,0.0,0.0,8.1789353102,0.2405569209,4849857.0,11879480.9764042,29098746,2,29099140,9699713.33333333,16800058.5625708,29098750,96,29099139,14549569.5,20575645.556087,29098748,391,0,0,0,0,136,104,0.1374610977,0.1030958232,0,230,29.75,80.9616311242,6554.7857142857,0,0,0,1,0,0,0,0,0,34.0,59.5,0.0,0,0,0,0,0,0,4,238,3,0,26883,219,2,32,394.0,0.0,394,394,29098746.0,0.0,29098746,29098746,DoS attacks-Slowloris
80,6,15/02/2018 11:32:29,105167928,2,2,16,0,8,8,8.0,0.0,0,0,0.0,0.0,0.1521376365,0.0380344091,35055976.0,60718729.8088644,105167926,1,105167927,105167927.0,0.0,105167927,105167927,105167927,105167927.0,0.0,105167927,105167927,1,0,0,0,64,64,0.0190172046,0.0190172046,0,8,4.8,4.38178046,19.2,0,1,0,0,1,0,0,0,1,6.0,8.0,0.0,0,0,0,0,0,0,2,16,2,0,211,219,1,32,1.0,0.0,1,1,105167926.0,0.0,105167926,105167926,DoS attacks-Slowloris
80,6,15/02/2018 11:00:29,107326032,15,3,2530,0,230,0,168.6666666667,105.2796728899,0,0,0.0,0.0,23.5730321233,0.167713272,6313296.0,13454293.3440408,53247554,2,107326030,7666145.0,14547262.7073031,53247554,426,106302904,53151452.0,31332404.9344041,75306808,30996096,0,0,0,0,496,100,0.13976106,0.027952212,0,230,133.1578947368,116.6691729054,13611.6959064327,0,0,0,1,0,0,0,0,0,140.5555555556,168.6666666667,0.0,0,0,0,0,0,0,15,2530,3,0,26883,0,11,32,6153994.0,2247312.62983146,7743084,4564904,23754510.5,20652198.3875158,53247554,6655815,DoS attacks-Slowloris
80,6,15/02/2018 11:10:38,106654130,14,3,2530,0,230,0,180.7142857143,97.9375221341,0,0,0.0,0.0,23.721538022,0.1593937337,6665883.125,13860354.5943643,53247469,3,106654127,8204163.61538462,15048755.2069279,53247469,144,106654126,53327063.0,31577974.6342288,75656063,30998063,0,0,0,0,456,100,0.1312654278,0.028128306,0,230,140.5555555556,115.375204912,13311.4379084967,0,0,0,1,0,0,0,0,0,148.8235294118,180.7142857143,0.0,0,0,0,0,0,0,14,2530,3,0,26883,0,11,32,5515255.0,1838401.26355266,6815201,4215309,23905904.25,20599062.2614812,53247469,6655880,DoS attacks-Slowloris
80,6,15/02/2018 11:13:50,107038597,15,3,2530,0,230,0,168.6666666667,105.2796728899,0,0,0.0,0.0,23.6363337236,0.1681636391,6296388.05882353,13433615.2837816,53247883,2,107038595,7645613.92857143,14525777.4444579,53247883,330,106015550,53007775.0,31128089.2584074,75018658,30996892,0,0,0,0,496,100,0.140136366,0.0280272732,0,230,133.1578947368,116.6691729054,13611.6959064327,0,0,0,1,0,0,0,0,0,140.5555555556,168.6666666667,0.0,0,0,0,0,0,0,15,2530,3,0,26883,0,11,32,6154229.5,2201523.93021573,7710942,4597517,23682534.0,20660715.7277636,53247883,6655952,DoS attacks-Slowloris
80,6,15/02/2018 11:18:39,107646536,14,3,2530,0,230,0,180.7142857143,97.9375221341,0,0,0.0,0.0,23.5028463898,0.1579242643,6727908.5,13937662.2630285,53247659,6,107646523,8280501.76923077,15129300.5210216,53247659,129,107646530,53823265.0,32280181.1654218,76648800,30997730,0,0,0,0,456,100,0.1300552765,0.0278689878,0,230,140.5555555556,115.375204912,13311.4379084967,0,0,0,1,0,0,0,0,0,148.8235294118,180.7142857143,0.0,0,0,0,0,0,0,14,2530,3,0,26883,0,11,32,5515173.5,1793219.26155518,6783171,4247176,24154044.0,20581069.7812281,53247659,6656022,DoS attacks-Slowloris
80,6,15/02/2018 11:26:44,107423911,15,3,2530,0,230,0,168.6666666667,105.2796728899,0,0,0.0,0.0,23.5515536201,0.1675604605,6319053.58823529,13467429.9575656,53281541,2,107423909,7673136.35714286,14561514.3648449,53281541,332,106401148,53200574.0,31398622.6560351,75402753,30998395,0,0,0,0,496,100,0.1396337171,0.0279267434,0,230,133.1578947368,116.6691729054,13611.6959064327,0,0,0,1,0,0,0,0,0,140.5555555556,168.6666666667,0.0,0,0,0,0,0,0,15,2530,3,0,26883,0,11,32,6154855.5,1973979.79645702,7550670,4759041,23778549.5,20666658.0043401,53281541,6655966,DoS attacks-Slowloris
80,6,15/02/2018 11:41:03,3068565,3,0,0,0,0,0,0.0,0.0,0,0,0.0,0.0,0.0,0.9776556794,1534282.5,719413.974713099,2042985,1025580,3068565,1534282.5,719413.974713099,2042985,1025580,0,0.0,0.0,0,0,0,0,0,0,120,0,0.9776556794,0.0,0,0,0.0,0.0,0.0,0,0,0,1,0,0,0,0,0,0.0,0.0,0.0,0,0,0,0,0,0,3,0,0,0,26883,-1,0,40,0.0,0.0,0,0,0.0,0.0,0,0,DoS attacks-Slowloris
80,6,15/02/2018 11:00:51,108348910,15,3,2530,0,230,0,168.6666666667,105.2796728899,0,0,0.0,0.0,23.3504887128,0.1661299592,6373465.29411765,13541370.5016814,53247567,2,108348908,7739207.71428571,14639056.9687195,53247567,169,107326828,53663414.0,32056265.9036641,76330617,30996211,0,0,0,0,496,100,0.1384416327,0.0276883265,0,230,133.1578947368,116.6691729054,13611.6959064327,0,0,0,1,0,0,0,0,0,140.5555555556,168.6666666667,0.0,0,0,0,0,0,0,15,2530,3,0,26883,0,11,32,6025393.5,2427403.53461152,7741827,4308960,24074530.25,20585525.7626943,53247567,6655876,DoS attacks-Slowloris
80,6,15/02/2018 11:36:57,117505350,2,2,16,0,8,8,8.0,0.0,0,0,0.0,0.0,0.136164013,0.0340410032,39168450.0,67841736.7934672,117505340,4,117505346,117505346.0,0.0,117505346,117505346,117505344,117505344.0,0.0,117505344,117505344,1,0,0,0,64,64,0.0170205016,0.0170205016,0,8,4.8,4.38178046,19.2,0,1,0,0,1,0,0,0,1,6.0,8.0,0.0,0,0,0,0,0,0,2,16,2,0,211,219,1,32,6.0,0.0,6,6,117505340.0,0.0,117505340,117505340,DoS attacks-Slowloris
80,6,15/02/2018 11:41:13,20844558,2,1,8,0,8,0,4.0,5.6568542495,0,0,0.0,0.0,0.3837932184,0.1439224569,10422279.0,14739319.8273549,20844552,6,20844558,20844558.0,0.0,20844558,20844558,0,0.0,0.0,0,0,1,0,0,0,64,32,0.0959483046,0.0479741523,0,8,4.0,4.6188021535,21.3333333333,0,1,0,0,1,0,0,0,0,5.3333333333,4.0,0.0,0,0,0,0,0,0,2,8,1,0,211,219,0,32,0.0,0.0,0,0,0.0,0.0,0,0,DoS attacks-Slowloris
80,6,15/02/2018 11:03:32,99999444,2,2,16,0,8,8,8.0,0.0,0,0,0.0,0.0,0.1600008896,0.0400002224,33333148.0,57734703.3141367,99999441,1,99999443,99999443.0,0.0,99999443,99999443,99999442,99999442.0,0.0,99999442,99999442,1,0,0,0,64,64,0.0200001112,0.0200001112,0,8,4.8,4.38178046,19.2,0,1,0,0,1,0,0,0,1,6.0,8.0,0.0,0,0,0,0,0,0,2,16,2,0,211,219,1,32,2.0,0.0,2,2,99999441.0,0.0,99999441,99999441,DoS attacks-Slowloris
80,6,15/02/2018 11:25:50,108285835,15,3,2380,0,238,0,158.6666666667,114.9948239001,0,0,0.0,0.0,21.9788673191,0.1662267276,6369755.0,13526606.795495,53247716,2,108285833,7734702.35714286,14622704.9606447,53247716,252,107263240,53631620.0,32008939.2467993,76265358,30997882,0,0,0,0,496,100,0.138522273,0.0277044546,0,238,125.2631578947,121.2512735811,14701.8713450292,0,0,0,1,0,0,0,0,0,132.2222222222,158.6666666667,0.0,0,0,0,0,0,0,15,2380,3,0,26883,0,11,32,6154500.5,2155168.83806826,7678435,4630566,23994208.0,20631536.2342613,53247716,6656016,DoS attacks-Slowloris
80,6,15/02/2018 11:34:15,106944813,14,3,2530,0,230,0,180.7142857143,97.9375221341,0,0,0.0,0.0,23.6570613294,0.1589604911,6684050.8125,13878062.8847222,53230693,3,106944810,8226523.84615385,15066664.5738324,53230693,190,106944808,53472404.0,31781390.8703999,75945241,30999567,0,0,0,0,456,100,0.1309086398,0.0280518514,0,230,140.5555555556,115.375204912,13311.4379084967,0,0,0,1,0,0,0,0,0,148.8235294118,180.7142857143,0.0,0,0,0,0,0,0,14,2530,3,0,26883,0,11,32,5524001.5,1879876.61180315,6853275,4194728,23974201.75,20588781.9251566,53230693,6639674,DoS attacks-Slowloris
80,6,15/02/2018 11:06:27,107965941,15,3,2530,0,230,0,168.6666666667,105.2796728899,0,0,0.0,0.0,23.4333158825,0.1667192434,6350937.70588235,13502743.2958589,53247827,3,107965938,7711852.71428571,14597831.7949756,53247827,209,106943286,53471643.0,31785147.0216216,75947136,30996150,0,0,0,0,496,100,0.1389327029,0.0277865406,0,230,133.1578947368,116.6691729054,13611.6959064327,0,0,0,1,0,0,0,0,0,140.5555555556,168.6666666667,0.0,0,0,0,0,0,0,15,2530,3,0,26883,0,11,32,6153858.0,2066061.36282348,7614784,4692932,23914555.5,20637330.7259203,53247827,6655722,DoS attacks-Slowloris
80,6,15/02/2018 11:03:10,3039828,3,0,0,0,0,0,0.0,0.0,0,0,0.0,0.0,0.0,0.9868979429,1519914.0,701587.105652605,2016011,1023817,3039828,1519914.0,701587.105652605,2016011,1023817,0,0.0,0.0,0,0,0,0,0,0,120,0,0.9868979429,0.0,0,0,0.0,0.0,0.0,0,0,0,1,0,0,0,0,0,0.0,0.0,0.0,0,0,0,0,0,0,3,0,0,0,26883,-1,0,40,0.0,0.0,0,0,0.0,0.0,0,0,DoS attacks-Slowloris
80,6,15/02/2018 11:12:34,107422022,15,3,2530,0,230,0,168.6666666667,105.2796728899,0,0,0.0,0.0,23.5519677706,0.1675634071,6318942.47058824,13462036.5320207,53247733,2,107422020,7673001.42857143,14555387.3377315,53247733,413,106399058,53199529.0,31394832.563688,75399028,31000030,0,0,0,0,496,100,0.1396361726,0.0279272345,0,230,133.1578947368,116.6691729054,13611.6959064327,0,0,0,1,0,0,0,0,0,140.5555555556,168.6666666667,0.0,0,0,0,0,0,0,15,2530,3,0,26883,0,11,32,6155755.5,2018144.27179637,7582799,4728712,23777627.25,20649774.4063761,53247733,6655979,DoS attacks-Slowloris
80,6,15/02/2018 11:31:56,8,1,1,8,0,8,8,8.0,0.0,0,0,0.0,0.0,1000000.0,250000.0,8.0,0.0,8,8,0,0.0,0.0,0,0,0,0.0,0.0,0,0,1,0,0,0,32,32,125000.0,125000.0,0,8,5.3333333333,4.6188021535,21.3333333333,0,1,0,0,1,0,0,0,1,8.0,8.0,0.0,0,0,0,0,0,0,1,8,1,0,211,219,0,32,0.0,0.0,0,0,0.0,0.0,0,0,DoS attacks-Slowloris
80,6,15/02/2018 11:29:33,3038730,3,0,0,0,0,0,0.0,0.0,0,0,0.0,0.0,0.0,0.9872545438,1519365.0,698178.850967286,2013052,1025678,3038730,1519365.0,698178.850967286,2013052,1025678,0,0.0,0.0,0,0,0,0,0,0,120,0,0.9872545438,0.0,0,0,0.0,0.0,0.0,0,0,0,1,0,0,0,0,0,0.0,0.0,0.0,0,0,0,0,0,0,3,0,0,0,26883,-1,0,40,0.0,0.0,0,0,0.0,0.0,0,0,DoS attacks-Slowloris
80,6,15/02/2018 11:00:55,108349855,15,3,2530,0,230,0,168.6666666667,105.2796728899,0,0,0.0,0.0,23.3502850558,0.1661285103,6373520.88235294,13531264.1933043,53247547,9,108349846,7739274.71428571,14627545.5216296,53247547,153,107326884,53663442.0,32056220.6488301,76330613,30996271,0,0,0,0,496,100,0.1384404252,0.027688085,0,230,133.1578947368,116.6691729054,13611.6959064327,0,0,0,1,0,0,0,0,0,140.5555555556,168.6666666667,0.0,0,0,0,0,0,0,15,2530,3,0,26883,0,11,32,6153932.0,2246929.37795606,7742751,4565113,24010495.5,20630487.8318979,53247547,6655968,DoS attacks-Slowloris
